customer_id,company_id,age_group,gender,location,income_segment,customer_segment,registration_date,loyalty_level
CUST00001,C002,36-45,Male,Germany,Medium,Budget Buyer,2020-04-12,New
CUST00002,C010,18-25,Male,USA,Medium,Value Seeker,2024-09-24,New
CUST00003,C009,56+,Female,Germany,Premium,Technology Enthusiast,2022-03-25,Loyal
CUST00004,C001,46-55,Female,Canada,Medium,Value Seeker,2021-10-15,Loyal
CUST00005,C002,46-55,Male,Japan,High,Technology Enthusiast,2021-01-14,Loyal
CUST00006,C001,56+,Male,Singapore,Low,Technology Enthusiast,2025-02-24,Loyal
CUST00007,C010,56+,Male,USA,Low,Value Seeker,2024-01-21,Loyal
CUST00008,C002,18-25,Female,Canada,Premium,Young Professional,2022-08-11,Regular
CUST00009,C006,26-35,Other,Canada,Low,Technology Enthusiast,2023-12-26,Regular
CUST00010,C009,26-35,Female,Singapore,High,Technology Enthusiast,2022-09-29,Regular
CUST00011,C006,26-35,Male,Japan,Premium,Young Professional,2020-08-17,New
CUST00012,C004,36-45,Male,South Korea,Premium,Premium Customer,2026-05-12,Regular
CUST00013,C005,26-35,Other,Canada,Premium,Technology Enthusiast,2021-07-25,VIP
CUST00014,C006,26-35,Other,South Korea,Low,Budget Buyer,2022-06-17,New
CUST00015,C003,46-55,Other,USA,Premium,Premium Customer,2021-10-17,VIP
CUST00016,C009,56+,Male,USA,High,Young Professional,2022-10-26,New
CUST00017,C005,26-35,Female,India,High,Technology Enthusiast,2024-11-15,Regular
CUST00018,C009,36-45,Other,Germany,Medium,Young Professional,2021-03-11,Regular
CUST00019,C009,18-25,Other,Japan,Premium,Budget Buyer,2025-12-12,New
CUST00020,C006,26-35,Male,Germany,Low,Budget Buyer,2023-06-13,VIP
CUST00021,C002,26-35,Male,South Korea,Medium,Young Professional,2025-12-21,VIP
CUST00022,C004,26-35,Other,Canada,Premium,Young Professional,2026-01-17,VIP
CUST00023,C009,18-25,Male,Germany,Low,Young Professional,2025-01-23,New
CUST00024,C010,26-35,Other,Germany,Low,Budget Buyer,2026-03-18,New
CUST00025,C004,18-25,Female,USA,Medium,Young Professional,2020-10-03,VIP
CUST00026,C004,26-35,Other,South Korea,Medium,Premium Customer,2026-01-17,VIP
CUST00027,C004,18-25,Other,Singapore,High,Premium Customer,2021-01-21,VIP
CUST00028,C008,18-25,Male,Singapore,High,Budget Buyer,2020-08-09,Regular
CUST00029,C004,56+,Female,UK,Premium,Value Seeker,2022-02-18,Loyal
CUST00030,C008,18-25,Female,USA,Low,Technology Enthusiast,2022-10-20,New
CUST00031,C002,26-35,Female,South Korea,Premium,Value Seeker,2022-08-26,VIP
CUST00032,C001,46-55,Male,Singapore,High,Premium Customer,2021-11-05,Loyal
CUST00033,C007,46-55,Male,Germany,High,Value Seeker,2026-03-26,New
CUST00034,C010,18-25,Other,Japan,Low,Budget Buyer,2026-01-29,VIP
CUST00035,C009,26-35,Male,USA,Medium,Budget Buyer,2025-12-15,New
CUST00036,C004,18-25,Other,Germany,Low,Technology Enthusiast,2024-07-11,New
CUST00037,C007,56+,Other,Japan,High,Value Seeker,2026-07-18,Loyal
CUST00038,C004,46-55,Male,Canada,Premium,Young Professional,2022-12-23,New
CUST00039,C001,56+,Other,USA,Low,Technology Enthusiast,2025-02-20,Regular
CUST00040,C009,26-35,Female,USA,Medium,Young Professional,2022-12-22,Loyal
CUST00041,C003,56+,Other,Canada,Low,Technology Enthusiast,2024-11-29,Loyal
CUST00042,C002,36-45,Male,USA,Medium,Young Professional,2021-07-04,Loyal
CUST00043,C010,36-45,Male,Canada,Premium,Young Professional,2022-05-12,New
CUST00044,C002,36-45,Male,India,High,Value Seeker,2024-09-30,Loyal
CUST00045,C003,56+,Other,Singapore,Low,Budget Buyer,2024-12-14,New
CUST00046,C003,18-25,Female,UK,Premium,Value Seeker,2026-02-12,New
CUST00047,C005,18-25,Female,Germany,Medium,Budget Buyer,2024-02-02,Loyal
CUST00048,C009,56+,Other,UK,Medium,Value Seeker,2024-07-22,Regular
CUST00049,C007,26-35,Other,Japan,Premium,Value Seeker,2020-04-11,Loyal
CUST00050,C003,46-55,Male,South Korea,Medium,Value Seeker,2021-03-18,VIP
CUST00051,C006,26-35,Male,India,Medium,Premium Customer,2023-06-04,Loyal
CUST00052,C005,36-45,Female,Singapore,High,Budget Buyer,2020-10-11,New
CUST00053,C005,56+,Female,India,Low,Technology Enthusiast,2022-01-01,VIP
CUST00054,C006,46-55,Other,USA,Premium,Technology Enthusiast,2023-07-08,Regular
CUST00055,C005,46-55,Male,Germany,High,Premium Customer,2020-06-30,New
CUST00056,C006,18-25,Other,Canada,High,Premium Customer,2023-07-09,Loyal
CUST00057,C007,56+,Male,Germany,Premium,Premium Customer,2023-04-26,Regular
CUST00058,C010,36-45,Female,India,High,Young Professional,2026-05-20,Regular
CUST00059,C007,56+,Other,Japan,Premium,Premium Customer,2026-07-03,VIP
CUST00060,C004,46-55,Other,UK,Low,Young Professional,2025-09-24,Loyal
CUST00061,C002,36-45,Male,Germany,Medium,Budget Buyer,2022-08-20,New
CUST00062,C004,56+,Male,South Korea,Premium,Technology Enthusiast,2025-04-30,Regular
CUST00063,C007,46-55,Male,UK,Low,Budget Buyer,2025-07-17,VIP
CUST00064,C004,56+,Female,India,Medium,Budget Buyer,2021-12-21,VIP
CUST00065,C003,56+,Other,Japan,Premium,Technology Enthusiast,2025-03-18,VIP
CUST00066,C009,26-35,Other,South Korea,Premium,Young Professional,2024-12-31,Regular
CUST00067,C005,46-55,Other,Germany,High,Premium Customer,2025-11-05,New
CUST00068,C005,36-45,Female,Japan,Low,Value Seeker,2022-08-18,Regular
CUST00069,C004,26-35,Other,Germany,Low,Premium Customer,2024-04-17,VIP
CUST00070,C006,46-55,Female,India,Medium,Premium Customer,2026-01-31,VIP
CUST00071,C010,56+,Female,South Korea,Low,Young Professional,2020-03-21,Loyal
CUST00072,C007,56+,Other,Germany,Premium,Value Seeker,2024-09-12,Loyal
CUST00073,C007,18-25,Female,Japan,Premium,Value Seeker,2025-06-12,VIP
CUST00074,C003,18-25,Female,India,Low,Premium Customer,2025-12-27,Regular
CUST00075,C008,18-25,Female,Singapore,High,Value Seeker,2022-01-14,VIP
CUST00076,C006,46-55,Female,Singapore,High,Budget Buyer,2023-10-14,VIP
CUST00077,C001,18-25,Female,Germany,Low,Budget Buyer,2026-01-18,New
CUST00078,C004,18-25,Other,UK,Medium,Value Seeker,2022-03-27,VIP
CUST00079,C002,26-35,Female,Canada,High,Value Seeker,2026-04-29,New
CUST00080,C003,18-25,Other,India,High,Technology Enthusiast,2023-06-28,VIP
CUST00081,C007,18-25,Other,Germany,Low,Young Professional,2022-03-23,New
CUST00082,C010,36-45,Other,Singapore,High,Budget Buyer,2020-06-17,Loyal
CUST00083,C001,46-55,Male,Singapore,High,Premium Customer,2024-09-16,Regular
CUST00084,C007,56+,Other,Canada,Premium,Premium Customer,2021-12-22,VIP
CUST00085,C010,36-45,Male,USA,High,Premium Customer,2023-01-04,Regular
CUST00086,C008,56+,Other,Singapore,High,Budget Buyer,2026-05-23,VIP
CUST00087,C006,46-55,Male,Japan,High,Young Professional,2022-01-14,Loyal
CUST00088,C010,56+,Male,Germany,Low,Value Seeker,2023-02-05,VIP
CUST00089,C008,26-35,Other,South Korea,Premium,Premium Customer,2026-03-24,New
CUST00090,C002,26-35,Female,Germany,High,Technology Enthusiast,2023-04-20,Loyal
CUST00091,C008,56+,Female,Singapore,High,Young Professional,2026-03-17,VIP
CUST00092,C005,36-45,Male,USA,Medium,Young Professional,2023-06-09,New
CUST00093,C009,26-35,Male,South Korea,High,Technology Enthusiast,2022-01-28,Loyal
CUST00094,C002,36-45,Male,Japan,Medium,Young Professional,2022-03-06,New
CUST00095,C009,36-45,Male,India,High,Value Seeker,2021-06-02,VIP
CUST00096,C002,56+,Female,South Korea,Premium,Premium Customer,2020-02-20,Loyal
CUST00097,C003,36-45,Female,USA,Low,Premium Customer,2020-07-29,VIP
CUST00098,C002,18-25,Male,UK,High,Budget Buyer,2026-06-21,Regular
CUST00099,C002,46-55,Other,Germany,Premium,Premium Customer,2026-04-04,VIP
CUST00100,C005,36-45,Other,India,Low,Value Seeker,2024-10-22,Regular
CUST00101,C005,26-35,Male,UK,Low,Value Seeker,2020-11-28,New
CUST00102,C007,56+,Female,Canada,Low,Value Seeker,2025-01-19,Loyal
CUST00103,C005,18-25,Other,Germany,High,Technology Enthusiast,2025-02-02,Regular
CUST00104,C007,56+,Male,UK,High,Value Seeker,2021-04-15,New
CUST00105,C001,36-45,Other,Canada,Premium,Budget Buyer,2021-11-10,VIP
CUST00106,C005,36-45,Other,South Korea,Premium,Budget Buyer,2024-07-06,New
CUST00107,C007,56+,Female,India,Low,Value Seeker,2023-08-13,New
CUST00108,C005,18-25,Male,South Korea,Premium,Young Professional,2026-06-18,Regular
CUST00109,C010,46-55,Male,South Korea,High,Premium Customer,2024-11-20,Loyal
CUST00110,C006,26-35,Female,Singapore,Premium,Young Professional,2021-03-04,VIP
CUST00111,C009,46-55,Male,Japan,High,Young Professional,2020-05-30,New
CUST00112,C007,18-25,Other,South Korea,Premium,Budget Buyer,2025-10-08,Regular
CUST00113,C009,56+,Female,South Korea,Low,Value Seeker,2024-01-21,Loyal
CUST00114,C009,36-45,Female,South Korea,Low,Budget Buyer,2021-06-20,Regular
CUST00115,C003,56+,Male,Singapore,Low,Value Seeker,2023-06-26,New
CUST00116,C008,26-35,Female,Canada,High,Premium Customer,2021-04-26,VIP
CUST00117,C008,46-55,Other,UK,Premium,Value Seeker,2022-09-25,Regular
CUST00118,C002,46-55,Female,Canada,Low,Young Professional,2023-02-05,Loyal
CUST00119,C010,46-55,Male,South Korea,Premium,Young Professional,2026-07-03,Loyal
CUST00120,C009,46-55,Female,Japan,Medium,Value Seeker,2026-02-03,VIP
CUST00121,C004,18-25,Female,South Korea,Premium,Premium Customer,2024-08-09,Regular
CUST00122,C008,26-35,Other,Japan,Low,Premium Customer,2020-05-31,New
CUST00123,C009,18-25,Other,UK,Premium,Value Seeker,2025-02-14,New
CUST00124,C008,36-45,Other,Singapore,Low,Young Professional,2022-12-21,VIP
CUST00125,C006,56+,Male,USA,Medium,Young Professional,2025-06-21,Regular
CUST00126,C002,18-25,Other,USA,Premium,Value Seeker,2024-11-12,Loyal
CUST00127,C001,36-45,Male,Canada,High,Young Professional,2020-07-07,VIP
CUST00128,C003,56+,Female,UK,Medium,Value Seeker,2022-09-27,New
CUST00129,C010,56+,Other,Germany,Premium,Technology Enthusiast,2024-04-15,Regular
CUST00130,C004,36-45,Female,Canada,Low,Premium Customer,2025-03-03,Loyal
CUST00131,C009,18-25,Female,Japan,High,Premium Customer,2021-10-09,Loyal
CUST00132,C008,26-35,Female,South Korea,Low,Value Seeker,2023-05-22,VIP
CUST00133,C010,56+,Female,Canada,Low,Premium Customer,2024-01-10,Loyal
CUST00134,C001,18-25,Other,South Korea,High,Value Seeker,2026-05-07,Loyal
CUST00135,C004,56+,Female,UK,Low,Budget Buyer,2022-02-17,Loyal
CUST00136,C008,56+,Female,UK,Low,Young Professional,2020-05-16,Loyal
CUST00137,C007,26-35,Male,Japan,High,Value Seeker,2021-12-20,Loyal
CUST00138,C008,36-45,Male,South Korea,Low,Value Seeker,2023-04-23,Regular
CUST00139,C007,36-45,Male,Singapore,Low,Young Professional,2026-04-01,New
CUST00140,C008,36-45,Other,Singapore,High,Budget Buyer,2024-02-18,Regular
CUST00141,C008,56+,Other,Japan,Medium,Budget Buyer,2020-04-12,VIP
CUST00142,C005,18-25,Male,India,Low,Young Professional,2024-07-30,VIP
CUST00143,C002,26-35,Other,UK,Premium,Premium Customer,2021-02-02,Loyal
CUST00144,C009,56+,Other,UK,Premium,Budget Buyer,2024-09-12,VIP
CUST00145,C010,36-45,Male,Japan,Medium,Premium Customer,2024-07-29,VIP
CUST00146,C004,18-25,Other,Japan,High,Budget Buyer,2024-01-25,VIP
CUST00147,C005,18-25,Female,USA,Medium,Technology Enthusiast,2022-02-16,New
CUST00148,C001,26-35,Male,Germany,Low,Technology Enthusiast,2023-09-28,Regular
CUST00149,C010,26-35,Female,UK,Low,Young Professional,2022-06-03,Regular
CUST00150,C003,36-45,Male,USA,Low,Value Seeker,2026-01-21,New
CUST00151,C006,56+,Female,India,Medium,Young Professional,2022-09-01,New
CUST00152,C003,56+,Male,USA,Premium,Premium Customer,2024-09-20,Loyal
CUST00153,C009,46-55,Other,Germany,Low,Technology Enthusiast,2021-03-22,Loyal
CUST00154,C008,18-25,Female,Singapore,Premium,Budget Buyer,2020-05-07,VIP
CUST00155,C008,18-25,Female,UK,Low,Value Seeker,2020-10-28,Loyal
CUST00156,C010,56+,Other,Japan,Premium,Technology Enthusiast,2026-07-25,Loyal
CUST00157,C008,56+,Female,USA,Low,Technology Enthusiast,2025-09-01,Regular
CUST00158,C007,26-35,Female,Japan,Premium,Premium Customer,2025-01-23,VIP
CUST00159,C002,46-55,Female,Canada,High,Value Seeker,2023-07-04,VIP
CUST00160,C002,18-25,Male,Singapore,Low,Young Professional,2021-01-08,Regular
CUST00161,C009,56+,Other,Japan,Low,Premium Customer,2020-09-02,Loyal
CUST00162,C007,36-45,Other,Canada,High,Budget Buyer,2020-07-29,Regular
CUST00163,C003,26-35,Male,Japan,High,Budget Buyer,2025-05-29,Loyal
CUST00164,C010,46-55,Other,India,High,Budget Buyer,2022-07-15,Regular
CUST00165,C005,36-45,Female,India,Medium,Value Seeker,2023-06-19,VIP
CUST00166,C002,18-25,Male,Germany,Premium,Premium Customer,2021-08-04,VIP
CUST00167,C006,36-45,Female,Japan,Low,Budget Buyer,2021-10-06,Regular
CUST00168,C003,18-25,Female,South Korea,Premium,Premium Customer,2020-07-22,VIP
CUST00169,C007,26-35,Other,USA,High,Premium Customer,2023-01-23,New
CUST00170,C005,56+,Other,Canada,Low,Value Seeker,2025-06-16,VIP
CUST00171,C010,18-25,Male,Canada,Medium,Value Seeker,2020-08-12,Loyal
CUST00172,C005,18-25,Male,South Korea,Premium,Value Seeker,2023-09-05,Regular
CUST00173,C007,26-35,Other,Japan,Low,Premium Customer,2025-12-21,New
CUST00174,C007,46-55,Male,Japan,Premium,Technology Enthusiast,2020-03-17,VIP
CUST00175,C007,18-25,Female,India,High,Value Seeker,2023-03-31,VIP
CUST00176,C006,46-55,Male,Germany,Premium,Technology Enthusiast,2020-12-26,VIP
CUST00177,C009,46-55,Female,Japan,Medium,Young Professional,2020-11-18,Regular
CUST00178,C002,18-25,Other,Germany,High,Young Professional,2025-09-21,Regular
CUST00179,C004,26-35,Female,Germany,Medium,Technology Enthusiast,2021-02-25,Regular
CUST00180,C002,46-55,Female,South Korea,High,Young Professional,2021-12-26,Regular
CUST00181,C008,46-55,Female,Canada,High,Technology Enthusiast,2020-10-06,New
CUST00182,C006,18-25,Female,South Korea,Premium,Budget Buyer,2025-09-09,New
CUST00183,C006,18-25,Other,USA,Premium,Premium Customer,2023-03-21,New
CUST00184,C008,26-35,Female,South Korea,Medium,Budget Buyer,2026-05-30,VIP
CUST00185,C002,18-25,Other,UK,Low,Value Seeker,2023-11-07,VIP
CUST00186,C008,56+,Other,UK,High,Young Professional,2025-11-16,Loyal
CUST00187,C007,36-45,Other,India,High,Budget Buyer,2024-08-01,Loyal
CUST00188,C002,46-55,Female,Canada,Medium,Young Professional,2026-04-04,New
CUST00189,C010,36-45,Female,Singapore,Medium,Technology Enthusiast,2021-08-02,New
CUST00190,C005,46-55,Other,Japan,Medium,Technology Enthusiast,2026-04-08,New
CUST00191,C007,36-45,Male,Japan,High,Value Seeker,2025-09-13,Regular
CUST00192,C006,26-35,Male,UK,Medium,Budget Buyer,2025-06-14,Loyal
CUST00193,C002,56+,Other,India,High,Technology Enthusiast,2025-09-10,Regular
CUST00194,C010,26-35,Male,UK,Medium,Premium Customer,2024-03-23,New
CUST00195,C007,26-35,Female,Canada,Premium,Value Seeker,2024-02-01,Regular
CUST00196,C005,26-35,Female,South Korea,Premium,Young Professional,2025-04-05,VIP
CUST00197,C009,46-55,Male,Germany,Medium,Young Professional,2025-11-30,New
CUST00198,C008,56+,Male,USA,High,Budget Buyer,2024-02-29,Regular
CUST00199,C005,56+,Male,Singapore,Low,Value Seeker,2025-01-14,VIP
CUST00200,C006,46-55,Male,Singapore,High,Value Seeker,2020-04-19,VIP
CUST00201,C002,26-35,Male,Japan,Low,Young Professional,2024-03-15,Regular
CUST00202,C003,36-45,Female,UK,Premium,Premium Customer,2020-06-05,New
CUST00203,C002,36-45,Male,UK,Premium,Budget Buyer,2020-03-18,Loyal
CUST00204,C004,18-25,Male,Germany,Premium,Technology Enthusiast,2023-05-18,VIP
CUST00205,C002,46-55,Other,India,Medium,Value Seeker,2021-03-30,Loyal
CUST00206,C007,56+,Female,Germany,Premium,Value Seeker,2020-01-07,New
CUST00207,C009,18-25,Other,India,Premium,Premium Customer,2024-01-17,New
CUST00208,C007,36-45,Other,India,High,Budget Buyer,2024-03-09,Loyal
CUST00209,C004,56+,Other,Japan,Medium,Budget Buyer,2021-02-28,Loyal
CUST00210,C009,26-35,Other,South Korea,Premium,Value Seeker,2023-10-18,Regular
CUST00211,C002,18-25,Female,Germany,Low,Value Seeker,2025-02-17,New
CUST00212,C006,56+,Female,South Korea,High,Budget Buyer,2023-06-24,Regular
CUST00213,C005,18-25,Other,Japan,High,Budget Buyer,2024-01-02,Loyal
CUST00214,C007,46-55,Female,Japan,Medium,Premium Customer,2024-06-26,VIP
CUST00215,C006,36-45,Male,Singapore,Low,Premium Customer,2025-10-27,Regular
CUST00216,C009,36-45,Male,USA,High,Young Professional,2023-04-18,Loyal
CUST00217,C008,26-35,Other,South Korea,High,Premium Customer,2024-10-11,New
CUST00218,C006,36-45,Other,India,Low,Premium Customer,2024-11-16,Loyal
CUST00219,C009,18-25,Male,South Korea,Low,Value Seeker,2021-10-17,New
CUST00220,C004,36-45,Female,India,Medium,Premium Customer,2024-02-09,Loyal
CUST00221,C006,18-25,Other,UK,High,Premium Customer,2024-12-23,Loyal
CUST00222,C005,18-25,Male,UK,Premium,Technology Enthusiast,2022-10-19,VIP
CUST00223,C009,36-45,Female,South Korea,Medium,Technology Enthusiast,2021-04-27,Loyal
CUST00224,C008,18-25,Male,USA,Premium,Value Seeker,2022-03-30,VIP
CUST00225,C002,36-45,Other,USA,High,Young Professional,2023-08-02,Regular
CUST00226,C003,56+,Male,USA,Medium,Value Seeker,2024-01-20,Regular
CUST00227,C008,36-45,Other,Japan,Premium,Technology Enthusiast,2020-04-17,Regular
CUST00228,C010,18-25,Female,Singapore,Premium,Technology Enthusiast,2020-12-19,VIP
CUST00229,C007,18-25,Male,Japan,Low,Premium Customer,2026-06-12,VIP
CUST00230,C009,26-35,Other,UK,Medium,Premium Customer,2023-11-12,New
CUST00231,C002,26-35,Female,UK,Medium,Young Professional,2025-10-23,Regular
CUST00232,C006,36-45,Male,Canada,Medium,Technology Enthusiast,2025-10-26,Loyal
CUST00233,C003,56+,Other,USA,Medium,Technology Enthusiast,2023-05-25,Regular
CUST00234,C003,56+,Male,India,Low,Budget Buyer,2023-10-14,Loyal
CUST00235,C004,46-55,Other,India,Premium,Technology Enthusiast,2026-06-01,Loyal
CUST00236,C005,26-35,Other,Singapore,High,Premium Customer,2025-06-01,New
CUST00237,C001,46-55,Female,South Korea,Premium,Value Seeker,2021-10-09,Loyal
CUST00238,C010,36-45,Other,Japan,High,Premium Customer,2021-08-11,Regular
CUST00239,C006,56+,Male,Japan,Medium,Premium Customer,2025-10-10,New
CUST00240,C005,26-35,Male,USA,Low,Young Professional,2025-01-15,VIP
CUST00241,C010,26-35,Male,Japan,High,Value Seeker,2024-09-08,Regular
CUST00242,C008,46-55,Female,Canada,Premium,Budget Buyer,2025-10-09,New
CUST00243,C007,46-55,Male,Germany,High,Budget Buyer,2025-09-01,New
CUST00244,C005,56+,Other,South Korea,High,Technology Enthusiast,2025-07-20,New
CUST00245,C002,26-35,Female,Japan,Premium,Young Professional,2024-10-31,New
CUST00246,C007,56+,Other,Germany,High,Technology Enthusiast,2020-07-28,Loyal
CUST00247,C002,56+,Female,Canada,Low,Value Seeker,2024-05-01,New
CUST00248,C007,36-45,Other,Japan,Medium,Value Seeker,2024-03-08,VIP
CUST00249,C009,18-25,Male,UK,High,Premium Customer,2020-06-13,VIP
CUST00250,C003,26-35,Female,Japan,Medium,Premium Customer,2025-10-12,Loyal
CUST00251,C010,56+,Other,South Korea,High,Premium Customer,2023-10-09,New
CUST00252,C006,18-25,Female,Canada,Low,Technology Enthusiast,2023-09-18,VIP
CUST00253,C005,56+,Male,India,Premium,Value Seeker,2026-06-27,VIP
CUST00254,C003,18-25,Other,USA,Medium,Budget Buyer,2022-09-19,VIP
CUST00255,C006,26-35,Female,Germany,Premium,Technology Enthusiast,2024-09-11,VIP
CUST00256,C001,56+,Male,Japan,Premium,Technology Enthusiast,2021-07-19,VIP
CUST00257,C006,46-55,Other,Japan,High,Young Professional,2021-12-10,VIP
CUST00258,C004,36-45,Other,Canada,Medium,Young Professional,2022-10-06,Loyal
CUST00259,C004,36-45,Female,Japan,High,Young Professional,2025-06-25,New
CUST00260,C010,46-55,Female,Japan,Medium,Young Professional,2026-02-02,New
CUST00261,C005,36-45,Female,Canada,Premium,Value Seeker,2020-11-19,Regular
CUST00262,C009,56+,Other,Canada,Medium,Budget Buyer,2023-01-15,Regular
CUST00263,C004,56+,Male,Germany,Low,Budget Buyer,2020-07-26,VIP
CUST00264,C006,18-25,Other,UK,Low,Technology Enthusiast,2025-04-18,Regular
CUST00265,C007,46-55,Other,Germany,High,Young Professional,2025-05-02,Loyal
CUST00266,C001,56+,Male,India,Medium,Premium Customer,2021-01-01,Regular
CUST00267,C001,46-55,Male,Canada,Low,Budget Buyer,2024-06-14,Loyal
CUST00268,C010,36-45,Female,South Korea,Premium,Value Seeker,2021-03-15,VIP
CUST00269,C005,18-25,Female,UK,Premium,Young Professional,2022-02-28,Regular
CUST00270,C001,36-45,Other,Germany,Medium,Technology Enthusiast,2023-10-12,VIP
CUST00271,C007,36-45,Male,Singapore,Low,Value Seeker,2025-10-11,Regular
CUST00272,C008,26-35,Male,Canada,Premium,Value Seeker,2023-08-18,VIP
CUST00273,C005,36-45,Other,India,High,Young Professional,2023-09-12,Regular
CUST00274,C001,46-55,Female,UK,Premium,Technology Enthusiast,2021-04-29,Loyal
CUST00275,C002,36-45,Other,Germany,Medium,Value Seeker,2023-04-23,VIP
CUST00276,C003,56+,Female,Singapore,Premium,Technology Enthusiast,2025-02-06,Regular
CUST00277,C004,56+,Female,Japan,Low,Technology Enthusiast,2020-12-01,New
CUST00278,C001,56+,Male,UK,Medium,Young Professional,2026-02-21,VIP
CUST00279,C002,56+,Female,USA,Premium,Budget Buyer,2022-04-21,VIP
CUST00280,C003,46-55,Female,India,Premium,Young Professional,2025-10-03,New
CUST00281,C007,18-25,Other,Germany,Low,Budget Buyer,2022-11-08,VIP
CUST00282,C006,56+,Male,USA,Premium,Budget Buyer,2020-09-18,Loyal
CUST00283,C007,26-35,Other,Singapore,High,Premium Customer,2022-01-07,VIP
CUST00284,C007,18-25,Other,UK,High,Budget Buyer,2024-03-18,Regular
CUST00285,C009,56+,Male,Germany,Low,Budget Buyer,2024-05-28,Loyal
CUST00286,C008,46-55,Other,Singapore,Medium,Value Seeker,2026-02-08,VIP
CUST00287,C006,36-45,Male,USA,Low,Premium Customer,2021-09-27,New
CUST00288,C004,18-25,Male,India,Premium,Technology Enthusiast,2022-04-24,New
CUST00289,C004,46-55,Female,Germany,Medium,Budget Buyer,2020-06-30,Regular
CUST00290,C009,26-35,Other,Japan,High,Value Seeker,2023-03-30,Loyal
CUST00291,C003,26-35,Female,Canada,High,Budget Buyer,2025-11-05,Regular
CUST00292,C007,46-55,Male,Japan,Premium,Technology Enthusiast,2026-03-26,Loyal
CUST00293,C007,26-35,Female,Singapore,Medium,Technology Enthusiast,2024-07-30,VIP
CUST00294,C004,36-45,Other,UK,Premium,Budget Buyer,2022-07-12,VIP
CUST00295,C007,56+,Male,Singapore,Medium,Young Professional,2026-04-01,Regular
CUST00296,C006,46-55,Female,USA,Medium,Budget Buyer,2020-11-19,Loyal
CUST00297,C007,18-25,Male,Germany,Premium,Value Seeker,2020-06-10,Loyal
CUST00298,C005,26-35,Male,USA,Premium,Value Seeker,2020-03-03,Regular
CUST00299,C007,56+,Female,Canada,Premium,Premium Customer,2022-09-07,Loyal
CUST00300,C005,36-45,Other,South Korea,Premium,Budget Buyer,2022-12-07,VIP
CUST00301,C006,36-45,Female,Singapore,Low,Technology Enthusiast,2022-04-12,Regular
CUST00302,C003,36-45,Other,Singapore,High,Value Seeker,2020-03-07,Regular
CUST00303,C006,46-55,Other,Germany,Premium,Technology Enthusiast,2022-07-31,Loyal
CUST00304,C005,46-55,Female,UK,High,Value Seeker,2025-06-24,Regular
CUST00305,C009,26-35,Other,India,Low,Budget Buyer,2025-06-23,New
CUST00306,C001,26-35,Other,Germany,Low,Value Seeker,2024-08-16,New
CUST00307,C004,46-55,Female,India,Premium,Premium Customer,2025-09-02,New
CUST00308,C001,56+,Female,India,Low,Technology Enthusiast,2025-12-19,Loyal
CUST00309,C009,18-25,Other,Singapore,Medium,Budget Buyer,2023-03-20,New
CUST00310,C009,26-35,Male,Canada,High,Young Professional,2021-09-01,VIP
CUST00311,C002,46-55,Female,Germany,Medium,Young Professional,2024-03-08,New
CUST00312,C001,46-55,Female,Singapore,Premium,Budget Buyer,2021-01-17,New
CUST00313,C003,46-55,Female,Japan,Low,Technology Enthusiast,2020-12-04,New
CUST00314,C004,56+,Female,Canada,Low,Budget Buyer,2022-05-15,Loyal
CUST00315,C009,18-25,Male,Japan,Low,Value Seeker,2026-04-27,Regular
CUST00316,C007,36-45,Male,Germany,Premium,Technology Enthusiast,2020-11-11,Loyal
CUST00317,C007,18-25,Other,Japan,Low,Budget Buyer,2021-07-27,VIP
CUST00318,C004,36-45,Other,Singapore,High,Budget Buyer,2020-11-07,Loyal
CUST00319,C008,26-35,Female,Singapore,Premium,Value Seeker,2025-07-02,VIP
CUST00320,C002,26-35,Other,USA,Low,Young Professional,2023-04-24,Regular
CUST00321,C007,46-55,Female,Japan,Low,Budget Buyer,2021-09-23,New
CUST00322,C005,36-45,Female,USA,Medium,Budget Buyer,2024-12-26,Regular
CUST00323,C007,56+,Other,Singapore,Low,Budget Buyer,2025-01-12,New
CUST00324,C006,18-25,Other,Japan,Premium,Budget Buyer,2026-03-20,Loyal
CUST00325,C007,18-25,Other,Germany,Medium,Premium Customer,2024-05-07,Regular
CUST00326,C003,36-45,Female,South Korea,Medium,Budget Buyer,2023-01-06,Regular
CUST00327,C007,46-55,Female,South Korea,Low,Young Professional,2023-02-04,Loyal
CUST00328,C004,56+,Other,Germany,Premium,Budget Buyer,2025-07-23,Regular
CUST00329,C005,46-55,Female,Singapore,High,Premium Customer,2020-01-28,Loyal
CUST00330,C007,36-45,Female,Germany,Premium,Young Professional,2021-07-11,Regular
CUST00331,C007,36-45,Other,South Korea,Medium,Young Professional,2023-07-31,VIP
CUST00332,C005,36-45,Male,Germany,Medium,Technology Enthusiast,2024-05-28,New
CUST00333,C008,46-55,Female,USA,Premium,Premium Customer,2022-05-08,Regular
CUST00334,C005,36-45,Other,UK,Premium,Premium Customer,2022-09-18,New
CUST00335,C008,56+,Female,Singapore,Low,Young Professional,2025-05-16,New
CUST00336,C002,36-45,Male,India,Premium,Young Professional,2022-10-13,VIP
CUST00337,C002,18-25,Female,Germany,Medium,Premium Customer,2020-02-13,Loyal
CUST00338,C007,56+,Other,UK,High,Budget Buyer,2025-03-11,VIP
CUST00339,C002,46-55,Male,USA,Medium,Young Professional,2023-04-25,Loyal
CUST00340,C006,26-35,Other,South Korea,High,Premium Customer,2025-02-08,New
CUST00341,C008,36-45,Male,Canada,Low,Budget Buyer,2025-01-27,New
CUST00342,C006,26-35,Other,Germany,Medium,Technology Enthusiast,2021-03-23,Regular
CUST00343,C006,46-55,Female,Germany,Premium,Value Seeker,2026-04-12,Regular
CUST00344,C007,18-25,Other,Germany,Premium,Technology Enthusiast,2024-06-08,VIP
CUST00345,C007,26-35,Male,Canada,Low,Technology Enthusiast,2020-01-19,New
CUST00346,C009,36-45,Female,Germany,Premium,Budget Buyer,2022-02-04,Loyal
CUST00347,C008,36-45,Other,Singapore,Premium,Technology Enthusiast,2025-12-01,New
CUST00348,C006,46-55,Other,UK,High,Technology Enthusiast,2023-12-12,New
CUST00349,C003,18-25,Male,Canada,Low,Value Seeker,2023-07-06,Loyal
CUST00350,C003,46-55,Female,UK,Premium,Premium Customer,2025-09-23,Regular
CUST00351,C008,26-35,Other,UK,Premium,Young Professional,2026-01-10,Regular
CUST00352,C003,46-55,Other,India,High,Budget Buyer,2023-07-12,VIP
CUST00353,C003,46-55,Other,South Korea,Premium,Premium Customer,2022-03-10,VIP
CUST00354,C008,26-35,Male,India,Medium,Young Professional,2025-06-24,New
CUST00355,C005,56+,Female,UK,Premium,Technology Enthusiast,2022-07-09,VIP
CUST00356,C009,18-25,Other,USA,High,Technology Enthusiast,2025-09-23,Loyal
CUST00357,C009,46-55,Other,Germany,Premium,Budget Buyer,2020-06-19,Regular
CUST00358,C005,46-55,Female,Japan,Low,Premium Customer,2020-05-12,New
CUST00359,C004,56+,Other,Japan,Premium,Value Seeker,2022-05-09,Regular
CUST00360,C004,18-25,Other,Japan,High,Technology Enthusiast,2022-04-27,Regular
CUST00361,C006,36-45,Other,Canada,Low,Value Seeker,2023-04-13,VIP
CUST00362,C001,26-35,Other,UK,Medium,Value Seeker,2023-02-09,Loyal
CUST00363,C004,46-55,Male,Canada,Premium,Premium Customer,2024-05-27,VIP
CUST00364,C002,46-55,Other,Canada,High,Premium Customer,2021-01-16,VIP
CUST00365,C006,18-25,Other,USA,Premium,Young Professional,2026-07-11,New
CUST00366,C009,26-35,Female,Germany,Premium,Young Professional,2024-06-17,Loyal
CUST00367,C005,56+,Other,UK,Premium,Young Professional,2023-10-15,New
CUST00368,C001,46-55,Male,USA,Medium,Premium Customer,2021-02-11,VIP
CUST00369,C001,26-35,Other,UK,High,Value Seeker,2024-10-18,Loyal
CUST00370,C002,36-45,Male,Japan,Medium,Budget Buyer,2024-01-16,VIP
CUST00371,C005,46-55,Other,USA,Low,Budget Buyer,2022-08-17,Regular
CUST00372,C008,26-35,Other,Germany,Premium,Budget Buyer,2020-11-15,New
CUST00373,C006,46-55,Other,UK,Premium,Budget Buyer,2021-05-08,Regular
CUST00374,C007,18-25,Male,Japan,High,Young Professional,2020-12-31,Regular
CUST00375,C007,26-35,Male,India,Medium,Premium Customer,2021-06-29,Loyal
CUST00376,C004,46-55,Other,South Korea,Medium,Budget Buyer,2021-09-12,New
CUST00377,C003,56+,Other,Singapore,High,Premium Customer,2021-05-19,Loyal
CUST00378,C003,36-45,Other,USA,Medium,Technology Enthusiast,2022-10-11,Loyal
CUST00379,C001,26-35,Other,Germany,Premium,Young Professional,2023-05-20,New
CUST00380,C004,46-55,Male,Germany,Premium,Technology Enthusiast,2025-07-20,New
CUST00381,C009,36-45,Female,UK,Premium,Technology Enthusiast,2020-02-19,VIP
CUST00382,C006,26-35,Female,USA,Low,Technology Enthusiast,2026-02-15,New
CUST00383,C001,26-35,Male,India,Premium,Technology Enthusiast,2022-12-09,Loyal
CUST00384,C009,46-55,Other,Singapore,Low,Technology Enthusiast,2024-08-28,Regular
CUST00385,C005,36-45,Male,Germany,Medium,Technology Enthusiast,2020-12-08,Loyal
CUST00386,C007,36-45,Other,Singapore,Medium,Budget Buyer,2020-09-27,Regular
CUST00387,C002,18-25,Female,India,High,Value Seeker,2024-11-14,New
CUST00388,C001,18-25,Male,South Korea,High,Technology Enthusiast,2021-07-16,Loyal
CUST00389,C003,26-35,Other,Canada,Low,Budget Buyer,2024-03-03,Loyal
CUST00390,C007,56+,Male,Canada,Low,Premium Customer,2023-01-19,VIP
CUST00391,C009,18-25,Female,UK,High,Value Seeker,2024-01-15,Loyal
CUST00392,C002,18-25,Male,India,Low,Budget Buyer,2026-06-08,Regular
CUST00393,C001,36-45,Female,UK,Medium,Budget Buyer,2025-04-16,VIP
CUST00394,C004,26-35,Female,Japan,High,Budget Buyer,2023-08-11,Loyal
CUST00395,C002,18-25,Male,Germany,Low,Premium Customer,2025-08-18,New
CUST00396,C008,36-45,Female,USA,Premium,Budget Buyer,2023-03-02,Loyal
CUST00397,C004,56+,Female,Germany,Premium,Young Professional,2023-04-09,VIP
CUST00398,C004,26-35,Male,India,Premium,Budget Buyer,2026-02-16,Regular
CUST00399,C009,18-25,Female,India,Premium,Young Professional,2023-11-19,New
CUST00400,C004,26-35,Female,South Korea,Low,Value Seeker,2025-12-10,Loyal
CUST00401,C002,26-35,Other,Singapore,High,Premium Customer,2020-06-28,New
CUST00402,C010,56+,Male,Singapore,Low,Technology Enthusiast,2021-01-26,New
CUST00403,C007,26-35,Female,Canada,High,Premium Customer,2021-06-19,Loyal
CUST00404,C006,36-45,Male,USA,Medium,Value Seeker,2025-01-28,New
CUST00405,C003,26-35,Female,South Korea,High,Premium Customer,2021-03-08,New
CUST00406,C009,26-35,Female,Canada,Premium,Young Professional,2024-01-07,New
CUST00407,C002,36-45,Other,India,Medium,Young Professional,2021-10-07,Regular
CUST00408,C002,36-45,Female,India,High,Young Professional,2022-10-13,Regular
CUST00409,C001,46-55,Other,Germany,Low,Premium Customer,2024-07-14,New
CUST00410,C003,18-25,Male,Germany,Medium,Value Seeker,2021-05-12,VIP
CUST00411,C006,56+,Other,Canada,Low,Budget Buyer,2020-12-10,New
CUST00412,C004,26-35,Male,Japan,Low,Budget Buyer,2024-12-21,VIP
CUST00413,C001,56+,Female,Singapore,Premium,Budget Buyer,2021-11-19,VIP
CUST00414,C007,36-45,Male,UK,High,Young Professional,2021-12-08,VIP
CUST00415,C003,56+,Other,Germany,High,Premium Customer,2020-05-21,VIP
CUST00416,C009,18-25,Male,Canada,Premium,Value Seeker,2025-05-16,VIP
CUST00417,C004,26-35,Other,India,Premium,Young Professional,2025-11-23,VIP
CUST00418,C009,36-45,Other,Japan,Premium,Young Professional,2025-06-08,Regular
CUST00419,C001,56+,Male,India,High,Budget Buyer,2023-07-30,VIP
CUST00420,C009,56+,Male,UK,Low,Value Seeker,2024-01-04,Regular
CUST00421,C005,18-25,Male,Singapore,High,Value Seeker,2025-12-25,Regular
CUST00422,C004,36-45,Other,India,High,Technology Enthusiast,2023-07-26,Regular
CUST00423,C010,46-55,Other,Canada,Medium,Premium Customer,2022-02-10,New
CUST00424,C002,26-35,Other,Germany,Low,Technology Enthusiast,2020-08-18,VIP
CUST00425,C001,56+,Male,UK,High,Value Seeker,2023-09-20,Loyal
CUST00426,C001,26-35,Other,UK,Low,Technology Enthusiast,2020-03-30,Loyal
CUST00427,C002,46-55,Other,USA,High,Young Professional,2024-03-10,Loyal
CUST00428,C003,46-55,Other,South Korea,High,Value Seeker,2021-10-07,Loyal
CUST00429,C004,46-55,Female,Canada,Medium,Value Seeker,2021-12-19,New
CUST00430,C010,56+,Male,UK,High,Technology Enthusiast,2024-05-22,Regular
CUST00431,C010,46-55,Male,Japan,Low,Value Seeker,2021-03-02,Loyal
CUST00432,C006,18-25,Other,Japan,Premium,Budget Buyer,2021-11-18,Loyal
CUST00433,C004,18-25,Female,Canada,Low,Budget Buyer,2022-10-19,New
CUST00434,C007,46-55,Male,Singapore,Premium,Premium Customer,2024-11-29,Loyal
CUST00435,C009,18-25,Female,Germany,Medium,Premium Customer,2024-03-17,New
CUST00436,C001,18-25,Female,Canada,Low,Budget Buyer,2023-04-22,Loyal
CUST00437,C003,26-35,Other,USA,Low,Young Professional,2024-03-17,VIP
CUST00438,C001,26-35,Other,Singapore,Medium,Budget Buyer,2024-11-01,New
CUST00439,C006,26-35,Female,Canada,High,Young Professional,2022-04-21,Regular
CUST00440,C002,46-55,Other,South Korea,Medium,Budget Buyer,2020-07-22,Loyal
CUST00441,C001,18-25,Female,South Korea,Medium,Budget Buyer,2024-10-17,New
CUST00442,C004,36-45,Male,South Korea,Low,Young Professional,2021-11-30,VIP
CUST00443,C008,36-45,Male,Singapore,Medium,Young Professional,2025-06-26,VIP
CUST00444,C006,46-55,Male,Canada,Premium,Premium Customer,2022-02-03,Loyal
CUST00445,C004,56+,Male,UK,Low,Budget Buyer,2023-01-05,Loyal
CUST00446,C009,56+,Male,India,Premium,Technology Enthusiast,2024-08-22,VIP
CUST00447,C009,56+,Male,South Korea,High,Budget Buyer,2025-04-28,VIP
CUST00448,C001,56+,Other,UK,Low,Premium Customer,2025-08-18,Regular
CUST00449,C003,26-35,Male,India,Premium,Budget Buyer,2022-05-17,VIP
CUST00450,C004,56+,Female,Japan,Low,Budget Buyer,2021-08-28,VIP
CUST00451,C009,56+,Female,Canada,Premium,Budget Buyer,2024-06-15,VIP
CUST00452,C002,26-35,Male,USA,Low,Technology Enthusiast,2024-08-24,New
CUST00453,C005,36-45,Female,Canada,Premium,Premium Customer,2026-01-02,VIP
CUST00454,C001,36-45,Female,UK,Premium,Budget Buyer,2021-12-06,VIP
CUST00455,C006,18-25,Other,South Korea,High,Young Professional,2022-08-31,New
CUST00456,C006,36-45,Female,South Korea,Low,Value Seeker,2023-05-26,Regular
CUST00457,C005,36-45,Female,Singapore,Low,Value Seeker,2024-12-19,VIP
CUST00458,C004,46-55,Other,Japan,Low,Technology Enthusiast,2024-07-25,Regular
CUST00459,C002,56+,Female,UK,Low,Value Seeker,2023-06-28,Regular
CUST00460,C004,26-35,Male,South Korea,Low,Young Professional,2020-08-24,Regular
CUST00461,C005,46-55,Other,Singapore,Low,Budget Buyer,2024-02-17,Regular
CUST00462,C006,56+,Female,UK,Premium,Technology Enthusiast,2025-06-25,Loyal
CUST00463,C006,36-45,Other,USA,High,Budget Buyer,2021-10-31,VIP
CUST00464,C001,56+,Male,Germany,Medium,Value Seeker,2021-10-29,Loyal
CUST00465,C007,18-25,Other,India,Premium,Value Seeker,2025-10-03,Regular
CUST00466,C010,26-35,Female,Canada,High,Premium Customer,2020-02-04,VIP
CUST00467,C006,36-45,Male,South Korea,High,Technology Enthusiast,2025-02-23,VIP
CUST00468,C010,18-25,Other,Japan,High,Young Professional,2021-02-23,New
CUST00469,C008,36-45,Female,Japan,High,Young Professional,2020-09-18,Loyal
CUST00470,C004,56+,Male,India,Premium,Young Professional,2021-09-06,Regular
CUST00471,C001,36-45,Female,Singapore,Premium,Premium Customer,2025-07-30,New
CUST00472,C010,26-35,Female,Germany,Premium,Young Professional,2026-06-01,Loyal
CUST00473,C003,26-35,Female,USA,Premium,Value Seeker,2026-04-05,Loyal
CUST00474,C009,36-45,Other,USA,Medium,Young Professional,2022-01-19,Regular
CUST00475,C005,36-45,Female,Canada,High,Premium Customer,2024-09-18,New
CUST00476,C008,56+,Other,USA,Premium,Value Seeker,2020-08-07,New
CUST00477,C007,36-45,Female,India,Medium,Value Seeker,2025-12-10,Regular
CUST00478,C006,56+,Female,UK,High,Value Seeker,2024-08-03,New
CUST00479,C008,26-35,Female,India,Low,Premium Customer,2023-09-24,Loyal
CUST00480,C004,56+,Male,South Korea,Low,Value Seeker,2021-11-21,VIP
CUST00481,C007,46-55,Female,Singapore,Low,Budget Buyer,2024-07-10,Regular
CUST00482,C006,36-45,Other,Germany,Low,Budget Buyer,2020-02-27,Regular
CUST00483,C004,36-45,Male,USA,Premium,Technology Enthusiast,2023-11-11,Loyal
CUST00484,C003,18-25,Female,Canada,Premium,Technology Enthusiast,2020-09-24,Loyal
CUST00485,C007,36-45,Female,Japan,Medium,Value Seeker,2021-07-02,VIP
CUST00486,C001,26-35,Other,UK,Medium,Budget Buyer,2022-07-24,Regular
CUST00487,C002,18-25,Female,Canada,Low,Technology Enthusiast,2024-02-10,New
CUST00488,C002,18-25,Other,USA,Premium,Premium Customer,2020-03-21,VIP
CUST00489,C002,36-45,Female,UK,Medium,Budget Buyer,2026-02-19,Loyal
CUST00490,C007,56+,Female,UK,Premium,Budget Buyer,2021-02-17,New
CUST00491,C005,18-25,Female,Germany,Medium,Young Professional,2021-04-11,Regular
CUST00492,C006,36-45,Male,India,Premium,Value Seeker,2024-08-05,VIP
CUST00493,C006,18-25,Male,USA,Low,Technology Enthusiast,2022-08-18,VIP
CUST00494,C003,56+,Male,USA,High,Value Seeker,2021-01-03,VIP
CUST00495,C005,46-55,Male,USA,Medium,Budget Buyer,2022-12-17,Loyal
CUST00496,C006,46-55,Other,USA,Low,Budget Buyer,2023-07-04,New
CUST00497,C003,36-45,Female,South Korea,High,Budget Buyer,2021-11-29,Loyal
CUST00498,C006,18-25,Female,Singapore,Premium,Young Professional,2022-01-19,VIP
CUST00499,C008,26-35,Male,UK,Low,Value Seeker,2024-09-23,New
CUST00500,C007,56+,Other,South Korea,Medium,Technology Enthusiast,2025-05-31,VIP
CUST00501,C006,26-35,Female,South Korea,Low,Premium Customer,2020-04-28,VIP
CUST00502,C001,36-45,Other,Japan,Low,Technology Enthusiast,2020-09-16,Regular
CUST00503,C006,56+,Other,USA,Premium,Value Seeker,2025-10-27,VIP
CUST00504,C006,26-35,Other,India,Low,Value Seeker,2024-04-25,VIP
CUST00505,C008,18-25,Female,Japan,Medium,Young Professional,2021-11-08,Loyal
CUST00506,C001,26-35,Other,Singapore,Premium,Value Seeker,2025-09-07,New
CUST00507,C008,56+,Female,USA,Premium,Premium Customer,2024-12-24,Loyal
CUST00508,C002,18-25,Male,Singapore,Premium,Budget Buyer,2025-07-30,New
CUST00509,C002,56+,Other,Germany,Premium,Young Professional,2023-06-01,Loyal
CUST00510,C001,46-55,Female,South Korea,High,Premium Customer,2022-07-02,New
CUST00511,C002,18-25,Female,Japan,High,Technology Enthusiast,2022-06-27,Loyal
CUST00512,C002,26-35,Female,UK,Premium,Budget Buyer,2020-07-06,Loyal
CUST00513,C010,26-35,Male,Singapore,Medium,Premium Customer,2022-03-13,Regular
CUST00514,C006,46-55,Male,USA,Premium,Premium Customer,2021-03-17,Regular
CUST00515,C008,56+,Other,India,Premium,Technology Enthusiast,2020-01-18,VIP
CUST00516,C009,56+,Male,UK,Low,Premium Customer,2021-12-26,Loyal
CUST00517,C009,46-55,Other,Germany,High,Premium Customer,2024-04-24,Loyal
CUST00518,C005,26-35,Male,Singapore,High,Technology Enthusiast,2025-01-28,Loyal
CUST00519,C009,26-35,Male,Canada,High,Value Seeker,2022-06-09,Regular
CUST00520,C009,36-45,Other,USA,High,Technology Enthusiast,2026-01-31,VIP
CUST00521,C010,46-55,Other,Canada,Premium,Budget Buyer,2026-05-26,New
CUST00522,C001,26-35,Male,India,Medium,Young Professional,2024-04-09,Regular
CUST00523,C005,26-35,Male,Canada,Medium,Technology Enthusiast,2022-10-23,New
CUST00524,C006,18-25,Other,Germany,Premium,Value Seeker,2025-01-27,Loyal
CUST00525,C001,46-55,Female,Japan,Low,Budget Buyer,2024-04-11,Loyal
CUST00526,C004,26-35,Other,Japan,Medium,Value Seeker,2024-12-19,Loyal
CUST00527,C008,18-25,Male,UK,Low,Premium Customer,2021-12-27,New
CUST00528,C007,56+,Female,UK,Medium,Technology Enthusiast,2023-02-17,Loyal
CUST00529,C001,46-55,Other,UK,Low,Value Seeker,2023-09-15,Loyal
CUST00530,C010,56+,Other,Canada,Premium,Technology Enthusiast,2020-07-27,Loyal
CUST00531,C002,56+,Male,UK,Low,Technology Enthusiast,2023-07-25,Regular
CUST00532,C007,56+,Female,USA,High,Value Seeker,2026-02-02,Regular
CUST00533,C006,36-45,Female,Germany,Premium,Technology Enthusiast,2023-09-18,New
CUST00534,C002,46-55,Male,Germany,Low,Young Professional,2023-11-18,VIP
CUST00535,C002,36-45,Other,Canada,Low,Technology Enthusiast,2024-04-29,Loyal
CUST00536,C009,46-55,Female,India,High,Value Seeker,2025-09-14,Loyal
CUST00537,C009,18-25,Male,India,Low,Value Seeker,2020-12-03,Regular
CUST00538,C007,26-35,Other,Singapore,Low,Value Seeker,2021-03-01,New
CUST00539,C008,18-25,Male,USA,Low,Value Seeker,2023-09-20,Loyal
CUST00540,C009,56+,Male,Canada,Premium,Premium Customer,2020-10-15,VIP
CUST00541,C007,36-45,Male,Singapore,Low,Technology Enthusiast,2024-11-08,New
CUST00542,C010,56+,Male,USA,High,Technology Enthusiast,2020-09-16,New
CUST00543,C005,56+,Male,Canada,Premium,Premium Customer,2023-05-19,VIP
CUST00544,C001,26-35,Other,Germany,Medium,Premium Customer,2025-04-25,Loyal
CUST00545,C003,36-45,Male,UK,Low,Budget Buyer,2023-05-05,New
CUST00546,C010,56+,Other,USA,High,Value Seeker,2024-06-02,Loyal
CUST00547,C004,56+,Male,UK,Medium,Value Seeker,2024-08-17,Loyal
CUST00548,C004,26-35,Other,India,Premium,Technology Enthusiast,2021-04-14,New
CUST00549,C005,36-45,Male,Germany,Premium,Young Professional,2020-10-02,Loyal
CUST00550,C003,18-25,Female,USA,Medium,Young Professional,2022-08-18,VIP
CUST00551,C008,56+,Other,Canada,Medium,Technology Enthusiast,2023-09-06,Loyal
CUST00552,C006,26-35,Male,Japan,Medium,Value Seeker,2024-10-20,VIP
CUST00553,C005,26-35,Other,Japan,Premium,Premium Customer,2024-01-12,VIP
CUST00554,C006,46-55,Other,USA,Medium,Technology Enthusiast,2023-06-05,New
CUST00555,C005,56+,Male,Canada,Low,Budget Buyer,2021-07-27,New
CUST00556,C009,56+,Other,Singapore,Medium,Budget Buyer,2020-05-07,Loyal
CUST00557,C009,46-55,Other,UK,High,Premium Customer,2026-01-19,Regular
CUST00558,C010,26-35,Female,USA,Premium,Young Professional,2023-04-06,New
CUST00559,C004,56+,Male,South Korea,Medium,Value Seeker,2021-11-10,Regular
CUST00560,C008,18-25,Male,South Korea,Medium,Budget Buyer,2024-01-09,Loyal
CUST00561,C006,18-25,Other,Germany,High,Premium Customer,2022-08-16,VIP
CUST00562,C008,18-25,Other,Japan,Low,Technology Enthusiast,2020-07-09,Loyal
CUST00563,C005,56+,Other,UK,Premium,Premium Customer,2026-06-28,Loyal
CUST00564,C010,56+,Female,Singapore,Medium,Technology Enthusiast,2020-11-14,VIP
CUST00565,C006,46-55,Female,India,Medium,Premium Customer,2023-11-14,Regular
CUST00566,C004,56+,Other,Canada,Medium,Value Seeker,2020-11-11,Regular
CUST00567,C003,56+,Other,USA,Medium,Premium Customer,2024-01-23,Loyal
CUST00568,C002,46-55,Female,Germany,Medium,Premium Customer,2025-05-26,New
CUST00569,C004,26-35,Other,UK,Medium,Technology Enthusiast,2020-06-25,New
CUST00570,C010,18-25,Male,Canada,Medium,Technology Enthusiast,2021-08-24,VIP
CUST00571,C010,18-25,Other,Canada,Low,Value Seeker,2026-04-27,VIP
CUST00572,C010,46-55,Male,Germany,Premium,Technology Enthusiast,2025-04-14,Regular
CUST00573,C010,56+,Other,Canada,Medium,Young Professional,2022-01-14,VIP
CUST00574,C010,26-35,Female,Singapore,Medium,Budget Buyer,2020-10-08,New
CUST00575,C004,56+,Other,Singapore,Medium,Technology Enthusiast,2025-11-11,New
CUST00576,C003,56+,Other,India,Low,Budget Buyer,2025-05-03,VIP
CUST00577,C003,18-25,Other,Singapore,Premium,Young Professional,2026-01-17,New
CUST00578,C009,26-35,Female,Singapore,High,Technology Enthusiast,2024-10-23,New
CUST00579,C007,36-45,Female,Germany,Low,Young Professional,2021-07-02,VIP
CUST00580,C005,18-25,Other,India,Low,Technology Enthusiast,2022-02-13,New
CUST00581,C007,36-45,Female,Japan,Low,Value Seeker,2022-04-21,VIP
CUST00582,C010,36-45,Other,Singapore,High,Technology Enthusiast,2022-11-04,Loyal
CUST00583,C007,46-55,Other,South Korea,Medium,Young Professional,2022-04-14,VIP
CUST00584,C005,56+,Female,Singapore,Medium,Budget Buyer,2023-06-10,Regular
CUST00585,C008,18-25,Male,Singapore,High,Technology Enthusiast,2021-10-24,New
CUST00586,C003,18-25,Male,UK,Premium,Technology Enthusiast,2024-05-12,VIP
CUST00587,C002,36-45,Male,Japan,Low,Technology Enthusiast,2020-09-19,New
CUST00588,C007,56+,Other,Canada,Low,Value Seeker,2024-06-29,VIP
CUST00589,C008,26-35,Other,Canada,Medium,Budget Buyer,2020-02-13,Regular
CUST00590,C010,18-25,Female,Germany,Low,Value Seeker,2021-11-25,New
CUST00591,C005,36-45,Other,Singapore,Premium,Technology Enthusiast,2024-06-24,Regular
CUST00592,C009,18-25,Male,Canada,High,Young Professional,2020-03-03,Loyal
CUST00593,C004,46-55,Female,India,High,Value Seeker,2022-03-07,VIP
CUST00594,C009,56+,Male,Canada,High,Budget Buyer,2021-03-12,Loyal
CUST00595,C009,36-45,Other,South Korea,Premium,Technology Enthusiast,2026-06-12,VIP
CUST00596,C004,46-55,Other,South Korea,Low,Premium Customer,2023-10-23,New
CUST00597,C005,46-55,Other,Germany,Medium,Young Professional,2020-10-03,VIP
CUST00598,C006,56+,Male,Canada,Medium,Young Professional,2025-10-16,New
CUST00599,C007,18-25,Other,UK,Premium,Young Professional,2023-11-01,Loyal
CUST00600,C004,36-45,Male,Germany,Premium,Value Seeker,2026-06-07,Regular
CUST00601,C004,26-35,Male,Germany,Medium,Technology Enthusiast,2022-12-23,Loyal
CUST00602,C003,18-25,Male,South Korea,Low,Technology Enthusiast,2021-03-12,New
CUST00603,C008,56+,Female,South Korea,High,Premium Customer,2024-02-29,Regular
CUST00604,C009,46-55,Male,UK,Low,Technology Enthusiast,2023-02-21,VIP
CUST00605,C008,18-25,Other,Japan,Premium,Value Seeker,2026-01-23,VIP
CUST00606,C002,46-55,Female,India,Low,Value Seeker,2025-10-23,VIP
CUST00607,C010,36-45,Female,Canada,Medium,Technology Enthusiast,2021-02-16,Loyal
CUST00608,C004,46-55,Other,Japan,High,Value Seeker,2023-01-08,VIP
CUST00609,C007,46-55,Other,Japan,High,Premium Customer,2022-05-12,Loyal
CUST00610,C008,56+,Male,Germany,Low,Young Professional,2022-01-06,Regular
CUST00611,C009,46-55,Male,UK,Medium,Premium Customer,2024-11-05,New
CUST00612,C003,46-55,Male,Japan,Premium,Young Professional,2024-09-22,Loyal
CUST00613,C009,18-25,Female,USA,Medium,Budget Buyer,2026-05-14,Regular
CUST00614,C005,18-25,Female,Japan,High,Young Professional,2025-05-05,Loyal
CUST00615,C009,36-45,Female,India,Premium,Budget Buyer,2026-04-02,Loyal
CUST00616,C010,56+,Other,UK,High,Young Professional,2022-03-25,Loyal
CUST00617,C009,46-55,Male,Singapore,High,Premium Customer,2025-06-19,Regular
CUST00618,C003,46-55,Other,Singapore,Low,Budget Buyer,2023-10-13,Regular
CUST00619,C006,36-45,Female,Canada,High,Technology Enthusiast,2022-07-23,VIP
CUST00620,C005,36-45,Other,South Korea,Premium,Value Seeker,2024-12-27,Regular
CUST00621,C001,26-35,Other,Canada,Low,Value Seeker,2021-05-27,Regular
CUST00622,C007,18-25,Male,South Korea,Low,Budget Buyer,2021-02-25,VIP
CUST00623,C009,18-25,Female,UK,Low,Premium Customer,2020-12-06,Loyal
CUST00624,C004,36-45,Female,UK,Medium,Technology Enthusiast,2022-10-10,Regular
CUST00625,C001,36-45,Female,South Korea,Premium,Technology Enthusiast,2020-05-23,Loyal
CUST00626,C009,26-35,Other,UK,Premium,Technology Enthusiast,2024-12-27,VIP
CUST00627,C009,36-45,Female,South Korea,Medium,Budget Buyer,2025-12-26,VIP
CUST00628,C005,46-55,Female,UK,High,Budget Buyer,2024-02-07,New
CUST00629,C009,36-45,Female,South Korea,Low,Premium Customer,2021-07-12,VIP
CUST00630,C005,46-55,Female,Germany,Low,Technology Enthusiast,2020-02-07,Loyal
CUST00631,C004,56+,Female,Singapore,Medium,Value Seeker,2024-08-13,VIP
CUST00632,C007,36-45,Male,Singapore,Medium,Technology Enthusiast,2022-06-22,Loyal
CUST00633,C005,36-45,Female,Germany,Low,Value Seeker,2025-12-18,Regular
CUST00634,C005,46-55,Other,South Korea,High,Technology Enthusiast,2021-03-28,VIP
CUST00635,C004,18-25,Male,India,Low,Value Seeker,2023-08-06,New
CUST00636,C005,26-35,Other,South Korea,Low,Value Seeker,2023-01-07,New
CUST00637,C003,46-55,Male,Japan,Premium,Young Professional,2020-03-01,VIP
CUST00638,C006,18-25,Female,USA,Medium,Budget Buyer,2025-03-14,Loyal
CUST00639,C007,56+,Female,UK,Medium,Young Professional,2020-10-19,VIP
CUST00640,C001,26-35,Female,South Korea,Medium,Budget Buyer,2021-05-14,Regular
CUST00641,C008,56+,Other,Germany,Premium,Premium Customer,2021-01-19,Loyal
CUST00642,C006,18-25,Other,USA,High,Premium Customer,2021-10-11,Loyal
CUST00643,C004,18-25,Other,Germany,Low,Value Seeker,2024-01-16,VIP
CUST00644,C006,26-35,Female,USA,Premium,Value Seeker,2020-03-02,New
CUST00645,C001,46-55,Other,UK,High,Budget Buyer,2026-07-08,Regular
CUST00646,C003,18-25,Other,Japan,Low,Budget Buyer,2025-08-09,Loyal
CUST00647,C003,18-25,Male,South Korea,Medium,Young Professional,2026-01-05,Loyal
CUST00648,C008,18-25,Other,Singapore,High,Value Seeker,2022-03-01,Loyal
CUST00649,C001,46-55,Other,Canada,Premium,Value Seeker,2025-06-10,Regular
CUST00650,C009,36-45,Other,South Korea,High,Technology Enthusiast,2023-11-25,Regular
CUST00651,C002,26-35,Female,Canada,High,Technology Enthusiast,2025-12-15,Loyal
CUST00652,C008,56+,Female,UK,Low,Technology Enthusiast,2020-01-03,Loyal
CUST00653,C010,36-45,Other,USA,Premium,Value Seeker,2022-09-05,VIP
CUST00654,C009,56+,Female,Japan,Premium,Young Professional,2021-09-23,New
CUST00655,C002,18-25,Male,UK,Medium,Budget Buyer,2025-11-13,Regular
CUST00656,C002,26-35,Male,India,Premium,Premium Customer,2025-06-11,Loyal
CUST00657,C001,26-35,Other,USA,Low,Value Seeker,2024-02-09,VIP
CUST00658,C002,18-25,Female,Singapore,High,Budget Buyer,2025-04-01,Loyal
CUST00659,C009,18-25,Female,USA,Medium,Technology Enthusiast,2020-06-15,New
CUST00660,C002,56+,Female,Germany,Medium,Technology Enthusiast,2022-08-04,Regular
CUST00661,C010,56+,Other,Singapore,Low,Technology Enthusiast,2022-01-02,Loyal
CUST00662,C008,18-25,Male,UK,Premium,Technology Enthusiast,2024-10-15,Loyal
CUST00663,C003,56+,Female,Japan,High,Technology Enthusiast,2025-12-26,Loyal
CUST00664,C006,46-55,Other,Japan,Medium,Technology Enthusiast,2024-08-15,Regular
CUST00665,C007,36-45,Female,South Korea,Premium,Premium Customer,2026-03-03,New
CUST00666,C001,56+,Male,UK,High,Budget Buyer,2023-03-11,Loyal
CUST00667,C004,36-45,Male,Canada,Medium,Budget Buyer,2022-05-29,New
CUST00668,C008,26-35,Male,Canada,High,Technology Enthusiast,2023-12-27,Regular
CUST00669,C004,36-45,Male,Singapore,Medium,Budget Buyer,2022-11-15,Loyal
CUST00670,C008,46-55,Other,USA,High,Budget Buyer,2021-12-09,VIP
CUST00671,C002,36-45,Female,Singapore,Premium,Budget Buyer,2020-08-17,Regular
CUST00672,C010,46-55,Male,Canada,Low,Young Professional,2020-02-16,Regular
CUST00673,C006,26-35,Male,India,Premium,Premium Customer,2025-08-19,New
CUST00674,C004,36-45,Female,UK,Medium,Young Professional,2024-11-04,New
CUST00675,C008,18-25,Other,Singapore,High,Budget Buyer,2026-05-29,VIP
CUST00676,C009,26-35,Male,South Korea,Medium,Premium Customer,2024-11-14,VIP
CUST00677,C010,56+,Other,Germany,Medium,Budget Buyer,2022-03-14,Loyal
CUST00678,C007,56+,Male,USA,Premium,Premium Customer,2023-08-17,Loyal
CUST00679,C006,36-45,Female,India,High,Value Seeker,2022-02-19,Loyal
CUST00680,C010,56+,Male,South Korea,Low,Value Seeker,2024-12-16,Regular
CUST00681,C006,18-25,Male,India,Medium,Technology Enthusiast,2021-09-30,Regular
CUST00682,C005,36-45,Other,USA,High,Premium Customer,2020-02-26,VIP
CUST00683,C001,26-35,Other,Germany,Medium,Technology Enthusiast,2023-09-21,Loyal
CUST00684,C009,56+,Other,UK,Low,Premium Customer,2025-06-01,New
CUST00685,C005,18-25,Female,Germany,High,Budget Buyer,2021-11-28,VIP
CUST00686,C001,46-55,Other,Canada,High,Budget Buyer,2020-09-29,New
CUST00687,C005,26-35,Female,USA,High,Premium Customer,2024-05-02,New
CUST00688,C003,56+,Female,India,Low,Value Seeker,2022-03-25,Loyal
CUST00689,C006,46-55,Other,UK,Low,Young Professional,2025-06-29,Loyal
CUST00690,C006,26-35,Other,Canada,Low,Young Professional,2023-05-23,VIP
CUST00691,C001,36-45,Male,UK,High,Premium Customer,2026-03-23,Regular
CUST00692,C002,56+,Other,Germany,Premium,Value Seeker,2024-04-14,Regular
CUST00693,C007,56+,Female,South Korea,Medium,Value Seeker,2023-07-03,Regular
CUST00694,C010,26-35,Male,Canada,Medium,Premium Customer,2026-01-26,Regular
CUST00695,C010,36-45,Male,USA,Medium,Young Professional,2021-10-09,Regular
CUST00696,C001,46-55,Female,Canada,Premium,Young Professional,2023-07-29,Regular
CUST00697,C004,26-35,Male,India,High,Technology Enthusiast,2021-03-13,Regular
CUST00698,C010,26-35,Other,India,High,Budget Buyer,2022-08-09,VIP
CUST00699,C003,56+,Female,Japan,Medium,Premium Customer,2025-08-19,VIP
CUST00700,C008,26-35,Male,Germany,Low,Premium Customer,2021-07-17,New
CUST00701,C005,26-35,Other,Germany,Medium,Budget Buyer,2024-08-18,Regular
CUST00702,C008,36-45,Female,Germany,Premium,Premium Customer,2025-06-29,New
CUST00703,C010,36-45,Female,India,Low,Premium Customer,2024-04-07,VIP
CUST00704,C001,56+,Other,Singapore,Low,Technology Enthusiast,2022-10-03,VIP
CUST00705,C009,26-35,Female,South Korea,Premium,Young Professional,2020-07-20,Loyal
CUST00706,C008,46-55,Female,India,Medium,Premium Customer,2021-11-12,VIP
CUST00707,C002,18-25,Male,UK,Premium,Premium Customer,2025-08-12,Loyal
CUST00708,C008,26-35,Female,Germany,Premium,Budget Buyer,2020-04-12,Loyal
CUST00709,C006,18-25,Male,USA,Premium,Young Professional,2021-11-02,New
CUST00710,C009,56+,Other,UK,Premium,Technology Enthusiast,2024-04-22,VIP
CUST00711,C001,36-45,Other,UK,Medium,Value Seeker,2021-11-30,Regular
CUST00712,C001,36-45,Female,South Korea,High,Value Seeker,2024-09-14,New
CUST00713,C003,18-25,Other,Canada,Low,Premium Customer,2022-04-10,VIP
CUST00714,C008,18-25,Other,South Korea,Medium,Value Seeker,2026-02-04,VIP
CUST00715,C008,46-55,Male,India,Medium,Technology Enthusiast,2024-08-06,Loyal
CUST00716,C010,26-35,Male,UK,Medium,Budget Buyer,2026-04-02,Loyal
CUST00717,C001,18-25,Other,Canada,High,Budget Buyer,2021-08-18,New
CUST00718,C002,26-35,Male,Canada,Medium,Premium Customer,2024-09-03,Loyal
CUST00719,C001,36-45,Female,Japan,Premium,Budget Buyer,2021-01-16,VIP
CUST00720,C009,36-45,Female,UK,Low,Young Professional,2020-09-22,Loyal
CUST00721,C009,56+,Male,Germany,Low,Budget Buyer,2024-08-21,New
CUST00722,C008,46-55,Other,Japan,High,Technology Enthusiast,2023-03-22,Loyal
CUST00723,C003,46-55,Other,South Korea,Premium,Value Seeker,2026-04-23,Regular
CUST00724,C005,18-25,Male,India,Premium,Budget Buyer,2022-03-03,Regular
CUST00725,C010,46-55,Male,Japan,High,Technology Enthusiast,2024-08-25,Regular
CUST00726,C001,36-45,Female,USA,High,Young Professional,2022-04-04,Loyal
CUST00727,C001,36-45,Female,Singapore,Low,Value Seeker,2021-04-11,Regular
CUST00728,C006,46-55,Female,India,Medium,Premium Customer,2023-10-16,Regular
CUST00729,C008,36-45,Female,Singapore,Low,Technology Enthusiast,2026-01-08,Loyal
CUST00730,C010,56+,Other,India,Medium,Technology Enthusiast,2023-07-16,Loyal
CUST00731,C006,26-35,Female,India,High,Premium Customer,2020-09-28,Regular
CUST00732,C010,26-35,Other,USA,High,Young Professional,2024-05-14,New
CUST00733,C005,18-25,Female,Germany,High,Premium Customer,2024-08-22,Loyal
CUST00734,C004,36-45,Male,USA,High,Budget Buyer,2025-11-20,Regular
CUST00735,C002,56+,Male,South Korea,Medium,Value Seeker,2024-12-22,Loyal
CUST00736,C008,36-45,Female,UK,Low,Technology Enthusiast,2025-11-14,Regular
CUST00737,C004,46-55,Female,USA,Low,Young Professional,2020-05-29,New
CUST00738,C010,36-45,Female,India,Low,Technology Enthusiast,2020-12-22,Loyal
CUST00739,C001,36-45,Other,Germany,High,Value Seeker,2026-06-23,Regular
CUST00740,C005,56+,Female,South Korea,Low,Young Professional,2023-02-07,Regular
CUST00741,C003,18-25,Male,USA,Medium,Technology Enthusiast,2023-01-25,Loyal
CUST00742,C009,36-45,Male,Canada,Medium,Value Seeker,2023-07-28,New
CUST00743,C005,56+,Female,India,Medium,Budget Buyer,2023-10-19,VIP
CUST00744,C001,46-55,Male,USA,Premium,Premium Customer,2021-03-09,Regular
CUST00745,C010,56+,Female,Canada,High,Value Seeker,2024-12-31,New
CUST00746,C008,26-35,Male,South Korea,Low,Premium Customer,2026-05-14,Loyal
CUST00747,C008,26-35,Male,UK,High,Young Professional,2025-04-11,VIP
CUST00748,C003,36-45,Female,South Korea,Low,Budget Buyer,2023-09-15,VIP
CUST00749,C002,46-55,Female,UK,High,Young Professional,2023-12-10,Regular
CUST00750,C009,46-55,Other,USA,High,Technology Enthusiast,2021-02-25,New
CUST00751,C005,46-55,Female,Singapore,Medium,Technology Enthusiast,2025-12-22,Regular
CUST00752,C009,46-55,Female,USA,High,Value Seeker,2021-10-13,VIP
CUST00753,C007,36-45,Other,Germany,Medium,Budget Buyer,2026-05-12,VIP
CUST00754,C002,36-45,Other,USA,Premium,Value Seeker,2025-03-11,Loyal
CUST00755,C007,56+,Male,Singapore,High,Premium Customer,2020-10-12,New
CUST00756,C002,26-35,Other,India,Medium,Value Seeker,2022-06-10,VIP
CUST00757,C009,46-55,Other,South Korea,Medium,Value Seeker,2023-04-08,Loyal
CUST00758,C005,36-45,Female,Japan,Low,Technology Enthusiast,2026-05-24,New
CUST00759,C010,46-55,Male,Canada,Low,Young Professional,2025-09-21,New
CUST00760,C001,36-45,Male,Canada,Low,Value Seeker,2026-04-12,VIP
CUST00761,C010,36-45,Other,Singapore,Premium,Premium Customer,2024-06-02,VIP
CUST00762,C009,26-35,Female,UK,Medium,Technology Enthusiast,2022-05-15,VIP
CUST00763,C006,26-35,Female,UK,Medium,Budget Buyer,2024-09-04,New
CUST00764,C001,46-55,Other,Singapore,Medium,Budget Buyer,2021-08-12,Regular
CUST00765,C007,56+,Female,UK,Premium,Technology Enthusiast,2025-02-10,VIP
CUST00766,C009,46-55,Female,Germany,Medium,Premium Customer,2025-01-17,New
CUST00767,C010,26-35,Other,Canada,Premium,Technology Enthusiast,2025-08-02,Loyal
CUST00768,C001,56+,Female,Japan,Low,Technology Enthusiast,2020-06-04,VIP
CUST00769,C002,56+,Female,South Korea,Low,Technology Enthusiast,2021-08-04,New
CUST00770,C004,18-25,Other,Canada,Low,Young Professional,2025-04-19,New
CUST00771,C008,56+,Female,Japan,Premium,Young Professional,2025-02-02,Loyal
CUST00772,C005,18-25,Other,Canada,High,Budget Buyer,2021-11-17,VIP
CUST00773,C010,56+,Male,Canada,Low,Young Professional,2021-11-23,VIP
CUST00774,C002,56+,Male,Canada,High,Value Seeker,2021-06-03,Loyal
CUST00775,C005,18-25,Other,USA,Medium,Technology Enthusiast,2022-11-18,Regular
CUST00776,C008,26-35,Female,Germany,Premium,Value Seeker,2024-02-23,New
CUST00777,C006,26-35,Other,UK,Premium,Premium Customer,2020-12-11,VIP
CUST00778,C004,26-35,Male,Japan,Low,Young Professional,2024-12-07,New
CUST00779,C001,46-55,Female,South Korea,High,Premium Customer,2021-11-17,Regular
CUST00780,C007,46-55,Female,UK,Premium,Budget Buyer,2024-05-16,Loyal
CUST00781,C008,36-45,Other,India,Low,Technology Enthusiast,2024-04-13,Loyal
CUST00782,C007,36-45,Female,Canada,Low,Young Professional,2023-01-21,VIP
CUST00783,C008,56+,Male,Japan,Medium,Young Professional,2022-09-17,New
CUST00784,C001,18-25,Female,USA,Low,Premium Customer,2020-10-05,Loyal
CUST00785,C004,36-45,Male,India,Low,Technology Enthusiast,2023-03-06,New
CUST00786,C001,56+,Other,USA,Low,Budget Buyer,2022-06-07,Regular
CUST00787,C007,26-35,Male,UK,High,Young Professional,2026-05-07,VIP
CUST00788,C002,36-45,Female,Japan,High,Value Seeker,2025-01-31,New
CUST00789,C005,46-55,Female,Japan,Low,Young Professional,2020-09-12,Loyal
CUST00790,C003,18-25,Female,Germany,Premium,Value Seeker,2024-12-09,VIP
CUST00791,C002,56+,Female,Germany,Low,Premium Customer,2021-08-12,Loyal
CUST00792,C002,18-25,Male,Canada,Premium,Budget Buyer,2020-05-22,VIP
CUST00793,C003,18-25,Other,Singapore,High,Value Seeker,2020-01-04,Loyal
CUST00794,C007,18-25,Other,South Korea,Premium,Premium Customer,2026-06-11,VIP
CUST00795,C002,26-35,Male,Singapore,Premium,Budget Buyer,2026-01-21,Loyal
CUST00796,C006,46-55,Male,USA,High,Technology Enthusiast,2023-05-25,Loyal
CUST00797,C002,36-45,Other,Germany,Medium,Technology Enthusiast,2025-02-25,New
CUST00798,C007,36-45,Other,Singapore,Low,Young Professional,2022-02-21,VIP
CUST00799,C002,26-35,Male,India,Medium,Budget Buyer,2024-11-28,Regular
CUST00800,C008,18-25,Other,Canada,Premium,Technology Enthusiast,2024-05-11,VIP
CUST00801,C001,36-45,Male,Japan,Low,Premium Customer,2020-05-31,New
CUST00802,C004,46-55,Other,UK,Medium,Budget Buyer,2025-11-12,New
CUST00803,C003,18-25,Female,India,Medium,Value Seeker,2025-06-25,New
CUST00804,C003,36-45,Male,South Korea,Medium,Technology Enthusiast,2020-07-23,New
CUST00805,C002,46-55,Other,Germany,Low,Value Seeker,2021-04-12,VIP
CUST00806,C006,36-45,Male,UK,High,Value Seeker,2024-07-04,New
CUST00807,C010,36-45,Male,USA,High,Value Seeker,2021-12-11,VIP
CUST00808,C003,56+,Male,South Korea,Medium,Technology Enthusiast,2024-02-24,New
CUST00809,C003,56+,Female,UK,Low,Premium Customer,2021-02-13,New
CUST00810,C001,26-35,Male,Canada,Premium,Premium Customer,2020-01-30,Regular
CUST00811,C004,36-45,Other,South Korea,Premium,Value Seeker,2021-08-09,Regular
CUST00812,C010,56+,Male,South Korea,Low,Young Professional,2020-06-03,Loyal
CUST00813,C007,56+,Male,Germany,Low,Technology Enthusiast,2020-01-19,New
CUST00814,C010,56+,Other,Germany,Premium,Value Seeker,2024-01-22,Loyal
CUST00815,C001,18-25,Male,South Korea,Premium,Value Seeker,2022-03-04,Regular
CUST00816,C001,36-45,Female,Germany,Premium,Young Professional,2020-08-09,Loyal
CUST00817,C010,18-25,Male,India,Medium,Value Seeker,2025-01-30,New
CUST00818,C008,18-25,Male,Germany,Premium,Technology Enthusiast,2025-10-10,Loyal
CUST00819,C007,36-45,Male,USA,High,Value Seeker,2022-03-25,New
CUST00820,C004,26-35,Female,Germany,Low,Premium Customer,2024-08-16,VIP
CUST00821,C001,26-35,Male,South Korea,Medium,Premium Customer,2024-11-20,Loyal
CUST00822,C003,26-35,Other,Japan,High,Value Seeker,2025-02-17,Loyal
CUST00823,C003,56+,Male,Canada,Medium,Budget Buyer,2020-05-11,VIP
CUST00824,C008,26-35,Female,Germany,High,Technology Enthusiast,2024-09-09,Regular
CUST00825,C010,56+,Other,Germany,Low,Premium Customer,2021-11-27,VIP
CUST00826,C004,46-55,Female,India,Premium,Value Seeker,2025-04-23,Regular
CUST00827,C006,56+,Male,UK,Low,Premium Customer,2024-11-13,New
CUST00828,C001,56+,Male,Singapore,Premium,Premium Customer,2025-04-11,New
CUST00829,C008,26-35,Male,India,Premium,Value Seeker,2025-07-21,Regular
CUST00830,C006,26-35,Other,USA,Low,Premium Customer,2023-04-26,Loyal
CUST00831,C003,56+,Other,India,Premium,Premium Customer,2025-02-24,Regular
CUST00832,C007,36-45,Other,South Korea,Low,Budget Buyer,2022-01-27,VIP
CUST00833,C006,18-25,Female,Singapore,High,Technology Enthusiast,2025-12-14,Regular
CUST00834,C002,18-25,Other,Japan,Low,Budget Buyer,2023-10-07,VIP
CUST00835,C006,56+,Male,Japan,High,Value Seeker,2025-03-21,New
CUST00836,C009,26-35,Female,Germany,Low,Premium Customer,2022-04-18,Regular
CUST00837,C004,36-45,Female,Singapore,High,Budget Buyer,2023-08-05,New
CUST00838,C006,46-55,Female,USA,Premium,Technology Enthusiast,2023-11-15,Loyal
CUST00839,C008,18-25,Male,South Korea,Low,Budget Buyer,2024-02-16,VIP
CUST00840,C003,18-25,Male,UK,High,Budget Buyer,2023-03-27,Regular
CUST00841,C008,26-35,Other,India,High,Premium Customer,2021-09-08,Regular
CUST00842,C008,46-55,Female,India,High,Value Seeker,2023-11-21,New
CUST00843,C001,56+,Other,Japan,Premium,Technology Enthusiast,2022-08-09,Loyal
CUST00844,C006,56+,Other,South Korea,Premium,Young Professional,2025-06-14,Regular
CUST00845,C005,36-45,Male,South Korea,High,Young Professional,2021-12-04,New
CUST00846,C003,36-45,Female,UK,Medium,Technology Enthusiast,2023-12-17,Loyal
CUST00847,C003,26-35,Male,Germany,Low,Budget Buyer,2021-12-19,Loyal
CUST00848,C010,46-55,Female,Japan,Medium,Value Seeker,2021-06-02,New
CUST00849,C006,26-35,Female,South Korea,Medium,Technology Enthusiast,2023-11-09,Loyal
CUST00850,C002,46-55,Female,UK,Premium,Young Professional,2020-04-12,Regular
CUST00851,C001,56+,Female,Canada,Premium,Young Professional,2026-02-15,Regular
CUST00852,C010,36-45,Other,USA,Premium,Budget Buyer,2024-12-15,Regular
CUST00853,C009,36-45,Male,Singapore,Medium,Premium Customer,2021-04-23,Loyal
CUST00854,C002,18-25,Other,Germany,Medium,Young Professional,2023-08-29,Regular
CUST00855,C001,56+,Female,USA,Premium,Value Seeker,2020-12-08,VIP
CUST00856,C006,18-25,Other,Japan,Premium,Value Seeker,2025-09-26,VIP
CUST00857,C006,36-45,Male,Canada,High,Young Professional,2024-04-30,Loyal
CUST00858,C008,18-25,Male,South Korea,Premium,Premium Customer,2026-04-16,Loyal
CUST00859,C003,46-55,Male,USA,Medium,Value Seeker,2024-10-02,Loyal
CUST00860,C008,36-45,Male,Singapore,Low,Budget Buyer,2025-11-21,VIP
CUST00861,C005,26-35,Other,South Korea,Medium,Value Seeker,2024-08-24,Regular
CUST00862,C007,56+,Female,India,High,Technology Enthusiast,2023-03-31,Loyal
CUST00863,C008,46-55,Male,India,Low,Value Seeker,2026-04-09,Loyal
CUST00864,C005,18-25,Other,Canada,Premium,Value Seeker,2025-04-19,VIP
CUST00865,C004,18-25,Female,South Korea,Low,Technology Enthusiast,2020-04-26,Loyal
CUST00866,C010,56+,Female,Canada,Premium,Budget Buyer,2025-05-22,Loyal
CUST00867,C009,18-25,Female,UK,Low,Value Seeker,2026-06-14,Loyal
CUST00868,C008,36-45,Male,India,High,Young Professional,2021-07-08,VIP
CUST00869,C006,36-45,Female,USA,Medium,Value Seeker,2020-07-18,New
CUST00870,C010,56+,Female,Japan,High,Young Professional,2021-11-15,Loyal
CUST00871,C002,56+,Female,UK,Low,Value Seeker,2025-12-28,Loyal
CUST00872,C006,46-55,Female,UK,Low,Value Seeker,2025-06-09,Regular
CUST00873,C009,26-35,Other,USA,Premium,Premium Customer,2022-06-24,New
CUST00874,C002,18-25,Female,Japan,High,Young Professional,2021-06-21,Regular
CUST00875,C008,36-45,Male,Canada,Low,Budget Buyer,2025-11-12,Regular
CUST00876,C003,26-35,Female,UK,Medium,Value Seeker,2021-08-06,New
CUST00877,C007,18-25,Male,South Korea,Premium,Budget Buyer,2021-04-02,Regular
CUST00878,C002,56+,Other,India,Premium,Budget Buyer,2020-05-14,Loyal
CUST00879,C001,36-45,Other,India,Low,Budget Buyer,2020-09-28,Regular
CUST00880,C010,26-35,Other,Japan,Low,Budget Buyer,2022-03-30,Regular
CUST00881,C005,36-45,Female,UK,Medium,Technology Enthusiast,2026-07-02,New
CUST00882,C002,18-25,Other,Germany,Medium,Young Professional,2026-06-26,Regular
CUST00883,C009,18-25,Male,South Korea,High,Technology Enthusiast,2020-01-18,Regular
CUST00884,C008,26-35,Female,Singapore,Premium,Value Seeker,2021-03-15,Regular
CUST00885,C007,36-45,Male,South Korea,Low,Technology Enthusiast,2021-04-07,Regular
CUST00886,C008,36-45,Other,India,Low,Young Professional,2024-01-19,VIP
CUST00887,C002,36-45,Female,Canada,Premium,Value Seeker,2024-04-25,VIP
CUST00888,C005,26-35,Male,South Korea,High,Value Seeker,2024-10-18,New
CUST00889,C008,46-55,Female,USA,Low,Value Seeker,2021-03-06,VIP
CUST00890,C007,26-35,Male,Japan,Medium,Young Professional,2021-02-20,Regular
CUST00891,C010,18-25,Male,Singapore,Premium,Young Professional,2024-07-13,Loyal
CUST00892,C007,46-55,Other,Singapore,Premium,Technology Enthusiast,2023-12-29,Loyal
CUST00893,C003,18-25,Male,Canada,Premium,Premium Customer,2025-02-05,Regular
CUST00894,C003,18-25,Other,India,Low,Premium Customer,2020-05-01,New
CUST00895,C003,56+,Other,Japan,Medium,Young Professional,2024-04-16,New
CUST00896,C002,46-55,Female,Germany,High,Premium Customer,2025-10-30,VIP
CUST00897,C009,56+,Female,India,Low,Premium Customer,2022-12-07,New
CUST00898,C007,36-45,Female,South Korea,Premium,Budget Buyer,2025-01-17,New
CUST00899,C003,36-45,Other,UK,Premium,Premium Customer,2026-03-30,Regular
CUST00900,C005,46-55,Male,South Korea,Premium,Premium Customer,2024-05-12,Regular
CUST00901,C009,46-55,Female,South Korea,Premium,Technology Enthusiast,2020-08-16,Loyal
CUST00902,C005,18-25,Male,India,Medium,Young Professional,2023-08-05,Loyal
CUST00903,C010,36-45,Female,USA,Premium,Young Professional,2020-04-20,Loyal
CUST00904,C007,18-25,Other,Germany,Medium,Value Seeker,2023-12-09,Loyal
CUST00905,C010,18-25,Female,USA,High,Value Seeker,2020-12-13,New
CUST00906,C009,18-25,Female,Singapore,Premium,Young Professional,2023-08-28,New
CUST00907,C008,36-45,Female,Singapore,High,Technology Enthusiast,2020-04-01,New
CUST00908,C008,26-35,Female,South Korea,High,Value Seeker,2021-02-13,Loyal
CUST00909,C006,26-35,Female,USA,Medium,Young Professional,2024-11-20,Loyal
CUST00910,C001,56+,Female,Germany,Low,Technology Enthusiast,2023-05-02,New
CUST00911,C010,36-45,Male,South Korea,Premium,Value Seeker,2023-10-11,Loyal
CUST00912,C002,56+,Female,Singapore,High,Value Seeker,2023-05-21,VIP
CUST00913,C007,56+,Other,South Korea,Medium,Budget Buyer,2022-10-26,Regular
CUST00914,C010,26-35,Other,South Korea,High,Technology Enthusiast,2025-08-06,VIP
CUST00915,C010,56+,Male,Japan,Premium,Value Seeker,2020-09-02,Regular
CUST00916,C003,46-55,Female,Japan,Low,Value Seeker,2023-05-14,VIP
CUST00917,C005,26-35,Female,Germany,Premium,Value Seeker,2023-03-21,New
CUST00918,C003,18-25,Male,Canada,Premium,Premium Customer,2022-02-25,VIP
CUST00919,C007,26-35,Male,Canada,Medium,Budget Buyer,2020-05-31,Loyal
CUST00920,C005,26-35,Other,India,Premium,Budget Buyer,2026-03-05,New
CUST00921,C002,56+,Female,USA,Premium,Young Professional,2023-07-09,New
CUST00922,C007,26-35,Male,USA,High,Premium Customer,2021-07-29,New
CUST00923,C004,36-45,Female,Singapore,Medium,Premium Customer,2021-05-15,Regular
CUST00924,C003,26-35,Male,Canada,Premium,Premium Customer,2021-03-13,Loyal
CUST00925,C010,46-55,Other,Japan,Low,Young Professional,2020-08-17,VIP
CUST00926,C008,36-45,Male,Japan,Premium,Young Professional,2022-10-06,Loyal
CUST00927,C001,18-25,Other,Germany,High,Technology Enthusiast,2020-05-22,VIP
CUST00928,C005,18-25,Other,Germany,Premium,Premium Customer,2024-01-26,New
CUST00929,C007,36-45,Male,Germany,High,Value Seeker,2022-11-12,Regular
CUST00930,C008,46-55,Male,Canada,Low,Premium Customer,2023-07-23,VIP
CUST00931,C007,46-55,Male,UK,High,Technology Enthusiast,2023-09-24,New
CUST00932,C006,56+,Other,Japan,Premium,Budget Buyer,2024-09-19,New
CUST00933,C003,26-35,Male,Singapore,Medium,Young Professional,2024-12-21,Loyal
CUST00934,C010,18-25,Male,Germany,Medium,Technology Enthusiast,2020-12-02,VIP
CUST00935,C006,46-55,Other,UK,High,Value Seeker,2025-01-23,Loyal
CUST00936,C005,18-25,Female,Japan,Medium,Premium Customer,2022-03-24,VIP
CUST00937,C010,18-25,Male,Germany,Low,Premium Customer,2022-07-08,Regular
CUST00938,C005,18-25,Female,Singapore,High,Value Seeker,2021-11-22,New
CUST00939,C006,56+,Male,India,Premium,Premium Customer,2021-11-27,VIP
CUST00940,C002,26-35,Male,Canada,High,Premium Customer,2022-07-08,VIP
CUST00941,C003,26-35,Other,Germany,High,Value Seeker,2024-11-01,VIP
CUST00942,C003,26-35,Male,Canada,High,Value Seeker,2024-07-31,VIP
CUST00943,C004,56+,Other,South Korea,Low,Budget Buyer,2024-02-23,VIP
CUST00944,C003,46-55,Other,Germany,Premium,Premium Customer,2023-08-17,Loyal
CUST00945,C002,56+,Male,India,High,Value Seeker,2021-01-25,VIP
CUST00946,C006,18-25,Female,Singapore,High,Premium Customer,2020-07-05,Loyal
CUST00947,C003,18-25,Other,UK,High,Value Seeker,2026-04-10,VIP
CUST00948,C006,26-35,Male,Japan,Premium,Value Seeker,2025-04-01,Loyal
CUST00949,C002,18-25,Male,South Korea,High,Young Professional,2023-07-07,VIP
CUST00950,C005,56+,Female,Japan,Premium,Value Seeker,2022-12-14,Loyal
CUST00951,C008,56+,Other,South Korea,Low,Value Seeker,2021-09-11,Regular
CUST00952,C001,26-35,Male,South Korea,High,Value Seeker,2022-07-30,VIP
CUST00953,C007,46-55,Male,South Korea,High,Technology Enthusiast,2021-04-20,VIP
CUST00954,C008,18-25,Other,UK,Low,Young Professional,2025-07-12,New
CUST00955,C004,26-35,Male,Canada,Medium,Technology Enthusiast,2023-03-09,New
CUST00956,C009,26-35,Female,USA,Medium,Premium Customer,2026-05-26,New
CUST00957,C006,36-45,Other,USA,Premium,Young Professional,2020-04-16,New
CUST00958,C006,18-25,Male,South Korea,Premium,Premium Customer,2021-09-21,Loyal
CUST00959,C010,36-45,Male,South Korea,High,Technology Enthusiast,2020-01-24,Regular
CUST00960,C004,36-45,Female,India,Low,Technology Enthusiast,2020-07-18,VIP
CUST00961,C002,36-45,Male,Germany,Premium,Budget Buyer,2024-06-21,New
CUST00962,C004,46-55,Female,Canada,Medium,Budget Buyer,2021-10-29,Loyal
CUST00963,C008,36-45,Other,UK,High,Budget Buyer,2024-11-05,Loyal
CUST00964,C009,46-55,Female,Singapore,Premium,Young Professional,2022-03-29,VIP
CUST00965,C002,36-45,Other,UK,Premium,Premium Customer,2024-09-26,New
CUST00966,C001,36-45,Female,Germany,Medium,Premium Customer,2025-10-03,New
CUST00967,C005,46-55,Male,South Korea,High,Value Seeker,2025-04-01,Regular
CUST00968,C005,56+,Female,Canada,Low,Technology Enthusiast,2022-10-15,New
CUST00969,C001,18-25,Other,Singapore,Premium,Budget Buyer,2025-10-03,VIP
CUST00970,C010,36-45,Female,USA,Low,Budget Buyer,2022-11-03,VIP
CUST00971,C003,46-55,Male,USA,Premium,Young Professional,2022-01-16,Loyal
CUST00972,C010,46-55,Other,Canada,High,Value Seeker,2025-02-06,Regular
CUST00973,C003,56+,Female,USA,Premium,Technology Enthusiast,2020-11-16,New
CUST00974,C001,18-25,Male,UK,Premium,Premium Customer,2024-06-05,VIP
CUST00975,C010,36-45,Other,Japan,Premium,Young Professional,2025-06-16,New
CUST00976,C003,18-25,Male,USA,Low,Value Seeker,2021-07-07,New
CUST00977,C004,26-35,Other,Germany,Premium,Technology Enthusiast,2025-05-24,Regular
CUST00978,C002,46-55,Male,South Korea,Premium,Budget Buyer,2023-05-17,New
CUST00979,C003,46-55,Female,South Korea,Low,Premium Customer,2021-09-16,Regular
CUST00980,C004,56+,Female,India,High,Budget Buyer,2023-04-22,New
CUST00981,C007,46-55,Other,Canada,Low,Premium Customer,2024-08-29,VIP
CUST00982,C008,56+,Other,South Korea,Medium,Budget Buyer,2025-10-03,New
CUST00983,C007,36-45,Other,USA,High,Premium Customer,2026-06-18,VIP
CUST00984,C002,56+,Other,Japan,Premium,Premium Customer,2025-07-19,New
CUST00985,C003,26-35,Female,Japan,Premium,Value Seeker,2023-03-25,Regular
CUST00986,C010,56+,Other,South Korea,Medium,Young Professional,2023-10-21,VIP
CUST00987,C007,46-55,Male,Germany,High,Budget Buyer,2024-01-15,VIP
CUST00988,C003,26-35,Male,South Korea,Low,Premium Customer,2021-12-10,VIP
CUST00989,C005,26-35,Other,India,Low,Young Professional,2022-08-19,Loyal
CUST00990,C006,26-35,Other,India,Low,Young Professional,2021-10-11,VIP
CUST00991,C002,18-25,Other,Germany,Premium,Young Professional,2022-07-17,Loyal
CUST00992,C006,56+,Female,UK,Low,Budget Buyer,2020-07-10,VIP
CUST00993,C008,18-25,Other,USA,Low,Technology Enthusiast,2021-03-30,New
CUST00994,C003,26-35,Female,UK,High,Premium Customer,2021-04-28,VIP
CUST00995,C002,36-45,Female,UK,Low,Value Seeker,2021-09-23,VIP
CUST00996,C007,26-35,Female,Japan,High,Technology Enthusiast,2020-01-27,Regular
CUST00997,C002,36-45,Other,Singapore,High,Value Seeker,2022-12-25,Regular
CUST00998,C009,26-35,Male,Singapore,Premium,Premium Customer,2024-09-23,VIP
CUST00999,C009,18-25,Female,UK,Low,Technology Enthusiast,2024-01-21,New
CUST01000,C002,36-45,Female,UK,Premium,Budget Buyer,2023-10-17,VIP
CUST01001,C001,56+,Male,Canada,Premium,Premium Customer,2021-09-10,Loyal
CUST01002,C006,18-25,Female,UK,Premium,Premium Customer,2023-11-10,Regular
CUST01003,C009,36-45,Other,Singapore,Medium,Young Professional,2024-12-16,New
CUST01004,C001,36-45,Female,UK,High,Value Seeker,2026-01-10,New
CUST01005,C009,36-45,Other,Japan,Medium,Budget Buyer,2026-03-10,New
CUST01006,C009,26-35,Female,Singapore,Low,Budget Buyer,2022-11-25,Loyal
CUST01007,C005,36-45,Male,India,Low,Premium Customer,2025-09-09,Loyal
CUST01008,C010,46-55,Female,Germany,Medium,Young Professional,2020-01-22,Loyal
CUST01009,C005,26-35,Other,Singapore,Medium,Budget Buyer,2026-06-04,Loyal
CUST01010,C009,26-35,Female,South Korea,Low,Value Seeker,2026-07-13,VIP
CUST01011,C007,18-25,Male,Singapore,Medium,Premium Customer,2020-12-01,Regular
CUST01012,C008,36-45,Other,Singapore,Premium,Young Professional,2020-11-15,VIP
CUST01013,C007,46-55,Other,Singapore,Medium,Value Seeker,2024-12-07,Regular
CUST01014,C008,26-35,Other,USA,Medium,Premium Customer,2025-02-17,VIP
CUST01015,C001,56+,Female,USA,Premium,Budget Buyer,2021-10-04,New
CUST01016,C006,36-45,Male,UK,Low,Young Professional,2026-05-30,Loyal
CUST01017,C006,36-45,Female,India,Medium,Value Seeker,2023-05-27,VIP
CUST01018,C001,36-45,Male,UK,Premium,Budget Buyer,2023-06-03,New
CUST01019,C009,18-25,Male,Singapore,Premium,Technology Enthusiast,2023-11-29,Loyal
CUST01020,C010,36-45,Female,South Korea,Medium,Value Seeker,2025-01-26,VIP
CUST01021,C008,26-35,Other,Japan,Low,Technology Enthusiast,2025-01-13,VIP
CUST01022,C007,46-55,Female,India,Premium,Young Professional,2022-08-11,New
CUST01023,C003,56+,Other,Canada,Low,Technology Enthusiast,2020-04-11,New
CUST01024,C004,56+,Male,Germany,Premium,Technology Enthusiast,2026-01-28,New
CUST01025,C002,26-35,Male,Canada,Medium,Value Seeker,2025-12-18,VIP
CUST01026,C002,56+,Female,Singapore,Low,Premium Customer,2025-12-25,New
CUST01027,C006,26-35,Female,India,High,Premium Customer,2024-11-25,Loyal
CUST01028,C002,18-25,Other,UK,High,Value Seeker,2021-04-14,Regular
CUST01029,C005,26-35,Female,Singapore,Medium,Budget Buyer,2021-01-02,Loyal
CUST01030,C003,18-25,Female,Singapore,Low,Young Professional,2020-04-21,Regular
CUST01031,C007,36-45,Female,USA,Low,Value Seeker,2023-08-20,Regular
CUST01032,C010,26-35,Female,Singapore,Low,Young Professional,2026-07-28,New
CUST01033,C006,56+,Female,USA,Premium,Budget Buyer,2025-03-18,VIP
CUST01034,C004,36-45,Other,USA,Medium,Technology Enthusiast,2020-03-17,Regular
CUST01035,C005,46-55,Female,USA,Medium,Value Seeker,2026-05-16,Loyal
CUST01036,C009,26-35,Other,Singapore,Premium,Budget Buyer,2021-11-19,New
CUST01037,C008,26-35,Male,India,Premium,Young Professional,2023-03-30,Loyal
CUST01038,C007,26-35,Other,Canada,Low,Value Seeker,2023-12-10,New
CUST01039,C005,46-55,Other,USA,Medium,Technology Enthusiast,2021-01-02,Loyal
CUST01040,C007,56+,Other,Japan,High,Young Professional,2022-05-13,VIP
CUST01041,C005,36-45,Female,Germany,Premium,Technology Enthusiast,2022-10-04,Loyal
CUST01042,C001,18-25,Other,South Korea,Low,Budget Buyer,2021-07-01,Regular
CUST01043,C007,46-55,Female,USA,Low,Technology Enthusiast,2026-03-26,New
CUST01044,C008,36-45,Female,Japan,Premium,Value Seeker,2021-05-20,New
CUST01045,C002,36-45,Male,South Korea,Low,Value Seeker,2025-03-10,New
CUST01046,C005,26-35,Male,Canada,Medium,Value Seeker,2024-01-05,VIP
CUST01047,C006,36-45,Female,Germany,Low,Value Seeker,2020-05-30,VIP
CUST01048,C002,56+,Other,South Korea,Medium,Technology Enthusiast,2023-02-10,Regular
CUST01049,C010,26-35,Male,UK,Low,Value Seeker,2026-05-03,Loyal
CUST01050,C010,56+,Other,Canada,Medium,Budget Buyer,2022-07-22,Loyal
CUST01051,C009,18-25,Female,India,High,Premium Customer,2025-02-02,VIP
CUST01052,C005,56+,Female,South Korea,High,Technology Enthusiast,2021-05-13,New
CUST01053,C004,36-45,Female,South Korea,High,Budget Buyer,2020-07-11,VIP
CUST01054,C004,18-25,Other,India,Medium,Premium Customer,2023-10-02,New
CUST01055,C004,26-35,Female,Canada,Low,Budget Buyer,2022-03-17,New
CUST01056,C008,18-25,Other,Japan,High,Value Seeker,2024-11-04,New
CUST01057,C008,36-45,Male,Japan,Medium,Budget Buyer,2022-09-03,VIP
CUST01058,C002,56+,Male,USA,Low,Budget Buyer,2025-01-02,VIP
CUST01059,C006,26-35,Male,South Korea,Low,Young Professional,2020-09-23,VIP
CUST01060,C002,18-25,Other,India,High,Premium Customer,2021-02-21,VIP
CUST01061,C002,26-35,Other,India,Premium,Premium Customer,2024-08-10,VIP
CUST01062,C007,36-45,Other,India,Premium,Technology Enthusiast,2021-02-18,Loyal
CUST01063,C010,18-25,Male,India,Low,Technology Enthusiast,2022-02-27,Regular
CUST01064,C010,56+,Female,Japan,Premium,Premium Customer,2021-05-31,VIP
CUST01065,C003,26-35,Male,India,Medium,Young Professional,2022-09-22,VIP
CUST01066,C009,36-45,Other,UK,Medium,Premium Customer,2024-01-05,Loyal
CUST01067,C010,36-45,Female,India,Medium,Budget Buyer,2023-11-05,Regular
CUST01068,C009,18-25,Female,Japan,Medium,Value Seeker,2026-04-10,Regular
CUST01069,C002,26-35,Other,South Korea,Premium,Technology Enthusiast,2023-10-30,Loyal
CUST01070,C010,36-45,Other,Canada,Premium,Young Professional,2026-05-07,Regular
CUST01071,C002,18-25,Female,Germany,Low,Value Seeker,2025-02-03,Regular
CUST01072,C008,26-35,Female,Japan,Premium,Value Seeker,2022-05-23,VIP
CUST01073,C003,36-45,Male,USA,High,Budget Buyer,2020-01-28,New
CUST01074,C003,46-55,Male,Japan,Low,Budget Buyer,2023-04-05,Regular
CUST01075,C004,26-35,Male,Canada,Medium,Young Professional,2023-03-09,Regular
CUST01076,C003,18-25,Male,Canada,Low,Budget Buyer,2022-03-13,Regular
CUST01077,C007,36-45,Male,Canada,Premium,Value Seeker,2021-03-30,Loyal
CUST01078,C006,56+,Other,Singapore,Low,Budget Buyer,2021-12-02,Regular
CUST01079,C003,26-35,Other,Singapore,High,Young Professional,2022-02-15,VIP
CUST01080,C004,56+,Other,Germany,High,Value Seeker,2020-07-08,Loyal
CUST01081,C004,36-45,Male,South Korea,Medium,Budget Buyer,2020-08-06,VIP
CUST01082,C010,26-35,Other,Singapore,High,Premium Customer,2020-09-22,VIP
CUST01083,C003,36-45,Other,South Korea,Premium,Premium Customer,2023-08-11,Loyal
CUST01084,C010,56+,Other,India,Medium,Value Seeker,2024-06-30,Regular
CUST01085,C008,46-55,Male,Canada,Premium,Premium Customer,2022-08-18,Regular
CUST01086,C006,56+,Male,UK,Low,Young Professional,2022-11-08,VIP
CUST01087,C009,26-35,Other,India,Premium,Technology Enthusiast,2023-12-11,Loyal
CUST01088,C007,46-55,Female,Singapore,High,Premium Customer,2025-01-21,Loyal
CUST01089,C005,18-25,Male,South Korea,Medium,Young Professional,2024-04-15,New
CUST01090,C006,36-45,Other,USA,High,Value Seeker,2020-12-03,New
CUST01091,C002,36-45,Male,Germany,High,Value Seeker,2020-10-19,Loyal
CUST01092,C005,36-45,Male,UK,High,Budget Buyer,2023-05-24,Loyal
CUST01093,C005,46-55,Female,India,Premium,Technology Enthusiast,2023-11-20,Regular
CUST01094,C007,26-35,Other,Germany,Premium,Value Seeker,2022-07-21,VIP
CUST01095,C008,18-25,Female,Germany,Premium,Premium Customer,2023-10-27,Regular
CUST01096,C008,56+,Male,Japan,Medium,Technology Enthusiast,2025-01-17,Regular
CUST01097,C005,46-55,Other,Japan,High,Value Seeker,2020-02-09,VIP
CUST01098,C007,56+,Female,Japan,Low,Technology Enthusiast,2024-07-10,New
CUST01099,C003,36-45,Other,Singapore,Premium,Value Seeker,2021-09-21,VIP
CUST01100,C002,46-55,Male,South Korea,Low,Young Professional,2025-12-29,VIP
CUST01101,C005,26-35,Male,UK,Low,Technology Enthusiast,2021-01-16,VIP
CUST01102,C001,26-35,Male,Singapore,High,Value Seeker,2022-02-03,Regular
CUST01103,C005,18-25,Female,India,High,Technology Enthusiast,2025-11-17,New
CUST01104,C003,46-55,Female,UK,Low,Value Seeker,2023-08-31,VIP
CUST01105,C008,46-55,Male,UK,Medium,Young Professional,2020-10-08,VIP
CUST01106,C008,56+,Other,Canada,Medium,Technology Enthusiast,2021-10-12,VIP
CUST01107,C005,18-25,Male,South Korea,Low,Premium Customer,2022-04-06,Regular
CUST01108,C009,56+,Female,South Korea,Premium,Technology Enthusiast,2023-09-09,New
CUST01109,C002,46-55,Female,Canada,Premium,Technology Enthusiast,2023-03-25,Regular
CUST01110,C007,26-35,Other,Singapore,Premium,Premium Customer,2022-10-17,Regular
CUST01111,C010,46-55,Other,India,Medium,Value Seeker,2021-01-26,Loyal
CUST01112,C009,18-25,Other,Germany,Premium,Premium Customer,2023-04-10,New
CUST01113,C006,18-25,Other,Japan,Premium,Premium Customer,2020-11-09,Regular
CUST01114,C005,56+,Male,South Korea,Low,Budget Buyer,2022-04-29,VIP
CUST01115,C007,46-55,Male,Singapore,Low,Budget Buyer,2023-11-08,Loyal
CUST01116,C002,36-45,Other,South Korea,Premium,Premium Customer,2021-07-13,New
CUST01117,C002,26-35,Other,South Korea,Medium,Premium Customer,2026-02-24,Loyal
CUST01118,C003,18-25,Other,USA,Medium,Young Professional,2021-11-29,New
CUST01119,C009,26-35,Male,India,High,Value Seeker,2024-05-19,VIP
CUST01120,C006,26-35,Other,India,Medium,Premium Customer,2021-12-29,New
CUST01121,C009,46-55,Other,Canada,Premium,Budget Buyer,2021-02-25,New
CUST01122,C001,26-35,Male,Japan,Medium,Value Seeker,2024-03-25,New
CUST01123,C001,18-25,Male,Japan,Medium,Budget Buyer,2024-09-23,Regular
CUST01124,C002,26-35,Male,Singapore,Low,Young Professional,2021-11-18,Loyal
CUST01125,C009,56+,Male,Singapore,Premium,Budget Buyer,2022-02-15,Regular
CUST01126,C004,36-45,Female,UK,Low,Premium Customer,2021-03-09,Loyal
CUST01127,C001,26-35,Female,Germany,Low,Young Professional,2024-05-13,Loyal
CUST01128,C001,26-35,Female,Canada,Premium,Budget Buyer,2020-10-02,Regular
CUST01129,C005,56+,Female,Singapore,Medium,Young Professional,2021-01-23,Regular
CUST01130,C006,18-25,Female,India,Premium,Premium Customer,2025-05-28,Regular
CUST01131,C009,26-35,Male,USA,High,Value Seeker,2020-02-24,VIP
CUST01132,C004,18-25,Male,Japan,Premium,Young Professional,2020-11-21,Regular
CUST01133,C003,26-35,Other,India,Medium,Technology Enthusiast,2024-03-19,VIP
CUST01134,C006,36-45,Female,India,Premium,Young Professional,2021-07-03,New
CUST01135,C004,36-45,Male,Germany,Low,Value Seeker,2023-09-18,Regular
CUST01136,C010,56+,Female,UK,Premium,Budget Buyer,2024-04-11,New
CUST01137,C008,26-35,Male,UK,Medium,Value Seeker,2020-10-13,New
CUST01138,C003,26-35,Male,USA,Premium,Premium Customer,2026-02-26,Loyal
CUST01139,C003,26-35,Female,UK,Medium,Young Professional,2022-03-20,Loyal
CUST01140,C010,26-35,Female,South Korea,Low,Young Professional,2025-01-10,VIP
CUST01141,C007,46-55,Female,Singapore,Premium,Value Seeker,2021-11-18,VIP
CUST01142,C001,46-55,Male,Canada,Medium,Technology Enthusiast,2024-04-11,Regular
CUST01143,C005,46-55,Female,South Korea,High,Premium Customer,2024-04-07,VIP
CUST01144,C002,26-35,Other,South Korea,Medium,Value Seeker,2023-09-26,Regular
CUST01145,C001,56+,Other,Japan,Premium,Premium Customer,2020-02-22,VIP
CUST01146,C007,46-55,Female,Canada,Low,Premium Customer,2024-03-08,New
CUST01147,C002,56+,Male,Germany,Premium,Young Professional,2024-04-25,Loyal
CUST01148,C009,36-45,Other,India,Premium,Premium Customer,2025-06-24,Regular
CUST01149,C004,18-25,Female,India,Medium,Young Professional,2025-05-10,VIP
CUST01150,C003,26-35,Other,UK,Low,Budget Buyer,2022-11-07,New
CUST01151,C007,56+,Male,Germany,Premium,Value Seeker,2024-06-16,VIP
CUST01152,C005,56+,Other,Singapore,High,Premium Customer,2023-05-22,New
CUST01153,C002,36-45,Male,Canada,Medium,Premium Customer,2026-06-03,Loyal
CUST01154,C001,46-55,Male,USA,Low,Premium Customer,2021-11-20,VIP
CUST01155,C005,26-35,Male,Japan,Medium,Value Seeker,2024-10-31,Regular
CUST01156,C008,56+,Male,South Korea,Medium,Value Seeker,2022-01-15,Regular
CUST01157,C001,26-35,Female,Singapore,Premium,Technology Enthusiast,2022-01-18,New
CUST01158,C003,36-45,Male,Singapore,Low,Young Professional,2020-11-22,New
CUST01159,C006,56+,Male,South Korea,Premium,Budget Buyer,2020-05-01,New
CUST01160,C001,18-25,Other,India,Low,Value Seeker,2022-12-25,New
CUST01161,C007,36-45,Female,South Korea,High,Technology Enthusiast,2025-10-31,VIP
CUST01162,C006,36-45,Female,Germany,High,Premium Customer,2024-02-27,VIP
CUST01163,C010,36-45,Female,USA,Low,Premium Customer,2020-08-22,VIP
CUST01164,C003,56+,Male,Canada,Medium,Young Professional,2020-04-15,VIP
CUST01165,C010,56+,Female,Germany,Low,Young Professional,2025-04-30,New
CUST01166,C006,36-45,Other,South Korea,Medium,Technology Enthusiast,2020-07-06,VIP
CUST01167,C007,36-45,Female,South Korea,Low,Premium Customer,2020-11-29,Loyal
CUST01168,C010,26-35,Other,India,Medium,Premium Customer,2022-03-10,New
CUST01169,C005,46-55,Male,South Korea,Low,Premium Customer,2026-02-25,Regular
CUST01170,C004,26-35,Other,USA,Low,Premium Customer,2022-05-16,New
CUST01171,C003,46-55,Female,Germany,High,Premium Customer,2023-08-30,New
CUST01172,C003,46-55,Male,Japan,Medium,Technology Enthusiast,2025-12-29,New
CUST01173,C006,46-55,Other,Singapore,Medium,Value Seeker,2024-03-24,Loyal
CUST01174,C002,18-25,Male,USA,High,Technology Enthusiast,2023-04-06,Regular
CUST01175,C002,36-45,Male,Japan,Premium,Technology Enthusiast,2026-06-04,New
CUST01176,C005,56+,Other,Germany,Premium,Premium Customer,2020-09-10,Loyal
CUST01177,C006,56+,Other,Germany,Low,Premium Customer,2021-06-01,New
CUST01178,C009,36-45,Male,Canada,Medium,Premium Customer,2025-03-01,VIP
CUST01179,C003,26-35,Other,India,High,Young Professional,2023-03-06,New
CUST01180,C005,46-55,Other,Germany,Premium,Young Professional,2026-06-08,VIP
CUST01181,C001,26-35,Other,Germany,Medium,Budget Buyer,2023-09-26,Regular
CUST01182,C008,36-45,Other,UK,Low,Technology Enthusiast,2024-05-23,VIP
CUST01183,C006,46-55,Female,Singapore,Premium,Budget Buyer,2024-09-26,Loyal
CUST01184,C005,56+,Female,USA,Medium,Young Professional,2022-03-10,New
CUST01185,C005,26-35,Other,UK,Premium,Premium Customer,2025-02-17,Loyal
CUST01186,C003,26-35,Other,Germany,Low,Young Professional,2022-05-09,New
CUST01187,C003,46-55,Other,UK,Low,Budget Buyer,2024-03-22,Loyal
CUST01188,C008,18-25,Male,Japan,Premium,Value Seeker,2022-01-05,VIP
CUST01189,C004,18-25,Male,Singapore,Premium,Young Professional,2020-05-19,Regular
CUST01190,C007,46-55,Other,Singapore,High,Premium Customer,2021-01-02,Loyal
CUST01191,C001,18-25,Male,USA,Premium,Technology Enthusiast,2021-05-06,Regular
CUST01192,C001,56+,Female,Canada,Low,Technology Enthusiast,2026-06-04,Regular
CUST01193,C007,46-55,Female,UK,Low,Young Professional,2025-06-06,New
CUST01194,C009,46-55,Other,India,Premium,Technology Enthusiast,2022-01-27,VIP
CUST01195,C002,56+,Other,USA,Medium,Budget Buyer,2025-10-26,Regular
CUST01196,C010,18-25,Other,South Korea,High,Budget Buyer,2022-01-07,New
CUST01197,C003,26-35,Other,UK,Low,Technology Enthusiast,2026-06-13,Loyal
CUST01198,C001,18-25,Other,Canada,High,Technology Enthusiast,2020-12-12,Regular
CUST01199,C007,26-35,Female,India,High,Technology Enthusiast,2020-01-01,VIP
CUST01200,C003,46-55,Other,Japan,High,Technology Enthusiast,2026-06-21,Regular
CUST01201,C002,26-35,Male,Germany,Medium,Young Professional,2020-07-02,Regular
CUST01202,C003,26-35,Other,Japan,High,Value Seeker,2026-03-11,VIP
CUST01203,C002,36-45,Female,Singapore,Medium,Premium Customer,2026-03-02,VIP
CUST01204,C002,46-55,Other,UK,Medium,Budget Buyer,2022-11-07,Loyal
CUST01205,C004,56+,Other,UK,Premium,Value Seeker,2024-03-04,Loyal
CUST01206,C007,18-25,Other,Germany,Low,Young Professional,2024-04-01,New
CUST01207,C009,56+,Female,USA,High,Budget Buyer,2021-03-26,Loyal
CUST01208,C006,26-35,Male,Canada,Low,Budget Buyer,2023-01-24,VIP
CUST01209,C004,18-25,Male,UK,High,Technology Enthusiast,2024-03-30,VIP
CUST01210,C002,36-45,Other,Canada,High,Technology Enthusiast,2025-12-06,New
CUST01211,C001,36-45,Female,UK,High,Technology Enthusiast,2021-11-30,VIP
CUST01212,C008,36-45,Male,UK,Medium,Value Seeker,2021-06-06,VIP
CUST01213,C010,18-25,Other,Japan,Medium,Technology Enthusiast,2022-12-31,VIP
CUST01214,C008,46-55,Female,South Korea,High,Young Professional,2022-01-19,VIP
CUST01215,C009,36-45,Other,USA,High,Premium Customer,2022-07-26,Loyal
CUST01216,C002,18-25,Other,Germany,Low,Value Seeker,2020-11-21,New
CUST01217,C002,56+,Female,India,Premium,Technology Enthusiast,2023-03-16,Regular
CUST01218,C008,56+,Other,USA,Premium,Budget Buyer,2025-08-01,Regular
CUST01219,C001,56+,Other,Japan,Medium,Technology Enthusiast,2024-10-06,New
CUST01220,C010,26-35,Other,Germany,Medium,Budget Buyer,2025-01-11,Loyal
CUST01221,C003,36-45,Male,Singapore,Premium,Premium Customer,2025-10-05,Regular
CUST01222,C006,36-45,Other,Germany,Low,Young Professional,2021-04-08,Loyal
CUST01223,C008,36-45,Male,India,Premium,Value Seeker,2023-04-17,Loyal
CUST01224,C009,46-55,Other,South Korea,Low,Young Professional,2020-05-25,New
CUST01225,C010,36-45,Female,Japan,Low,Budget Buyer,2025-02-28,Loyal
CUST01226,C003,36-45,Male,USA,Premium,Premium Customer,2024-07-04,Regular
CUST01227,C002,56+,Male,Singapore,Low,Premium Customer,2025-12-07,New
CUST01228,C003,26-35,Female,Singapore,High,Young Professional,2022-10-21,Loyal
CUST01229,C007,56+,Female,USA,Premium,Premium Customer,2022-01-16,Regular
CUST01230,C003,46-55,Male,Japan,Medium,Budget Buyer,2023-12-19,Regular
CUST01231,C005,26-35,Female,Singapore,High,Budget Buyer,2020-06-13,Regular
CUST01232,C004,36-45,Male,Singapore,Premium,Technology Enthusiast,2025-05-17,VIP
CUST01233,C003,46-55,Other,Singapore,Medium,Budget Buyer,2023-08-23,New
CUST01234,C001,26-35,Female,India,Medium,Budget Buyer,2021-05-31,Loyal
CUST01235,C007,46-55,Female,Canada,High,Premium Customer,2020-02-02,New
CUST01236,C007,56+,Male,UK,Medium,Young Professional,2022-10-11,New
CUST01237,C005,46-55,Male,South Korea,Low,Technology Enthusiast,2022-10-10,Regular
CUST01238,C004,26-35,Male,UK,Premium,Budget Buyer,2021-09-01,Loyal
CUST01239,C004,46-55,Male,Germany,Low,Budget Buyer,2021-08-21,VIP
CUST01240,C007,36-45,Other,Germany,Medium,Young Professional,2025-11-20,VIP
CUST01241,C008,56+,Female,India,High,Budget Buyer,2020-09-08,Loyal
CUST01242,C006,36-45,Other,Singapore,Medium,Young Professional,2023-02-23,New
CUST01243,C003,18-25,Male,Japan,Medium,Young Professional,2020-06-16,VIP
CUST01244,C005,46-55,Male,Canada,Premium,Young Professional,2021-02-16,Loyal
CUST01245,C005,18-25,Other,India,Medium,Young Professional,2021-04-01,Loyal
CUST01246,C006,56+,Female,Germany,High,Value Seeker,2025-12-06,VIP
CUST01247,C002,26-35,Other,USA,Low,Technology Enthusiast,2021-03-11,Regular
CUST01248,C004,18-25,Male,Japan,High,Premium Customer,2024-12-30,Regular
CUST01249,C009,18-25,Male,Germany,Premium,Technology Enthusiast,2021-09-21,Loyal
CUST01250,C009,36-45,Female,USA,Premium,Budget Buyer,2023-11-23,VIP
CUST01251,C007,56+,Male,UK,High,Value Seeker,2025-11-15,Loyal
CUST01252,C001,18-25,Other,Germany,Premium,Premium Customer,2026-05-08,New
CUST01253,C003,56+,Female,Singapore,Premium,Technology Enthusiast,2024-11-28,Loyal
CUST01254,C004,18-25,Male,Germany,Low,Technology Enthusiast,2022-01-23,VIP
CUST01255,C009,36-45,Female,Germany,High,Young Professional,2025-11-20,New
CUST01256,C003,18-25,Other,Germany,High,Budget Buyer,2022-07-06,Regular
CUST01257,C005,36-45,Male,Germany,Medium,Technology Enthusiast,2021-06-28,New
CUST01258,C001,56+,Female,Japan,Low,Technology Enthusiast,2023-11-24,Loyal
CUST01259,C003,56+,Female,Japan,Low,Budget Buyer,2024-07-30,Loyal
CUST01260,C004,26-35,Female,India,Low,Premium Customer,2023-02-19,Loyal
CUST01261,C010,26-35,Female,Germany,High,Young Professional,2026-03-06,Regular
CUST01262,C010,26-35,Female,Germany,Premium,Young Professional,2024-06-07,Regular
CUST01263,C008,46-55,Male,South Korea,Medium,Value Seeker,2021-01-18,Regular
CUST01264,C010,26-35,Other,Canada,Low,Young Professional,2025-07-02,Regular
CUST01265,C003,56+,Male,USA,Medium,Budget Buyer,2024-06-02,VIP
CUST01266,C004,46-55,Male,UK,Low,Technology Enthusiast,2025-02-06,New
CUST01267,C007,18-25,Male,India,Low,Value Seeker,2024-04-21,Regular
CUST01268,C002,26-35,Other,India,Low,Budget Buyer,2023-01-01,Loyal
CUST01269,C002,26-35,Female,South Korea,Medium,Young Professional,2022-04-08,Loyal
CUST01270,C008,26-35,Male,Canada,Low,Budget Buyer,2021-09-24,New
CUST01271,C002,36-45,Male,Singapore,Medium,Budget Buyer,2026-02-08,Regular
CUST01272,C001,46-55,Female,UK,High,Young Professional,2022-07-17,Regular
CUST01273,C007,46-55,Male,USA,Medium,Budget Buyer,2021-04-05,Loyal
CUST01274,C006,56+,Female,USA,High,Budget Buyer,2020-11-08,New
CUST01275,C010,26-35,Female,Japan,Medium,Premium Customer,2021-09-10,Regular
CUST01276,C005,36-45,Male,Canada,Premium,Young Professional,2023-03-21,Loyal
CUST01277,C002,26-35,Other,UK,High,Value Seeker,2020-01-09,VIP
CUST01278,C008,18-25,Male,Singapore,High,Value Seeker,2025-05-13,New
CUST01279,C006,26-35,Female,Japan,High,Premium Customer,2021-06-06,VIP
CUST01280,C008,56+,Other,Japan,Medium,Value Seeker,2024-08-22,VIP
CUST01281,C007,46-55,Other,South Korea,Medium,Premium Customer,2026-02-28,New
CUST01282,C010,56+,Other,Germany,Low,Value Seeker,2024-09-23,Loyal
CUST01283,C001,18-25,Female,South Korea,Medium,Budget Buyer,2022-04-12,New
CUST01284,C006,26-35,Female,South Korea,Medium,Technology Enthusiast,2024-01-18,VIP
CUST01285,C004,26-35,Male,UK,Low,Value Seeker,2022-05-13,VIP
CUST01286,C001,36-45,Male,USA,Low,Premium Customer,2024-10-05,Regular
CUST01287,C001,36-45,Male,USA,Medium,Budget Buyer,2021-08-24,New
CUST01288,C010,26-35,Male,South Korea,Medium,Technology Enthusiast,2024-09-01,Loyal
CUST01289,C008,36-45,Female,India,High,Budget Buyer,2024-08-12,Regular
CUST01290,C001,56+,Male,UK,Low,Premium Customer,2020-05-11,VIP
CUST01291,C008,36-45,Other,Canada,Medium,Premium Customer,2026-03-19,Regular
CUST01292,C005,56+,Female,UK,Medium,Premium Customer,2021-01-11,New
CUST01293,C004,26-35,Other,USA,Premium,Premium Customer,2024-05-25,Loyal
CUST01294,C007,26-35,Male,Japan,Premium,Value Seeker,2024-04-07,Loyal
CUST01295,C002,18-25,Female,Japan,Low,Value Seeker,2021-03-03,Loyal
CUST01296,C003,18-25,Male,Germany,Low,Young Professional,2026-01-27,Regular
CUST01297,C009,18-25,Male,Canada,Low,Technology Enthusiast,2022-04-06,New
CUST01298,C010,18-25,Male,Japan,Low,Young Professional,2025-06-04,New
CUST01299,C006,46-55,Other,Germany,High,Premium Customer,2023-03-02,Loyal
CUST01300,C003,36-45,Female,USA,Medium,Budget Buyer,2021-02-02,VIP
CUST01301,C008,36-45,Male,UK,Premium,Budget Buyer,2020-06-02,New
CUST01302,C004,26-35,Other,UK,High,Premium Customer,2022-06-02,Regular
CUST01303,C006,36-45,Other,Singapore,Low,Premium Customer,2023-04-06,Regular
CUST01304,C004,26-35,Other,South Korea,Low,Budget Buyer,2020-11-03,Regular
CUST01305,C005,18-25,Female,USA,Premium,Young Professional,2026-02-19,Regular
CUST01306,C005,18-25,Female,Japan,High,Budget Buyer,2021-10-23,New
CUST01307,C003,36-45,Female,Canada,Premium,Value Seeker,2025-03-02,New
CUST01308,C010,18-25,Female,Canada,Premium,Premium Customer,2025-06-22,Regular
CUST01309,C008,56+,Other,Japan,High,Budget Buyer,2024-02-11,VIP
CUST01310,C009,36-45,Other,India,Low,Value Seeker,2025-01-17,New
CUST01311,C003,36-45,Female,UK,Premium,Budget Buyer,2021-03-07,Regular
CUST01312,C007,18-25,Female,South Korea,Premium,Technology Enthusiast,2025-03-08,VIP
CUST01313,C002,26-35,Other,USA,Premium,Premium Customer,2020-12-17,Regular
CUST01314,C007,18-25,Female,Japan,Premium,Value Seeker,2023-09-08,VIP
CUST01315,C002,46-55,Male,UK,Premium,Value Seeker,2023-02-14,Regular
CUST01316,C006,18-25,Other,Singapore,Low,Young Professional,2026-05-16,VIP
CUST01317,C008,18-25,Male,India,Premium,Young Professional,2022-05-24,Loyal
CUST01318,C003,26-35,Male,Canada,Premium,Budget Buyer,2020-12-08,Loyal
CUST01319,C008,56+,Male,Canada,Medium,Budget Buyer,2024-09-15,New
CUST01320,C007,36-45,Male,Germany,High,Premium Customer,2023-11-01,VIP
CUST01321,C008,26-35,Other,Singapore,High,Technology Enthusiast,2026-01-02,VIP
CUST01322,C001,56+,Male,USA,Medium,Young Professional,2026-04-16,Loyal
CUST01323,C001,46-55,Male,South Korea,High,Budget Buyer,2021-09-08,VIP
CUST01324,C005,18-25,Female,UK,Premium,Technology Enthusiast,2025-11-02,New
CUST01325,C001,26-35,Female,UK,Premium,Value Seeker,2022-06-14,Loyal
CUST01326,C004,56+,Male,Japan,High,Budget Buyer,2022-02-21,Loyal
CUST01327,C005,18-25,Other,South Korea,Premium,Premium Customer,2025-08-18,VIP
CUST01328,C006,56+,Female,Japan,Low,Value Seeker,2023-12-13,VIP
CUST01329,C007,26-35,Other,UK,Premium,Premium Customer,2024-03-08,Loyal
CUST01330,C007,56+,Male,USA,Low,Budget Buyer,2023-03-06,New
CUST01331,C010,18-25,Female,USA,Premium,Technology Enthusiast,2024-08-11,New
CUST01332,C005,26-35,Male,South Korea,Premium,Budget Buyer,2024-09-18,Regular
CUST01333,C008,36-45,Female,Singapore,Premium,Budget Buyer,2021-05-24,Loyal
CUST01334,C004,36-45,Female,Canada,High,Premium Customer,2025-09-09,Regular
CUST01335,C001,18-25,Male,India,Medium,Young Professional,2024-08-25,Loyal
CUST01336,C006,56+,Female,Germany,Premium,Value Seeker,2021-11-29,VIP
CUST01337,C001,46-55,Male,Singapore,Medium,Premium Customer,2026-06-24,Loyal
CUST01338,C009,46-55,Male,USA,Medium,Technology Enthusiast,2021-10-10,New
CUST01339,C010,36-45,Other,UK,High,Value Seeker,2024-05-24,New
CUST01340,C002,46-55,Male,UK,Low,Technology Enthusiast,2020-04-15,New
CUST01341,C010,18-25,Other,UK,Premium,Young Professional,2024-04-15,Regular
CUST01342,C004,36-45,Male,Germany,Premium,Young Professional,2022-06-27,New
CUST01343,C005,26-35,Other,India,Low,Budget Buyer,2020-12-05,VIP
CUST01344,C010,18-25,Male,Canada,High,Value Seeker,2021-05-17,New
CUST01345,C002,36-45,Male,Singapore,Low,Premium Customer,2025-07-17,New
CUST01346,C007,46-55,Other,USA,Medium,Premium Customer,2020-10-28,VIP
CUST01347,C006,26-35,Male,Canada,Low,Value Seeker,2025-01-20,New
CUST01348,C002,36-45,Female,India,Medium,Technology Enthusiast,2023-11-05,Loyal
CUST01349,C002,56+,Male,India,Medium,Value Seeker,2022-02-28,Loyal
CUST01350,C002,18-25,Female,UK,Medium,Budget Buyer,2022-06-07,Regular
CUST01351,C005,46-55,Male,USA,High,Technology Enthusiast,2023-01-25,Loyal
CUST01352,C008,46-55,Other,Singapore,Medium,Young Professional,2025-07-23,Regular
CUST01353,C004,46-55,Male,Canada,Medium,Value Seeker,2023-02-25,VIP
CUST01354,C007,46-55,Other,Canada,High,Technology Enthusiast,2025-01-01,New
CUST01355,C010,46-55,Male,Japan,High,Budget Buyer,2024-04-17,VIP
CUST01356,C003,56+,Female,Singapore,High,Technology Enthusiast,2020-05-18,Loyal
CUST01357,C007,18-25,Male,Japan,Premium,Value Seeker,2020-05-02,Loyal
CUST01358,C004,26-35,Other,Japan,High,Value Seeker,2020-10-24,Loyal
CUST01359,C002,36-45,Other,India,High,Value Seeker,2020-02-09,VIP
CUST01360,C010,26-35,Other,USA,Premium,Young Professional,2023-08-10,Regular
CUST01361,C009,18-25,Other,Canada,Low,Technology Enthusiast,2022-06-09,VIP
CUST01362,C007,36-45,Male,Germany,Low,Premium Customer,2023-07-25,VIP
CUST01363,C001,46-55,Male,USA,Premium,Value Seeker,2023-01-29,Loyal
CUST01364,C010,26-35,Other,India,High,Budget Buyer,2024-04-17,New
CUST01365,C008,26-35,Female,India,Low,Young Professional,2023-03-10,New
CUST01366,C002,18-25,Female,Canada,High,Young Professional,2025-04-08,Loyal
CUST01367,C007,56+,Female,South Korea,Low,Premium Customer,2020-11-22,Loyal
CUST01368,C008,18-25,Female,USA,Low,Value Seeker,2025-07-13,New
CUST01369,C001,18-25,Female,Singapore,Medium,Value Seeker,2021-07-22,New
CUST01370,C004,56+,Male,India,High,Budget Buyer,2024-02-19,New
CUST01371,C001,18-25,Female,Japan,Premium,Young Professional,2023-05-31,Regular
CUST01372,C003,46-55,Male,UK,High,Value Seeker,2026-07-17,VIP
CUST01373,C008,56+,Other,Germany,Premium,Premium Customer,2021-05-16,Loyal
CUST01374,C006,26-35,Male,Canada,High,Budget Buyer,2025-05-31,Loyal
CUST01375,C009,26-35,Other,USA,Low,Premium Customer,2022-09-19,New
CUST01376,C004,26-35,Female,Singapore,Medium,Premium Customer,2020-02-23,New
CUST01377,C006,56+,Other,Japan,High,Premium Customer,2022-05-04,Regular
CUST01378,C009,26-35,Male,Japan,Premium,Premium Customer,2021-03-08,Regular
CUST01379,C007,18-25,Female,Singapore,Medium,Young Professional,2022-02-08,New
CUST01380,C003,18-25,Other,USA,Medium,Budget Buyer,2025-03-03,VIP
CUST01381,C003,18-25,Female,South Korea,High,Young Professional,2022-12-28,New
CUST01382,C009,36-45,Female,Germany,Medium,Premium Customer,2020-12-10,VIP
CUST01383,C009,18-25,Female,Canada,High,Budget Buyer,2023-09-28,New
CUST01384,C007,26-35,Female,Germany,Premium,Value Seeker,2024-09-26,Loyal
CUST01385,C009,56+,Female,USA,Low,Value Seeker,2025-07-14,New
CUST01386,C004,18-25,Male,Canada,Medium,Budget Buyer,2021-04-16,New
CUST01387,C005,56+,Other,Singapore,Premium,Premium Customer,2022-07-16,New
CUST01388,C004,46-55,Male,UK,Medium,Young Professional,2023-01-03,Loyal
CUST01389,C010,18-25,Male,UK,Premium,Young Professional,2023-03-25,Regular
CUST01390,C003,18-25,Male,UK,High,Premium Customer,2023-07-14,Regular
CUST01391,C001,46-55,Female,India,Medium,Young Professional,2025-04-27,New
CUST01392,C003,56+,Female,South Korea,Low,Premium Customer,2020-02-09,Regular
CUST01393,C008,18-25,Male,Canada,Medium,Technology Enthusiast,2021-03-24,Regular
CUST01394,C003,18-25,Female,Japan,Premium,Premium Customer,2021-01-19,Loyal
CUST01395,C009,46-55,Female,Japan,Premium,Budget Buyer,2022-11-20,Loyal
CUST01396,C005,56+,Other,South Korea,Low,Young Professional,2023-09-28,New
CUST01397,C003,26-35,Other,UK,High,Premium Customer,2024-08-07,New
CUST01398,C004,46-55,Female,Germany,Low,Value Seeker,2026-06-23,VIP
CUST01399,C002,56+,Female,UK,High,Young Professional,2023-01-26,Loyal
CUST01400,C007,36-45,Female,Germany,Low,Technology Enthusiast,2024-09-05,Loyal
CUST01401,C010,46-55,Female,Japan,High,Budget Buyer,2021-05-18,New
CUST01402,C008,46-55,Other,UK,High,Technology Enthusiast,2021-08-25,Regular
CUST01403,C005,36-45,Male,Canada,Low,Premium Customer,2025-06-17,New
CUST01404,C004,56+,Male,India,Premium,Young Professional,2023-03-05,New
CUST01405,C007,18-25,Male,Canada,Medium,Young Professional,2023-12-13,Loyal
CUST01406,C009,26-35,Male,Canada,Medium,Value Seeker,2026-04-15,VIP
CUST01407,C010,36-45,Male,India,Premium,Young Professional,2020-11-26,Regular
CUST01408,C007,46-55,Male,Canada,High,Technology Enthusiast,2024-09-26,Loyal
CUST01409,C003,46-55,Other,Japan,Medium,Value Seeker,2026-04-28,Loyal
CUST01410,C003,56+,Male,Canada,High,Budget Buyer,2024-09-01,Loyal
CUST01411,C010,56+,Male,Singapore,Premium,Budget Buyer,2025-03-03,Regular
CUST01412,C009,36-45,Other,Japan,Premium,Young Professional,2024-12-15,VIP
CUST01413,C008,46-55,Female,India,Low,Premium Customer,2024-09-18,New
CUST01414,C003,26-35,Other,Japan,Medium,Technology Enthusiast,2023-05-23,Loyal
CUST01415,C001,26-35,Female,India,Premium,Technology Enthusiast,2024-05-27,VIP
CUST01416,C001,18-25,Female,USA,High,Technology Enthusiast,2020-12-12,New
CUST01417,C005,46-55,Other,Japan,Low,Budget Buyer,2026-05-05,New
CUST01418,C004,26-35,Other,South Korea,Medium,Value Seeker,2025-10-15,Regular
CUST01419,C005,18-25,Female,Germany,Low,Budget Buyer,2023-06-27,New
CUST01420,C003,56+,Male,Germany,Medium,Budget Buyer,2021-05-10,VIP
CUST01421,C001,46-55,Female,India,Low,Young Professional,2025-09-02,VIP
CUST01422,C008,26-35,Other,Canada,Premium,Technology Enthusiast,2022-01-23,New
CUST01423,C007,18-25,Male,UK,Medium,Value Seeker,2021-08-22,Regular
CUST01424,C008,36-45,Female,USA,Premium,Young Professional,2025-05-21,Loyal
CUST01425,C007,18-25,Female,Singapore,Premium,Value Seeker,2024-04-29,New
CUST01426,C005,18-25,Other,Singapore,Low,Technology Enthusiast,2025-02-15,Loyal
CUST01427,C001,18-25,Female,UK,Premium,Premium Customer,2024-12-25,Loyal
CUST01428,C001,36-45,Other,Germany,High,Technology Enthusiast,2021-10-10,VIP
CUST01429,C009,26-35,Other,UK,High,Technology Enthusiast,2020-09-14,Loyal
CUST01430,C008,36-45,Other,Canada,Premium,Budget Buyer,2021-07-27,VIP
CUST01431,C007,56+,Other,UK,High,Value Seeker,2025-04-16,Loyal
CUST01432,C010,36-45,Other,Singapore,Low,Budget Buyer,2026-07-06,New
CUST01433,C003,18-25,Other,USA,Premium,Premium Customer,2022-08-07,Loyal
CUST01434,C004,18-25,Male,Singapore,Premium,Budget Buyer,2022-08-27,New
CUST01435,C010,18-25,Male,USA,Premium,Young Professional,2022-10-22,New
CUST01436,C003,18-25,Other,South Korea,Premium,Value Seeker,2023-08-08,Regular
CUST01437,C004,46-55,Female,Canada,Medium,Value Seeker,2022-10-31,Regular
CUST01438,C007,26-35,Male,India,Low,Value Seeker,2025-12-04,New
CUST01439,C003,36-45,Female,USA,High,Value Seeker,2020-01-22,VIP
CUST01440,C004,56+,Female,Japan,High,Technology Enthusiast,2022-04-29,Regular
CUST01441,C002,46-55,Other,Singapore,Low,Technology Enthusiast,2024-12-02,New
CUST01442,C003,36-45,Male,USA,Premium,Value Seeker,2025-10-19,New
CUST01443,C010,36-45,Male,Germany,High,Young Professional,2026-01-23,VIP
CUST01444,C006,26-35,Female,USA,Medium,Technology Enthusiast,2020-10-05,Loyal
CUST01445,C007,56+,Other,USA,Premium,Young Professional,2020-08-20,New
CUST01446,C001,46-55,Female,Germany,High,Budget Buyer,2023-10-16,Regular
CUST01447,C004,36-45,Other,India,Medium,Premium Customer,2026-02-18,New
CUST01448,C010,36-45,Male,Singapore,Low,Technology Enthusiast,2020-05-24,VIP
CUST01449,C003,18-25,Male,India,Premium,Technology Enthusiast,2023-01-13,Regular
CUST01450,C006,46-55,Female,Germany,Low,Budget Buyer,2024-11-02,New
CUST01451,C004,56+,Female,India,Premium,Budget Buyer,2025-12-28,VIP
CUST01452,C007,46-55,Other,Singapore,Medium,Budget Buyer,2021-05-27,VIP
CUST01453,C002,36-45,Male,Japan,Premium,Budget Buyer,2024-02-15,Regular
CUST01454,C004,56+,Male,Germany,Premium,Technology Enthusiast,2021-01-11,New
CUST01455,C001,18-25,Male,India,Medium,Premium Customer,2022-10-20,Regular
CUST01456,C005,36-45,Female,Germany,High,Value Seeker,2020-06-28,VIP
CUST01457,C008,18-25,Male,Canada,Medium,Premium Customer,2021-05-16,Loyal
CUST01458,C004,36-45,Female,Canada,Medium,Technology Enthusiast,2024-12-21,Loyal
CUST01459,C006,56+,Male,India,High,Premium Customer,2026-01-26,VIP
CUST01460,C005,26-35,Male,Germany,High,Technology Enthusiast,2020-11-17,Regular
CUST01461,C002,26-35,Male,Germany,Premium,Premium Customer,2024-03-05,New
CUST01462,C001,18-25,Female,Canada,Premium,Young Professional,2025-08-05,New
CUST01463,C001,56+,Female,South Korea,Low,Premium Customer,2023-02-17,VIP
CUST01464,C008,26-35,Male,Singapore,Medium,Premium Customer,2020-06-30,New
CUST01465,C005,56+,Female,India,High,Young Professional,2020-05-08,Regular
CUST01466,C001,56+,Female,Singapore,Low,Budget Buyer,2023-10-28,VIP
CUST01467,C005,46-55,Female,Canada,Medium,Premium Customer,2025-12-30,VIP
CUST01468,C004,18-25,Female,Canada,Low,Value Seeker,2021-06-24,Loyal
CUST01469,C006,46-55,Male,Canada,High,Young Professional,2026-05-28,Loyal
CUST01470,C010,18-25,Female,Japan,High,Value Seeker,2020-02-20,VIP
CUST01471,C008,46-55,Male,South Korea,Low,Young Professional,2020-03-11,VIP
CUST01472,C009,46-55,Male,USA,High,Technology Enthusiast,2022-06-11,Loyal
CUST01473,C002,26-35,Female,Canada,High,Premium Customer,2024-12-09,Regular
CUST01474,C004,26-35,Other,India,Medium,Budget Buyer,2021-12-15,New
CUST01475,C003,46-55,Other,Japan,Low,Technology Enthusiast,2025-09-06,Regular
CUST01476,C001,36-45,Male,Japan,Low,Technology Enthusiast,2022-11-27,Regular
CUST01477,C006,18-25,Other,South Korea,Low,Technology Enthusiast,2021-03-23,New
CUST01478,C004,36-45,Other,Japan,Premium,Budget Buyer,2022-04-15,VIP
CUST01479,C005,18-25,Female,Japan,High,Premium Customer,2021-08-09,Loyal
CUST01480,C008,56+,Male,UK,High,Budget Buyer,2023-04-19,Loyal
CUST01481,C003,18-25,Other,Germany,High,Technology Enthusiast,2020-04-14,Loyal
CUST01482,C004,56+,Male,UK,Premium,Budget Buyer,2024-03-31,New
CUST01483,C004,56+,Other,Singapore,Low,Technology Enthusiast,2026-05-04,New
CUST01484,C010,56+,Other,South Korea,High,Young Professional,2025-04-18,Regular
CUST01485,C010,26-35,Female,Germany,High,Value Seeker,2023-04-15,VIP
CUST01486,C006,26-35,Female,Singapore,High,Budget Buyer,2021-04-17,Loyal
CUST01487,C009,18-25,Female,South Korea,Medium,Premium Customer,2025-09-02,VIP
CUST01488,C004,26-35,Other,Germany,Premium,Technology Enthusiast,2026-05-21,Regular
CUST01489,C010,36-45,Female,Japan,Low,Budget Buyer,2022-12-02,VIP
CUST01490,C007,26-35,Other,South Korea,Medium,Value Seeker,2025-08-30,VIP
CUST01491,C001,18-25,Female,Canada,Premium,Budget Buyer,2021-11-14,Regular
CUST01492,C001,18-25,Other,UK,Low,Value Seeker,2024-11-02,VIP
CUST01493,C007,26-35,Female,Germany,High,Budget Buyer,2023-12-22,Loyal
CUST01494,C006,18-25,Male,Japan,Premium,Premium Customer,2021-03-17,VIP
CUST01495,C007,46-55,Other,UK,Medium,Technology Enthusiast,2023-03-30,New
CUST01496,C003,56+,Other,Japan,Premium,Premium Customer,2020-02-01,Loyal
CUST01497,C008,56+,Other,Canada,Low,Value Seeker,2021-12-24,Loyal
CUST01498,C008,18-25,Other,Singapore,High,Young Professional,2023-10-29,VIP
CUST01499,C006,26-35,Male,Germany,Premium,Technology Enthusiast,2021-12-31,Loyal
CUST01500,C010,18-25,Female,Canada,Medium,Budget Buyer,2023-07-11,Loyal
CUST01501,C005,46-55,Male,UK,High,Young Professional,2025-06-16,New
CUST01502,C004,26-35,Male,Germany,Medium,Budget Buyer,2023-02-15,New
CUST01503,C009,26-35,Male,South Korea,Low,Young Professional,2026-01-12,Regular
CUST01504,C005,46-55,Other,South Korea,Medium,Premium Customer,2026-05-28,Loyal
CUST01505,C002,46-55,Female,South Korea,High,Budget Buyer,2021-05-06,Regular
CUST01506,C005,36-45,Male,Germany,Low,Young Professional,2021-04-22,Regular
CUST01507,C009,36-45,Female,USA,High,Budget Buyer,2023-10-05,VIP
CUST01508,C002,36-45,Male,India,Low,Value Seeker,2025-11-05,Regular
CUST01509,C010,26-35,Other,Germany,High,Premium Customer,2024-03-20,Regular
CUST01510,C008,46-55,Female,UK,Medium,Budget Buyer,2022-02-05,Regular
CUST01511,C001,18-25,Female,Germany,Medium,Budget Buyer,2024-11-13,VIP
CUST01512,C005,56+,Male,Japan,Premium,Technology Enthusiast,2024-04-06,Regular
CUST01513,C005,36-45,Other,South Korea,Premium,Premium Customer,2022-08-07,Loyal
CUST01514,C009,36-45,Male,Germany,Low,Young Professional,2025-05-24,VIP
CUST01515,C008,26-35,Other,Singapore,Low,Value Seeker,2023-08-25,VIP
CUST01516,C006,36-45,Other,Singapore,Medium,Premium Customer,2021-04-10,VIP
CUST01517,C010,26-35,Male,Canada,High,Technology Enthusiast,2024-08-14,Regular
CUST01518,C007,56+,Female,Canada,High,Premium Customer,2020-09-06,VIP
CUST01519,C008,46-55,Female,India,High,Premium Customer,2024-10-07,Regular
CUST01520,C006,36-45,Female,Singapore,Medium,Technology Enthusiast,2020-07-05,Regular
CUST01521,C009,18-25,Other,Japan,Medium,Technology Enthusiast,2022-04-24,New
CUST01522,C001,18-25,Other,Japan,High,Technology Enthusiast,2024-04-02,New
CUST01523,C001,26-35,Female,Germany,Medium,Technology Enthusiast,2025-10-25,VIP
CUST01524,C004,26-35,Female,Japan,Premium,Value Seeker,2023-04-03,Regular
CUST01525,C001,18-25,Other,USA,Premium,Premium Customer,2020-05-27,New
CUST01526,C003,36-45,Male,Germany,Medium,Budget Buyer,2023-03-05,Loyal
CUST01527,C002,46-55,Male,Canada,Low,Budget Buyer,2024-03-27,New
CUST01528,C009,18-25,Male,UK,Low,Technology Enthusiast,2024-08-28,VIP
CUST01529,C004,36-45,Female,India,High,Young Professional,2023-07-02,VIP
CUST01530,C004,36-45,Other,South Korea,Premium,Young Professional,2021-02-12,VIP
CUST01531,C002,46-55,Other,Canada,Premium,Young Professional,2022-06-29,Regular
CUST01532,C007,46-55,Other,Singapore,High,Technology Enthusiast,2020-03-11,New
CUST01533,C008,56+,Male,Singapore,Medium,Premium Customer,2022-07-06,Loyal
CUST01534,C008,18-25,Other,Canada,High,Value Seeker,2026-04-25,New
CUST01535,C002,26-35,Male,South Korea,Medium,Budget Buyer,2026-04-16,Regular
CUST01536,C007,56+,Other,Germany,Low,Premium Customer,2025-04-23,Loyal
CUST01537,C007,36-45,Male,India,High,Technology Enthusiast,2023-06-29,VIP
CUST01538,C001,26-35,Other,South Korea,Premium,Young Professional,2023-01-03,Regular
CUST01539,C006,46-55,Other,USA,Low,Premium Customer,2025-03-04,New
CUST01540,C007,18-25,Male,USA,Medium,Value Seeker,2021-06-05,VIP
CUST01541,C002,46-55,Female,UK,Premium,Value Seeker,2020-06-08,VIP
CUST01542,C007,36-45,Male,Singapore,High,Young Professional,2020-02-07,Loyal
CUST01543,C010,56+,Other,UK,Medium,Young Professional,2024-03-02,Regular
CUST01544,C010,56+,Other,Canada,Premium,Premium Customer,2024-02-29,Regular
CUST01545,C006,26-35,Other,South Korea,Low,Young Professional,2021-07-08,VIP
CUST01546,C003,46-55,Male,India,High,Value Seeker,2021-09-07,Regular
CUST01547,C002,46-55,Female,USA,Low,Technology Enthusiast,2026-01-11,VIP
CUST01548,C010,18-25,Female,Germany,High,Budget Buyer,2021-10-02,Regular
CUST01549,C005,46-55,Other,Canada,High,Technology Enthusiast,2023-03-10,VIP
CUST01550,C005,56+,Other,Germany,Low,Technology Enthusiast,2026-04-17,Regular
CUST01551,C002,36-45,Male,Canada,Low,Value Seeker,2022-06-05,VIP
CUST01552,C006,56+,Other,Canada,Premium,Value Seeker,2026-06-15,Regular
CUST01553,C001,26-35,Male,UK,Medium,Value Seeker,2022-08-07,VIP
CUST01554,C001,18-25,Male,UK,Premium,Premium Customer,2023-08-17,VIP
CUST01555,C006,56+,Male,Germany,Premium,Premium Customer,2023-05-24,VIP
CUST01556,C008,36-45,Other,Japan,Low,Technology Enthusiast,2023-12-25,Regular
CUST01557,C003,26-35,Female,South Korea,Premium,Young Professional,2023-02-11,New
CUST01558,C009,36-45,Male,India,High,Premium Customer,2024-11-18,Loyal
CUST01559,C007,56+,Other,Germany,Premium,Young Professional,2022-05-25,Regular
CUST01560,C001,46-55,Female,Germany,Low,Technology Enthusiast,2022-03-13,Loyal
CUST01561,C006,36-45,Female,India,High,Budget Buyer,2021-01-20,Loyal
CUST01562,C008,18-25,Other,Canada,High,Budget Buyer,2024-06-19,New
CUST01563,C008,46-55,Male,South Korea,Low,Budget Buyer,2025-02-04,Loyal
CUST01564,C001,26-35,Male,USA,Premium,Budget Buyer,2021-09-19,New
CUST01565,C008,36-45,Male,Canada,Medium,Technology Enthusiast,2020-09-12,New
CUST01566,C006,26-35,Other,Japan,Low,Premium Customer,2023-07-20,VIP
CUST01567,C001,26-35,Other,UK,High,Budget Buyer,2020-09-23,Regular
CUST01568,C008,36-45,Other,Germany,Premium,Value Seeker,2020-07-01,New
CUST01569,C005,56+,Female,USA,High,Premium Customer,2023-01-26,New
CUST01570,C010,18-25,Male,USA,Medium,Budget Buyer,2025-03-11,Regular
CUST01571,C006,26-35,Male,Germany,High,Premium Customer,2020-03-23,New
CUST01572,C004,26-35,Other,UK,High,Budget Buyer,2023-06-14,VIP
CUST01573,C005,36-45,Male,Japan,Premium,Value Seeker,2021-12-30,Regular
CUST01574,C005,26-35,Female,Canada,Premium,Young Professional,2022-03-27,New
CUST01575,C008,56+,Female,Japan,Premium,Value Seeker,2023-12-25,New
CUST01576,C010,26-35,Other,Germany,Premium,Young Professional,2024-04-28,Loyal
CUST01577,C004,56+,Other,Canada,Low,Technology Enthusiast,2023-11-02,Regular
CUST01578,C005,46-55,Female,India,Low,Technology Enthusiast,2022-06-12,Regular
CUST01579,C008,46-55,Other,Japan,High,Technology Enthusiast,2021-07-26,VIP
CUST01580,C010,36-45,Other,USA,High,Budget Buyer,2020-05-18,Regular
CUST01581,C007,36-45,Female,USA,Medium,Young Professional,2025-05-01,Loyal
CUST01582,C003,56+,Male,India,Premium,Technology Enthusiast,2025-03-27,VIP
CUST01583,C010,46-55,Other,Singapore,Premium,Value Seeker,2026-06-17,Loyal
CUST01584,C006,46-55,Other,Singapore,High,Budget Buyer,2023-10-15,Regular
CUST01585,C009,46-55,Female,Canada,Premium,Technology Enthusiast,2021-03-17,New
CUST01586,C003,26-35,Female,Germany,Medium,Value Seeker,2025-09-28,Loyal
CUST01587,C001,36-45,Male,Japan,Premium,Premium Customer,2021-01-05,Regular
CUST01588,C008,26-35,Male,UK,High,Young Professional,2020-01-04,New
CUST01589,C003,26-35,Female,USA,Medium,Value Seeker,2022-08-25,Loyal
CUST01590,C001,26-35,Female,USA,Premium,Technology Enthusiast,2025-05-09,VIP
CUST01591,C004,46-55,Female,Germany,Low,Premium Customer,2025-04-18,Regular
CUST01592,C006,46-55,Female,Canada,Premium,Technology Enthusiast,2021-06-30,VIP
CUST01593,C009,36-45,Female,India,Medium,Technology Enthusiast,2020-10-20,Regular
CUST01594,C004,36-45,Female,India,Premium,Budget Buyer,2024-02-20,Regular
CUST01595,C003,26-35,Male,Germany,High,Premium Customer,2025-08-09,New
CUST01596,C006,26-35,Female,UK,High,Young Professional,2024-04-22,VIP
CUST01597,C008,36-45,Female,UK,Medium,Premium Customer,2020-05-22,New
CUST01598,C008,36-45,Other,USA,Premium,Budget Buyer,2020-12-04,Regular
CUST01599,C006,56+,Other,Singapore,Premium,Budget Buyer,2021-06-11,VIP
CUST01600,C007,18-25,Female,Singapore,High,Budget Buyer,2024-09-26,VIP
CUST01601,C009,46-55,Other,Japan,High,Budget Buyer,2024-03-07,Regular
CUST01602,C007,46-55,Other,USA,Medium,Budget Buyer,2025-12-17,Loyal
CUST01603,C010,26-35,Other,South Korea,Premium,Budget Buyer,2022-11-22,VIP
CUST01604,C005,18-25,Female,South Korea,High,Budget Buyer,2020-06-12,Loyal
CUST01605,C005,36-45,Other,Canada,Low,Technology Enthusiast,2024-10-09,Loyal
CUST01606,C003,36-45,Female,India,Premium,Young Professional,2023-04-16,Loyal
CUST01607,C001,36-45,Other,India,Premium,Value Seeker,2021-04-02,Regular
CUST01608,C002,18-25,Male,UK,Premium,Premium Customer,2025-12-31,Loyal
CUST01609,C006,56+,Male,South Korea,Low,Budget Buyer,2025-02-19,Loyal
CUST01610,C006,26-35,Other,USA,Premium,Technology Enthusiast,2020-06-05,New
CUST01611,C006,46-55,Female,India,Medium,Young Professional,2023-05-21,New
CUST01612,C007,26-35,Other,Canada,High,Technology Enthusiast,2021-04-21,Regular
CUST01613,C001,56+,Female,Germany,Premium,Young Professional,2024-03-12,Regular
CUST01614,C005,18-25,Other,Singapore,Medium,Young Professional,2025-08-16,Loyal
CUST01615,C001,26-35,Male,Singapore,Medium,Young Professional,2024-07-25,Loyal
CUST01616,C008,18-25,Male,Germany,Low,Young Professional,2023-07-27,Regular
CUST01617,C002,56+,Female,Singapore,High,Technology Enthusiast,2023-03-24,VIP
CUST01618,C008,18-25,Female,Japan,High,Young Professional,2026-04-03,VIP
CUST01619,C003,46-55,Male,UK,Premium,Young Professional,2025-03-07,VIP
CUST01620,C001,18-25,Other,South Korea,High,Budget Buyer,2026-05-29,Regular
CUST01621,C009,36-45,Female,Japan,Premium,Premium Customer,2024-02-21,New
CUST01622,C003,26-35,Other,Japan,Premium,Premium Customer,2026-07-23,New
CUST01623,C005,46-55,Male,Singapore,Medium,Premium Customer,2026-03-29,New
CUST01624,C002,26-35,Male,USA,High,Value Seeker,2024-06-08,Regular
CUST01625,C007,46-55,Female,Germany,Premium,Technology Enthusiast,2026-03-03,Loyal
CUST01626,C006,18-25,Other,Japan,Premium,Value Seeker,2024-01-27,VIP
CUST01627,C008,36-45,Female,UK,Medium,Premium Customer,2025-03-15,Loyal
CUST01628,C001,36-45,Female,UK,Low,Premium Customer,2025-12-21,VIP
CUST01629,C007,26-35,Other,India,Medium,Value Seeker,2024-08-07,New
CUST01630,C010,46-55,Male,Japan,Medium,Value Seeker,2026-05-26,VIP
CUST01631,C002,18-25,Other,Singapore,Medium,Value Seeker,2024-02-25,VIP
CUST01632,C006,26-35,Female,Germany,High,Value Seeker,2022-09-07,Loyal
CUST01633,C002,26-35,Other,South Korea,Premium,Value Seeker,2020-05-06,VIP
CUST01634,C004,46-55,Other,USA,High,Value Seeker,2021-12-25,Regular
CUST01635,C008,18-25,Other,India,Premium,Technology Enthusiast,2020-10-13,VIP
CUST01636,C007,46-55,Female,USA,Low,Premium Customer,2020-10-15,VIP
CUST01637,C001,46-55,Other,India,High,Premium Customer,2023-04-14,VIP
CUST01638,C007,18-25,Male,Canada,Low,Value Seeker,2021-05-23,Loyal
CUST01639,C007,26-35,Male,South Korea,Medium,Young Professional,2023-10-23,New
CUST01640,C006,46-55,Other,South Korea,Medium,Young Professional,2020-10-30,Loyal
CUST01641,C005,36-45,Female,Canada,High,Technology Enthusiast,2024-12-26,New
CUST01642,C003,56+,Female,India,Medium,Young Professional,2021-08-29,Loyal
CUST01643,C005,26-35,Other,Canada,Premium,Premium Customer,2023-06-10,Loyal
CUST01644,C003,26-35,Other,Canada,Premium,Young Professional,2021-06-10,Regular
CUST01645,C001,56+,Female,UK,Low,Young Professional,2022-05-16,Loyal
CUST01646,C009,46-55,Female,UK,High,Value Seeker,2025-10-17,Loyal
CUST01647,C009,46-55,Female,UK,Premium,Value Seeker,2024-03-13,VIP
CUST01648,C007,18-25,Female,Germany,High,Value Seeker,2020-02-28,Regular
CUST01649,C003,56+,Other,USA,Medium,Young Professional,2023-02-13,VIP
CUST01650,C008,18-25,Other,Germany,Medium,Young Professional,2026-05-21,New
CUST01651,C007,36-45,Other,USA,High,Technology Enthusiast,2021-02-08,New
CUST01652,C001,56+,Other,Germany,Medium,Young Professional,2025-01-03,Regular
CUST01653,C004,46-55,Male,India,High,Technology Enthusiast,2022-07-24,Loyal
CUST01654,C002,18-25,Male,Canada,Low,Value Seeker,2022-02-17,Regular
CUST01655,C004,56+,Female,South Korea,Low,Technology Enthusiast,2026-07-26,New
CUST01656,C006,26-35,Female,USA,Premium,Budget Buyer,2020-10-26,VIP
CUST01657,C004,56+,Other,Germany,Premium,Young Professional,2021-02-13,New
CUST01658,C010,18-25,Other,South Korea,Medium,Technology Enthusiast,2024-10-26,VIP
CUST01659,C001,46-55,Other,Canada,Premium,Value Seeker,2022-10-28,Loyal
CUST01660,C009,56+,Female,Canada,High,Technology Enthusiast,2025-06-02,Regular
CUST01661,C006,56+,Other,Canada,Premium,Budget Buyer,2023-02-01,Regular
CUST01662,C008,36-45,Other,South Korea,Premium,Value Seeker,2020-01-27,Regular
CUST01663,C002,36-45,Male,South Korea,High,Technology Enthusiast,2024-11-04,Regular
CUST01664,C004,26-35,Male,Canada,High,Young Professional,2021-03-21,VIP
CUST01665,C002,56+,Male,UK,High,Value Seeker,2023-05-14,Regular
CUST01666,C007,26-35,Other,UK,High,Technology Enthusiast,2021-12-04,VIP
CUST01667,C010,36-45,Male,Canada,Premium,Young Professional,2024-09-03,Loyal
CUST01668,C003,36-45,Other,Japan,High,Premium Customer,2023-06-08,Loyal
CUST01669,C007,46-55,Female,India,Premium,Budget Buyer,2026-04-26,VIP
CUST01670,C006,46-55,Female,India,Medium,Value Seeker,2021-07-27,Loyal
CUST01671,C005,18-25,Female,Singapore,Premium,Young Professional,2024-03-09,Regular
CUST01672,C004,46-55,Female,USA,Low,Value Seeker,2025-08-22,Regular
CUST01673,C006,56+,Female,India,Premium,Premium Customer,2025-05-18,Regular
CUST01674,C005,46-55,Male,USA,Low,Young Professional,2026-07-28,Loyal
CUST01675,C009,46-55,Female,USA,Premium,Value Seeker,2024-02-22,New
CUST01676,C006,26-35,Male,Canada,Medium,Technology Enthusiast,2024-08-21,New
CUST01677,C008,36-45,Other,Canada,High,Budget Buyer,2022-10-01,Regular
CUST01678,C002,36-45,Female,Germany,Medium,Young Professional,2023-07-09,VIP
CUST01679,C004,36-45,Female,Germany,High,Young Professional,2025-03-02,New
CUST01680,C003,46-55,Female,Singapore,Premium,Budget Buyer,2021-05-03,New
CUST01681,C009,18-25,Other,Singapore,Low,Technology Enthusiast,2024-03-09,Loyal
CUST01682,C009,36-45,Other,Japan,Low,Budget Buyer,2025-07-08,New
CUST01683,C009,56+,Male,USA,Premium,Technology Enthusiast,2021-04-05,Regular
CUST01684,C002,36-45,Female,South Korea,Medium,Young Professional,2024-10-31,New
CUST01685,C003,36-45,Female,Singapore,Low,Premium Customer,2026-06-14,Loyal
CUST01686,C001,18-25,Male,Germany,High,Premium Customer,2024-05-16,Regular
CUST01687,C005,56+,Other,Japan,Premium,Value Seeker,2022-07-01,Loyal
CUST01688,C010,26-35,Male,Germany,High,Value Seeker,2021-09-17,New
CUST01689,C001,56+,Male,UK,High,Budget Buyer,2025-12-24,Loyal
CUST01690,C006,26-35,Male,Canada,Medium,Premium Customer,2022-07-31,Loyal
CUST01691,C004,36-45,Male,UK,Premium,Budget Buyer,2022-06-08,VIP
CUST01692,C001,26-35,Female,India,Premium,Premium Customer,2024-12-23,VIP
CUST01693,C004,46-55,Other,USA,Low,Value Seeker,2022-04-22,New
CUST01694,C003,18-25,Female,Japan,High,Premium Customer,2022-05-08,Regular
CUST01695,C004,56+,Female,South Korea,High,Technology Enthusiast,2021-01-06,New
CUST01696,C008,18-25,Female,Singapore,Premium,Budget Buyer,2020-03-07,Loyal
CUST01697,C006,18-25,Female,Canada,Medium,Budget Buyer,2023-06-23,VIP
CUST01698,C008,36-45,Other,Japan,Low,Value Seeker,2020-03-05,Regular
CUST01699,C003,18-25,Male,UK,Medium,Premium Customer,2026-05-01,New
CUST01700,C001,36-45,Female,Singapore,Medium,Premium Customer,2022-05-09,Regular
CUST01701,C003,26-35,Other,UK,High,Budget Buyer,2025-10-25,Regular
CUST01702,C001,26-35,Female,Singapore,High,Young Professional,2025-07-30,Loyal
CUST01703,C001,36-45,Male,South Korea,Low,Value Seeker,2020-04-15,VIP
CUST01704,C001,46-55,Other,UK,Medium,Budget Buyer,2026-01-18,New
CUST01705,C006,18-25,Female,USA,Low,Premium Customer,2022-07-01,VIP
CUST01706,C007,46-55,Male,India,High,Premium Customer,2026-01-07,VIP
CUST01707,C005,36-45,Other,Japan,Low,Premium Customer,2021-06-09,VIP
CUST01708,C010,26-35,Male,UK,Medium,Value Seeker,2022-03-14,New
CUST01709,C002,36-45,Other,USA,Medium,Value Seeker,2024-07-12,Loyal
CUST01710,C003,36-45,Other,South Korea,High,Value Seeker,2023-05-18,Loyal
CUST01711,C007,26-35,Other,India,Premium,Budget Buyer,2024-03-15,Regular
CUST01712,C003,26-35,Other,India,Medium,Value Seeker,2020-02-28,VIP
CUST01713,C006,56+,Female,South Korea,High,Value Seeker,2020-02-17,VIP
CUST01714,C008,46-55,Other,Canada,Premium,Budget Buyer,2022-05-29,Loyal
CUST01715,C009,36-45,Male,Canada,High,Premium Customer,2023-10-13,VIP
CUST01716,C002,56+,Female,USA,High,Premium Customer,2023-11-03,New
CUST01717,C009,18-25,Male,South Korea,Low,Budget Buyer,2021-06-01,Loyal
CUST01718,C003,36-45,Female,Singapore,Low,Technology Enthusiast,2023-11-24,Regular
CUST01719,C007,26-35,Male,Germany,Low,Value Seeker,2025-09-23,Loyal
CUST01720,C009,56+,Other,India,High,Technology Enthusiast,2021-09-13,Regular
CUST01721,C009,36-45,Male,USA,Medium,Technology Enthusiast,2021-11-14,Regular
CUST01722,C003,56+,Female,Germany,High,Budget Buyer,2026-01-24,VIP
CUST01723,C005,56+,Female,South Korea,Premium,Young Professional,2024-05-15,Regular
CUST01724,C005,18-25,Female,Canada,Medium,Technology Enthusiast,2020-01-02,New
CUST01725,C001,26-35,Male,South Korea,Medium,Value Seeker,2024-08-07,VIP
CUST01726,C003,46-55,Other,Germany,Medium,Young Professional,2024-09-12,New
CUST01727,C004,26-35,Female,USA,Medium,Value Seeker,2023-02-05,VIP
CUST01728,C003,36-45,Male,USA,High,Technology Enthusiast,2023-02-02,New
CUST01729,C010,26-35,Other,South Korea,High,Budget Buyer,2025-04-13,VIP
CUST01730,C003,36-45,Female,India,Premium,Young Professional,2020-10-15,New
CUST01731,C008,56+,Male,South Korea,High,Value Seeker,2024-10-10,New
CUST01732,C002,26-35,Other,South Korea,Premium,Premium Customer,2024-01-25,New
CUST01733,C002,36-45,Female,Japan,Premium,Young Professional,2023-02-21,Loyal
CUST01734,C002,18-25,Other,South Korea,Medium,Technology Enthusiast,2020-02-22,VIP
CUST01735,C004,36-45,Male,South Korea,Premium,Technology Enthusiast,2024-11-11,VIP
CUST01736,C001,56+,Other,USA,Low,Budget Buyer,2021-03-17,Regular
CUST01737,C006,56+,Female,Singapore,Low,Young Professional,2026-07-04,VIP
CUST01738,C008,56+,Male,Singapore,Premium,Budget Buyer,2026-06-06,Regular
CUST01739,C010,18-25,Other,Japan,Low,Young Professional,2022-01-10,VIP
CUST01740,C001,36-45,Female,Japan,High,Value Seeker,2025-02-13,Loyal
CUST01741,C008,36-45,Female,Canada,Medium,Value Seeker,2020-07-14,Loyal
CUST01742,C007,26-35,Female,USA,High,Young Professional,2023-11-28,Regular
CUST01743,C006,18-25,Other,USA,Premium,Young Professional,2023-06-06,VIP
CUST01744,C003,26-35,Female,South Korea,High,Young Professional,2024-04-16,VIP
CUST01745,C006,26-35,Female,India,Low,Value Seeker,2021-10-14,Loyal
CUST01746,C009,36-45,Other,UK,Premium,Technology Enthusiast,2026-04-14,New
CUST01747,C004,18-25,Other,Singapore,High,Value Seeker,2021-01-17,Loyal
CUST01748,C009,46-55,Male,Singapore,Low,Young Professional,2023-12-20,New
CUST01749,C006,46-55,Male,Germany,Medium,Young Professional,2022-07-09,New
CUST01750,C008,26-35,Male,Germany,Premium,Value Seeker,2022-07-08,Regular
CUST01751,C001,26-35,Male,South Korea,Premium,Premium Customer,2023-04-30,Regular
CUST01752,C007,56+,Other,Singapore,Premium,Young Professional,2022-02-01,Loyal
CUST01753,C005,36-45,Female,Germany,High,Technology Enthusiast,2024-11-01,Loyal
CUST01754,C002,36-45,Other,Germany,Medium,Budget Buyer,2021-07-04,VIP
CUST01755,C009,18-25,Other,Germany,High,Technology Enthusiast,2023-07-08,Regular
CUST01756,C008,56+,Male,South Korea,Premium,Premium Customer,2023-01-07,VIP
CUST01757,C002,18-25,Other,South Korea,Low,Young Professional,2021-12-02,VIP
CUST01758,C003,36-45,Male,Canada,High,Budget Buyer,2020-09-18,VIP
CUST01759,C007,46-55,Male,South Korea,High,Technology Enthusiast,2021-06-30,Loyal
CUST01760,C006,56+,Other,Singapore,Medium,Technology Enthusiast,2022-08-10,Loyal
CUST01761,C001,36-45,Other,USA,Low,Technology Enthusiast,2020-08-04,New
CUST01762,C009,26-35,Other,Germany,Medium,Technology Enthusiast,2024-08-21,Regular
CUST01763,C003,46-55,Other,USA,High,Budget Buyer,2020-04-30,New
CUST01764,C007,46-55,Female,Singapore,Premium,Value Seeker,2026-06-09,Loyal
CUST01765,C003,36-45,Female,UK,Premium,Young Professional,2021-01-27,VIP
CUST01766,C002,36-45,Female,Germany,Medium,Young Professional,2022-01-25,New
CUST01767,C006,18-25,Other,Canada,Low,Technology Enthusiast,2025-01-24,New
CUST01768,C009,36-45,Male,UK,Low,Technology Enthusiast,2020-08-30,New
CUST01769,C001,46-55,Female,India,High,Budget Buyer,2023-08-31,Regular
CUST01770,C004,26-35,Other,Germany,High,Budget Buyer,2025-08-02,Regular
CUST01771,C010,56+,Male,South Korea,Medium,Technology Enthusiast,2024-03-12,Regular
CUST01772,C008,56+,Male,USA,High,Young Professional,2020-05-04,New
CUST01773,C006,56+,Other,UK,Low,Premium Customer,2022-01-08,Regular
CUST01774,C010,56+,Female,South Korea,Premium,Premium Customer,2021-09-27,New
CUST01775,C009,36-45,Male,Japan,Medium,Value Seeker,2020-09-25,VIP
CUST01776,C004,18-25,Female,India,Premium,Technology Enthusiast,2024-07-13,New
CUST01777,C009,36-45,Other,Singapore,Medium,Young Professional,2021-01-07,Loyal
CUST01778,C003,26-35,Female,Singapore,Premium,Premium Customer,2025-01-08,VIP
CUST01779,C002,18-25,Female,USA,High,Technology Enthusiast,2025-07-01,VIP
CUST01780,C010,36-45,Female,Canada,Low,Technology Enthusiast,2024-05-11,New
CUST01781,C004,36-45,Other,UK,High,Budget Buyer,2020-12-31,New
CUST01782,C001,46-55,Male,Japan,Low,Premium Customer,2023-05-25,Regular
CUST01783,C009,18-25,Male,USA,Premium,Value Seeker,2024-02-27,Regular
CUST01784,C006,26-35,Female,Germany,Low,Budget Buyer,2020-10-25,VIP
CUST01785,C004,36-45,Male,Germany,High,Value Seeker,2021-04-21,VIP
CUST01786,C004,46-55,Male,UK,Medium,Technology Enthusiast,2024-03-02,Regular
CUST01787,C010,46-55,Other,Canada,Medium,Young Professional,2022-11-23,VIP
CUST01788,C001,46-55,Female,Canada,Medium,Premium Customer,2024-08-30,Loyal
CUST01789,C010,46-55,Male,South Korea,Medium,Value Seeker,2020-02-12,New
CUST01790,C002,26-35,Female,USA,Medium,Technology Enthusiast,2021-04-17,Loyal
CUST01791,C003,46-55,Female,Canada,High,Technology Enthusiast,2022-11-16,Loyal
CUST01792,C002,46-55,Male,USA,Premium,Value Seeker,2021-05-04,Regular
CUST01793,C009,46-55,Female,USA,Low,Value Seeker,2020-05-26,New
CUST01794,C007,18-25,Other,USA,Medium,Premium Customer,2022-01-25,Loyal
CUST01795,C008,46-55,Other,India,Medium,Value Seeker,2021-08-07,Loyal
CUST01796,C001,18-25,Male,Japan,High,Value Seeker,2026-05-18,Loyal
CUST01797,C008,18-25,Female,Singapore,Medium,Young Professional,2022-04-01,New
CUST01798,C004,26-35,Female,South Korea,Low,Premium Customer,2022-01-23,New
CUST01799,C004,36-45,Other,UK,Medium,Technology Enthusiast,2025-12-04,Loyal
CUST01800,C001,18-25,Female,India,Medium,Young Professional,2021-04-01,Loyal
CUST01801,C001,18-25,Other,Germany,Low,Premium Customer,2021-08-10,New
CUST01802,C010,46-55,Other,USA,Medium,Budget Buyer,2020-08-27,New
CUST01803,C001,56+,Other,Singapore,High,Technology Enthusiast,2025-05-05,VIP
CUST01804,C008,46-55,Other,Canada,High,Premium Customer,2022-08-31,VIP
CUST01805,C003,56+,Female,Germany,Medium,Young Professional,2025-02-03,Regular
CUST01806,C007,26-35,Female,India,Premium,Young Professional,2022-11-19,Regular
CUST01807,C001,46-55,Other,Germany,Premium,Value Seeker,2025-02-26,Loyal
CUST01808,C004,46-55,Female,South Korea,Premium,Premium Customer,2024-07-20,VIP
CUST01809,C008,36-45,Female,Singapore,Medium,Technology Enthusiast,2024-01-29,Regular
CUST01810,C004,26-35,Other,Germany,High,Premium Customer,2022-06-07,VIP
CUST01811,C006,26-35,Female,UK,Premium,Budget Buyer,2023-06-11,VIP
CUST01812,C005,18-25,Male,Germany,High,Technology Enthusiast,2024-08-15,Regular
CUST01813,C007,46-55,Male,South Korea,Low,Value Seeker,2025-10-20,VIP
CUST01814,C010,36-45,Other,UK,Premium,Technology Enthusiast,2021-12-06,Regular
CUST01815,C003,36-45,Female,Germany,Medium,Premium Customer,2024-08-11,Loyal
CUST01816,C010,18-25,Other,USA,Low,Budget Buyer,2025-12-13,New
CUST01817,C001,36-45,Male,Japan,High,Value Seeker,2020-08-04,Regular
CUST01818,C004,18-25,Female,Japan,Premium,Premium Customer,2023-06-13,Loyal
CUST01819,C003,36-45,Male,UK,Medium,Value Seeker,2023-04-01,VIP
CUST01820,C002,56+,Female,UK,Premium,Young Professional,2025-12-20,Regular
CUST01821,C002,46-55,Male,India,Medium,Premium Customer,2021-08-23,VIP
CUST01822,C007,26-35,Male,Japan,Premium,Technology Enthusiast,2025-05-07,Regular
CUST01823,C008,46-55,Other,Japan,High,Budget Buyer,2020-03-22,Loyal
CUST01824,C002,26-35,Other,Canada,Premium,Value Seeker,2021-12-26,New
CUST01825,C004,36-45,Other,USA,High,Technology Enthusiast,2023-08-06,VIP
CUST01826,C001,26-35,Female,Canada,Medium,Technology Enthusiast,2024-09-07,Loyal
CUST01827,C009,46-55,Female,UK,Low,Value Seeker,2020-04-06,Loyal
CUST01828,C005,46-55,Female,India,High,Premium Customer,2025-01-12,New
CUST01829,C006,18-25,Male,India,Low,Young Professional,2026-03-08,VIP
CUST01830,C004,46-55,Female,India,High,Premium Customer,2025-04-09,Loyal
CUST01831,C006,46-55,Female,Japan,Medium,Young Professional,2025-09-30,Loyal
CUST01832,C009,46-55,Female,Canada,Low,Premium Customer,2022-03-01,New
CUST01833,C006,18-25,Male,UK,Low,Value Seeker,2025-09-15,New
CUST01834,C003,18-25,Male,Germany,Low,Budget Buyer,2024-03-09,New
CUST01835,C001,56+,Male,UK,Premium,Young Professional,2023-10-29,New
CUST01836,C010,18-25,Other,UK,Medium,Budget Buyer,2021-05-14,Regular
CUST01837,C002,18-25,Female,Germany,Medium,Budget Buyer,2021-01-10,New
CUST01838,C007,56+,Male,South Korea,Medium,Premium Customer,2023-08-05,Regular
CUST01839,C008,56+,Male,South Korea,Medium,Technology Enthusiast,2023-03-25,New
CUST01840,C002,26-35,Female,UK,Medium,Budget Buyer,2021-12-21,New
CUST01841,C004,36-45,Male,UK,Premium,Technology Enthusiast,2022-02-05,Loyal
CUST01842,C010,56+,Other,Canada,Medium,Premium Customer,2024-08-15,Loyal
CUST01843,C006,56+,Male,Canada,High,Value Seeker,2022-09-13,New
CUST01844,C001,46-55,Female,India,Premium,Budget Buyer,2020-09-14,VIP
CUST01845,C001,36-45,Other,Japan,Low,Technology Enthusiast,2020-12-27,Loyal
CUST01846,C006,36-45,Other,South Korea,High,Premium Customer,2025-01-20,Loyal
CUST01847,C008,56+,Other,Germany,Medium,Technology Enthusiast,2023-07-07,Regular
CUST01848,C001,46-55,Female,South Korea,High,Premium Customer,2023-12-16,VIP
CUST01849,C008,26-35,Male,Singapore,Premium,Budget Buyer,2025-01-26,Regular
CUST01850,C006,26-35,Female,Japan,Low,Premium Customer,2024-04-11,Regular
CUST01851,C003,26-35,Male,India,Premium,Premium Customer,2022-01-23,Regular
CUST01852,C005,26-35,Male,South Korea,Premium,Value Seeker,2023-10-13,Loyal
CUST01853,C009,26-35,Male,South Korea,Premium,Premium Customer,2023-02-11,VIP
CUST01854,C003,18-25,Female,USA,Low,Young Professional,2025-06-19,VIP
CUST01855,C010,26-35,Male,South Korea,Medium,Premium Customer,2023-03-31,VIP
CUST01856,C001,26-35,Female,Canada,Premium,Technology Enthusiast,2023-06-15,New
CUST01857,C010,56+,Female,Japan,High,Value Seeker,2021-06-14,Loyal
CUST01858,C010,18-25,Male,South Korea,High,Premium Customer,2025-04-23,Regular
CUST01859,C004,26-35,Female,South Korea,High,Technology Enthusiast,2023-08-29,Loyal
CUST01860,C010,26-35,Male,Japan,Medium,Technology Enthusiast,2023-09-18,Regular
CUST01861,C004,56+,Female,India,High,Technology Enthusiast,2025-06-24,New
CUST01862,C007,56+,Female,USA,Premium,Premium Customer,2021-08-30,Loyal
CUST01863,C002,46-55,Male,Canada,Medium,Young Professional,2025-01-15,New
CUST01864,C008,26-35,Other,India,High,Young Professional,2022-10-07,VIP
CUST01865,C009,36-45,Female,South Korea,High,Technology Enthusiast,2021-08-21,Regular
CUST01866,C004,36-45,Other,India,Medium,Technology Enthusiast,2021-05-08,Loyal
CUST01867,C004,46-55,Other,India,High,Young Professional,2024-03-20,Regular
CUST01868,C003,18-25,Male,Singapore,Low,Young Professional,2023-04-27,VIP
CUST01869,C003,46-55,Other,UK,Premium,Young Professional,2025-01-03,New
CUST01870,C005,36-45,Male,South Korea,High,Value Seeker,2025-02-10,Regular
CUST01871,C006,18-25,Male,Japan,Premium,Young Professional,2020-03-10,Regular
CUST01872,C006,56+,Male,Singapore,High,Premium Customer,2024-03-16,Regular
CUST01873,C006,36-45,Female,India,Low,Value Seeker,2020-05-21,VIP
CUST01874,C002,26-35,Male,USA,Medium,Value Seeker,2020-10-05,New
CUST01875,C006,36-45,Male,Singapore,High,Budget Buyer,2024-01-02,VIP
CUST01876,C007,18-25,Other,Singapore,Premium,Value Seeker,2026-02-10,New
CUST01877,C004,26-35,Male,Canada,Medium,Value Seeker,2025-01-11,New
CUST01878,C009,18-25,Other,Germany,Premium,Budget Buyer,2020-04-09,New
CUST01879,C004,26-35,Male,Japan,High,Premium Customer,2022-08-10,VIP
CUST01880,C001,36-45,Female,India,Premium,Technology Enthusiast,2025-09-20,New
CUST01881,C001,56+,Male,Germany,Medium,Technology Enthusiast,2022-03-30,VIP
CUST01882,C001,18-25,Other,Japan,Medium,Premium Customer,2023-12-02,Regular
CUST01883,C003,18-25,Other,Canada,High,Technology Enthusiast,2026-01-05,Loyal
CUST01884,C009,26-35,Male,Canada,High,Value Seeker,2024-05-09,Loyal
CUST01885,C005,18-25,Other,Canada,Premium,Budget Buyer,2024-05-27,VIP
CUST01886,C010,46-55,Male,UK,Low,Budget Buyer,2025-09-27,VIP
CUST01887,C002,26-35,Other,Canada,Medium,Technology Enthusiast,2022-04-22,Loyal
CUST01888,C006,18-25,Other,Germany,High,Value Seeker,2025-03-14,New
CUST01889,C005,26-35,Male,Japan,Medium,Premium Customer,2020-02-20,VIP
CUST01890,C006,46-55,Other,UK,Premium,Premium Customer,2025-02-18,Loyal
CUST01891,C004,56+,Male,India,Low,Technology Enthusiast,2020-11-14,New
CUST01892,C001,18-25,Female,South Korea,Premium,Technology Enthusiast,2023-01-28,Regular
CUST01893,C002,36-45,Male,Germany,Premium,Young Professional,2020-08-07,New
CUST01894,C005,18-25,Female,India,Low,Young Professional,2024-09-06,Regular
CUST01895,C005,26-35,Male,India,Premium,Value Seeker,2025-02-14,New
CUST01896,C002,26-35,Female,Canada,High,Budget Buyer,2020-12-18,VIP
CUST01897,C002,26-35,Male,Singapore,Premium,Budget Buyer,2021-09-19,New
CUST01898,C008,46-55,Female,UK,Low,Technology Enthusiast,2024-11-06,New
CUST01899,C002,36-45,Other,South Korea,Medium,Young Professional,2023-02-24,New
CUST01900,C005,26-35,Other,South Korea,Low,Budget Buyer,2022-02-09,VIP
CUST01901,C009,26-35,Other,India,High,Young Professional,2025-06-24,New
CUST01902,C010,46-55,Female,UK,High,Young Professional,2024-02-13,Regular
CUST01903,C006,46-55,Male,Singapore,High,Premium Customer,2023-11-21,Loyal
CUST01904,C005,46-55,Other,Singapore,High,Premium Customer,2021-08-27,New
CUST01905,C010,26-35,Female,Japan,Premium,Premium Customer,2022-11-03,Regular
CUST01906,C001,56+,Other,UK,High,Technology Enthusiast,2023-11-07,Regular
CUST01907,C010,26-35,Other,Singapore,Low,Premium Customer,2021-07-25,New
CUST01908,C009,18-25,Other,USA,Low,Young Professional,2026-02-06,Regular
CUST01909,C004,46-55,Male,Japan,High,Technology Enthusiast,2023-10-03,VIP
CUST01910,C009,26-35,Other,Japan,Premium,Budget Buyer,2024-05-27,Regular
CUST01911,C008,26-35,Other,India,Low,Premium Customer,2021-09-29,Regular
CUST01912,C002,26-35,Female,Canada,Medium,Technology Enthusiast,2023-06-09,New
CUST01913,C004,18-25,Male,Canada,Low,Value Seeker,2020-04-06,Regular
CUST01914,C002,36-45,Female,USA,Premium,Young Professional,2020-10-01,VIP
CUST01915,C001,36-45,Female,Japan,Medium,Young Professional,2023-05-14,VIP
CUST01916,C010,56+,Other,India,Premium,Budget Buyer,2025-05-13,VIP
CUST01917,C006,18-25,Female,South Korea,Premium,Technology Enthusiast,2023-12-10,New
CUST01918,C007,46-55,Male,Singapore,Low,Premium Customer,2023-12-08,New
CUST01919,C008,56+,Male,USA,Medium,Budget Buyer,2022-10-29,VIP
CUST01920,C007,26-35,Other,South Korea,Low,Young Professional,2023-10-13,Loyal
CUST01921,C009,26-35,Other,Singapore,Low,Budget Buyer,2025-01-22,Regular
CUST01922,C010,56+,Female,USA,Medium,Premium Customer,2020-04-25,Loyal
CUST01923,C010,56+,Other,India,High,Technology Enthusiast,2024-05-08,New
CUST01924,C009,26-35,Female,Canada,Medium,Budget Buyer,2025-07-04,Loyal
CUST01925,C010,46-55,Male,UK,Low,Value Seeker,2023-09-19,VIP
CUST01926,C008,18-25,Female,UK,Premium,Budget Buyer,2022-10-17,Loyal
CUST01927,C003,36-45,Other,South Korea,Medium,Premium Customer,2022-07-04,New
CUST01928,C002,26-35,Male,India,Premium,Premium Customer,2021-11-04,Loyal
CUST01929,C007,56+,Other,Japan,Low,Premium Customer,2020-03-25,VIP
CUST01930,C001,46-55,Other,Singapore,Low,Budget Buyer,2023-02-16,New
CUST01931,C005,46-55,Female,Germany,Medium,Budget Buyer,2024-01-04,New
CUST01932,C003,56+,Male,Germany,Premium,Technology Enthusiast,2020-12-19,Loyal
CUST01933,C009,46-55,Male,UK,Premium,Budget Buyer,2022-12-13,New
CUST01934,C004,26-35,Female,UK,Premium,Budget Buyer,2022-04-09,Loyal
CUST01935,C001,18-25,Male,Canada,Low,Young Professional,2025-09-20,Regular
CUST01936,C006,46-55,Male,Germany,Premium,Premium Customer,2022-09-25,VIP
CUST01937,C004,26-35,Female,USA,Medium,Value Seeker,2021-02-09,Regular
CUST01938,C002,56+,Male,UK,Medium,Premium Customer,2025-05-10,Loyal
CUST01939,C004,46-55,Male,Singapore,Low,Young Professional,2022-12-11,VIP
CUST01940,C001,36-45,Female,South Korea,Medium,Value Seeker,2022-02-27,VIP
CUST01941,C010,46-55,Other,UK,Medium,Technology Enthusiast,2025-09-18,Loyal
CUST01942,C008,46-55,Other,India,Premium,Budget Buyer,2020-11-03,New
CUST01943,C003,36-45,Female,Singapore,High,Premium Customer,2020-06-12,Loyal
CUST01944,C005,56+,Female,Canada,Premium,Technology Enthusiast,2026-01-01,VIP
CUST01945,C007,56+,Other,UK,Premium,Young Professional,2026-04-13,New
CUST01946,C008,56+,Other,USA,High,Young Professional,2023-11-03,Loyal
CUST01947,C005,26-35,Female,Japan,Medium,Technology Enthusiast,2025-10-04,Regular
CUST01948,C006,26-35,Female,Singapore,High,Young Professional,2023-06-08,VIP
CUST01949,C004,36-45,Male,Japan,High,Value Seeker,2021-07-24,VIP
CUST01950,C010,26-35,Male,Canada,Medium,Value Seeker,2025-10-31,Loyal
CUST01951,C003,36-45,Male,Singapore,Premium,Young Professional,2025-07-28,VIP
CUST01952,C009,26-35,Female,USA,High,Budget Buyer,2023-10-30,VIP
CUST01953,C009,18-25,Male,Germany,High,Premium Customer,2024-05-29,VIP
CUST01954,C009,36-45,Other,Singapore,Medium,Young Professional,2026-07-18,New
CUST01955,C007,56+,Male,South Korea,Premium,Premium Customer,2025-06-28,Loyal
CUST01956,C002,26-35,Male,Japan,Low,Budget Buyer,2021-07-26,New
CUST01957,C005,56+,Other,Canada,Medium,Budget Buyer,2021-03-16,VIP
CUST01958,C004,56+,Male,India,Low,Young Professional,2020-06-12,Loyal
CUST01959,C005,26-35,Male,Germany,High,Technology Enthusiast,2024-10-26,Loyal
CUST01960,C004,18-25,Other,Japan,Medium,Value Seeker,2021-09-13,VIP
CUST01961,C004,56+,Male,UK,Low,Technology Enthusiast,2026-01-27,Loyal
CUST01962,C008,18-25,Male,Singapore,Medium,Value Seeker,2021-05-25,VIP
CUST01963,C010,26-35,Male,Canada,Low,Budget Buyer,2021-11-09,Regular
CUST01964,C005,56+,Other,Singapore,Premium,Value Seeker,2024-11-17,Regular
CUST01965,C002,46-55,Other,South Korea,Premium,Value Seeker,2020-12-01,VIP
CUST01966,C010,18-25,Other,Canada,Medium,Premium Customer,2024-04-06,VIP
CUST01967,C009,36-45,Male,South Korea,Premium,Premium Customer,2023-11-03,Regular
CUST01968,C006,18-25,Other,Singapore,Medium,Premium Customer,2021-08-14,Regular
CUST01969,C004,36-45,Female,Canada,Medium,Young Professional,2023-07-11,Regular
CUST01970,C007,18-25,Other,Germany,Low,Premium Customer,2025-04-07,New
CUST01971,C007,36-45,Female,Singapore,Low,Premium Customer,2026-05-30,VIP
CUST01972,C008,18-25,Female,Canada,High,Value Seeker,2024-10-03,Loyal
CUST01973,C006,46-55,Male,UK,Medium,Technology Enthusiast,2022-11-30,Regular
CUST01974,C001,36-45,Male,Germany,Low,Value Seeker,2024-04-11,New
CUST01975,C010,18-25,Female,USA,High,Premium Customer,2026-03-14,Regular
CUST01976,C005,46-55,Female,UK,Medium,Premium Customer,2021-08-03,Loyal
CUST01977,C003,18-25,Male,USA,Low,Technology Enthusiast,2025-11-02,Regular
CUST01978,C005,46-55,Female,UK,Medium,Budget Buyer,2026-02-22,Regular
CUST01979,C010,18-25,Male,Canada,Medium,Technology Enthusiast,2020-11-11,New
CUST01980,C008,36-45,Other,UK,Medium,Technology Enthusiast,2026-03-16,Regular
CUST01981,C004,36-45,Male,Canada,Low,Technology Enthusiast,2020-02-05,New
CUST01982,C007,26-35,Male,South Korea,Medium,Value Seeker,2021-07-06,Regular
CUST01983,C010,56+,Female,South Korea,Medium,Premium Customer,2024-02-13,Regular
CUST01984,C002,26-35,Other,India,Low,Premium Customer,2022-10-13,Regular
CUST01985,C001,46-55,Other,South Korea,Premium,Technology Enthusiast,2023-03-22,VIP
CUST01986,C009,56+,Female,Singapore,High,Technology Enthusiast,2025-03-26,VIP
CUST01987,C003,46-55,Male,India,Medium,Budget Buyer,2025-08-22,Loyal
CUST01988,C005,56+,Female,Singapore,Premium,Young Professional,2021-04-18,Loyal
CUST01989,C001,46-55,Male,India,Medium,Premium Customer,2023-07-12,Regular
CUST01990,C008,36-45,Female,Germany,Medium,Budget Buyer,2021-07-26,Regular
CUST01991,C008,46-55,Female,South Korea,Premium,Young Professional,2022-11-01,Regular
CUST01992,C008,46-55,Male,Germany,Medium,Budget Buyer,2021-06-18,Loyal
CUST01993,C006,36-45,Female,Singapore,Premium,Budget Buyer,2020-08-05,Loyal
CUST01994,C006,56+,Female,India,Premium,Budget Buyer,2025-09-30,Loyal
CUST01995,C006,36-45,Other,UK,Low,Budget Buyer,2022-03-03,Regular
CUST01996,C009,18-25,Male,Germany,High,Budget Buyer,2023-01-09,VIP
CUST01997,C007,56+,Female,Japan,High,Young Professional,2023-09-30,Loyal
CUST01998,C001,56+,Male,South Korea,Premium,Premium Customer,2025-10-18,New
CUST01999,C009,56+,Male,UK,Premium,Young Professional,2026-05-08,VIP
CUST02000,C005,26-35,Male,USA,Premium,Young Professional,2021-08-12,VIP
CUST02001,C004,18-25,Female,India,Medium,Value Seeker,2020-06-20,VIP
CUST02002,C010,46-55,Male,Singapore,High,Value Seeker,2022-03-04,New
CUST02003,C002,18-25,Female,South Korea,Low,Value Seeker,2021-10-31,VIP
CUST02004,C003,18-25,Male,South Korea,High,Technology Enthusiast,2025-07-14,Loyal
CUST02005,C008,56+,Other,Japan,High,Technology Enthusiast,2022-11-23,Regular
CUST02006,C010,36-45,Other,Germany,Medium,Budget Buyer,2025-10-31,VIP
CUST02007,C008,36-45,Other,Canada,Premium,Premium Customer,2023-01-19,New
CUST02008,C010,36-45,Male,UK,Medium,Value Seeker,2023-05-15,Regular
CUST02009,C008,18-25,Other,Japan,Premium,Premium Customer,2021-09-19,VIP
CUST02010,C010,36-45,Male,Germany,Medium,Technology Enthusiast,2023-09-18,VIP
CUST02011,C002,18-25,Female,Singapore,Premium,Value Seeker,2023-07-09,VIP
CUST02012,C008,36-45,Female,USA,High,Value Seeker,2020-05-05,VIP
CUST02013,C008,56+,Male,Singapore,Premium,Value Seeker,2024-06-11,Loyal
CUST02014,C004,36-45,Male,Japan,Premium,Budget Buyer,2021-11-06,New
CUST02015,C002,18-25,Male,Singapore,Premium,Budget Buyer,2020-12-03,Regular
CUST02016,C001,46-55,Male,India,Medium,Young Professional,2020-01-09,Loyal
CUST02017,C006,18-25,Male,UK,High,Young Professional,2026-05-31,New
CUST02018,C001,18-25,Male,India,Medium,Value Seeker,2026-07-15,VIP
CUST02019,C008,36-45,Other,Canada,Low,Technology Enthusiast,2021-03-16,Loyal
CUST02020,C003,46-55,Other,Canada,Medium,Technology Enthusiast,2020-09-23,New
CUST02021,C008,36-45,Male,Singapore,High,Value Seeker,2022-07-05,VIP
CUST02022,C008,56+,Female,Canada,Premium,Premium Customer,2024-01-09,Regular
CUST02023,C005,26-35,Male,South Korea,Medium,Value Seeker,2023-08-30,New
CUST02024,C002,56+,Male,UK,Low,Premium Customer,2020-08-28,Regular
CUST02025,C003,36-45,Female,Japan,Medium,Premium Customer,2020-10-27,VIP
CUST02026,C007,56+,Other,Canada,Medium,Premium Customer,2021-05-17,New
CUST02027,C006,46-55,Male,Japan,Low,Budget Buyer,2021-10-03,New
CUST02028,C005,26-35,Female,South Korea,Premium,Young Professional,2024-05-14,VIP
CUST02029,C003,46-55,Other,Japan,Medium,Budget Buyer,2023-09-01,Regular
CUST02030,C005,18-25,Female,Japan,Medium,Budget Buyer,2024-08-30,Regular
CUST02031,C004,56+,Female,Canada,Medium,Value Seeker,2025-10-01,VIP
CUST02032,C001,36-45,Other,Japan,High,Young Professional,2020-02-07,New
CUST02033,C002,56+,Male,Germany,Medium,Young Professional,2025-05-31,Loyal
CUST02034,C009,56+,Other,Germany,Premium,Budget Buyer,2024-05-19,VIP
CUST02035,C010,36-45,Other,South Korea,Low,Young Professional,2026-02-19,Loyal
CUST02036,C001,56+,Other,USA,Premium,Premium Customer,2024-07-26,VIP
CUST02037,C010,26-35,Female,Germany,Premium,Young Professional,2026-05-31,Loyal
CUST02038,C001,56+,Female,Singapore,High,Budget Buyer,2022-07-28,Regular
CUST02039,C001,46-55,Male,Singapore,Low,Premium Customer,2022-06-27,New
CUST02040,C002,56+,Other,Singapore,Low,Technology Enthusiast,2023-01-25,Loyal
CUST02041,C010,46-55,Other,Germany,High,Budget Buyer,2020-07-28,Regular
CUST02042,C007,36-45,Male,Germany,Low,Premium Customer,2026-04-15,New
CUST02043,C006,46-55,Male,USA,Medium,Young Professional,2022-10-02,Regular
CUST02044,C005,46-55,Male,Singapore,Medium,Value Seeker,2022-11-19,Loyal
CUST02045,C002,36-45,Other,USA,Low,Value Seeker,2023-03-28,New
CUST02046,C001,18-25,Female,UK,Low,Premium Customer,2022-09-08,Loyal
CUST02047,C002,56+,Female,USA,Premium,Technology Enthusiast,2025-08-11,Loyal
CUST02048,C002,18-25,Female,UK,Premium,Value Seeker,2023-12-30,Loyal
CUST02049,C001,18-25,Male,UK,High,Value Seeker,2020-12-19,Regular
CUST02050,C008,18-25,Female,Singapore,Premium,Budget Buyer,2023-12-10,VIP
CUST02051,C004,26-35,Other,South Korea,Low,Value Seeker,2021-11-17,VIP
CUST02052,C009,46-55,Female,Japan,Medium,Budget Buyer,2025-02-18,New
CUST02053,C008,18-25,Other,Japan,Low,Young Professional,2022-02-09,Loyal
CUST02054,C007,36-45,Female,USA,Medium,Budget Buyer,2020-01-31,New
CUST02055,C010,46-55,Female,Japan,Low,Technology Enthusiast,2021-07-10,New
CUST02056,C006,36-45,Other,Singapore,High,Budget Buyer,2022-10-04,New
CUST02057,C001,26-35,Other,Canada,Premium,Value Seeker,2023-05-14,Loyal
CUST02058,C006,18-25,Other,Japan,Low,Premium Customer,2024-08-14,Loyal
CUST02059,C005,18-25,Male,Canada,High,Value Seeker,2024-07-24,New
CUST02060,C003,56+,Other,USA,High,Budget Buyer,2025-11-20,New
CUST02061,C005,36-45,Male,UK,Medium,Technology Enthusiast,2023-09-29,New
CUST02062,C004,36-45,Female,USA,High,Technology Enthusiast,2020-07-20,Loyal
CUST02063,C002,18-25,Female,Singapore,Low,Young Professional,2024-07-11,Loyal
CUST02064,C001,18-25,Male,India,Low,Premium Customer,2021-07-14,New
CUST02065,C008,46-55,Other,USA,High,Value Seeker,2024-01-19,Regular
CUST02066,C002,26-35,Male,USA,Low,Premium Customer,2023-09-30,Regular
CUST02067,C003,56+,Male,Singapore,Low,Technology Enthusiast,2021-11-24,Loyal
CUST02068,C010,46-55,Other,Germany,Low,Premium Customer,2022-02-07,Regular
CUST02069,C010,26-35,Other,Canada,High,Value Seeker,2024-05-10,VIP
CUST02070,C010,56+,Female,Canada,Medium,Technology Enthusiast,2024-08-12,New
CUST02071,C007,56+,Female,India,Low,Premium Customer,2022-11-10,Regular
CUST02072,C005,56+,Male,USA,Medium,Value Seeker,2021-06-09,New
CUST02073,C004,18-25,Other,USA,Premium,Value Seeker,2022-10-20,Regular
CUST02074,C005,56+,Male,Germany,Low,Budget Buyer,2021-04-06,VIP
CUST02075,C002,26-35,Female,UK,Medium,Budget Buyer,2023-10-30,Loyal
CUST02076,C006,46-55,Other,Canada,Premium,Value Seeker,2024-08-10,Regular
CUST02077,C004,36-45,Male,Germany,Premium,Premium Customer,2024-05-13,Loyal
CUST02078,C007,36-45,Male,Singapore,Premium,Value Seeker,2020-07-19,New
CUST02079,C001,56+,Female,Germany,Premium,Budget Buyer,2025-02-22,Loyal
CUST02080,C003,36-45,Male,Singapore,Low,Premium Customer,2023-03-06,New
CUST02081,C010,36-45,Female,Germany,Premium,Value Seeker,2025-02-04,Loyal
CUST02082,C008,36-45,Male,South Korea,Medium,Premium Customer,2024-05-18,Regular
CUST02083,C001,46-55,Female,Germany,Medium,Budget Buyer,2022-08-18,Loyal
CUST02084,C006,36-45,Other,USA,High,Technology Enthusiast,2025-11-08,Loyal
CUST02085,C007,18-25,Other,USA,Medium,Young Professional,2020-03-24,Loyal
CUST02086,C004,56+,Other,UK,Premium,Technology Enthusiast,2026-03-27,New
CUST02087,C003,36-45,Other,Singapore,High,Budget Buyer,2020-03-21,VIP
CUST02088,C004,18-25,Other,Canada,Premium,Young Professional,2022-02-06,Loyal
CUST02089,C010,46-55,Other,Japan,Low,Premium Customer,2022-03-28,VIP
CUST02090,C010,26-35,Female,India,High,Young Professional,2022-03-14,VIP
CUST02091,C004,36-45,Female,Germany,Premium,Technology Enthusiast,2025-12-21,New
CUST02092,C002,56+,Male,Germany,Premium,Budget Buyer,2021-02-26,Regular
CUST02093,C008,56+,Other,USA,Low,Technology Enthusiast,2024-08-16,VIP
CUST02094,C003,26-35,Male,Japan,Low,Budget Buyer,2022-06-23,Loyal
CUST02095,C001,18-25,Female,South Korea,Medium,Budget Buyer,2024-08-02,Loyal
CUST02096,C004,18-25,Female,Germany,Low,Premium Customer,2021-05-01,Loyal
CUST02097,C009,18-25,Female,Germany,Premium,Young Professional,2021-11-15,New
CUST02098,C002,56+,Male,Canada,Low,Premium Customer,2025-08-25,Loyal
CUST02099,C006,56+,Other,UK,Low,Budget Buyer,2025-01-26,New
CUST02100,C005,26-35,Male,Germany,Low,Value Seeker,2022-02-27,Regular
CUST02101,C004,26-35,Female,South Korea,Low,Premium Customer,2022-03-20,Regular
CUST02102,C010,18-25,Male,Germany,High,Young Professional,2021-07-04,VIP
CUST02103,C003,26-35,Female,Singapore,Low,Value Seeker,2020-09-16,Loyal
CUST02104,C001,26-35,Other,Singapore,Low,Budget Buyer,2025-12-23,Regular
CUST02105,C004,26-35,Female,USA,Premium,Value Seeker,2020-10-26,Regular
CUST02106,C005,56+,Other,Japan,Premium,Value Seeker,2025-10-31,Regular
CUST02107,C008,26-35,Other,South Korea,High,Young Professional,2024-10-06,Loyal
CUST02108,C010,18-25,Male,Singapore,High,Premium Customer,2022-05-27,VIP
CUST02109,C002,18-25,Other,UK,Low,Value Seeker,2026-07-09,New
CUST02110,C009,46-55,Other,UK,Low,Technology Enthusiast,2025-05-17,Regular
CUST02111,C009,26-35,Male,India,Low,Value Seeker,2022-08-07,New
CUST02112,C006,56+,Male,Canada,High,Young Professional,2025-11-20,Regular
CUST02113,C003,46-55,Female,Germany,Medium,Value Seeker,2020-06-29,New
CUST02114,C009,56+,Female,USA,Premium,Technology Enthusiast,2021-08-28,New
CUST02115,C006,26-35,Other,Canada,High,Budget Buyer,2025-03-02,New
CUST02116,C001,18-25,Other,India,Low,Young Professional,2020-04-21,Regular
CUST02117,C010,18-25,Other,Germany,Premium,Budget Buyer,2020-11-28,VIP
CUST02118,C009,18-25,Other,India,Medium,Young Professional,2024-03-01,Loyal
CUST02119,C007,56+,Other,Canada,High,Young Professional,2021-04-16,Regular
CUST02120,C002,26-35,Other,South Korea,High,Premium Customer,2026-02-13,New
CUST02121,C003,36-45,Other,India,High,Premium Customer,2021-12-20,VIP
CUST02122,C001,46-55,Female,India,Low,Technology Enthusiast,2025-09-08,New
CUST02123,C001,26-35,Female,Japan,High,Budget Buyer,2022-12-06,Loyal
CUST02124,C009,56+,Male,Singapore,Premium,Technology Enthusiast,2023-01-31,New
CUST02125,C004,26-35,Female,Germany,High,Young Professional,2024-08-18,New
CUST02126,C006,26-35,Other,Singapore,Low,Technology Enthusiast,2023-06-24,New
CUST02127,C008,46-55,Male,Germany,Premium,Technology Enthusiast,2020-08-05,VIP
CUST02128,C010,18-25,Other,UK,Medium,Budget Buyer,2023-12-25,New
CUST02129,C005,18-25,Female,Canada,Low,Technology Enthusiast,2020-07-11,New
CUST02130,C005,26-35,Other,South Korea,Premium,Value Seeker,2022-11-25,Regular
CUST02131,C007,56+,Other,USA,Premium,Young Professional,2022-02-07,Regular
CUST02132,C003,26-35,Other,Singapore,High,Value Seeker,2020-09-25,Loyal
CUST02133,C007,26-35,Male,Germany,Premium,Value Seeker,2023-05-03,Loyal
CUST02134,C009,26-35,Male,Canada,High,Budget Buyer,2024-10-30,VIP
CUST02135,C001,36-45,Other,Singapore,Medium,Young Professional,2024-05-17,Loyal
CUST02136,C005,26-35,Female,Germany,High,Young Professional,2020-06-22,Regular
CUST02137,C005,18-25,Other,USA,Premium,Premium Customer,2022-02-24,Loyal
CUST02138,C007,36-45,Other,India,Medium,Budget Buyer,2023-02-20,Loyal
CUST02139,C004,56+,Other,UK,High,Young Professional,2026-03-27,Regular
CUST02140,C008,36-45,Male,Canada,Low,Young Professional,2020-09-09,Regular
CUST02141,C004,26-35,Female,Germany,High,Technology Enthusiast,2022-06-04,Loyal
CUST02142,C002,26-35,Male,USA,Low,Budget Buyer,2024-06-04,VIP
CUST02143,C009,18-25,Other,India,Medium,Value Seeker,2025-03-25,New
CUST02144,C004,26-35,Male,Singapore,High,Value Seeker,2025-07-10,New
CUST02145,C007,18-25,Male,South Korea,High,Premium Customer,2020-05-22,New
CUST02146,C008,46-55,Other,India,Low,Value Seeker,2025-08-12,Regular
CUST02147,C001,56+,Male,Japan,Premium,Budget Buyer,2020-04-30,Regular
CUST02148,C010,18-25,Male,Singapore,High,Premium Customer,2025-11-15,VIP
CUST02149,C005,56+,Male,Singapore,Low,Technology Enthusiast,2023-03-07,Regular
CUST02150,C007,56+,Female,UK,Low,Budget Buyer,2024-02-15,Loyal
CUST02151,C010,18-25,Other,Canada,Low,Technology Enthusiast,2020-10-17,Loyal
CUST02152,C004,46-55,Other,South Korea,High,Budget Buyer,2022-08-05,Regular
CUST02153,C007,26-35,Other,UK,Medium,Technology Enthusiast,2022-03-08,Regular
CUST02154,C002,46-55,Female,Japan,High,Premium Customer,2022-09-10,New
CUST02155,C002,18-25,Other,Canada,Medium,Technology Enthusiast,2022-11-11,VIP
CUST02156,C001,18-25,Female,Germany,Premium,Premium Customer,2024-02-11,VIP
CUST02157,C007,56+,Other,USA,Low,Value Seeker,2020-07-08,VIP
CUST02158,C001,26-35,Male,Germany,High,Premium Customer,2020-06-21,VIP
CUST02159,C010,18-25,Female,UK,Premium,Budget Buyer,2020-12-28,Loyal
CUST02160,C004,26-35,Male,Canada,High,Young Professional,2021-02-13,New
CUST02161,C007,56+,Male,Singapore,Low,Premium Customer,2025-09-16,VIP
CUST02162,C007,26-35,Other,Germany,High,Young Professional,2026-04-18,New
CUST02163,C002,36-45,Other,India,Premium,Value Seeker,2022-09-18,Loyal
CUST02164,C005,46-55,Other,UK,Premium,Budget Buyer,2022-08-30,Regular
CUST02165,C004,56+,Other,USA,Low,Budget Buyer,2024-03-13,Loyal
CUST02166,C008,56+,Male,Japan,Low,Young Professional,2020-03-14,Loyal
CUST02167,C010,18-25,Other,South Korea,High,Technology Enthusiast,2022-01-14,Regular
CUST02168,C007,56+,Other,Singapore,Premium,Young Professional,2026-06-04,VIP
CUST02169,C002,36-45,Male,Japan,Premium,Technology Enthusiast,2025-11-08,Regular
CUST02170,C003,56+,Male,Canada,Low,Technology Enthusiast,2023-09-15,Loyal
CUST02171,C010,26-35,Male,USA,Medium,Value Seeker,2022-03-07,Loyal
CUST02172,C003,46-55,Other,India,Premium,Technology Enthusiast,2024-10-26,New
CUST02173,C009,26-35,Female,USA,Premium,Premium Customer,2025-04-21,New
CUST02174,C008,26-35,Female,Germany,Medium,Young Professional,2021-12-13,Loyal
CUST02175,C004,26-35,Other,India,High,Budget Buyer,2025-10-31,Loyal
CUST02176,C007,26-35,Other,Singapore,High,Budget Buyer,2021-04-27,Regular
CUST02177,C007,56+,Other,UK,Premium,Young Professional,2024-01-09,New
CUST02178,C009,56+,Female,Japan,Premium,Budget Buyer,2024-04-15,Regular
CUST02179,C001,46-55,Female,USA,Medium,Value Seeker,2026-04-20,Loyal
CUST02180,C010,18-25,Female,Germany,High,Premium Customer,2023-10-11,Regular
CUST02181,C004,56+,Female,India,Low,Value Seeker,2023-06-26,VIP
CUST02182,C004,18-25,Other,Singapore,Premium,Premium Customer,2020-01-05,New
CUST02183,C001,46-55,Other,Germany,Low,Budget Buyer,2021-04-23,Regular
CUST02184,C010,18-25,Male,USA,Premium,Technology Enthusiast,2023-10-03,New
CUST02185,C010,18-25,Female,USA,High,Budget Buyer,2023-02-17,VIP
CUST02186,C007,56+,Male,South Korea,Premium,Value Seeker,2021-12-26,New
CUST02187,C006,36-45,Female,India,Premium,Premium Customer,2022-06-22,VIP
CUST02188,C010,46-55,Male,India,Premium,Value Seeker,2023-02-27,VIP
CUST02189,C007,56+,Male,Japan,Low,Technology Enthusiast,2021-06-16,New
CUST02190,C008,46-55,Male,UK,Low,Young Professional,2025-04-26,New
CUST02191,C007,56+,Female,USA,Medium,Value Seeker,2025-11-16,Regular
CUST02192,C008,18-25,Male,Japan,High,Value Seeker,2022-08-08,Regular
CUST02193,C006,18-25,Female,USA,Premium,Budget Buyer,2024-07-01,Regular
CUST02194,C003,18-25,Other,UK,Low,Premium Customer,2021-02-20,New
CUST02195,C004,26-35,Other,Japan,Medium,Premium Customer,2024-09-24,VIP
CUST02196,C009,36-45,Female,USA,Medium,Value Seeker,2026-06-06,VIP
CUST02197,C002,36-45,Female,Canada,Low,Value Seeker,2026-02-11,Loyal
CUST02198,C001,46-55,Female,India,Low,Premium Customer,2021-07-30,Loyal
CUST02199,C005,26-35,Female,Germany,High,Budget Buyer,2020-08-04,VIP
CUST02200,C008,18-25,Male,South Korea,Premium,Technology Enthusiast,2025-12-28,Regular
CUST02201,C003,18-25,Male,USA,Premium,Technology Enthusiast,2020-11-03,Regular
CUST02202,C002,36-45,Other,Singapore,Medium,Technology Enthusiast,2022-03-03,Loyal
CUST02203,C008,26-35,Female,Germany,Medium,Budget Buyer,2024-11-28,Regular
CUST02204,C009,46-55,Male,Japan,Medium,Technology Enthusiast,2023-07-28,VIP
CUST02205,C001,56+,Other,Singapore,Premium,Budget Buyer,2025-07-11,VIP
CUST02206,C008,46-55,Female,Germany,Premium,Technology Enthusiast,2020-09-07,Regular
CUST02207,C001,18-25,Female,UK,Low,Value Seeker,2024-02-04,Regular
CUST02208,C004,36-45,Other,UK,Low,Premium Customer,2023-12-01,Loyal
CUST02209,C001,56+,Female,USA,High,Premium Customer,2023-10-04,Regular
CUST02210,C002,26-35,Male,UK,High,Technology Enthusiast,2025-11-11,VIP
CUST02211,C008,56+,Other,Canada,Medium,Premium Customer,2020-06-10,Loyal
CUST02212,C009,26-35,Male,India,High,Budget Buyer,2020-03-07,Regular
CUST02213,C009,56+,Other,Canada,High,Value Seeker,2024-11-09,Loyal
CUST02214,C010,56+,Other,USA,Low,Young Professional,2023-10-15,Loyal
CUST02215,C008,56+,Female,India,Premium,Budget Buyer,2026-02-13,Loyal
CUST02216,C003,56+,Female,South Korea,Premium,Premium Customer,2022-08-21,Regular
CUST02217,C009,18-25,Other,South Korea,High,Premium Customer,2022-02-03,New
CUST02218,C010,46-55,Female,South Korea,Premium,Technology Enthusiast,2020-09-17,Regular
CUST02219,C010,46-55,Other,South Korea,Medium,Value Seeker,2026-06-11,Loyal
CUST02220,C009,26-35,Female,India,High,Technology Enthusiast,2026-06-20,New
CUST02221,C007,26-35,Female,India,High,Budget Buyer,2022-02-01,Loyal
CUST02222,C007,56+,Female,South Korea,Low,Budget Buyer,2024-04-09,New
CUST02223,C003,56+,Male,Japan,High,Young Professional,2023-02-19,Loyal
CUST02224,C003,46-55,Female,Singapore,Medium,Value Seeker,2025-11-14,Loyal
CUST02225,C010,26-35,Other,Germany,Medium,Technology Enthusiast,2023-04-19,Loyal
CUST02226,C007,26-35,Other,USA,High,Premium Customer,2022-06-29,Regular
CUST02227,C005,36-45,Male,Japan,Premium,Value Seeker,2020-11-22,Loyal
CUST02228,C007,56+,Male,Singapore,Medium,Value Seeker,2021-11-17,Loyal
CUST02229,C009,18-25,Male,USA,Premium,Young Professional,2024-02-24,Loyal
CUST02230,C001,56+,Female,Singapore,High,Budget Buyer,2025-06-28,Loyal
CUST02231,C008,36-45,Male,India,Medium,Young Professional,2023-03-22,New
CUST02232,C009,18-25,Male,South Korea,Premium,Value Seeker,2026-06-21,New
CUST02233,C004,36-45,Other,Germany,High,Budget Buyer,2025-11-06,New
CUST02234,C006,46-55,Female,USA,High,Young Professional,2022-05-10,VIP
CUST02235,C002,36-45,Male,USA,Medium,Value Seeker,2023-08-31,Loyal
CUST02236,C010,46-55,Female,USA,Medium,Premium Customer,2022-05-28,VIP
CUST02237,C006,18-25,Other,Canada,Medium,Budget Buyer,2020-07-06,Loyal
CUST02238,C002,36-45,Male,South Korea,Premium,Technology Enthusiast,2020-05-24,New
CUST02239,C010,46-55,Other,India,Medium,Premium Customer,2025-11-15,New
CUST02240,C005,26-35,Male,Japan,Premium,Value Seeker,2024-01-18,Regular
CUST02241,C006,46-55,Female,India,High,Technology Enthusiast,2026-04-02,VIP
CUST02242,C008,46-55,Female,Canada,Medium,Value Seeker,2026-01-16,VIP
CUST02243,C006,36-45,Other,Canada,High,Technology Enthusiast,2025-09-20,VIP
CUST02244,C006,56+,Female,UK,Medium,Young Professional,2023-07-23,New
CUST02245,C002,36-45,Male,UK,Low,Budget Buyer,2024-10-19,New
CUST02246,C003,36-45,Other,Germany,Medium,Budget Buyer,2023-06-10,Regular
CUST02247,C003,36-45,Female,USA,Medium,Budget Buyer,2021-04-19,Loyal
CUST02248,C006,18-25,Other,Germany,Premium,Technology Enthusiast,2025-05-22,Regular
CUST02249,C002,36-45,Female,Singapore,Premium,Technology Enthusiast,2023-03-08,VIP
CUST02250,C003,26-35,Female,South Korea,Premium,Young Professional,2025-08-08,VIP
CUST02251,C003,26-35,Female,UK,High,Young Professional,2020-01-27,Regular
CUST02252,C002,26-35,Male,USA,Medium,Value Seeker,2025-11-23,New
CUST02253,C003,56+,Male,India,High,Technology Enthusiast,2022-03-30,New
CUST02254,C001,18-25,Male,Germany,Premium,Young Professional,2024-03-24,VIP
CUST02255,C003,56+,Female,Japan,Low,Technology Enthusiast,2022-04-15,Regular
CUST02256,C008,56+,Other,USA,Premium,Value Seeker,2024-07-12,Regular
CUST02257,C006,46-55,Female,Canada,High,Technology Enthusiast,2025-05-20,Loyal
CUST02258,C008,46-55,Male,India,High,Value Seeker,2021-07-09,New
CUST02259,C009,46-55,Other,Germany,Low,Premium Customer,2025-01-31,New
CUST02260,C009,46-55,Male,South Korea,Medium,Budget Buyer,2022-01-14,VIP
CUST02261,C004,46-55,Other,Germany,Medium,Budget Buyer,2022-03-23,Loyal
CUST02262,C003,26-35,Other,Germany,Premium,Value Seeker,2021-12-07,New
CUST02263,C007,56+,Male,Canada,Medium,Technology Enthusiast,2023-09-01,Regular
CUST02264,C004,36-45,Other,Japan,Medium,Technology Enthusiast,2021-11-13,Regular
CUST02265,C006,36-45,Female,Singapore,Low,Premium Customer,2026-03-27,VIP
CUST02266,C008,26-35,Female,Canada,Medium,Budget Buyer,2022-06-15,Loyal
CUST02267,C005,56+,Female,USA,Medium,Premium Customer,2022-11-05,VIP
CUST02268,C001,56+,Male,South Korea,Low,Value Seeker,2022-02-04,New
CUST02269,C006,56+,Female,South Korea,Low,Value Seeker,2022-10-06,VIP
CUST02270,C006,56+,Other,Germany,Medium,Value Seeker,2021-07-20,New
CUST02271,C002,36-45,Female,India,Medium,Value Seeker,2021-07-05,New
CUST02272,C001,56+,Female,South Korea,Premium,Young Professional,2022-12-22,Regular
CUST02273,C006,36-45,Male,Germany,Premium,Budget Buyer,2025-10-07,New
CUST02274,C004,36-45,Female,Germany,Premium,Budget Buyer,2020-03-12,Loyal
CUST02275,C002,18-25,Female,UK,Medium,Technology Enthusiast,2025-02-28,New
CUST02276,C001,56+,Male,Japan,Low,Budget Buyer,2021-09-03,Loyal
CUST02277,C004,36-45,Other,Germany,Low,Technology Enthusiast,2025-05-11,Regular
CUST02278,C001,46-55,Female,USA,Medium,Technology Enthusiast,2026-06-19,VIP
CUST02279,C002,26-35,Female,India,Medium,Value Seeker,2021-04-16,New
CUST02280,C004,18-25,Other,South Korea,Premium,Premium Customer,2021-10-06,Regular
CUST02281,C001,56+,Other,USA,Low,Budget Buyer,2021-04-16,VIP
CUST02282,C007,26-35,Male,India,Low,Technology Enthusiast,2021-03-04,New
CUST02283,C008,36-45,Other,South Korea,Medium,Value Seeker,2021-07-11,Regular
CUST02284,C001,56+,Male,Singapore,Premium,Young Professional,2023-04-17,Regular
CUST02285,C009,26-35,Female,Canada,Low,Value Seeker,2020-02-24,Loyal
CUST02286,C003,18-25,Female,India,Premium,Technology Enthusiast,2021-02-15,Regular
CUST02287,C006,56+,Other,Japan,Medium,Value Seeker,2020-02-05,Loyal
CUST02288,C007,18-25,Other,Germany,High,Young Professional,2021-06-11,VIP
CUST02289,C002,26-35,Other,Japan,Medium,Technology Enthusiast,2020-01-06,VIP
CUST02290,C001,26-35,Female,USA,Medium,Young Professional,2021-02-02,Regular
CUST02291,C007,56+,Female,Japan,Premium,Young Professional,2024-01-10,Regular
CUST02292,C004,36-45,Male,UK,Low,Value Seeker,2020-04-20,VIP
CUST02293,C001,18-25,Female,UK,Premium,Value Seeker,2024-09-26,VIP
CUST02294,C005,26-35,Other,India,Premium,Budget Buyer,2020-09-04,VIP
CUST02295,C007,46-55,Male,UK,Medium,Young Professional,2020-04-01,New
CUST02296,C006,36-45,Male,India,Medium,Young Professional,2023-08-01,New
CUST02297,C004,18-25,Male,Japan,Premium,Premium Customer,2020-08-28,VIP
CUST02298,C006,36-45,Other,USA,High,Premium Customer,2024-09-29,Loyal
CUST02299,C006,46-55,Male,Germany,High,Premium Customer,2023-03-13,New
CUST02300,C003,46-55,Female,India,Low,Budget Buyer,2022-10-25,New
CUST02301,C002,18-25,Male,Germany,Low,Premium Customer,2025-10-07,Regular
CUST02302,C002,46-55,Female,USA,Premium,Value Seeker,2025-01-14,VIP
CUST02303,C009,56+,Male,USA,High,Premium Customer,2020-06-23,New
CUST02304,C003,18-25,Female,India,Premium,Budget Buyer,2020-05-04,Regular
CUST02305,C009,46-55,Female,USA,Medium,Budget Buyer,2020-06-22,VIP
CUST02306,C004,18-25,Male,Canada,High,Technology Enthusiast,2023-09-22,Loyal
CUST02307,C008,26-35,Female,UK,Low,Value Seeker,2023-05-14,New
CUST02308,C001,46-55,Male,Japan,High,Premium Customer,2026-05-03,VIP
CUST02309,C007,46-55,Male,Germany,Low,Technology Enthusiast,2022-11-05,New
CUST02310,C006,26-35,Other,Singapore,Medium,Premium Customer,2022-03-25,Loyal
CUST02311,C007,46-55,Male,USA,High,Technology Enthusiast,2024-05-31,New
CUST02312,C009,26-35,Other,South Korea,Low,Budget Buyer,2022-09-12,New
CUST02313,C005,46-55,Female,USA,High,Young Professional,2024-07-08,New
CUST02314,C002,18-25,Female,South Korea,Premium,Budget Buyer,2021-04-22,Loyal
CUST02315,C001,36-45,Other,Germany,Low,Technology Enthusiast,2020-03-21,Loyal
CUST02316,C010,36-45,Male,USA,High,Value Seeker,2020-01-13,New
CUST02317,C005,18-25,Other,Canada,Premium,Premium Customer,2025-08-17,VIP
CUST02318,C004,26-35,Female,South Korea,Low,Premium Customer,2020-09-23,VIP
CUST02319,C010,36-45,Male,Singapore,Premium,Budget Buyer,2026-03-29,Regular
CUST02320,C004,36-45,Male,South Korea,Premium,Technology Enthusiast,2025-06-09,Loyal
CUST02321,C004,26-35,Female,Singapore,Medium,Value Seeker,2022-08-13,Loyal
CUST02322,C010,18-25,Other,South Korea,Low,Budget Buyer,2026-05-17,Loyal
CUST02323,C003,26-35,Male,Germany,Premium,Budget Buyer,2024-10-30,VIP
CUST02324,C009,18-25,Male,Singapore,Low,Value Seeker,2021-12-03,New
CUST02325,C005,56+,Male,Germany,High,Technology Enthusiast,2021-01-24,VIP
CUST02326,C003,18-25,Female,India,High,Technology Enthusiast,2021-04-03,New
CUST02327,C002,46-55,Female,Canada,Medium,Value Seeker,2026-02-16,New
CUST02328,C008,56+,Other,Germany,Premium,Technology Enthusiast,2023-12-29,Loyal
CUST02329,C008,56+,Male,India,Low,Young Professional,2020-02-17,New
CUST02330,C007,36-45,Female,USA,Medium,Value Seeker,2025-04-26,VIP
CUST02331,C010,36-45,Other,Singapore,Low,Budget Buyer,2020-12-14,Regular
CUST02332,C009,56+,Female,UK,Premium,Technology Enthusiast,2025-08-08,Regular
CUST02333,C008,56+,Other,South Korea,Low,Young Professional,2024-05-25,New
CUST02334,C010,26-35,Other,USA,High,Budget Buyer,2023-12-23,VIP
CUST02335,C002,46-55,Male,South Korea,Medium,Value Seeker,2023-12-23,VIP
CUST02336,C005,56+,Male,Japan,Premium,Young Professional,2026-03-15,New
CUST02337,C008,46-55,Male,Canada,Low,Technology Enthusiast,2026-07-07,VIP
CUST02338,C005,46-55,Other,Germany,High,Technology Enthusiast,2024-03-21,VIP
CUST02339,C001,46-55,Other,Canada,Medium,Budget Buyer,2022-12-24,VIP
CUST02340,C001,56+,Female,USA,Premium,Value Seeker,2021-09-18,Regular
CUST02341,C006,26-35,Other,Singapore,High,Technology Enthusiast,2026-07-03,Regular
CUST02342,C001,56+,Male,Canada,Premium,Technology Enthusiast,2025-08-20,Regular
CUST02343,C010,46-55,Male,Canada,Premium,Premium Customer,2020-06-17,Regular
CUST02344,C009,56+,Other,USA,Premium,Budget Buyer,2024-12-28,New
CUST02345,C002,18-25,Male,USA,Medium,Young Professional,2023-05-13,Regular
CUST02346,C004,18-25,Male,Germany,Premium,Premium Customer,2024-07-26,New
CUST02347,C006,26-35,Male,Canada,High,Technology Enthusiast,2022-02-03,New
CUST02348,C007,18-25,Male,Japan,High,Young Professional,2023-09-23,VIP
CUST02349,C003,18-25,Other,USA,Premium,Young Professional,2022-12-09,New
CUST02350,C004,36-45,Male,Singapore,Premium,Budget Buyer,2023-03-30,VIP
CUST02351,C008,56+,Male,Canada,Low,Technology Enthusiast,2020-09-24,New
CUST02352,C007,56+,Male,USA,High,Budget Buyer,2025-03-06,VIP
CUST02353,C005,56+,Male,Germany,High,Technology Enthusiast,2024-08-21,Regular
CUST02354,C007,36-45,Other,Singapore,Medium,Technology Enthusiast,2024-03-22,VIP
CUST02355,C010,46-55,Female,Singapore,High,Budget Buyer,2026-02-28,Loyal
CUST02356,C006,36-45,Other,India,Low,Budget Buyer,2022-12-05,Regular
CUST02357,C010,18-25,Other,South Korea,High,Value Seeker,2022-01-09,VIP
CUST02358,C001,18-25,Male,South Korea,Low,Premium Customer,2023-12-09,New
CUST02359,C004,56+,Female,Germany,Premium,Young Professional,2026-01-11,Regular
CUST02360,C007,18-25,Other,Canada,High,Young Professional,2021-05-30,New
CUST02361,C007,18-25,Male,India,High,Value Seeker,2025-06-11,Loyal
CUST02362,C009,36-45,Male,India,High,Premium Customer,2026-07-05,VIP
CUST02363,C005,56+,Female,Singapore,Premium,Premium Customer,2026-03-30,New
CUST02364,C006,36-45,Male,India,High,Young Professional,2024-11-20,VIP
CUST02365,C006,46-55,Female,India,Premium,Young Professional,2025-06-30,Loyal
CUST02366,C004,56+,Other,India,Premium,Value Seeker,2022-02-26,Regular
CUST02367,C006,46-55,Female,UK,Medium,Premium Customer,2022-11-23,Loyal
CUST02368,C005,18-25,Female,Japan,High,Value Seeker,2020-08-09,New
CUST02369,C001,26-35,Male,USA,Medium,Value Seeker,2024-10-08,Loyal
CUST02370,C003,46-55,Female,South Korea,High,Premium Customer,2025-01-25,Regular
CUST02371,C006,46-55,Male,USA,Low,Value Seeker,2020-10-02,Loyal
CUST02372,C002,36-45,Other,Canada,Premium,Budget Buyer,2021-01-13,New
CUST02373,C009,18-25,Female,Singapore,Premium,Premium Customer,2020-03-02,Regular
CUST02374,C004,26-35,Other,Japan,Premium,Budget Buyer,2020-11-20,Loyal
CUST02375,C008,46-55,Female,UK,Premium,Budget Buyer,2021-07-06,Regular
CUST02376,C002,18-25,Male,Canada,Medium,Premium Customer,2021-11-05,Loyal
CUST02377,C004,36-45,Other,Singapore,Low,Premium Customer,2024-10-27,Loyal
CUST02378,C003,36-45,Other,UK,High,Value Seeker,2024-02-18,New
CUST02379,C009,56+,Female,Canada,High,Young Professional,2022-08-10,New
CUST02380,C001,36-45,Female,Japan,High,Premium Customer,2024-10-24,Loyal
CUST02381,C003,18-25,Male,UK,Medium,Value Seeker,2022-03-17,VIP
CUST02382,C005,56+,Other,South Korea,Low,Premium Customer,2026-01-09,VIP
CUST02383,C007,26-35,Other,Canada,Medium,Premium Customer,2022-04-24,Regular
CUST02384,C001,56+,Other,Singapore,Medium,Budget Buyer,2022-02-23,VIP
CUST02385,C006,56+,Male,USA,Premium,Value Seeker,2020-02-21,New
CUST02386,C005,26-35,Male,Singapore,Medium,Young Professional,2023-09-09,Regular
CUST02387,C005,36-45,Male,Canada,Low,Budget Buyer,2022-07-28,New
CUST02388,C009,46-55,Female,South Korea,High,Technology Enthusiast,2020-10-10,New
CUST02389,C007,26-35,Female,Canada,High,Young Professional,2023-11-15,Loyal
CUST02390,C005,18-25,Other,Germany,High,Budget Buyer,2024-10-17,VIP
CUST02391,C010,46-55,Other,USA,Low,Young Professional,2022-06-09,Regular
CUST02392,C010,26-35,Other,South Korea,High,Technology Enthusiast,2021-05-20,VIP
CUST02393,C010,56+,Female,UK,Low,Young Professional,2026-05-15,Loyal
CUST02394,C008,26-35,Female,USA,High,Premium Customer,2026-06-28,Regular
CUST02395,C005,26-35,Male,USA,Premium,Young Professional,2024-03-23,Regular
CUST02396,C005,26-35,Other,Germany,Premium,Value Seeker,2021-06-25,Regular
CUST02397,C004,18-25,Male,USA,Premium,Budget Buyer,2026-05-15,VIP
CUST02398,C003,26-35,Male,India,Medium,Value Seeker,2026-05-09,Regular
CUST02399,C002,18-25,Male,UK,Medium,Value Seeker,2020-07-02,New
CUST02400,C001,56+,Female,South Korea,Premium,Premium Customer,2020-09-15,New
CUST02401,C001,56+,Other,South Korea,Premium,Budget Buyer,2020-05-02,New
CUST02402,C009,36-45,Male,Japan,Premium,Budget Buyer,2020-12-08,Loyal
CUST02403,C001,56+,Female,Japan,Medium,Budget Buyer,2022-08-21,New
CUST02404,C008,46-55,Other,UK,Medium,Young Professional,2023-02-05,Loyal
CUST02405,C007,18-25,Male,India,Medium,Budget Buyer,2023-07-19,VIP
CUST02406,C007,18-25,Female,Canada,High,Technology Enthusiast,2022-01-17,VIP
CUST02407,C008,36-45,Male,India,Premium,Premium Customer,2020-11-01,VIP
CUST02408,C007,18-25,Male,India,Premium,Young Professional,2023-01-05,Loyal
CUST02409,C002,26-35,Female,India,Premium,Technology Enthusiast,2021-01-04,Loyal
CUST02410,C002,56+,Other,Canada,Premium,Budget Buyer,2024-06-21,New
CUST02411,C006,26-35,Female,Singapore,Medium,Young Professional,2026-04-19,Regular
CUST02412,C007,56+,Other,Singapore,Medium,Premium Customer,2025-12-28,VIP
CUST02413,C001,26-35,Other,Singapore,Low,Premium Customer,2025-12-02,VIP
CUST02414,C010,36-45,Male,Japan,Premium,Value Seeker,2020-10-24,Loyal
CUST02415,C008,56+,Female,Singapore,Low,Technology Enthusiast,2020-11-13,Regular
CUST02416,C003,18-25,Male,Singapore,High,Premium Customer,2020-04-01,Regular
CUST02417,C007,36-45,Male,India,High,Value Seeker,2020-03-01,New
CUST02418,C008,36-45,Other,Japan,Low,Premium Customer,2024-01-19,VIP
CUST02419,C008,18-25,Other,UK,Premium,Young Professional,2023-04-06,VIP
CUST02420,C010,18-25,Male,UK,High,Budget Buyer,2022-01-27,VIP
CUST02421,C003,36-45,Male,UK,Medium,Technology Enthusiast,2024-11-19,VIP
CUST02422,C006,56+,Male,South Korea,Low,Young Professional,2025-09-29,Loyal
CUST02423,C005,18-25,Other,Japan,High,Young Professional,2021-06-24,VIP
CUST02424,C001,46-55,Other,UK,Low,Technology Enthusiast,2023-07-30,Regular
CUST02425,C003,46-55,Male,India,Low,Budget Buyer,2024-02-12,VIP
CUST02426,C004,46-55,Female,India,Premium,Value Seeker,2023-11-02,Regular
CUST02427,C003,46-55,Male,UK,High,Young Professional,2023-02-14,New
CUST02428,C001,46-55,Other,UK,Medium,Young Professional,2020-12-30,VIP
CUST02429,C004,26-35,Female,USA,Premium,Technology Enthusiast,2021-01-04,Loyal
CUST02430,C001,18-25,Male,Japan,Low,Budget Buyer,2025-05-26,New
CUST02431,C010,18-25,Other,UK,Premium,Budget Buyer,2024-03-02,New
CUST02432,C006,46-55,Male,India,High,Value Seeker,2022-01-31,VIP
CUST02433,C001,26-35,Male,India,Low,Premium Customer,2026-05-21,New
CUST02434,C007,18-25,Male,South Korea,High,Budget Buyer,2023-07-09,Loyal
CUST02435,C009,36-45,Male,UK,Premium,Premium Customer,2023-09-02,Regular
CUST02436,C007,26-35,Other,Canada,High,Premium Customer,2023-11-12,New
CUST02437,C007,56+,Other,UK,Premium,Value Seeker,2020-12-26,Loyal
CUST02438,C009,26-35,Other,USA,Low,Young Professional,2020-12-04,Loyal
CUST02439,C001,36-45,Other,Singapore,Medium,Value Seeker,2021-09-21,New
CUST02440,C008,26-35,Other,Japan,Premium,Young Professional,2023-04-30,Regular
CUST02441,C006,46-55,Other,India,Premium,Young Professional,2021-09-12,VIP
CUST02442,C001,46-55,Male,Germany,High,Young Professional,2024-10-24,Regular
CUST02443,C009,26-35,Female,Germany,Premium,Young Professional,2023-05-28,VIP
CUST02444,C003,18-25,Female,Japan,Low,Premium Customer,2026-01-21,VIP
CUST02445,C005,46-55,Female,South Korea,High,Young Professional,2020-07-24,New
CUST02446,C006,26-35,Male,UK,Low,Technology Enthusiast,2024-06-14,New
CUST02447,C009,36-45,Male,India,Premium,Young Professional,2023-09-27,New
CUST02448,C010,26-35,Male,USA,Low,Premium Customer,2021-02-20,VIP
CUST02449,C002,26-35,Female,Canada,Premium,Premium Customer,2020-03-19,New
CUST02450,C003,18-25,Female,Japan,Medium,Young Professional,2021-11-19,Loyal
CUST02451,C002,18-25,Male,UK,Medium,Premium Customer,2021-12-26,Loyal
CUST02452,C010,18-25,Male,UK,Premium,Budget Buyer,2024-01-03,New
CUST02453,C006,36-45,Male,UK,High,Technology Enthusiast,2021-03-30,Loyal
CUST02454,C008,18-25,Female,Canada,Low,Premium Customer,2023-10-23,New
CUST02455,C008,26-35,Female,India,High,Technology Enthusiast,2022-02-22,Loyal
CUST02456,C001,18-25,Male,India,Premium,Young Professional,2022-08-02,Regular
CUST02457,C005,26-35,Other,USA,Low,Young Professional,2020-02-19,Loyal
CUST02458,C003,26-35,Female,India,High,Budget Buyer,2020-05-08,New
CUST02459,C009,56+,Male,Germany,High,Technology Enthusiast,2023-05-13,Regular
CUST02460,C009,36-45,Male,Japan,High,Value Seeker,2024-01-11,New
CUST02461,C006,18-25,Male,India,Premium,Premium Customer,2024-05-07,New
CUST02462,C001,56+,Female,India,Low,Technology Enthusiast,2024-06-17,VIP
CUST02463,C008,36-45,Male,Germany,Premium,Technology Enthusiast,2025-05-09,Loyal
CUST02464,C003,26-35,Other,Canada,High,Technology Enthusiast,2022-06-11,Loyal
CUST02465,C004,18-25,Female,South Korea,Premium,Premium Customer,2020-03-25,Regular
CUST02466,C006,18-25,Male,UK,High,Budget Buyer,2023-09-05,New
CUST02467,C008,46-55,Female,Canada,Medium,Premium Customer,2022-05-20,Regular
CUST02468,C005,46-55,Other,Canada,Medium,Technology Enthusiast,2021-03-09,New
CUST02469,C003,26-35,Male,Germany,High,Young Professional,2026-06-03,New
CUST02470,C002,18-25,Other,India,Premium,Budget Buyer,2020-03-03,Loyal
CUST02471,C004,56+,Other,Singapore,High,Value Seeker,2020-01-24,New
CUST02472,C003,18-25,Female,Singapore,Premium,Value Seeker,2021-04-22,Regular
CUST02473,C010,36-45,Other,Japan,Premium,Young Professional,2020-01-27,VIP
CUST02474,C006,26-35,Male,UK,Premium,Young Professional,2026-05-05,Regular
CUST02475,C007,26-35,Male,Singapore,Medium,Budget Buyer,2020-07-09,Regular
CUST02476,C008,36-45,Other,UK,Low,Young Professional,2024-02-24,VIP
CUST02477,C008,56+,Male,India,Premium,Budget Buyer,2020-04-11,New
CUST02478,C006,26-35,Other,India,Medium,Value Seeker,2021-10-25,VIP
CUST02479,C003,56+,Other,UK,Low,Young Professional,2021-02-09,New
CUST02480,C009,46-55,Other,India,High,Technology Enthusiast,2026-06-04,New
CUST02481,C007,18-25,Other,Singapore,Medium,Technology Enthusiast,2021-03-11,Loyal
CUST02482,C006,56+,Male,Japan,Premium,Premium Customer,2026-03-03,Regular
CUST02483,C002,56+,Other,India,Low,Young Professional,2024-04-12,Regular
CUST02484,C008,56+,Male,USA,Premium,Technology Enthusiast,2025-12-31,Regular
CUST02485,C009,46-55,Male,Canada,High,Young Professional,2026-07-11,New
CUST02486,C002,26-35,Male,South Korea,Medium,Budget Buyer,2025-10-05,New
CUST02487,C003,26-35,Other,Canada,Medium,Value Seeker,2026-03-07,Regular
CUST02488,C003,36-45,Male,Canada,High,Premium Customer,2020-08-30,Loyal
CUST02489,C004,56+,Other,USA,Low,Premium Customer,2021-06-23,Loyal
CUST02490,C010,18-25,Other,UK,Low,Value Seeker,2022-03-14,New
CUST02491,C004,36-45,Other,UK,Medium,Value Seeker,2020-07-26,Regular
CUST02492,C008,36-45,Male,USA,Medium,Young Professional,2025-08-01,Regular
CUST02493,C001,56+,Male,Singapore,High,Budget Buyer,2021-06-19,VIP
CUST02494,C005,26-35,Male,India,High,Technology Enthusiast,2024-06-09,Regular
CUST02495,C008,46-55,Female,Singapore,Low,Technology Enthusiast,2025-02-14,Regular
CUST02496,C003,18-25,Other,UK,Low,Premium Customer,2020-10-17,New
CUST02497,C008,46-55,Other,India,Medium,Technology Enthusiast,2023-05-07,Regular
CUST02498,C002,36-45,Male,Canada,Low,Technology Enthusiast,2020-04-29,VIP
CUST02499,C007,26-35,Other,USA,Medium,Budget Buyer,2021-10-26,VIP
CUST02500,C008,56+,Male,Japan,Premium,Technology Enthusiast,2020-02-27,Loyal
CUST02501,C007,46-55,Male,Singapore,Medium,Premium Customer,2024-05-29,Regular
CUST02502,C002,56+,Female,Japan,High,Budget Buyer,2026-05-25,Loyal
CUST02503,C010,36-45,Female,India,Premium,Premium Customer,2023-03-21,VIP
CUST02504,C004,56+,Male,Germany,Premium,Young Professional,2023-06-08,New
CUST02505,C005,26-35,Female,Germany,Medium,Value Seeker,2024-03-23,VIP
CUST02506,C003,18-25,Male,Canada,Medium,Young Professional,2024-11-12,Regular
CUST02507,C007,36-45,Other,Japan,High,Value Seeker,2021-07-16,New
CUST02508,C009,18-25,Other,South Korea,Low,Technology Enthusiast,2025-10-03,VIP
CUST02509,C003,36-45,Other,USA,Premium,Young Professional,2022-09-10,Regular
CUST02510,C004,36-45,Male,UK,High,Premium Customer,2026-04-11,Regular
CUST02511,C006,36-45,Other,Germany,Medium,Value Seeker,2020-08-23,Loyal
CUST02512,C004,26-35,Male,USA,High,Technology Enthusiast,2020-05-22,VIP
CUST02513,C007,36-45,Other,Canada,High,Premium Customer,2020-04-24,VIP
CUST02514,C010,46-55,Female,South Korea,Premium,Technology Enthusiast,2023-01-05,Loyal
CUST02515,C006,36-45,Male,Singapore,High,Technology Enthusiast,2022-03-27,VIP
CUST02516,C005,46-55,Other,Singapore,Low,Premium Customer,2024-05-28,Regular
CUST02517,C005,18-25,Male,Japan,High,Young Professional,2021-06-02,New
CUST02518,C009,56+,Female,Canada,Low,Young Professional,2020-02-02,Regular
CUST02519,C007,36-45,Female,Singapore,Premium,Young Professional,2021-08-07,VIP
CUST02520,C003,26-35,Male,South Korea,High,Value Seeker,2021-04-07,Regular
CUST02521,C006,36-45,Male,Singapore,Low,Young Professional,2021-05-01,New
CUST02522,C005,56+,Male,Germany,Medium,Premium Customer,2026-02-08,New
CUST02523,C005,36-45,Male,India,Premium,Technology Enthusiast,2023-07-21,VIP
CUST02524,C004,26-35,Male,India,Low,Technology Enthusiast,2025-02-18,New
CUST02525,C008,36-45,Male,UK,Low,Budget Buyer,2025-12-14,Loyal
CUST02526,C009,18-25,Other,Canada,High,Value Seeker,2025-01-03,Regular
CUST02527,C006,26-35,Female,South Korea,High,Young Professional,2023-02-18,VIP
CUST02528,C001,46-55,Male,UK,Low,Technology Enthusiast,2021-04-05,VIP
CUST02529,C006,26-35,Female,South Korea,Premium,Value Seeker,2021-08-27,VIP
CUST02530,C007,46-55,Male,Germany,Premium,Budget Buyer,2023-08-19,New
CUST02531,C005,18-25,Other,Japan,Medium,Premium Customer,2020-09-10,New
CUST02532,C001,36-45,Other,India,Low,Budget Buyer,2024-02-14,Regular
CUST02533,C008,26-35,Male,Canada,Medium,Young Professional,2021-12-30,VIP
CUST02534,C004,46-55,Male,Canada,Medium,Technology Enthusiast,2021-05-06,New
CUST02535,C004,56+,Other,USA,Premium,Value Seeker,2024-06-18,New
CUST02536,C004,26-35,Female,Japan,High,Value Seeker,2021-05-13,VIP
CUST02537,C003,56+,Other,UK,Premium,Value Seeker,2020-04-19,Loyal
CUST02538,C003,56+,Female,Germany,Medium,Value Seeker,2024-03-09,Regular
CUST02539,C003,26-35,Other,Germany,Medium,Budget Buyer,2024-12-18,Loyal
CUST02540,C006,26-35,Female,Germany,Medium,Value Seeker,2025-04-24,VIP
CUST02541,C007,56+,Female,India,Premium,Premium Customer,2020-12-22,New
CUST02542,C001,46-55,Male,UK,Premium,Technology Enthusiast,2026-03-07,VIP
CUST02543,C002,26-35,Male,Singapore,Low,Budget Buyer,2025-09-02,New
CUST02544,C008,26-35,Female,USA,High,Technology Enthusiast,2021-05-25,Regular
CUST02545,C009,26-35,Other,USA,Premium,Premium Customer,2026-04-13,Loyal
CUST02546,C009,46-55,Female,Germany,High,Premium Customer,2022-11-23,Loyal
CUST02547,C003,26-35,Male,UK,Medium,Value Seeker,2021-08-17,New
CUST02548,C002,36-45,Male,Japan,Medium,Value Seeker,2023-04-11,Regular
CUST02549,C006,18-25,Female,UK,High,Value Seeker,2024-07-16,Loyal
CUST02550,C001,26-35,Other,South Korea,Medium,Budget Buyer,2024-05-14,New
CUST02551,C009,36-45,Female,South Korea,High,Budget Buyer,2020-08-15,Regular
CUST02552,C001,36-45,Male,Canada,Low,Technology Enthusiast,2025-06-11,Loyal
CUST02553,C003,18-25,Male,Singapore,Medium,Premium Customer,2020-02-25,New
CUST02554,C009,46-55,Male,South Korea,High,Premium Customer,2023-03-20,New
CUST02555,C006,46-55,Male,Japan,High,Young Professional,2023-02-07,New
CUST02556,C003,36-45,Male,Singapore,High,Budget Buyer,2020-10-02,New
CUST02557,C010,36-45,Female,Canada,Low,Technology Enthusiast,2023-11-02,New
CUST02558,C010,56+,Male,Japan,Premium,Technology Enthusiast,2024-03-19,VIP
CUST02559,C006,18-25,Female,India,Medium,Budget Buyer,2022-01-27,Loyal
CUST02560,C003,26-35,Other,India,Low,Technology Enthusiast,2024-11-15,VIP
CUST02561,C002,18-25,Male,Canada,Low,Value Seeker,2021-07-10,Regular
CUST02562,C007,46-55,Other,South Korea,Premium,Budget Buyer,2024-07-10,VIP
CUST02563,C004,26-35,Female,South Korea,Premium,Value Seeker,2020-10-30,New
CUST02564,C010,26-35,Female,Singapore,Low,Premium Customer,2022-01-29,Loyal
CUST02565,C010,56+,Other,South Korea,Premium,Young Professional,2025-12-12,Regular
CUST02566,C004,36-45,Male,USA,Low,Premium Customer,2026-05-30,Loyal
CUST02567,C005,18-25,Other,Japan,Medium,Value Seeker,2022-02-10,New
CUST02568,C003,26-35,Male,USA,High,Budget Buyer,2020-07-06,Loyal
CUST02569,C008,36-45,Female,South Korea,High,Premium Customer,2024-03-28,New
CUST02570,C001,26-35,Female,South Korea,Premium,Young Professional,2020-01-05,Loyal
CUST02571,C009,46-55,Female,Canada,Premium,Technology Enthusiast,2024-11-17,VIP
CUST02572,C005,46-55,Male,Singapore,High,Premium Customer,2020-12-30,New
CUST02573,C005,18-25,Male,Singapore,Medium,Young Professional,2023-09-16,Loyal
CUST02574,C004,26-35,Male,Singapore,High,Technology Enthusiast,2025-04-10,VIP
CUST02575,C010,46-55,Female,USA,Low,Technology Enthusiast,2022-02-02,Loyal
CUST02576,C003,46-55,Male,Japan,Medium,Budget Buyer,2026-05-20,Loyal
CUST02577,C010,18-25,Male,Japan,High,Budget Buyer,2025-03-23,Regular
CUST02578,C009,46-55,Female,Germany,Premium,Young Professional,2021-10-21,Regular
CUST02579,C002,56+,Female,Japan,Premium,Young Professional,2023-07-10,Loyal
CUST02580,C007,26-35,Female,Japan,High,Young Professional,2024-11-15,Regular
CUST02581,C005,18-25,Female,USA,Premium,Technology Enthusiast,2022-11-20,Regular
CUST02582,C010,36-45,Female,South Korea,High,Value Seeker,2022-09-20,Loyal
CUST02583,C007,18-25,Other,UK,Medium,Value Seeker,2022-12-16,New
CUST02584,C010,56+,Female,UK,Premium,Value Seeker,2023-09-06,Loyal
CUST02585,C002,26-35,Male,India,Premium,Value Seeker,2022-10-17,New
CUST02586,C003,46-55,Male,South Korea,High,Young Professional,2021-04-16,Loyal
CUST02587,C004,46-55,Female,Japan,Premium,Technology Enthusiast,2023-03-21,Regular
CUST02588,C003,26-35,Male,India,High,Young Professional,2020-06-01,VIP
CUST02589,C005,18-25,Male,Germany,Low,Budget Buyer,2024-04-11,Regular
CUST02590,C006,26-35,Male,Germany,Premium,Young Professional,2021-03-12,VIP
CUST02591,C006,56+,Female,Germany,High,Technology Enthusiast,2025-12-05,Loyal
CUST02592,C008,56+,Female,USA,Medium,Budget Buyer,2020-01-10,Loyal
CUST02593,C006,36-45,Male,Canada,High,Premium Customer,2026-03-13,VIP
CUST02594,C004,18-25,Male,Japan,Low,Value Seeker,2020-12-12,Loyal
CUST02595,C003,46-55,Male,UK,Low,Value Seeker,2022-02-19,Regular
CUST02596,C005,36-45,Male,Canada,Premium,Value Seeker,2025-02-16,New
CUST02597,C001,26-35,Other,South Korea,Premium,Technology Enthusiast,2023-05-18,VIP
CUST02598,C009,18-25,Other,Japan,Medium,Technology Enthusiast,2020-04-24,Loyal
CUST02599,C007,18-25,Male,USA,Premium,Premium Customer,2026-07-14,Loyal
CUST02600,C002,36-45,Male,India,High,Value Seeker,2025-03-22,Loyal
CUST02601,C001,26-35,Other,Japan,Low,Value Seeker,2021-09-27,Regular
CUST02602,C009,46-55,Female,Japan,Medium,Premium Customer,2023-02-22,Loyal
CUST02603,C003,26-35,Male,UK,Medium,Budget Buyer,2022-03-25,Regular
CUST02604,C001,36-45,Female,USA,Medium,Value Seeker,2021-07-04,New
CUST02605,C004,26-35,Male,Canada,Premium,Premium Customer,2020-03-30,VIP
CUST02606,C002,46-55,Female,Japan,Low,Premium Customer,2021-05-18,VIP
CUST02607,C003,56+,Other,Japan,High,Value Seeker,2025-05-13,New
CUST02608,C003,36-45,Male,India,Low,Value Seeker,2023-02-12,Regular
CUST02609,C010,36-45,Female,UK,Medium,Budget Buyer,2026-03-27,Regular
CUST02610,C005,18-25,Male,Canada,Premium,Budget Buyer,2021-06-23,New
CUST02611,C002,26-35,Male,UK,High,Budget Buyer,2025-02-03,Loyal
CUST02612,C001,46-55,Female,South Korea,Low,Premium Customer,2024-12-04,VIP
CUST02613,C006,46-55,Male,UK,High,Budget Buyer,2022-12-02,VIP
CUST02614,C006,26-35,Other,South Korea,Medium,Premium Customer,2026-01-27,Regular
CUST02615,C006,18-25,Male,UK,High,Technology Enthusiast,2025-09-02,New
CUST02616,C010,46-55,Female,Canada,High,Technology Enthusiast,2023-11-06,Regular
CUST02617,C004,26-35,Other,Germany,Premium,Technology Enthusiast,2025-06-11,New
CUST02618,C003,26-35,Male,USA,Low,Budget Buyer,2021-02-12,VIP
CUST02619,C009,26-35,Other,Japan,Premium,Technology Enthusiast,2020-06-20,New
CUST02620,C002,18-25,Female,Canada,Low,Value Seeker,2025-02-04,Regular
CUST02621,C006,56+,Other,Canada,High,Value Seeker,2021-02-28,Loyal
CUST02622,C002,18-25,Male,UK,Medium,Premium Customer,2025-07-16,VIP
CUST02623,C005,26-35,Other,South Korea,Medium,Value Seeker,2022-10-20,New
CUST02624,C006,26-35,Male,USA,Premium,Value Seeker,2023-03-30,VIP
CUST02625,C006,56+,Other,Singapore,Medium,Value Seeker,2022-12-03,New
CUST02626,C009,26-35,Female,Canada,High,Premium Customer,2022-03-11,New
CUST02627,C005,56+,Female,Japan,Low,Young Professional,2025-08-19,VIP
CUST02628,C001,18-25,Female,Singapore,High,Budget Buyer,2021-11-11,Loyal
CUST02629,C004,46-55,Female,UK,Premium,Premium Customer,2025-01-09,Regular
CUST02630,C003,46-55,Male,Canada,Medium,Premium Customer,2023-07-20,VIP
CUST02631,C008,26-35,Male,Japan,Medium,Budget Buyer,2023-07-30,VIP
CUST02632,C002,36-45,Other,USA,Medium,Technology Enthusiast,2024-06-23,Regular
CUST02633,C001,56+,Other,UK,Medium,Technology Enthusiast,2024-02-19,Loyal
CUST02634,C002,36-45,Female,Germany,Low,Value Seeker,2020-10-19,Loyal
CUST02635,C006,46-55,Male,Singapore,Medium,Premium Customer,2026-07-10,Regular
CUST02636,C007,56+,Other,Canada,Medium,Budget Buyer,2021-12-06,VIP
CUST02637,C007,36-45,Other,Canada,Low,Technology Enthusiast,2020-11-07,Loyal
CUST02638,C002,26-35,Other,USA,Medium,Technology Enthusiast,2022-03-07,New
CUST02639,C001,56+,Other,Germany,Medium,Budget Buyer,2023-01-21,New
CUST02640,C003,18-25,Male,USA,High,Young Professional,2021-09-13,New
CUST02641,C006,26-35,Female,Singapore,Premium,Premium Customer,2026-01-13,Loyal
CUST02642,C001,56+,Male,Japan,High,Technology Enthusiast,2021-03-01,New
CUST02643,C007,36-45,Male,India,Low,Premium Customer,2023-06-20,Regular
CUST02644,C010,46-55,Female,South Korea,Medium,Young Professional,2025-08-20,Loyal
CUST02645,C007,36-45,Female,Canada,Low,Technology Enthusiast,2024-07-03,VIP
CUST02646,C003,36-45,Other,UK,Low,Technology Enthusiast,2022-06-10,Regular
CUST02647,C007,26-35,Male,Germany,Medium,Budget Buyer,2021-08-16,Loyal
CUST02648,C002,36-45,Male,Canada,Medium,Budget Buyer,2020-07-05,Loyal
CUST02649,C008,56+,Other,USA,Low,Premium Customer,2025-09-24,VIP
CUST02650,C003,56+,Other,Canada,Low,Value Seeker,2024-07-22,Regular
CUST02651,C002,18-25,Male,Germany,Premium,Premium Customer,2026-02-28,VIP
CUST02652,C001,18-25,Male,India,High,Value Seeker,2021-11-19,Regular
CUST02653,C009,26-35,Other,Singapore,Medium,Budget Buyer,2023-10-10,New
CUST02654,C006,36-45,Male,Canada,Medium,Technology Enthusiast,2020-07-09,Regular
CUST02655,C009,36-45,Other,UK,Premium,Technology Enthusiast,2020-01-08,Regular
CUST02656,C010,18-25,Female,Singapore,Premium,Value Seeker,2020-09-12,VIP
CUST02657,C007,26-35,Male,Germany,Premium,Value Seeker,2022-09-26,Regular
CUST02658,C008,18-25,Other,Japan,Low,Technology Enthusiast,2024-07-27,VIP
CUST02659,C003,46-55,Male,Germany,Premium,Technology Enthusiast,2024-06-16,Loyal
CUST02660,C002,18-25,Male,UK,Medium,Value Seeker,2020-01-04,Regular
CUST02661,C010,18-25,Other,Germany,High,Value Seeker,2021-09-16,VIP
CUST02662,C010,56+,Female,Japan,Low,Premium Customer,2020-09-16,VIP
CUST02663,C008,18-25,Other,India,Premium,Young Professional,2024-04-28,Regular
CUST02664,C001,56+,Male,Canada,Medium,Budget Buyer,2026-01-13,Regular
CUST02665,C008,46-55,Male,South Korea,Low,Young Professional,2024-12-26,VIP
CUST02666,C010,26-35,Other,Canada,High,Premium Customer,2025-12-24,Regular
CUST02667,C001,46-55,Female,Japan,Premium,Technology Enthusiast,2021-09-09,VIP
CUST02668,C003,56+,Male,UK,High,Premium Customer,2023-12-20,Regular
CUST02669,C005,56+,Other,UK,High,Young Professional,2025-09-08,Regular
CUST02670,C010,46-55,Other,India,Premium,Young Professional,2023-01-22,Regular
CUST02671,C010,46-55,Female,South Korea,Medium,Technology Enthusiast,2020-04-02,VIP
CUST02672,C007,18-25,Female,Singapore,Premium,Budget Buyer,2023-06-01,New
CUST02673,C009,36-45,Other,South Korea,High,Technology Enthusiast,2025-02-16,Loyal
CUST02674,C010,36-45,Female,Canada,Low,Technology Enthusiast,2026-05-27,Regular
CUST02675,C010,36-45,Male,Singapore,Premium,Value Seeker,2025-08-26,Loyal
CUST02676,C008,36-45,Male,Singapore,Low,Premium Customer,2025-10-26,Loyal
CUST02677,C010,18-25,Female,Canada,High,Budget Buyer,2025-12-26,Regular
CUST02678,C009,18-25,Female,UK,Low,Budget Buyer,2024-06-03,Regular
CUST02679,C007,46-55,Male,Singapore,Premium,Young Professional,2021-07-25,New
CUST02680,C001,26-35,Female,Canada,High,Technology Enthusiast,2026-02-07,New
CUST02681,C004,56+,Other,Germany,Low,Young Professional,2020-01-03,VIP
CUST02682,C005,56+,Male,South Korea,High,Budget Buyer,2026-01-24,Loyal
CUST02683,C007,18-25,Male,South Korea,High,Budget Buyer,2022-08-26,New
CUST02684,C001,18-25,Other,Japan,Premium,Premium Customer,2022-05-21,New
CUST02685,C010,26-35,Male,Japan,Premium,Young Professional,2023-12-28,New
CUST02686,C009,56+,Male,South Korea,High,Premium Customer,2022-12-05,VIP
CUST02687,C010,56+,Female,India,Low,Technology Enthusiast,2020-07-31,VIP
CUST02688,C003,18-25,Male,USA,Medium,Premium Customer,2024-08-24,Loyal
CUST02689,C002,26-35,Female,Canada,High,Young Professional,2020-07-13,Regular
CUST02690,C010,46-55,Female,Canada,High,Premium Customer,2020-06-26,VIP
CUST02691,C006,36-45,Male,Singapore,Medium,Value Seeker,2021-11-06,New
CUST02692,C006,56+,Other,Singapore,Premium,Value Seeker,2023-11-10,Loyal
CUST02693,C007,26-35,Male,USA,Low,Young Professional,2021-12-31,Regular
CUST02694,C004,46-55,Male,Canada,Premium,Young Professional,2023-04-22,VIP
CUST02695,C007,56+,Female,Japan,High,Technology Enthusiast,2023-05-28,Regular
CUST02696,C010,36-45,Male,USA,Medium,Technology Enthusiast,2024-11-25,Regular
CUST02697,C006,46-55,Male,UK,High,Young Professional,2020-01-26,Loyal
CUST02698,C004,26-35,Other,India,Low,Value Seeker,2021-02-20,VIP
CUST02699,C003,18-25,Male,South Korea,Medium,Value Seeker,2022-01-27,VIP
CUST02700,C008,46-55,Female,Germany,High,Technology Enthusiast,2021-10-05,Loyal
CUST02701,C006,36-45,Male,UK,High,Value Seeker,2026-03-19,Loyal
CUST02702,C003,18-25,Female,USA,High,Premium Customer,2023-07-04,Loyal
CUST02703,C010,46-55,Male,India,High,Budget Buyer,2020-12-10,New
CUST02704,C006,56+,Male,Canada,Premium,Premium Customer,2023-06-17,Loyal
CUST02705,C005,26-35,Female,Germany,High,Value Seeker,2025-04-15,Loyal
CUST02706,C008,36-45,Male,South Korea,Low,Young Professional,2025-12-06,Loyal
CUST02707,C010,26-35,Female,Canada,Medium,Budget Buyer,2025-02-24,Loyal
CUST02708,C004,56+,Other,India,Medium,Value Seeker,2025-06-23,New
CUST02709,C009,46-55,Male,USA,Medium,Value Seeker,2022-06-10,Regular
CUST02710,C007,56+,Female,UK,Low,Young Professional,2020-06-02,Regular
CUST02711,C008,46-55,Male,India,High,Technology Enthusiast,2026-02-03,VIP
CUST02712,C003,18-25,Female,UK,Low,Premium Customer,2023-07-18,Loyal
CUST02713,C007,26-35,Female,Germany,Premium,Technology Enthusiast,2023-08-31,New
CUST02714,C002,56+,Male,Japan,Premium,Premium Customer,2025-09-27,Regular
CUST02715,C005,46-55,Female,USA,Premium,Premium Customer,2023-02-17,VIP
CUST02716,C003,56+,Male,Canada,Medium,Value Seeker,2024-06-16,VIP
CUST02717,C003,36-45,Female,Singapore,High,Young Professional,2026-06-15,New
CUST02718,C010,56+,Male,India,Low,Budget Buyer,2026-06-13,Loyal
CUST02719,C008,56+,Male,Germany,High,Value Seeker,2022-07-22,New
CUST02720,C002,56+,Female,Canada,High,Value Seeker,2026-01-22,Loyal
CUST02721,C007,56+,Other,Canada,Premium,Technology Enthusiast,2023-02-08,Loyal
CUST02722,C008,56+,Female,South Korea,High,Technology Enthusiast,2021-11-30,Loyal
CUST02723,C009,56+,Other,USA,Low,Value Seeker,2021-06-01,Regular
CUST02724,C002,56+,Female,USA,Medium,Young Professional,2024-12-11,Regular
CUST02725,C010,18-25,Female,India,High,Technology Enthusiast,2025-01-24,Loyal
CUST02726,C005,18-25,Female,Germany,Premium,Premium Customer,2023-09-08,Regular
CUST02727,C009,56+,Male,USA,Medium,Value Seeker,2024-05-21,New
CUST02728,C004,56+,Female,Singapore,Low,Budget Buyer,2025-12-03,Regular
CUST02729,C010,56+,Male,Canada,High,Technology Enthusiast,2025-07-06,New
CUST02730,C001,26-35,Male,South Korea,Premium,Technology Enthusiast,2026-06-04,New
CUST02731,C006,26-35,Other,Singapore,Premium,Technology Enthusiast,2023-07-16,Regular
CUST02732,C004,18-25,Other,Japan,Low,Premium Customer,2024-03-10,New
CUST02733,C006,26-35,Other,Singapore,Low,Budget Buyer,2022-03-10,New
CUST02734,C010,56+,Male,India,Medium,Technology Enthusiast,2022-09-14,Regular
CUST02735,C010,36-45,Male,Japan,High,Budget Buyer,2025-04-26,Regular
CUST02736,C007,56+,Male,Japan,Low,Technology Enthusiast,2020-06-22,New
CUST02737,C001,36-45,Male,UK,High,Value Seeker,2023-03-06,VIP
CUST02738,C004,18-25,Female,South Korea,Medium,Premium Customer,2024-06-28,VIP
CUST02739,C003,18-25,Male,Japan,Premium,Technology Enthusiast,2024-12-06,Regular
CUST02740,C004,26-35,Other,India,Low,Young Professional,2023-12-17,Loyal
CUST02741,C007,36-45,Other,Canada,Premium,Value Seeker,2021-01-05,New
CUST02742,C006,46-55,Male,South Korea,Medium,Young Professional,2024-04-29,Loyal
CUST02743,C002,46-55,Female,Germany,Premium,Technology Enthusiast,2021-02-18,New
CUST02744,C003,26-35,Female,South Korea,Medium,Premium Customer,2025-09-12,New
CUST02745,C003,56+,Female,Singapore,Premium,Budget Buyer,2026-02-09,Loyal
CUST02746,C004,26-35,Other,USA,Premium,Young Professional,2023-04-23,Loyal
CUST02747,C002,18-25,Male,USA,Premium,Young Professional,2024-08-15,Regular
CUST02748,C006,36-45,Female,Canada,Low,Young Professional,2026-01-02,New
CUST02749,C001,56+,Other,India,Medium,Premium Customer,2022-02-12,Regular
CUST02750,C001,26-35,Female,Singapore,Medium,Premium Customer,2022-12-17,Regular
CUST02751,C009,36-45,Other,Canada,High,Premium Customer,2021-02-23,New
CUST02752,C009,26-35,Other,Japan,Medium,Budget Buyer,2026-06-29,VIP
CUST02753,C010,46-55,Female,Singapore,High,Technology Enthusiast,2020-07-02,New
CUST02754,C010,26-35,Other,Canada,Premium,Young Professional,2021-12-12,Loyal
CUST02755,C006,26-35,Female,South Korea,Medium,Premium Customer,2021-04-03,New
CUST02756,C008,26-35,Male,Singapore,Low,Budget Buyer,2022-12-25,VIP
CUST02757,C005,26-35,Female,Germany,Low,Technology Enthusiast,2020-05-23,VIP
CUST02758,C004,46-55,Female,Japan,Medium,Value Seeker,2026-02-24,Regular
CUST02759,C007,46-55,Female,India,High,Budget Buyer,2023-03-09,Regular
CUST02760,C001,56+,Male,Japan,Medium,Technology Enthusiast,2020-02-21,VIP
CUST02761,C001,56+,Male,Singapore,Medium,Young Professional,2022-02-02,Loyal
CUST02762,C003,36-45,Male,UK,Medium,Budget Buyer,2020-06-10,New
CUST02763,C006,46-55,Male,India,High,Young Professional,2025-01-18,New
CUST02764,C001,46-55,Other,Canada,Low,Technology Enthusiast,2020-08-19,Regular
CUST02765,C003,36-45,Male,USA,Low,Technology Enthusiast,2023-01-13,VIP
CUST02766,C010,18-25,Other,UK,Medium,Young Professional,2023-06-21,VIP
CUST02767,C001,46-55,Male,Singapore,High,Technology Enthusiast,2026-04-04,VIP
CUST02768,C004,26-35,Female,USA,Premium,Young Professional,2022-01-20,Regular
CUST02769,C003,18-25,Female,Germany,Medium,Premium Customer,2023-04-01,New
CUST02770,C002,56+,Male,India,Medium,Young Professional,2025-12-25,VIP
CUST02771,C009,18-25,Other,Singapore,Medium,Budget Buyer,2024-11-02,VIP
CUST02772,C001,56+,Female,South Korea,Medium,Budget Buyer,2021-09-03,Regular
CUST02773,C001,56+,Female,Germany,Premium,Premium Customer,2020-05-10,Regular
CUST02774,C002,36-45,Male,Singapore,Low,Budget Buyer,2026-05-28,Loyal
CUST02775,C008,56+,Female,India,Low,Budget Buyer,2025-05-02,VIP
CUST02776,C004,36-45,Other,India,Low,Premium Customer,2021-07-13,Regular
CUST02777,C010,18-25,Male,India,Premium,Value Seeker,2025-03-05,Regular
CUST02778,C002,26-35,Other,Singapore,Low,Technology Enthusiast,2021-03-23,VIP
CUST02779,C002,46-55,Male,UK,Low,Budget Buyer,2024-05-15,Loyal
CUST02780,C006,46-55,Male,South Korea,Low,Technology Enthusiast,2023-02-18,Regular
CUST02781,C009,46-55,Male,South Korea,High,Young Professional,2020-10-07,Regular
CUST02782,C007,26-35,Male,Canada,High,Value Seeker,2020-08-08,Regular
CUST02783,C006,18-25,Other,Singapore,Low,Value Seeker,2021-08-13,Loyal
CUST02784,C003,56+,Female,USA,Medium,Budget Buyer,2022-05-29,Loyal
CUST02785,C005,46-55,Male,Singapore,Low,Value Seeker,2025-01-01,Regular
CUST02786,C007,36-45,Male,Germany,Medium,Premium Customer,2023-12-17,VIP
CUST02787,C002,56+,Female,India,Medium,Young Professional,2025-03-22,Loyal
CUST02788,C006,56+,Female,USA,Premium,Budget Buyer,2026-07-21,Regular
CUST02789,C002,56+,Other,USA,High,Technology Enthusiast,2021-03-11,New
CUST02790,C003,56+,Female,Canada,Premium,Young Professional,2024-10-26,VIP
CUST02791,C009,56+,Other,Singapore,Medium,Value Seeker,2024-10-18,VIP
CUST02792,C007,18-25,Other,Canada,High,Premium Customer,2020-08-28,Loyal
CUST02793,C001,26-35,Female,USA,Low,Technology Enthusiast,2025-09-24,New
CUST02794,C008,56+,Other,UK,Low,Premium Customer,2023-04-09,Loyal
CUST02795,C001,46-55,Other,Germany,Premium,Technology Enthusiast,2020-07-25,Regular
CUST02796,C004,26-35,Female,Canada,Premium,Young Professional,2023-08-28,VIP
CUST02797,C001,26-35,Male,Germany,Premium,Young Professional,2025-08-27,Loyal
CUST02798,C007,26-35,Other,India,Medium,Budget Buyer,2022-02-06,Regular
CUST02799,C004,26-35,Male,Japan,High,Budget Buyer,2025-07-06,Regular
CUST02800,C004,18-25,Male,India,Premium,Value Seeker,2020-01-09,Loyal
CUST02801,C007,26-35,Other,USA,Low,Budget Buyer,2025-01-31,New
CUST02802,C002,18-25,Female,India,Low,Technology Enthusiast,2022-10-29,New
CUST02803,C007,26-35,Male,UK,Premium,Value Seeker,2026-05-14,VIP
CUST02804,C010,56+,Other,South Korea,Low,Premium Customer,2025-12-18,New
CUST02805,C009,36-45,Other,USA,Premium,Premium Customer,2023-10-11,Loyal
CUST02806,C007,18-25,Male,India,High,Value Seeker,2022-09-30,Regular
CUST02807,C007,18-25,Other,Germany,Premium,Budget Buyer,2021-05-01,New
CUST02808,C009,36-45,Male,Japan,High,Young Professional,2020-12-14,Regular
CUST02809,C010,26-35,Male,Germany,High,Budget Buyer,2023-06-19,New
CUST02810,C006,36-45,Male,Canada,Premium,Premium Customer,2022-04-13,New
CUST02811,C008,46-55,Other,Canada,High,Technology Enthusiast,2023-08-10,Loyal
CUST02812,C007,46-55,Male,India,Low,Budget Buyer,2024-11-04,Regular
CUST02813,C005,26-35,Other,USA,Medium,Value Seeker,2020-03-06,Regular
CUST02814,C009,56+,Female,India,Medium,Premium Customer,2025-01-03,Regular
CUST02815,C001,36-45,Other,USA,Premium,Young Professional,2025-12-14,Loyal
CUST02816,C003,26-35,Female,Germany,Premium,Young Professional,2025-03-30,Regular
CUST02817,C004,46-55,Male,India,High,Budget Buyer,2023-11-11,Regular
CUST02818,C010,56+,Male,Japan,Low,Technology Enthusiast,2021-01-22,New
CUST02819,C007,26-35,Other,Japan,High,Technology Enthusiast,2020-10-11,New
CUST02820,C005,18-25,Male,India,Premium,Technology Enthusiast,2024-06-16,Regular
CUST02821,C004,36-45,Female,Singapore,Low,Budget Buyer,2020-08-14,New
CUST02822,C003,26-35,Other,UK,Premium,Budget Buyer,2026-04-19,New
CUST02823,C002,26-35,Male,Singapore,Low,Young Professional,2021-12-20,New
CUST02824,C003,36-45,Other,Japan,Low,Premium Customer,2020-04-30,VIP
CUST02825,C007,26-35,Other,Canada,High,Premium Customer,2023-08-24,New
CUST02826,C005,26-35,Female,Singapore,Medium,Young Professional,2021-12-28,VIP
CUST02827,C001,56+,Male,Japan,Medium,Budget Buyer,2021-03-14,Loyal
CUST02828,C008,36-45,Female,UK,High,Value Seeker,2022-04-19,Loyal
CUST02829,C009,18-25,Female,Singapore,Medium,Value Seeker,2024-09-23,Loyal
CUST02830,C002,46-55,Other,UK,Premium,Premium Customer,2021-05-31,New
CUST02831,C009,46-55,Other,Singapore,High,Premium Customer,2024-05-24,Regular
CUST02832,C003,18-25,Other,South Korea,Premium,Technology Enthusiast,2023-02-04,VIP
CUST02833,C009,56+,Female,South Korea,Premium,Budget Buyer,2023-01-09,Regular
CUST02834,C010,26-35,Female,India,Low,Premium Customer,2020-09-03,New
CUST02835,C009,56+,Other,South Korea,High,Value Seeker,2023-05-27,Regular
CUST02836,C004,36-45,Male,Canada,Low,Young Professional,2023-07-06,VIP
CUST02837,C007,26-35,Male,UK,Low,Young Professional,2026-02-21,VIP
CUST02838,C005,26-35,Female,Canada,Medium,Budget Buyer,2023-12-30,VIP
CUST02839,C005,18-25,Male,USA,Premium,Value Seeker,2023-03-05,New
CUST02840,C009,46-55,Male,India,Premium,Value Seeker,2021-08-24,Loyal
CUST02841,C004,56+,Female,UK,Low,Technology Enthusiast,2023-10-13,Loyal
CUST02842,C010,56+,Male,Singapore,Premium,Young Professional,2024-09-15,New
CUST02843,C006,18-25,Male,UK,Low,Value Seeker,2021-02-06,Loyal
CUST02844,C005,36-45,Male,UK,Medium,Budget Buyer,2022-03-14,New
CUST02845,C007,36-45,Other,Singapore,Low,Value Seeker,2020-07-27,VIP
CUST02846,C003,56+,Female,India,Low,Value Seeker,2021-02-15,Regular
CUST02847,C001,18-25,Other,South Korea,Low,Budget Buyer,2022-04-05,New
CUST02848,C005,18-25,Male,Canada,Premium,Budget Buyer,2020-05-12,Regular
CUST02849,C002,18-25,Other,South Korea,Premium,Budget Buyer,2025-07-26,New
CUST02850,C007,36-45,Other,India,High,Budget Buyer,2021-09-29,Loyal
CUST02851,C008,36-45,Female,India,Low,Budget Buyer,2025-11-15,Regular
CUST02852,C008,26-35,Female,UK,Low,Budget Buyer,2023-10-27,VIP
CUST02853,C003,56+,Other,South Korea,Low,Premium Customer,2026-04-05,Regular
CUST02854,C008,26-35,Female,USA,Premium,Budget Buyer,2020-08-18,VIP
CUST02855,C001,56+,Male,South Korea,Medium,Value Seeker,2026-03-13,Regular
CUST02856,C010,36-45,Female,South Korea,Low,Technology Enthusiast,2024-04-22,Regular
CUST02857,C008,26-35,Male,South Korea,Premium,Technology Enthusiast,2023-10-19,New
CUST02858,C001,36-45,Other,India,High,Young Professional,2022-01-15,VIP
CUST02859,C009,18-25,Male,Canada,High,Value Seeker,2020-05-08,Regular
CUST02860,C004,26-35,Male,USA,Premium,Technology Enthusiast,2024-06-06,New
CUST02861,C007,56+,Female,South Korea,High,Premium Customer,2024-04-15,VIP
CUST02862,C001,46-55,Other,Japan,Low,Premium Customer,2024-05-12,New
CUST02863,C004,36-45,Other,UK,Low,Young Professional,2026-06-25,New
CUST02864,C002,36-45,Male,Singapore,Low,Budget Buyer,2024-07-23,VIP
CUST02865,C001,26-35,Female,India,High,Value Seeker,2022-06-10,Loyal
CUST02866,C004,56+,Other,Germany,Medium,Young Professional,2021-04-05,Loyal
CUST02867,C009,26-35,Male,India,High,Budget Buyer,2020-09-27,VIP
CUST02868,C010,18-25,Female,Germany,Low,Value Seeker,2020-11-01,New
CUST02869,C006,46-55,Female,Japan,Premium,Young Professional,2020-10-18,VIP
CUST02870,C004,56+,Female,Germany,High,Technology Enthusiast,2022-08-04,New
CUST02871,C002,36-45,Male,USA,High,Premium Customer,2020-01-13,VIP
CUST02872,C005,46-55,Other,Singapore,Low,Young Professional,2021-09-28,VIP
CUST02873,C004,36-45,Female,USA,Medium,Technology Enthusiast,2026-03-10,New
CUST02874,C008,36-45,Male,UK,Medium,Technology Enthusiast,2025-07-11,Loyal
CUST02875,C010,56+,Male,Japan,High,Young Professional,2025-07-31,Regular
CUST02876,C007,56+,Female,UK,Medium,Premium Customer,2020-07-05,New
CUST02877,C003,36-45,Female,Japan,High,Premium Customer,2023-04-25,VIP
CUST02878,C008,18-25,Female,USA,Premium,Budget Buyer,2021-08-01,New
CUST02879,C008,18-25,Other,South Korea,Low,Young Professional,2022-04-13,VIP
CUST02880,C005,56+,Other,Germany,Premium,Budget Buyer,2025-05-22,Regular
CUST02881,C002,36-45,Female,Germany,Low,Value Seeker,2025-06-16,VIP
CUST02882,C005,36-45,Other,Japan,Premium,Value Seeker,2020-10-25,VIP
CUST02883,C001,56+,Male,Japan,High,Premium Customer,2021-10-25,VIP
CUST02884,C003,26-35,Other,Canada,Low,Premium Customer,2025-01-20,VIP
CUST02885,C007,26-35,Male,South Korea,Premium,Value Seeker,2022-10-23,Regular
CUST02886,C008,26-35,Female,Germany,Premium,Premium Customer,2020-10-03,VIP
CUST02887,C003,56+,Male,Germany,Premium,Technology Enthusiast,2024-01-06,VIP
CUST02888,C010,46-55,Other,India,High,Technology Enthusiast,2020-08-01,VIP
CUST02889,C010,26-35,Male,Japan,High,Value Seeker,2022-08-15,Loyal
CUST02890,C001,18-25,Other,UK,Premium,Value Seeker,2023-11-21,VIP
CUST02891,C002,56+,Female,Singapore,High,Budget Buyer,2023-09-02,Loyal
CUST02892,C004,46-55,Female,India,Premium,Technology Enthusiast,2023-08-10,VIP
CUST02893,C008,36-45,Female,UK,Premium,Budget Buyer,2023-10-20,New
CUST02894,C004,36-45,Male,UK,Premium,Value Seeker,2025-11-28,VIP
CUST02895,C003,26-35,Male,India,Medium,Value Seeker,2025-02-08,Regular
CUST02896,C008,18-25,Male,South Korea,High,Premium Customer,2021-02-27,VIP
CUST02897,C010,46-55,Male,Singapore,Medium,Budget Buyer,2021-05-09,Loyal
CUST02898,C003,36-45,Male,Canada,High,Technology Enthusiast,2026-02-02,VIP
CUST02899,C010,26-35,Male,Japan,Medium,Budget Buyer,2026-03-16,VIP
CUST02900,C010,26-35,Other,UK,Medium,Budget Buyer,2020-02-02,Regular
CUST02901,C007,56+,Male,USA,High,Value Seeker,2026-05-18,VIP
CUST02902,C005,18-25,Male,Singapore,Low,Budget Buyer,2025-07-22,VIP
CUST02903,C008,26-35,Male,Singapore,Medium,Premium Customer,2020-03-20,New
CUST02904,C006,18-25,Female,Germany,Medium,Value Seeker,2020-02-14,VIP
CUST02905,C008,36-45,Female,Singapore,Medium,Budget Buyer,2022-01-21,VIP
CUST02906,C003,36-45,Female,Singapore,Medium,Technology Enthusiast,2026-04-25,New
CUST02907,C009,56+,Male,Singapore,High,Young Professional,2022-06-29,New
CUST02908,C003,56+,Other,Japan,Low,Technology Enthusiast,2023-12-03,Regular
CUST02909,C010,26-35,Female,UK,Premium,Value Seeker,2022-07-10,New
CUST02910,C003,18-25,Female,Germany,High,Budget Buyer,2026-06-03,Loyal
CUST02911,C010,18-25,Male,Singapore,Premium,Premium Customer,2024-10-24,VIP
CUST02912,C006,46-55,Male,Canada,High,Value Seeker,2021-12-04,VIP
CUST02913,C005,18-25,Female,India,Premium,Young Professional,2024-03-10,New
CUST02914,C007,36-45,Female,India,Medium,Budget Buyer,2025-07-21,New
CUST02915,C002,26-35,Other,India,Medium,Value Seeker,2026-05-03,New
CUST02916,C006,26-35,Other,India,High,Young Professional,2023-05-10,New
CUST02917,C010,26-35,Male,Japan,Medium,Value Seeker,2022-07-11,Regular
CUST02918,C003,26-35,Male,Japan,Low,Budget Buyer,2020-01-27,Regular
CUST02919,C006,36-45,Male,USA,Medium,Young Professional,2023-09-19,Loyal
CUST02920,C006,26-35,Female,Canada,Medium,Technology Enthusiast,2020-05-16,Regular
CUST02921,C004,26-35,Female,Germany,Premium,Value Seeker,2022-02-28,VIP
CUST02922,C003,56+,Male,Japan,Medium,Budget Buyer,2020-01-30,Regular
CUST02923,C005,18-25,Male,India,Premium,Young Professional,2023-01-11,VIP
CUST02924,C006,18-25,Male,UK,Medium,Premium Customer,2021-07-02,VIP
CUST02925,C004,46-55,Female,Canada,High,Young Professional,2020-11-04,Regular
CUST02926,C002,46-55,Male,Canada,Low,Technology Enthusiast,2020-03-01,Regular
CUST02927,C008,56+,Male,UK,Medium,Premium Customer,2023-11-01,VIP
CUST02928,C002,18-25,Female,Japan,Medium,Premium Customer,2022-07-27,Regular
CUST02929,C007,46-55,Female,UK,Premium,Young Professional,2023-01-27,VIP
CUST02930,C002,18-25,Other,Singapore,Low,Premium Customer,2021-08-04,Regular
CUST02931,C001,56+,Other,UK,High,Young Professional,2020-01-19,Regular
CUST02932,C005,26-35,Male,USA,Low,Young Professional,2020-09-07,Regular
CUST02933,C006,18-25,Female,USA,High,Value Seeker,2023-12-23,Regular
CUST02934,C002,18-25,Female,Germany,Low,Technology Enthusiast,2026-07-11,VIP
CUST02935,C008,26-35,Female,South Korea,Medium,Young Professional,2025-03-03,Loyal
CUST02936,C003,18-25,Other,Germany,High,Young Professional,2021-09-20,New
CUST02937,C010,18-25,Female,South Korea,Premium,Budget Buyer,2022-01-08,VIP
CUST02938,C008,56+,Male,Germany,Medium,Value Seeker,2024-04-14,VIP
CUST02939,C006,36-45,Other,India,Medium,Young Professional,2021-01-25,VIP
CUST02940,C009,46-55,Female,India,High,Technology Enthusiast,2023-04-02,Loyal
CUST02941,C009,26-35,Other,UK,High,Premium Customer,2025-12-12,VIP
CUST02942,C003,26-35,Male,Canada,Premium,Premium Customer,2024-07-14,Regular
CUST02943,C010,36-45,Female,Germany,High,Young Professional,2021-11-20,New
CUST02944,C010,26-35,Other,UK,Medium,Value Seeker,2024-05-23,Loyal
CUST02945,C001,56+,Male,Japan,Premium,Value Seeker,2021-03-11,Loyal
CUST02946,C008,56+,Female,Germany,High,Value Seeker,2021-12-05,New
CUST02947,C002,26-35,Male,Canada,Low,Young Professional,2021-11-25,Regular
CUST02948,C010,18-25,Other,Singapore,Premium,Value Seeker,2020-02-16,VIP
CUST02949,C001,46-55,Female,India,High,Young Professional,2021-07-04,New
CUST02950,C010,46-55,Male,UK,Low,Premium Customer,2024-01-19,Loyal
CUST02951,C001,26-35,Other,USA,Low,Budget Buyer,2020-03-17,Regular
CUST02952,C004,26-35,Other,UK,Medium,Value Seeker,2024-02-27,Loyal
CUST02953,C008,18-25,Other,Germany,Premium,Budget Buyer,2021-01-18,New
CUST02954,C007,56+,Male,South Korea,Premium,Budget Buyer,2020-03-28,Loyal
CUST02955,C007,46-55,Male,Singapore,Low,Premium Customer,2023-02-24,VIP
CUST02956,C003,36-45,Male,Japan,Low,Budget Buyer,2024-05-20,Loyal
CUST02957,C004,26-35,Male,Canada,Premium,Budget Buyer,2025-03-11,VIP
CUST02958,C007,26-35,Other,USA,Medium,Value Seeker,2021-08-23,VIP
CUST02959,C002,56+,Female,Canada,Low,Premium Customer,2020-02-20,Loyal
CUST02960,C003,18-25,Female,Japan,High,Young Professional,2022-03-30,New
CUST02961,C004,26-35,Female,South Korea,Premium,Technology Enthusiast,2025-02-26,Loyal
CUST02962,C008,18-25,Female,Germany,High,Technology Enthusiast,2024-09-17,Loyal
CUST02963,C003,36-45,Female,USA,Premium,Young Professional,2020-07-03,Loyal
CUST02964,C002,56+,Female,India,Low,Premium Customer,2025-09-26,Regular
CUST02965,C003,26-35,Male,UK,High,Technology Enthusiast,2023-05-12,Regular
CUST02966,C008,36-45,Female,USA,Premium,Value Seeker,2023-06-14,Regular
CUST02967,C005,46-55,Female,Germany,Premium,Technology Enthusiast,2023-11-15,Loyal
CUST02968,C008,18-25,Male,Japan,High,Technology Enthusiast,2026-05-24,Loyal
CUST02969,C004,26-35,Female,India,High,Premium Customer,2024-03-30,Regular
CUST02970,C004,46-55,Other,Canada,Low,Budget Buyer,2025-10-13,New
CUST02971,C010,26-35,Other,Japan,High,Premium Customer,2023-10-20,Loyal
CUST02972,C003,46-55,Other,Canada,Medium,Young Professional,2021-01-09,New
CUST02973,C001,26-35,Female,USA,High,Premium Customer,2026-07-10,New
CUST02974,C005,46-55,Other,USA,High,Value Seeker,2025-06-24,VIP
CUST02975,C009,36-45,Female,Germany,Premium,Budget Buyer,2025-11-10,VIP
CUST02976,C007,56+,Female,Japan,Premium,Young Professional,2020-12-03,VIP
CUST02977,C008,46-55,Male,Singapore,Low,Young Professional,2021-06-22,Loyal
CUST02978,C002,36-45,Other,India,Low,Value Seeker,2025-10-28,VIP
CUST02979,C008,56+,Male,India,High,Young Professional,2021-11-14,New
CUST02980,C008,46-55,Male,Canada,Medium,Young Professional,2026-04-21,VIP
CUST02981,C007,36-45,Male,Germany,Medium,Premium Customer,2020-05-16,Loyal
CUST02982,C007,26-35,Male,India,Premium,Premium Customer,2025-09-16,VIP
CUST02983,C004,46-55,Female,USA,Medium,Value Seeker,2020-04-01,Regular
CUST02984,C007,46-55,Other,Canada,Low,Technology Enthusiast,2024-08-07,New
CUST02985,C009,56+,Other,Singapore,High,Value Seeker,2025-01-25,Loyal
CUST02986,C010,46-55,Female,Germany,Premium,Value Seeker,2020-07-10,Loyal
CUST02987,C003,56+,Other,South Korea,Premium,Budget Buyer,2025-10-10,Loyal
CUST02988,C006,36-45,Other,UK,Medium,Budget Buyer,2020-03-30,VIP
CUST02989,C001,56+,Female,USA,Premium,Premium Customer,2022-12-10,New
CUST02990,C007,26-35,Male,India,Low,Premium Customer,2024-05-19,Regular
CUST02991,C010,46-55,Male,UK,Low,Technology Enthusiast,2020-03-01,Regular
CUST02992,C008,56+,Male,Singapore,High,Value Seeker,2021-05-06,Regular
CUST02993,C008,46-55,Other,India,Premium,Young Professional,2021-01-05,Loyal
CUST02994,C003,56+,Female,UK,Low,Value Seeker,2024-07-17,Regular
CUST02995,C002,36-45,Female,India,Low,Young Professional,2022-08-30,Loyal
CUST02996,C010,46-55,Male,Singapore,Medium,Budget Buyer,2024-09-10,Loyal
CUST02997,C009,26-35,Male,Japan,High,Technology Enthusiast,2024-12-03,Regular
CUST02998,C005,56+,Other,Canada,Medium,Budget Buyer,2022-08-08,Regular
CUST02999,C002,56+,Male,Singapore,Premium,Technology Enthusiast,2025-03-23,New
CUST03000,C007,36-45,Other,Germany,Low,Young Professional,2024-03-23,New
CUST03001,C002,36-45,Other,UK,Low,Young Professional,2024-04-03,New
CUST03002,C004,18-25,Male,South Korea,Low,Technology Enthusiast,2025-01-12,Regular
CUST03003,C007,18-25,Female,India,Medium,Budget Buyer,2023-05-07,New
CUST03004,C009,46-55,Male,Singapore,Medium,Technology Enthusiast,2020-09-25,Regular
CUST03005,C010,56+,Male,Canada,High,Technology Enthusiast,2024-08-25,Loyal
CUST03006,C001,46-55,Male,Japan,Medium,Premium Customer,2020-03-19,Loyal
CUST03007,C002,46-55,Other,India,Premium,Technology Enthusiast,2020-11-04,New
CUST03008,C010,18-25,Male,South Korea,Premium,Premium Customer,2024-04-25,Regular
CUST03009,C001,18-25,Other,UK,Low,Value Seeker,2026-04-02,New
CUST03010,C008,26-35,Female,Germany,High,Young Professional,2020-08-20,Loyal
CUST03011,C004,56+,Female,UK,High,Young Professional,2023-08-28,VIP
CUST03012,C001,26-35,Male,Canada,Medium,Young Professional,2020-11-28,Regular
CUST03013,C006,46-55,Other,India,Low,Value Seeker,2022-05-30,Regular
CUST03014,C008,26-35,Male,UK,High,Technology Enthusiast,2024-01-31,VIP
CUST03015,C007,26-35,Other,Singapore,Premium,Budget Buyer,2020-08-28,Regular
CUST03016,C005,46-55,Female,UK,High,Budget Buyer,2022-09-19,Loyal
CUST03017,C006,46-55,Female,USA,Premium,Young Professional,2022-06-29,Loyal
CUST03018,C001,46-55,Other,Canada,Medium,Budget Buyer,2022-09-22,Loyal
CUST03019,C010,46-55,Male,Japan,High,Premium Customer,2025-01-24,VIP
CUST03020,C003,26-35,Male,Singapore,Low,Premium Customer,2022-03-20,VIP
CUST03021,C008,46-55,Female,USA,Medium,Young Professional,2025-12-06,Loyal
CUST03022,C010,26-35,Male,India,High,Value Seeker,2025-06-07,VIP
CUST03023,C003,46-55,Other,UK,Low,Premium Customer,2021-11-10,VIP
CUST03024,C007,46-55,Other,Singapore,Medium,Value Seeker,2020-10-24,Loyal
CUST03025,C007,56+,Other,Germany,Medium,Young Professional,2021-09-24,VIP
CUST03026,C007,56+,Female,South Korea,Premium,Technology Enthusiast,2026-03-27,Regular
CUST03027,C006,18-25,Female,USA,Medium,Young Professional,2024-11-11,Regular
CUST03028,C001,36-45,Other,Germany,Low,Young Professional,2025-11-13,Regular
CUST03029,C010,26-35,Other,USA,Medium,Value Seeker,2025-12-02,VIP
CUST03030,C001,18-25,Male,Canada,High,Budget Buyer,2020-04-30,VIP
CUST03031,C007,56+,Other,USA,High,Value Seeker,2021-08-24,New
CUST03032,C005,18-25,Male,Canada,Low,Budget Buyer,2026-04-29,Regular
CUST03033,C009,46-55,Female,UK,Premium,Value Seeker,2026-06-12,New
CUST03034,C010,46-55,Other,Japan,Premium,Young Professional,2026-01-21,Regular
CUST03035,C003,18-25,Female,UK,Low,Technology Enthusiast,2023-04-30,Regular
CUST03036,C004,26-35,Male,South Korea,Premium,Premium Customer,2023-10-11,New
CUST03037,C010,56+,Other,Singapore,Medium,Technology Enthusiast,2022-12-05,New
CUST03038,C006,56+,Male,India,Low,Premium Customer,2024-07-05,Loyal
CUST03039,C004,46-55,Other,Singapore,Premium,Budget Buyer,2020-01-12,VIP
CUST03040,C010,46-55,Male,Canada,Low,Young Professional,2023-09-26,Regular
CUST03041,C005,36-45,Male,UK,High,Value Seeker,2025-07-03,New
CUST03042,C004,56+,Female,Singapore,Low,Budget Buyer,2025-05-28,New
CUST03043,C008,46-55,Male,UK,Low,Premium Customer,2025-06-30,Loyal
CUST03044,C001,46-55,Male,UK,Low,Value Seeker,2022-07-13,Loyal
CUST03045,C010,56+,Other,USA,Medium,Technology Enthusiast,2026-07-19,VIP
CUST03046,C004,46-55,Male,Germany,High,Value Seeker,2022-05-10,Loyal
CUST03047,C005,46-55,Female,India,High,Premium Customer,2023-01-31,VIP
CUST03048,C001,56+,Female,UK,Medium,Young Professional,2024-12-23,New
CUST03049,C001,46-55,Female,USA,Low,Premium Customer,2025-04-10,New
CUST03050,C009,18-25,Female,Germany,Medium,Technology Enthusiast,2024-01-03,Loyal
CUST03051,C002,36-45,Female,Germany,High,Budget Buyer,2023-01-02,New
CUST03052,C009,56+,Male,Japan,High,Technology Enthusiast,2023-12-21,New
CUST03053,C002,46-55,Female,Canada,Premium,Young Professional,2023-08-07,Regular
CUST03054,C010,46-55,Male,South Korea,Premium,Budget Buyer,2021-04-24,New
CUST03055,C005,56+,Male,India,High,Young Professional,2020-02-16,Loyal
CUST03056,C002,36-45,Male,Germany,Medium,Value Seeker,2026-01-19,New
CUST03057,C009,26-35,Other,Singapore,Premium,Value Seeker,2020-04-08,New
CUST03058,C004,36-45,Other,Singapore,High,Budget Buyer,2025-10-05,VIP
CUST03059,C009,18-25,Male,Singapore,High,Value Seeker,2026-01-22,Loyal
CUST03060,C002,36-45,Other,Singapore,Medium,Value Seeker,2024-04-14,Regular
CUST03061,C006,26-35,Male,India,Medium,Technology Enthusiast,2024-09-06,VIP
CUST03062,C005,18-25,Other,India,Premium,Premium Customer,2022-12-15,New
CUST03063,C009,46-55,Male,UK,Low,Budget Buyer,2026-04-06,New
CUST03064,C009,26-35,Male,USA,Medium,Value Seeker,2023-03-01,VIP
CUST03065,C007,18-25,Female,Canada,High,Technology Enthusiast,2021-02-14,New
CUST03066,C006,46-55,Male,UK,Low,Budget Buyer,2021-10-29,VIP
CUST03067,C001,46-55,Other,UK,Medium,Budget Buyer,2023-04-24,Loyal
CUST03068,C004,18-25,Female,South Korea,High,Young Professional,2025-04-10,Loyal
CUST03069,C005,18-25,Other,UK,Medium,Budget Buyer,2025-05-21,VIP
CUST03070,C002,46-55,Other,USA,High,Value Seeker,2023-03-30,Loyal
CUST03071,C007,46-55,Female,UK,Premium,Value Seeker,2025-06-13,Regular
CUST03072,C006,46-55,Male,Japan,Medium,Budget Buyer,2026-06-18,Regular
CUST03073,C007,56+,Female,India,Medium,Young Professional,2020-10-28,VIP
CUST03074,C009,18-25,Male,Singapore,Premium,Budget Buyer,2025-01-10,Loyal
CUST03075,C001,26-35,Male,Singapore,Premium,Value Seeker,2024-05-30,VIP
CUST03076,C001,18-25,Male,USA,Premium,Young Professional,2024-02-28,New
CUST03077,C010,56+,Male,India,Medium,Technology Enthusiast,2026-02-10,New
CUST03078,C010,26-35,Male,Germany,Low,Value Seeker,2021-04-29,Loyal
CUST03079,C003,56+,Female,Japan,Medium,Value Seeker,2020-04-05,VIP
CUST03080,C006,46-55,Other,Japan,Medium,Budget Buyer,2026-05-17,Regular
CUST03081,C007,18-25,Other,Singapore,Low,Value Seeker,2020-06-19,VIP
CUST03082,C006,36-45,Other,Japan,High,Young Professional,2025-07-12,Regular
CUST03083,C001,36-45,Other,Canada,High,Young Professional,2023-07-30,Regular
CUST03084,C009,18-25,Other,India,Low,Technology Enthusiast,2021-01-05,VIP
CUST03085,C006,56+,Male,Canada,High,Young Professional,2023-12-06,VIP
CUST03086,C007,26-35,Other,Japan,Medium,Budget Buyer,2021-10-04,VIP
CUST03087,C010,18-25,Female,Singapore,Premium,Budget Buyer,2025-07-20,Regular
CUST03088,C007,46-55,Male,Canada,Premium,Budget Buyer,2021-02-24,VIP
CUST03089,C001,46-55,Other,UK,Premium,Premium Customer,2023-04-28,New
CUST03090,C003,36-45,Male,Japan,High,Budget Buyer,2022-03-16,New
CUST03091,C006,18-25,Male,South Korea,Medium,Budget Buyer,2022-03-26,VIP
CUST03092,C008,36-45,Female,India,High,Technology Enthusiast,2021-01-19,VIP
CUST03093,C010,36-45,Male,UK,High,Young Professional,2020-09-10,New
CUST03094,C004,56+,Female,Canada,Premium,Technology Enthusiast,2022-10-01,Loyal
CUST03095,C001,36-45,Other,Japan,Medium,Budget Buyer,2024-03-17,Loyal
CUST03096,C008,18-25,Female,South Korea,Low,Technology Enthusiast,2026-07-18,New
CUST03097,C009,56+,Female,Singapore,High,Premium Customer,2026-06-15,Regular
CUST03098,C007,46-55,Male,Germany,Medium,Young Professional,2023-09-14,VIP
CUST03099,C005,46-55,Female,India,High,Premium Customer,2026-04-10,New
CUST03100,C003,46-55,Female,USA,High,Value Seeker,2022-09-21,New
CUST03101,C002,26-35,Male,India,High,Premium Customer,2026-04-27,VIP
CUST03102,C004,26-35,Male,South Korea,Medium,Value Seeker,2022-06-07,Regular
CUST03103,C010,36-45,Female,India,Medium,Technology Enthusiast,2024-07-16,Regular
CUST03104,C006,26-35,Female,South Korea,Premium,Technology Enthusiast,2022-09-10,Regular
CUST03105,C005,46-55,Female,Germany,Medium,Value Seeker,2021-11-08,Loyal
CUST03106,C003,26-35,Male,UK,Low,Technology Enthusiast,2020-07-10,New
CUST03107,C005,18-25,Female,Germany,Medium,Value Seeker,2020-01-01,Loyal
CUST03108,C005,26-35,Female,South Korea,Low,Technology Enthusiast,2021-07-20,Regular
CUST03109,C010,46-55,Female,Japan,Low,Young Professional,2020-02-07,Loyal
CUST03110,C006,46-55,Male,South Korea,High,Premium Customer,2021-06-03,New
CUST03111,C004,26-35,Male,India,Low,Premium Customer,2026-03-07,Loyal
CUST03112,C004,26-35,Male,Singapore,Medium,Value Seeker,2022-05-24,VIP
CUST03113,C008,46-55,Male,Germany,Low,Premium Customer,2025-03-29,New
CUST03114,C007,36-45,Other,South Korea,Low,Premium Customer,2024-07-03,New
CUST03115,C004,36-45,Male,Germany,Premium,Budget Buyer,2026-04-06,Loyal
CUST03116,C010,26-35,Other,Canada,Medium,Young Professional,2023-07-06,New
CUST03117,C001,36-45,Other,India,Medium,Premium Customer,2025-04-21,Loyal
CUST03118,C001,46-55,Female,UK,Premium,Premium Customer,2024-11-14,VIP
CUST03119,C003,56+,Male,Singapore,Medium,Budget Buyer,2024-02-29,New
CUST03120,C004,26-35,Other,Japan,Premium,Young Professional,2024-07-16,VIP
CUST03121,C002,56+,Female,Canada,High,Technology Enthusiast,2023-03-04,VIP
CUST03122,C010,18-25,Other,Germany,Premium,Technology Enthusiast,2022-05-05,Loyal
CUST03123,C010,36-45,Other,Singapore,Low,Technology Enthusiast,2020-11-12,Loyal
CUST03124,C006,36-45,Other,Germany,Medium,Premium Customer,2020-02-28,VIP
CUST03125,C005,26-35,Male,Germany,High,Premium Customer,2022-06-05,New
CUST03126,C003,26-35,Other,USA,Low,Young Professional,2021-02-17,Loyal
CUST03127,C009,26-35,Female,India,Low,Budget Buyer,2023-10-22,Regular
CUST03128,C008,26-35,Male,Germany,High,Premium Customer,2024-11-24,Loyal
CUST03129,C003,36-45,Female,South Korea,Premium,Budget Buyer,2021-10-23,Regular
CUST03130,C003,46-55,Other,South Korea,Low,Young Professional,2022-04-19,Loyal
CUST03131,C002,56+,Male,Singapore,Low,Value Seeker,2024-05-07,Loyal
CUST03132,C010,46-55,Female,South Korea,High,Premium Customer,2024-02-24,New
CUST03133,C006,46-55,Other,South Korea,High,Technology Enthusiast,2025-10-11,VIP
CUST03134,C004,26-35,Male,South Korea,Medium,Value Seeker,2026-01-27,VIP
CUST03135,C002,56+,Male,UK,Premium,Budget Buyer,2020-07-26,VIP
CUST03136,C007,18-25,Male,Singapore,High,Young Professional,2021-06-26,Loyal
CUST03137,C008,46-55,Female,Japan,Premium,Technology Enthusiast,2025-09-05,VIP
CUST03138,C006,36-45,Female,Japan,Low,Value Seeker,2023-09-04,Loyal
CUST03139,C008,36-45,Male,India,Low,Premium Customer,2024-10-31,VIP
CUST03140,C006,46-55,Other,UK,High,Budget Buyer,2025-11-04,Loyal
CUST03141,C002,46-55,Female,Canada,High,Budget Buyer,2024-08-25,Regular
CUST03142,C003,36-45,Female,USA,Premium,Young Professional,2022-11-17,New
CUST03143,C003,26-35,Other,Singapore,Premium,Budget Buyer,2022-04-06,Regular
CUST03144,C006,18-25,Other,USA,Premium,Budget Buyer,2025-04-08,Regular
CUST03145,C007,18-25,Other,Canada,High,Value Seeker,2022-03-05,Regular
CUST03146,C009,18-25,Male,India,High,Budget Buyer,2024-08-11,Regular
CUST03147,C001,18-25,Male,Canada,Low,Technology Enthusiast,2023-02-12,VIP
CUST03148,C002,56+,Female,South Korea,Medium,Young Professional,2025-05-02,Loyal
CUST03149,C003,36-45,Male,Germany,High,Premium Customer,2026-03-24,Loyal
CUST03150,C009,36-45,Female,India,Premium,Value Seeker,2020-02-23,Loyal
CUST03151,C007,36-45,Other,India,High,Premium Customer,2025-07-08,Regular
CUST03152,C010,18-25,Female,India,Medium,Premium Customer,2022-10-25,New
CUST03153,C003,36-45,Male,India,Medium,Budget Buyer,2022-10-24,Loyal
CUST03154,C009,36-45,Other,Canada,Low,Premium Customer,2021-07-27,Regular
CUST03155,C005,18-25,Male,USA,Premium,Premium Customer,2021-09-21,VIP
CUST03156,C005,46-55,Female,Japan,High,Budget Buyer,2025-12-21,Loyal
CUST03157,C002,46-55,Other,Canada,Medium,Value Seeker,2025-10-04,New
CUST03158,C009,26-35,Other,Japan,Premium,Technology Enthusiast,2025-11-08,Loyal
CUST03159,C002,46-55,Male,Germany,Medium,Value Seeker,2026-05-25,VIP
CUST03160,C001,56+,Female,Canada,Medium,Premium Customer,2024-01-16,VIP
CUST03161,C008,56+,Male,USA,Premium,Value Seeker,2023-04-13,New
CUST03162,C007,26-35,Other,Germany,Low,Young Professional,2024-07-08,New
CUST03163,C009,46-55,Other,UK,High,Value Seeker,2021-01-04,VIP
CUST03164,C006,56+,Female,Singapore,Low,Premium Customer,2023-10-24,Regular
CUST03165,C004,46-55,Other,UK,Medium,Premium Customer,2021-06-30,New
CUST03166,C008,56+,Male,UK,Medium,Value Seeker,2025-08-20,VIP
CUST03167,C010,18-25,Other,Singapore,High,Young Professional,2020-08-19,VIP
CUST03168,C001,36-45,Female,South Korea,High,Young Professional,2026-03-11,New
CUST03169,C008,46-55,Female,Japan,Medium,Technology Enthusiast,2024-09-19,New
CUST03170,C009,56+,Other,India,Premium,Value Seeker,2026-01-24,VIP
CUST03171,C009,36-45,Other,USA,High,Premium Customer,2020-09-28,New
CUST03172,C009,36-45,Female,Singapore,Medium,Premium Customer,2026-07-07,Regular
CUST03173,C009,56+,Other,South Korea,Premium,Value Seeker,2022-12-15,New
CUST03174,C003,46-55,Female,USA,Medium,Value Seeker,2020-03-10,VIP
CUST03175,C002,18-25,Other,India,High,Budget Buyer,2022-01-08,New
CUST03176,C003,56+,Other,Singapore,Low,Technology Enthusiast,2026-05-11,Regular
CUST03177,C001,18-25,Female,Singapore,Low,Budget Buyer,2025-06-23,New
CUST03178,C008,26-35,Male,South Korea,Medium,Technology Enthusiast,2026-07-28,Regular
CUST03179,C007,56+,Male,Germany,High,Technology Enthusiast,2026-03-16,VIP
CUST03180,C005,18-25,Male,Japan,Low,Premium Customer,2025-02-03,VIP
CUST03181,C006,56+,Other,Singapore,Medium,Value Seeker,2025-02-28,Loyal
CUST03182,C006,18-25,Female,South Korea,Medium,Budget Buyer,2025-01-01,Regular
CUST03183,C004,36-45,Female,Japan,Low,Young Professional,2021-02-14,VIP
CUST03184,C001,26-35,Other,USA,Premium,Technology Enthusiast,2024-01-04,Regular
CUST03185,C009,36-45,Female,India,High,Young Professional,2023-01-26,Regular
CUST03186,C002,36-45,Male,Canada,Premium,Budget Buyer,2020-11-08,New
CUST03187,C003,36-45,Male,Germany,Premium,Technology Enthusiast,2022-07-18,VIP
CUST03188,C002,46-55,Other,USA,Low,Technology Enthusiast,2023-08-21,VIP
CUST03189,C008,56+,Male,UK,Medium,Young Professional,2025-01-02,Loyal
CUST03190,C006,56+,Female,Canada,Premium,Premium Customer,2024-10-12,Loyal
CUST03191,C001,46-55,Other,Singapore,High,Budget Buyer,2022-08-07,New
CUST03192,C007,26-35,Other,Japan,Premium,Value Seeker,2022-06-11,VIP
CUST03193,C009,18-25,Female,South Korea,High,Premium Customer,2022-05-03,Regular
CUST03194,C010,46-55,Male,USA,Premium,Technology Enthusiast,2021-08-26,Regular
CUST03195,C001,56+,Male,Japan,High,Young Professional,2021-07-13,Regular
CUST03196,C004,26-35,Female,USA,Premium,Young Professional,2022-07-17,New
CUST03197,C009,36-45,Other,Germany,Premium,Premium Customer,2023-11-22,New
CUST03198,C008,36-45,Female,Singapore,Premium,Young Professional,2022-04-29,VIP
CUST03199,C003,36-45,Other,Japan,High,Budget Buyer,2021-05-16,VIP
CUST03200,C005,46-55,Male,South Korea,Low,Young Professional,2021-04-15,New
CUST03201,C003,18-25,Other,USA,Premium,Technology Enthusiast,2021-11-09,New
CUST03202,C005,26-35,Female,Canada,Premium,Premium Customer,2021-02-09,New
CUST03203,C010,56+,Male,South Korea,Premium,Young Professional,2022-11-11,New
CUST03204,C003,56+,Female,Canada,Medium,Value Seeker,2021-05-28,New
CUST03205,C003,36-45,Other,India,Premium,Value Seeker,2024-10-05,New
CUST03206,C009,46-55,Female,South Korea,Premium,Budget Buyer,2022-02-11,VIP
CUST03207,C007,46-55,Male,India,Medium,Young Professional,2024-08-22,VIP
CUST03208,C004,26-35,Male,UK,Medium,Value Seeker,2023-02-12,Regular
CUST03209,C005,18-25,Male,Germany,Premium,Premium Customer,2026-02-07,Regular
CUST03210,C007,36-45,Other,India,Low,Premium Customer,2025-06-22,VIP
CUST03211,C010,36-45,Male,Canada,High,Premium Customer,2020-10-22,New
CUST03212,C005,18-25,Other,UK,Medium,Value Seeker,2023-04-18,Loyal
CUST03213,C002,36-45,Female,Japan,Premium,Young Professional,2025-02-18,Regular
CUST03214,C007,18-25,Other,Singapore,Medium,Premium Customer,2020-08-03,Regular
CUST03215,C007,18-25,Other,Japan,Premium,Technology Enthusiast,2022-06-12,Loyal
CUST03216,C006,26-35,Other,UK,Premium,Premium Customer,2026-07-14,VIP
CUST03217,C005,36-45,Other,India,Low,Value Seeker,2021-01-14,Loyal
CUST03218,C001,36-45,Female,USA,Medium,Young Professional,2022-01-02,Loyal
CUST03219,C005,46-55,Female,UK,Medium,Technology Enthusiast,2026-02-28,Regular
CUST03220,C010,36-45,Female,Germany,Medium,Budget Buyer,2020-01-04,Loyal
CUST03221,C006,46-55,Other,USA,High,Premium Customer,2023-02-04,Loyal
CUST03222,C010,26-35,Female,USA,Low,Young Professional,2022-03-21,VIP
CUST03223,C009,46-55,Other,Japan,Medium,Budget Buyer,2025-10-18,Regular
CUST03224,C001,18-25,Other,Japan,High,Value Seeker,2023-03-31,VIP
CUST03225,C008,46-55,Male,Germany,Low,Technology Enthusiast,2024-11-18,Loyal
CUST03226,C009,18-25,Male,South Korea,Medium,Budget Buyer,2020-07-30,Loyal
CUST03227,C004,18-25,Female,USA,Low,Young Professional,2026-07-13,Regular
CUST03228,C007,56+,Female,UK,Low,Budget Buyer,2025-05-25,VIP
CUST03229,C009,56+,Female,USA,Low,Technology Enthusiast,2020-11-13,VIP
CUST03230,C009,46-55,Female,UK,High,Premium Customer,2023-08-04,New
CUST03231,C007,18-25,Male,Singapore,Medium,Value Seeker,2026-02-22,New
CUST03232,C006,26-35,Other,Germany,Low,Premium Customer,2022-12-14,New
CUST03233,C001,26-35,Male,UK,Premium,Young Professional,2022-01-26,Loyal
CUST03234,C001,26-35,Male,Canada,Low,Budget Buyer,2023-08-30,Loyal
CUST03235,C003,46-55,Female,South Korea,Low,Budget Buyer,2020-04-21,Loyal
CUST03236,C002,36-45,Other,UK,Low,Budget Buyer,2022-11-14,VIP
CUST03237,C007,26-35,Other,UK,Medium,Value Seeker,2022-10-20,Regular
CUST03238,C005,18-25,Female,Germany,Medium,Value Seeker,2020-06-02,Regular
CUST03239,C001,46-55,Male,India,Low,Technology Enthusiast,2024-03-05,New
CUST03240,C002,26-35,Female,Canada,Medium,Value Seeker,2021-04-11,New
CUST03241,C004,26-35,Female,UK,Premium,Budget Buyer,2022-07-22,Regular
CUST03242,C003,56+,Female,Japan,Premium,Young Professional,2022-09-23,Loyal
CUST03243,C003,36-45,Male,Singapore,High,Young Professional,2022-06-06,VIP
CUST03244,C007,26-35,Female,Singapore,Premium,Value Seeker,2020-01-21,Loyal
CUST03245,C003,56+,Female,Germany,Premium,Premium Customer,2020-08-11,VIP
CUST03246,C004,56+,Other,Japan,Medium,Technology Enthusiast,2023-02-07,VIP
CUST03247,C004,46-55,Male,Japan,Medium,Premium Customer,2023-12-30,VIP
CUST03248,C006,56+,Male,Canada,Premium,Premium Customer,2023-09-23,Regular
CUST03249,C006,56+,Male,Singapore,Premium,Young Professional,2022-10-05,New
CUST03250,C005,36-45,Male,Germany,Premium,Technology Enthusiast,2025-04-20,Loyal
CUST03251,C003,46-55,Female,Singapore,Premium,Young Professional,2023-03-27,Regular
CUST03252,C006,56+,Other,Singapore,Medium,Technology Enthusiast,2022-05-03,Loyal
CUST03253,C004,36-45,Male,Singapore,Premium,Technology Enthusiast,2021-09-23,Regular
CUST03254,C005,36-45,Female,USA,Medium,Premium Customer,2021-02-26,VIP
CUST03255,C004,26-35,Female,Canada,Medium,Young Professional,2026-02-18,VIP
CUST03256,C009,56+,Other,Singapore,Medium,Technology Enthusiast,2023-09-07,New
CUST03257,C007,46-55,Other,UK,High,Technology Enthusiast,2021-02-18,VIP
CUST03258,C010,56+,Other,USA,Premium,Budget Buyer,2022-08-26,Loyal
CUST03259,C004,18-25,Male,Singapore,Medium,Premium Customer,2025-08-10,New
CUST03260,C001,18-25,Female,Germany,Premium,Value Seeker,2022-09-29,VIP
CUST03261,C001,26-35,Male,USA,High,Technology Enthusiast,2025-04-15,VIP
CUST03262,C008,18-25,Other,UK,Premium,Young Professional,2026-03-18,Regular
CUST03263,C002,18-25,Female,Singapore,Medium,Technology Enthusiast,2021-06-23,Loyal
CUST03264,C008,26-35,Female,Canada,Medium,Technology Enthusiast,2024-06-13,Regular
CUST03265,C007,36-45,Female,Germany,Medium,Technology Enthusiast,2023-04-29,New
CUST03266,C008,56+,Other,Canada,Low,Value Seeker,2021-07-22,VIP
CUST03267,C010,56+,Other,USA,Low,Value Seeker,2022-12-10,VIP
CUST03268,C007,56+,Female,USA,Premium,Premium Customer,2023-04-11,New
CUST03269,C007,26-35,Male,Japan,Medium,Technology Enthusiast,2026-03-05,New
CUST03270,C001,46-55,Male,UK,High,Technology Enthusiast,2021-03-05,New
CUST03271,C002,26-35,Other,Canada,Low,Budget Buyer,2024-07-01,Regular
CUST03272,C004,36-45,Female,Germany,Premium,Premium Customer,2022-08-06,VIP
CUST03273,C004,56+,Male,Canada,Low,Technology Enthusiast,2023-01-25,Loyal
CUST03274,C002,18-25,Female,South Korea,Medium,Budget Buyer,2020-09-11,New
CUST03275,C005,18-25,Male,Singapore,Low,Young Professional,2026-02-07,New
CUST03276,C001,36-45,Other,UK,Low,Value Seeker,2020-07-13,VIP
CUST03277,C007,46-55,Other,India,Low,Technology Enthusiast,2021-05-02,New
CUST03278,C004,26-35,Male,Germany,High,Technology Enthusiast,2023-04-10,Loyal
CUST03279,C005,36-45,Male,India,Medium,Young Professional,2026-03-17,Regular
CUST03280,C002,18-25,Other,South Korea,Low,Premium Customer,2024-10-08,New
CUST03281,C004,46-55,Male,USA,High,Premium Customer,2026-02-04,New
CUST03282,C002,18-25,Male,UK,Low,Technology Enthusiast,2025-07-22,Loyal
CUST03283,C001,36-45,Female,India,Medium,Technology Enthusiast,2021-07-08,New
CUST03284,C005,18-25,Male,South Korea,High,Young Professional,2021-01-11,Regular
CUST03285,C008,56+,Male,Singapore,Premium,Technology Enthusiast,2020-11-03,Loyal
CUST03286,C008,36-45,Female,Germany,Low,Value Seeker,2024-04-07,New
CUST03287,C001,36-45,Other,USA,Premium,Budget Buyer,2025-08-07,Loyal
CUST03288,C003,26-35,Male,Japan,High,Budget Buyer,2022-10-18,New
CUST03289,C004,36-45,Male,Japan,Low,Premium Customer,2020-12-03,VIP
CUST03290,C003,18-25,Female,Canada,High,Young Professional,2024-05-10,Regular
CUST03291,C006,46-55,Other,Canada,Low,Budget Buyer,2021-12-19,Regular
CUST03292,C006,46-55,Other,USA,Premium,Technology Enthusiast,2023-03-05,Loyal
CUST03293,C009,36-45,Female,Singapore,High,Technology Enthusiast,2025-11-23,Regular
CUST03294,C001,36-45,Male,Japan,Premium,Premium Customer,2020-05-05,Loyal
CUST03295,C007,36-45,Female,Canada,Medium,Value Seeker,2022-05-02,VIP
CUST03296,C002,26-35,Female,Singapore,Medium,Young Professional,2025-02-09,VIP
CUST03297,C006,36-45,Female,India,Premium,Budget Buyer,2020-04-16,New
CUST03298,C002,36-45,Male,Germany,Low,Premium Customer,2023-04-19,VIP
CUST03299,C003,18-25,Other,South Korea,Low,Budget Buyer,2022-12-03,New
CUST03300,C007,56+,Other,India,High,Budget Buyer,2024-08-02,VIP
CUST03301,C003,26-35,Male,South Korea,Premium,Value Seeker,2026-01-05,Regular
CUST03302,C009,18-25,Female,UK,Medium,Value Seeker,2021-03-31,Regular
CUST03303,C009,26-35,Male,UK,High,Budget Buyer,2021-08-29,Loyal
CUST03304,C008,26-35,Other,Germany,High,Technology Enthusiast,2023-08-31,Loyal
CUST03305,C001,36-45,Male,India,High,Premium Customer,2020-01-06,New
CUST03306,C004,18-25,Other,USA,Medium,Young Professional,2024-03-07,New
CUST03307,C006,36-45,Female,UK,Medium,Technology Enthusiast,2022-03-06,Regular
CUST03308,C001,36-45,Male,Japan,Premium,Technology Enthusiast,2024-11-23,New
CUST03309,C010,56+,Male,India,Medium,Technology Enthusiast,2025-03-17,New
CUST03310,C002,36-45,Male,Canada,High,Value Seeker,2020-04-07,Loyal
CUST03311,C002,26-35,Other,USA,High,Young Professional,2023-09-25,VIP
CUST03312,C009,46-55,Female,UK,Low,Value Seeker,2024-08-06,New
CUST03313,C009,56+,Male,India,Premium,Value Seeker,2026-03-25,Loyal
CUST03314,C008,18-25,Other,Germany,Premium,Technology Enthusiast,2026-04-09,New
CUST03315,C003,26-35,Other,South Korea,High,Value Seeker,2021-02-02,VIP
CUST03316,C010,18-25,Female,Japan,High,Young Professional,2026-06-16,VIP
CUST03317,C006,36-45,Other,India,High,Value Seeker,2026-06-01,New
CUST03318,C007,56+,Other,India,High,Young Professional,2024-10-26,Regular
CUST03319,C009,46-55,Male,Singapore,Low,Budget Buyer,2026-02-03,VIP
CUST03320,C006,46-55,Male,Germany,Premium,Young Professional,2024-09-17,Loyal
CUST03321,C008,18-25,Female,Japan,Medium,Premium Customer,2020-06-26,VIP
CUST03322,C002,46-55,Other,USA,High,Technology Enthusiast,2022-07-01,New
CUST03323,C003,26-35,Other,India,High,Value Seeker,2024-01-05,VIP
CUST03324,C007,56+,Female,Canada,High,Young Professional,2021-10-20,VIP
CUST03325,C008,36-45,Male,Canada,Medium,Value Seeker,2022-01-08,Regular
CUST03326,C005,26-35,Female,India,Low,Young Professional,2021-12-14,New
CUST03327,C008,36-45,Male,Japan,High,Value Seeker,2021-05-31,VIP
CUST03328,C010,36-45,Other,Japan,High,Premium Customer,2021-03-18,Loyal
CUST03329,C010,46-55,Male,South Korea,Premium,Budget Buyer,2020-04-27,Regular
CUST03330,C005,36-45,Female,India,Medium,Value Seeker,2021-11-04,Regular
CUST03331,C003,56+,Female,Japan,Medium,Value Seeker,2023-10-16,New
CUST03332,C006,26-35,Other,Singapore,Medium,Budget Buyer,2026-01-11,Loyal
CUST03333,C001,56+,Female,Singapore,Medium,Technology Enthusiast,2021-07-26,New
CUST03334,C008,18-25,Female,Canada,Medium,Technology Enthusiast,2021-10-08,Regular
CUST03335,C003,36-45,Male,Singapore,Premium,Technology Enthusiast,2020-04-18,Regular
CUST03336,C002,26-35,Other,UK,Premium,Premium Customer,2024-01-11,Regular
CUST03337,C008,46-55,Male,UK,High,Budget Buyer,2020-01-21,Regular
CUST03338,C002,56+,Male,India,High,Technology Enthusiast,2022-08-02,Loyal
CUST03339,C001,26-35,Male,Singapore,Low,Technology Enthusiast,2022-01-27,New
CUST03340,C002,26-35,Other,Germany,Medium,Young Professional,2026-06-19,Regular
CUST03341,C008,18-25,Other,India,Low,Budget Buyer,2025-06-18,New
CUST03342,C003,36-45,Female,USA,Premium,Value Seeker,2026-07-10,Regular
CUST03343,C006,36-45,Other,South Korea,Low,Technology Enthusiast,2024-03-22,Loyal
CUST03344,C006,18-25,Other,South Korea,Medium,Value Seeker,2023-06-20,New
CUST03345,C005,26-35,Male,Germany,Low,Premium Customer,2023-11-10,VIP
CUST03346,C008,18-25,Female,Japan,Premium,Young Professional,2025-12-29,VIP
CUST03347,C005,46-55,Male,USA,High,Young Professional,2022-09-30,Regular
CUST03348,C010,18-25,Other,South Korea,Premium,Premium Customer,2021-03-03,VIP
CUST03349,C007,18-25,Female,UK,Premium,Premium Customer,2023-10-24,New
CUST03350,C003,56+,Male,USA,High,Premium Customer,2020-04-18,New
CUST03351,C007,56+,Male,UK,Medium,Value Seeker,2020-10-30,New
CUST03352,C002,46-55,Other,South Korea,Low,Premium Customer,2024-05-19,VIP
CUST03353,C007,36-45,Male,UK,Medium,Value Seeker,2022-04-17,VIP
CUST03354,C002,36-45,Other,UK,Low,Value Seeker,2026-01-17,VIP
CUST03355,C009,56+,Female,Singapore,Medium,Premium Customer,2023-03-11,New
CUST03356,C002,26-35,Other,Canada,Medium,Budget Buyer,2023-03-17,New
CUST03357,C001,46-55,Female,Germany,Medium,Value Seeker,2022-09-29,New
CUST03358,C004,36-45,Female,Japan,Premium,Premium Customer,2021-08-09,Regular
CUST03359,C003,56+,Other,Canada,Low,Premium Customer,2025-05-14,Regular
CUST03360,C008,36-45,Other,USA,High,Value Seeker,2024-08-17,Regular
CUST03361,C001,18-25,Female,India,Premium,Young Professional,2021-01-21,Regular
CUST03362,C007,36-45,Male,Singapore,Premium,Value Seeker,2024-05-28,Loyal
CUST03363,C002,46-55,Male,Canada,High,Young Professional,2021-08-14,Regular
CUST03364,C004,36-45,Other,Singapore,High,Premium Customer,2025-06-25,VIP
CUST03365,C007,56+,Female,Canada,Premium,Value Seeker,2022-12-01,Regular
CUST03366,C005,36-45,Other,Japan,Low,Budget Buyer,2026-06-24,Loyal
CUST03367,C007,36-45,Male,Singapore,Medium,Technology Enthusiast,2021-07-19,VIP
CUST03368,C006,56+,Female,USA,Medium,Budget Buyer,2024-04-18,VIP
CUST03369,C003,46-55,Other,South Korea,Medium,Technology Enthusiast,2025-01-06,Regular
CUST03370,C006,56+,Female,Germany,High,Young Professional,2020-03-30,Regular
CUST03371,C002,56+,Male,Canada,Premium,Young Professional,2021-06-20,New
CUST03372,C003,26-35,Female,South Korea,Premium,Technology Enthusiast,2021-08-26,New
CUST03373,C005,46-55,Other,South Korea,Medium,Young Professional,2023-11-13,New
CUST03374,C009,18-25,Female,India,Medium,Value Seeker,2023-04-08,Regular
CUST03375,C002,46-55,Other,UK,Medium,Value Seeker,2023-04-13,VIP
CUST03376,C003,56+,Other,Canada,High,Budget Buyer,2020-08-17,VIP
CUST03377,C008,46-55,Male,Singapore,Medium,Premium Customer,2024-06-27,Regular
CUST03378,C003,46-55,Male,India,Low,Budget Buyer,2025-10-31,Regular
CUST03379,C003,18-25,Other,Canada,High,Value Seeker,2020-04-20,VIP
CUST03380,C005,26-35,Male,Germany,Premium,Premium Customer,2026-02-02,VIP
CUST03381,C001,26-35,Other,Singapore,Premium,Budget Buyer,2025-09-17,Regular
CUST03382,C007,36-45,Other,Canada,High,Premium Customer,2020-02-05,Regular
CUST03383,C001,36-45,Female,Canada,Low,Budget Buyer,2026-04-22,Regular
CUST03384,C003,56+,Female,USA,Medium,Young Professional,2022-12-07,New
CUST03385,C001,18-25,Female,Canada,Premium,Budget Buyer,2020-11-13,VIP
CUST03386,C006,18-25,Other,India,Medium,Technology Enthusiast,2025-12-13,New
CUST03387,C005,18-25,Male,Canada,Low,Young Professional,2022-11-11,Regular
CUST03388,C002,46-55,Female,Japan,Low,Value Seeker,2023-11-28,Loyal
CUST03389,C004,18-25,Female,Germany,Premium,Young Professional,2025-11-09,VIP
CUST03390,C006,56+,Male,Germany,Low,Technology Enthusiast,2023-12-13,New
CUST03391,C002,56+,Female,Singapore,High,Premium Customer,2024-07-09,New
CUST03392,C008,56+,Female,India,Low,Technology Enthusiast,2025-01-20,New
CUST03393,C003,18-25,Female,Germany,Premium,Budget Buyer,2025-03-09,VIP
CUST03394,C002,36-45,Other,Singapore,Premium,Technology Enthusiast,2021-03-13,VIP
CUST03395,C002,56+,Other,South Korea,Premium,Premium Customer,2020-12-14,Loyal
CUST03396,C010,26-35,Other,Germany,Medium,Premium Customer,2025-11-05,New
CUST03397,C008,36-45,Male,Japan,Medium,Young Professional,2020-06-19,Regular
CUST03398,C005,56+,Male,Japan,Premium,Young Professional,2023-12-31,VIP
CUST03399,C003,36-45,Male,Japan,Medium,Value Seeker,2026-02-12,Regular
CUST03400,C005,46-55,Female,UK,Low,Premium Customer,2021-10-14,VIP
CUST03401,C006,18-25,Male,Japan,High,Premium Customer,2026-04-10,VIP
CUST03402,C009,56+,Male,India,Medium,Budget Buyer,2025-06-09,Regular
CUST03403,C009,26-35,Male,South Korea,Medium,Premium Customer,2023-10-28,VIP
CUST03404,C007,26-35,Female,Japan,Low,Young Professional,2026-04-13,New
CUST03405,C003,26-35,Other,Japan,High,Premium Customer,2023-08-03,New
CUST03406,C004,56+,Female,Germany,Low,Technology Enthusiast,2020-01-19,VIP
CUST03407,C003,46-55,Male,UK,Premium,Premium Customer,2020-02-02,VIP
CUST03408,C008,18-25,Other,Canada,Medium,Young Professional,2021-04-19,Regular
CUST03409,C008,46-55,Male,India,Low,Budget Buyer,2025-08-26,VIP
CUST03410,C002,18-25,Male,UK,High,Value Seeker,2021-08-22,Regular
CUST03411,C005,46-55,Male,India,High,Premium Customer,2023-04-03,VIP
CUST03412,C008,56+,Other,Singapore,Low,Technology Enthusiast,2021-01-19,VIP
CUST03413,C002,36-45,Other,Singapore,High,Premium Customer,2024-03-20,VIP
CUST03414,C008,36-45,Male,Singapore,Medium,Value Seeker,2024-07-23,Loyal
CUST03415,C005,18-25,Other,Japan,Medium,Value Seeker,2020-03-06,Loyal
CUST03416,C003,36-45,Male,South Korea,Medium,Value Seeker,2024-04-04,Regular
CUST03417,C002,18-25,Female,Germany,Low,Premium Customer,2026-07-01,New
CUST03418,C006,46-55,Other,Germany,Premium,Budget Buyer,2023-03-11,New
CUST03419,C006,56+,Male,USA,High,Budget Buyer,2025-07-11,New
CUST03420,C001,46-55,Other,UK,Premium,Budget Buyer,2020-10-10,New
CUST03421,C009,26-35,Female,Japan,Medium,Young Professional,2020-05-13,VIP
CUST03422,C006,56+,Male,Germany,High,Young Professional,2025-02-09,Regular
CUST03423,C006,18-25,Other,UK,Low,Young Professional,2025-07-08,VIP
CUST03424,C008,18-25,Female,Singapore,Medium,Technology Enthusiast,2026-05-24,VIP
CUST03425,C007,26-35,Male,India,Medium,Budget Buyer,2023-03-07,VIP
CUST03426,C003,46-55,Female,UK,Medium,Young Professional,2024-07-27,VIP
CUST03427,C009,36-45,Other,UK,Premium,Value Seeker,2023-09-26,Loyal
CUST03428,C001,18-25,Other,UK,Low,Technology Enthusiast,2020-06-10,VIP
CUST03429,C001,36-45,Other,Singapore,Low,Young Professional,2020-12-19,New
CUST03430,C010,56+,Female,Canada,Medium,Value Seeker,2020-04-08,VIP
CUST03431,C002,26-35,Other,India,Medium,Value Seeker,2024-06-29,Loyal
CUST03432,C007,46-55,Other,Germany,Low,Budget Buyer,2022-06-08,New
CUST03433,C001,56+,Male,Germany,Low,Technology Enthusiast,2020-06-03,VIP
CUST03434,C009,18-25,Female,India,Medium,Technology Enthusiast,2021-04-11,Regular
CUST03435,C006,18-25,Female,UK,Low,Technology Enthusiast,2023-02-15,Regular
CUST03436,C001,26-35,Other,South Korea,Premium,Premium Customer,2022-12-11,New
CUST03437,C004,46-55,Male,India,Low,Value Seeker,2024-09-06,Regular
CUST03438,C007,18-25,Female,Canada,Premium,Young Professional,2025-10-30,VIP
CUST03439,C001,26-35,Male,USA,Low,Young Professional,2023-11-24,Regular
CUST03440,C004,56+,Female,South Korea,Medium,Technology Enthusiast,2020-02-04,VIP
CUST03441,C010,36-45,Male,USA,Low,Young Professional,2025-08-25,Regular
CUST03442,C007,46-55,Female,Japan,Low,Budget Buyer,2022-08-11,VIP
CUST03443,C008,46-55,Other,USA,Premium,Premium Customer,2024-10-15,VIP
CUST03444,C003,56+,Male,Singapore,Medium,Premium Customer,2025-12-14,Loyal
CUST03445,C001,46-55,Other,UK,Premium,Premium Customer,2020-12-25,Regular
CUST03446,C010,26-35,Female,Singapore,Premium,Premium Customer,2021-10-12,New
CUST03447,C010,46-55,Other,Singapore,Low,Premium Customer,2022-03-08,Loyal
CUST03448,C003,56+,Other,India,Premium,Young Professional,2022-02-06,Regular
CUST03449,C006,56+,Male,UK,High,Young Professional,2026-05-05,VIP
CUST03450,C008,26-35,Female,Japan,Premium,Premium Customer,2025-03-19,Loyal
CUST03451,C001,26-35,Other,Japan,Low,Young Professional,2026-02-26,New
CUST03452,C002,18-25,Female,USA,Premium,Young Professional,2023-04-06,VIP
CUST03453,C009,26-35,Other,USA,Medium,Technology Enthusiast,2026-07-14,Loyal
CUST03454,C007,18-25,Other,South Korea,Low,Budget Buyer,2023-12-08,Loyal
CUST03455,C009,18-25,Male,Japan,Low,Budget Buyer,2024-10-21,Regular
CUST03456,C005,56+,Other,UK,Premium,Technology Enthusiast,2023-01-09,VIP
CUST03457,C006,18-25,Other,Germany,Low,Value Seeker,2025-03-11,Regular
CUST03458,C001,18-25,Other,UK,High,Budget Buyer,2021-05-20,New
CUST03459,C009,18-25,Female,Canada,Medium,Technology Enthusiast,2024-05-22,New
CUST03460,C007,26-35,Male,UK,Medium,Value Seeker,2023-11-12,VIP
CUST03461,C010,18-25,Other,India,Premium,Value Seeker,2022-05-13,New
CUST03462,C001,26-35,Male,UK,High,Value Seeker,2025-08-03,VIP
CUST03463,C007,36-45,Other,South Korea,High,Value Seeker,2021-07-22,VIP
CUST03464,C005,36-45,Female,USA,High,Young Professional,2020-04-11,VIP
CUST03465,C010,46-55,Other,South Korea,High,Budget Buyer,2024-02-14,VIP
CUST03466,C009,26-35,Female,Canada,High,Young Professional,2025-07-12,Regular
CUST03467,C005,18-25,Female,Singapore,Premium,Technology Enthusiast,2023-09-14,VIP
CUST03468,C006,26-35,Other,Canada,Medium,Young Professional,2025-10-06,Regular
CUST03469,C006,46-55,Other,UK,Premium,Premium Customer,2026-02-18,Regular
CUST03470,C007,36-45,Other,Japan,Medium,Value Seeker,2024-05-23,New
CUST03471,C008,36-45,Other,South Korea,Low,Technology Enthusiast,2025-04-20,Loyal
CUST03472,C004,46-55,Other,Germany,High,Young Professional,2021-10-13,Regular
CUST03473,C007,56+,Male,Japan,Low,Young Professional,2023-10-13,Loyal
CUST03474,C001,18-25,Other,UK,High,Premium Customer,2024-01-19,VIP
CUST03475,C003,18-25,Female,Germany,High,Value Seeker,2020-02-03,Regular
CUST03476,C010,46-55,Female,Germany,Premium,Value Seeker,2020-07-06,Loyal
CUST03477,C005,18-25,Male,India,Low,Premium Customer,2023-11-15,Regular
CUST03478,C006,36-45,Male,Japan,Low,Value Seeker,2026-04-09,New
CUST03479,C005,18-25,Other,UK,Low,Young Professional,2023-11-07,Regular
CUST03480,C006,18-25,Male,South Korea,High,Value Seeker,2022-07-18,Regular
CUST03481,C008,26-35,Male,USA,Low,Value Seeker,2023-09-16,Regular
CUST03482,C006,18-25,Female,UK,Premium,Young Professional,2026-06-17,Regular
CUST03483,C008,26-35,Other,Singapore,Premium,Value Seeker,2022-12-18,Loyal
CUST03484,C002,56+,Female,South Korea,Medium,Technology Enthusiast,2020-07-28,Regular
CUST03485,C009,36-45,Female,Japan,Low,Young Professional,2023-12-04,VIP
CUST03486,C001,56+,Male,Japan,Low,Budget Buyer,2020-11-27,VIP
CUST03487,C005,36-45,Female,Germany,Premium,Budget Buyer,2023-11-10,VIP
CUST03488,C003,26-35,Other,USA,Premium,Premium Customer,2025-04-25,Regular
CUST03489,C004,36-45,Female,USA,Medium,Budget Buyer,2024-12-16,Loyal
CUST03490,C008,46-55,Other,UK,Premium,Young Professional,2024-03-14,New
CUST03491,C003,18-25,Other,Canada,Low,Technology Enthusiast,2024-10-03,VIP
CUST03492,C007,18-25,Other,India,Premium,Technology Enthusiast,2021-10-16,Regular
CUST03493,C002,26-35,Male,Germany,High,Budget Buyer,2024-11-02,VIP
CUST03494,C008,36-45,Female,India,High,Technology Enthusiast,2020-08-30,Regular
CUST03495,C003,46-55,Male,USA,Medium,Value Seeker,2024-09-11,Loyal
CUST03496,C004,56+,Other,India,High,Technology Enthusiast,2025-12-15,Loyal
CUST03497,C002,26-35,Male,UK,High,Technology Enthusiast,2023-04-10,Regular
CUST03498,C007,36-45,Male,UK,Medium,Value Seeker,2023-05-04,New
CUST03499,C004,26-35,Female,Japan,High,Premium Customer,2022-11-11,VIP
CUST03500,C008,56+,Other,USA,Low,Young Professional,2022-01-26,Loyal
CUST03501,C010,36-45,Other,Canada,Medium,Budget Buyer,2020-04-09,Regular
CUST03502,C005,46-55,Other,Japan,Medium,Budget Buyer,2022-10-15,New
CUST03503,C003,46-55,Female,USA,Low,Young Professional,2026-07-25,New
CUST03504,C007,56+,Male,South Korea,Medium,Premium Customer,2021-08-25,Loyal
CUST03505,C002,26-35,Male,USA,Premium,Value Seeker,2025-01-25,New
CUST03506,C001,46-55,Male,UK,Medium,Budget Buyer,2025-08-24,Regular
CUST03507,C007,18-25,Female,South Korea,Medium,Premium Customer,2026-05-12,VIP
CUST03508,C008,18-25,Female,UK,Premium,Premium Customer,2021-04-11,New
CUST03509,C008,36-45,Other,USA,High,Value Seeker,2023-04-11,New
CUST03510,C005,36-45,Male,India,Medium,Budget Buyer,2023-01-27,Regular
CUST03511,C007,26-35,Other,South Korea,Low,Value Seeker,2025-11-02,Loyal
CUST03512,C006,26-35,Other,Japan,Premium,Premium Customer,2020-08-14,VIP
CUST03513,C001,18-25,Female,India,Medium,Young Professional,2022-08-31,VIP
CUST03514,C008,36-45,Other,USA,Medium,Value Seeker,2023-11-26,VIP
CUST03515,C009,18-25,Male,USA,Medium,Technology Enthusiast,2025-08-30,Regular
CUST03516,C008,18-25,Male,Japan,Low,Value Seeker,2021-12-07,Regular
CUST03517,C005,18-25,Male,Canada,Medium,Value Seeker,2024-03-17,New
CUST03518,C002,56+,Other,UK,High,Value Seeker,2022-08-20,Regular
CUST03519,C001,26-35,Other,USA,Premium,Technology Enthusiast,2026-03-03,New
CUST03520,C007,46-55,Male,Germany,Low,Premium Customer,2022-06-29,Regular
CUST03521,C007,46-55,Other,Canada,Premium,Premium Customer,2020-02-21,VIP
CUST03522,C003,18-25,Male,Japan,Medium,Budget Buyer,2020-07-08,Loyal
CUST03523,C002,46-55,Male,South Korea,Low,Premium Customer,2020-07-25,Regular
CUST03524,C005,36-45,Male,Japan,Low,Value Seeker,2026-04-15,Regular
CUST03525,C008,56+,Female,USA,Low,Technology Enthusiast,2020-01-27,New
CUST03526,C010,36-45,Female,Canada,High,Premium Customer,2022-12-20,VIP
CUST03527,C003,36-45,Female,Singapore,Low,Technology Enthusiast,2024-06-07,Regular
CUST03528,C008,46-55,Male,Germany,Premium,Premium Customer,2024-10-18,New
CUST03529,C009,46-55,Male,Singapore,Medium,Technology Enthusiast,2025-08-11,Loyal
CUST03530,C007,26-35,Other,Singapore,Premium,Premium Customer,2021-03-12,Regular
CUST03531,C001,36-45,Female,Germany,Premium,Budget Buyer,2024-03-04,Regular
CUST03532,C009,46-55,Other,Canada,Low,Value Seeker,2025-11-19,Regular
CUST03533,C004,46-55,Male,Canada,High,Premium Customer,2023-03-28,VIP
CUST03534,C003,46-55,Male,Germany,Low,Young Professional,2025-07-17,New
CUST03535,C002,46-55,Male,Canada,Medium,Budget Buyer,2025-02-15,Loyal
CUST03536,C003,56+,Male,USA,Premium,Technology Enthusiast,2023-04-25,VIP
CUST03537,C004,36-45,Female,India,High,Premium Customer,2024-08-29,Loyal
CUST03538,C007,56+,Female,South Korea,Low,Value Seeker,2026-01-15,VIP
CUST03539,C009,26-35,Male,India,High,Technology Enthusiast,2026-04-07,Regular
CUST03540,C008,46-55,Other,Germany,Low,Young Professional,2022-07-22,Regular
CUST03541,C003,26-35,Female,India,Premium,Young Professional,2021-04-10,Regular
CUST03542,C005,18-25,Female,India,Premium,Value Seeker,2020-09-20,New
CUST03543,C002,46-55,Male,UK,Medium,Young Professional,2026-02-03,VIP
CUST03544,C002,26-35,Male,USA,Low,Premium Customer,2025-10-25,VIP
CUST03545,C001,36-45,Other,South Korea,High,Technology Enthusiast,2025-05-21,VIP
CUST03546,C005,56+,Female,India,High,Value Seeker,2026-07-10,Regular
CUST03547,C002,18-25,Male,Canada,Premium,Young Professional,2025-07-01,VIP
CUST03548,C006,18-25,Other,USA,Low,Premium Customer,2025-10-17,New
CUST03549,C008,36-45,Female,Germany,Low,Premium Customer,2022-05-15,Regular
CUST03550,C002,56+,Female,Japan,High,Premium Customer,2021-11-19,Regular
CUST03551,C007,46-55,Other,Canada,Premium,Value Seeker,2021-02-27,VIP
CUST03552,C009,18-25,Male,Germany,Low,Premium Customer,2025-09-08,Regular
CUST03553,C001,26-35,Other,India,Premium,Budget Buyer,2021-04-11,VIP
CUST03554,C008,26-35,Other,UK,Low,Premium Customer,2023-11-26,Regular
CUST03555,C004,18-25,Male,USA,Premium,Technology Enthusiast,2024-09-22,Loyal
CUST03556,C005,18-25,Male,Canada,Low,Value Seeker,2026-06-27,VIP
CUST03557,C003,36-45,Female,Japan,Medium,Young Professional,2024-01-03,VIP
CUST03558,C004,56+,Male,UK,Premium,Young Professional,2026-07-28,Regular
CUST03559,C010,26-35,Female,Japan,Low,Premium Customer,2021-09-23,Loyal
CUST03560,C002,36-45,Other,USA,High,Premium Customer,2022-01-24,VIP
CUST03561,C003,26-35,Other,Germany,Premium,Budget Buyer,2021-03-11,New
CUST03562,C009,26-35,Other,Canada,High,Young Professional,2024-06-06,New
CUST03563,C004,36-45,Female,Germany,Low,Young Professional,2026-03-22,VIP
CUST03564,C004,56+,Male,India,Premium,Technology Enthusiast,2020-08-03,VIP
CUST03565,C009,56+,Male,Singapore,High,Young Professional,2023-10-15,VIP
CUST03566,C003,18-25,Other,UK,Low,Premium Customer,2023-02-10,VIP
CUST03567,C004,18-25,Female,Singapore,Low,Budget Buyer,2023-09-08,Regular
CUST03568,C004,26-35,Female,South Korea,Low,Premium Customer,2025-04-11,Regular
CUST03569,C002,26-35,Other,Canada,Low,Value Seeker,2025-05-15,Loyal
CUST03570,C003,26-35,Other,Canada,Low,Technology Enthusiast,2021-12-04,Regular
CUST03571,C001,26-35,Male,Germany,Premium,Young Professional,2024-08-13,Loyal
CUST03572,C001,56+,Male,Canada,High,Young Professional,2021-01-20,Regular
CUST03573,C005,36-45,Male,India,Medium,Young Professional,2026-03-14,Regular
CUST03574,C006,56+,Female,South Korea,Premium,Young Professional,2020-01-30,New
CUST03575,C002,46-55,Other,USA,High,Premium Customer,2025-10-09,Loyal
CUST03576,C001,36-45,Male,Canada,Premium,Young Professional,2026-06-17,Regular
CUST03577,C010,56+,Other,USA,Medium,Premium Customer,2026-01-17,New
CUST03578,C006,26-35,Female,Japan,Low,Technology Enthusiast,2023-06-28,New
CUST03579,C009,46-55,Male,USA,Low,Value Seeker,2022-01-03,Loyal
CUST03580,C007,56+,Female,UK,Medium,Budget Buyer,2023-08-01,Regular
CUST03581,C004,46-55,Other,Singapore,Premium,Technology Enthusiast,2025-05-21,VIP
CUST03582,C010,26-35,Other,Japan,Medium,Value Seeker,2021-12-10,VIP
CUST03583,C002,36-45,Male,USA,Medium,Technology Enthusiast,2026-05-18,New
CUST03584,C010,36-45,Male,Canada,Medium,Young Professional,2022-08-02,New
CUST03585,C007,26-35,Other,Germany,High,Premium Customer,2024-10-05,Regular
CUST03586,C004,56+,Other,Germany,Medium,Young Professional,2023-05-13,Regular
CUST03587,C008,18-25,Other,Singapore,Premium,Technology Enthusiast,2024-02-28,Loyal
CUST03588,C001,46-55,Female,Canada,Medium,Young Professional,2025-09-10,Regular
CUST03589,C009,46-55,Other,UK,High,Young Professional,2021-12-24,New
CUST03590,C008,26-35,Female,India,High,Value Seeker,2023-01-06,Loyal
CUST03591,C010,46-55,Other,India,Medium,Technology Enthusiast,2023-01-19,VIP
CUST03592,C010,36-45,Female,Germany,High,Technology Enthusiast,2024-09-24,New
CUST03593,C008,36-45,Male,Canada,Premium,Budget Buyer,2024-07-16,Regular
CUST03594,C001,56+,Other,Japan,High,Value Seeker,2020-06-03,VIP
CUST03595,C004,36-45,Other,Singapore,Premium,Technology Enthusiast,2023-01-30,VIP
CUST03596,C007,56+,Other,Canada,Premium,Budget Buyer,2025-01-17,VIP
CUST03597,C002,18-25,Female,India,Low,Young Professional,2025-02-17,VIP
CUST03598,C002,18-25,Male,Canada,Premium,Budget Buyer,2020-11-26,Loyal
CUST03599,C007,36-45,Female,Singapore,High,Budget Buyer,2025-05-21,Loyal
CUST03600,C002,56+,Female,India,Low,Premium Customer,2026-02-01,VIP
CUST03601,C005,56+,Other,UK,Medium,Young Professional,2022-12-04,Regular
CUST03602,C006,56+,Other,Japan,Low,Young Professional,2024-11-16,Loyal
CUST03603,C001,46-55,Female,Germany,Premium,Young Professional,2023-10-04,Loyal
CUST03604,C001,36-45,Male,Singapore,Low,Premium Customer,2021-07-09,Regular
CUST03605,C006,18-25,Female,India,Medium,Young Professional,2024-12-30,New
CUST03606,C004,36-45,Other,South Korea,Premium,Value Seeker,2026-01-16,VIP
CUST03607,C005,18-25,Other,Singapore,Medium,Technology Enthusiast,2025-10-07,Loyal
CUST03608,C010,46-55,Other,India,Premium,Value Seeker,2022-09-28,Loyal
CUST03609,C009,26-35,Male,USA,Low,Budget Buyer,2023-12-07,Regular
CUST03610,C008,56+,Female,Japan,Low,Technology Enthusiast,2026-02-27,Regular
CUST03611,C001,56+,Female,UK,Premium,Premium Customer,2023-04-19,Loyal
CUST03612,C009,46-55,Male,Germany,Premium,Young Professional,2024-03-20,VIP
CUST03613,C003,26-35,Other,Singapore,Medium,Young Professional,2020-07-30,Loyal
CUST03614,C005,56+,Female,Singapore,Premium,Value Seeker,2022-05-15,Regular
CUST03615,C002,18-25,Other,UK,Medium,Value Seeker,2026-01-09,Loyal
CUST03616,C008,18-25,Female,India,Premium,Value Seeker,2024-09-23,New
CUST03617,C008,36-45,Female,South Korea,Premium,Premium Customer,2023-05-19,Regular
CUST03618,C007,46-55,Male,Singapore,Premium,Technology Enthusiast,2021-07-10,Loyal
CUST03619,C001,56+,Other,South Korea,Premium,Young Professional,2025-09-17,VIP
CUST03620,C006,36-45,Other,Germany,High,Technology Enthusiast,2023-01-21,Loyal
CUST03621,C003,26-35,Female,South Korea,High,Budget Buyer,2023-12-21,Regular
CUST03622,C008,46-55,Female,South Korea,High,Budget Buyer,2024-05-13,Loyal
CUST03623,C003,46-55,Female,South Korea,High,Budget Buyer,2020-04-02,Loyal
CUST03624,C010,36-45,Male,Canada,Low,Budget Buyer,2024-12-28,Loyal
CUST03625,C008,26-35,Male,India,Low,Budget Buyer,2022-04-30,Loyal
CUST03626,C001,36-45,Female,Japan,Medium,Value Seeker,2024-08-02,Loyal
CUST03627,C005,26-35,Other,Japan,Premium,Young Professional,2023-11-07,Regular
CUST03628,C006,26-35,Other,UK,Premium,Premium Customer,2022-01-08,New
CUST03629,C001,36-45,Female,India,Low,Budget Buyer,2020-05-30,New
CUST03630,C004,56+,Other,Japan,Premium,Budget Buyer,2023-06-14,New
CUST03631,C010,56+,Other,Singapore,High,Budget Buyer,2025-08-17,New
CUST03632,C009,36-45,Other,Germany,Premium,Young Professional,2021-02-20,VIP
CUST03633,C007,36-45,Other,Canada,Premium,Premium Customer,2020-11-09,VIP
CUST03634,C002,46-55,Other,South Korea,Low,Young Professional,2025-09-22,VIP
CUST03635,C010,46-55,Other,Singapore,Medium,Technology Enthusiast,2024-08-12,New
CUST03636,C006,36-45,Female,Japan,High,Budget Buyer,2021-06-29,New
CUST03637,C005,26-35,Other,Germany,Low,Value Seeker,2021-11-03,Regular
CUST03638,C008,36-45,Male,Japan,High,Premium Customer,2024-09-27,Regular
CUST03639,C010,46-55,Male,UK,Low,Young Professional,2025-12-31,New
CUST03640,C006,26-35,Male,Singapore,Premium,Budget Buyer,2020-10-02,Loyal
CUST03641,C008,46-55,Male,Germany,Low,Young Professional,2023-06-13,VIP
CUST03642,C009,26-35,Female,South Korea,High,Young Professional,2023-10-22,Regular
CUST03643,C001,36-45,Other,Canada,High,Budget Buyer,2022-02-08,New
CUST03644,C003,56+,Female,Germany,High,Budget Buyer,2022-07-14,VIP
CUST03645,C007,46-55,Female,Canada,Low,Value Seeker,2023-06-24,New
CUST03646,C004,18-25,Other,Germany,Low,Value Seeker,2024-02-10,Loyal
CUST03647,C009,26-35,Female,Singapore,High,Technology Enthusiast,2024-03-11,New
CUST03648,C006,56+,Other,Japan,Medium,Budget Buyer,2022-05-10,VIP
CUST03649,C009,36-45,Other,India,High,Budget Buyer,2023-09-04,Regular
CUST03650,C009,36-45,Female,USA,Premium,Premium Customer,2024-03-16,Loyal
CUST03651,C010,26-35,Other,Germany,Low,Technology Enthusiast,2021-12-29,Regular
CUST03652,C005,56+,Male,India,Low,Value Seeker,2025-12-21,New
CUST03653,C005,26-35,Female,UK,Medium,Young Professional,2024-04-26,Regular
CUST03654,C002,56+,Female,Germany,Low,Technology Enthusiast,2024-02-24,New
CUST03655,C003,56+,Female,UK,Premium,Value Seeker,2020-09-16,Loyal
CUST03656,C002,36-45,Other,Singapore,Low,Value Seeker,2020-12-22,Regular
CUST03657,C002,36-45,Female,Germany,Low,Budget Buyer,2023-09-23,Loyal
CUST03658,C004,26-35,Male,Canada,High,Budget Buyer,2020-06-08,VIP
CUST03659,C008,18-25,Other,USA,Low,Technology Enthusiast,2025-12-22,VIP
CUST03660,C006,36-45,Other,Japan,High,Premium Customer,2026-02-26,VIP
CUST03661,C007,36-45,Female,Canada,Low,Technology Enthusiast,2022-08-30,Regular
CUST03662,C010,26-35,Female,Canada,High,Value Seeker,2021-02-06,New
CUST03663,C007,18-25,Other,USA,Low,Premium Customer,2023-06-10,New
CUST03664,C007,56+,Male,India,Low,Technology Enthusiast,2024-04-07,Regular
CUST03665,C003,26-35,Other,USA,Premium,Technology Enthusiast,2022-10-21,Regular
CUST03666,C007,26-35,Male,USA,Premium,Young Professional,2025-08-24,VIP
CUST03667,C003,56+,Other,Singapore,Medium,Budget Buyer,2024-04-09,Regular
CUST03668,C005,56+,Other,USA,Low,Budget Buyer,2025-07-26,Loyal
CUST03669,C010,26-35,Other,Japan,Premium,Value Seeker,2022-08-01,Regular
CUST03670,C009,18-25,Other,Germany,Medium,Value Seeker,2025-02-10,New
CUST03671,C001,36-45,Other,Japan,Premium,Value Seeker,2025-03-12,Loyal
CUST03672,C004,46-55,Male,UK,High,Budget Buyer,2026-03-29,Loyal
CUST03673,C006,18-25,Female,India,Medium,Technology Enthusiast,2022-02-01,VIP
CUST03674,C001,18-25,Female,India,Medium,Value Seeker,2024-04-05,Loyal
CUST03675,C001,36-45,Female,South Korea,High,Premium Customer,2024-09-10,VIP
CUST03676,C010,18-25,Other,India,High,Budget Buyer,2023-10-29,Loyal
CUST03677,C007,36-45,Male,India,Low,Premium Customer,2024-05-25,Loyal
CUST03678,C006,26-35,Male,South Korea,Premium,Premium Customer,2024-11-02,Loyal
CUST03679,C007,18-25,Male,Singapore,Low,Premium Customer,2022-08-31,Regular
CUST03680,C003,18-25,Male,Germany,Premium,Budget Buyer,2020-04-04,Loyal
CUST03681,C008,46-55,Male,India,Medium,Technology Enthusiast,2023-02-08,New
CUST03682,C004,18-25,Other,Canada,High,Value Seeker,2023-09-10,Regular
CUST03683,C010,36-45,Male,USA,High,Premium Customer,2023-04-02,New
CUST03684,C006,36-45,Female,UK,Medium,Technology Enthusiast,2022-08-13,Loyal
CUST03685,C002,46-55,Male,India,High,Value Seeker,2024-08-01,Regular
CUST03686,C007,18-25,Other,Canada,Premium,Technology Enthusiast,2025-07-14,VIP
CUST03687,C006,26-35,Other,UK,High,Technology Enthusiast,2024-04-05,Regular
CUST03688,C003,26-35,Other,India,Low,Technology Enthusiast,2025-11-22,Regular
CUST03689,C003,36-45,Male,India,Premium,Technology Enthusiast,2022-10-02,Loyal
CUST03690,C007,36-45,Other,Singapore,Premium,Premium Customer,2026-01-01,VIP
CUST03691,C009,56+,Female,Canada,High,Technology Enthusiast,2020-03-16,Regular
CUST03692,C008,36-45,Other,Japan,Premium,Young Professional,2023-01-06,Regular
CUST03693,C002,36-45,Other,Germany,Low,Premium Customer,2022-08-04,Loyal
CUST03694,C006,56+,Other,UK,Premium,Young Professional,2023-09-12,VIP
CUST03695,C005,18-25,Other,Canada,Premium,Value Seeker,2020-12-22,VIP
CUST03696,C008,18-25,Other,USA,Premium,Premium Customer,2023-08-16,Loyal
CUST03697,C006,36-45,Other,Singapore,High,Young Professional,2022-07-06,New
CUST03698,C006,36-45,Male,Singapore,Premium,Technology Enthusiast,2024-11-20,VIP
CUST03699,C004,18-25,Other,Germany,High,Technology Enthusiast,2020-02-02,Regular
CUST03700,C001,46-55,Male,India,Low,Young Professional,2021-03-27,VIP
CUST03701,C003,36-45,Male,UK,High,Technology Enthusiast,2021-12-07,Regular
CUST03702,C005,46-55,Female,Singapore,Low,Technology Enthusiast,2021-11-16,Loyal
CUST03703,C007,18-25,Other,India,High,Budget Buyer,2020-07-20,Regular
CUST03704,C004,56+,Male,USA,High,Value Seeker,2023-05-13,VIP
CUST03705,C004,56+,Female,Singapore,Premium,Budget Buyer,2024-03-14,Loyal
CUST03706,C006,36-45,Female,India,High,Value Seeker,2022-12-05,Regular
CUST03707,C007,56+,Female,South Korea,High,Premium Customer,2020-06-16,Regular
CUST03708,C008,18-25,Other,Japan,Medium,Premium Customer,2021-07-11,Loyal
CUST03709,C010,18-25,Male,UK,High,Premium Customer,2026-06-06,VIP
CUST03710,C003,36-45,Other,India,Medium,Budget Buyer,2025-08-15,Loyal
CUST03711,C006,56+,Male,India,Premium,Premium Customer,2022-06-09,Loyal
CUST03712,C006,26-35,Male,UK,Premium,Value Seeker,2026-02-26,VIP
CUST03713,C005,56+,Female,Singapore,Premium,Technology Enthusiast,2022-06-10,Loyal
CUST03714,C005,18-25,Female,India,Premium,Young Professional,2024-06-07,New
CUST03715,C010,18-25,Other,USA,Premium,Premium Customer,2026-05-21,Loyal
CUST03716,C006,26-35,Other,Canada,High,Budget Buyer,2020-10-07,Loyal
CUST03717,C010,36-45,Male,USA,Premium,Young Professional,2021-11-07,Regular
CUST03718,C009,56+,Other,Japan,Premium,Young Professional,2022-09-28,VIP
CUST03719,C008,36-45,Female,Japan,Low,Premium Customer,2024-11-14,New
CUST03720,C006,36-45,Other,Canada,Medium,Young Professional,2023-08-28,Regular
CUST03721,C007,46-55,Other,South Korea,Low,Young Professional,2026-01-08,VIP
CUST03722,C010,26-35,Other,India,High,Technology Enthusiast,2021-12-16,New
CUST03723,C008,26-35,Female,USA,High,Value Seeker,2024-07-16,Loyal
CUST03724,C010,46-55,Male,India,Low,Budget Buyer,2025-03-14,New
CUST03725,C006,46-55,Female,Germany,High,Technology Enthusiast,2022-10-30,Loyal
CUST03726,C004,36-45,Other,South Korea,Medium,Value Seeker,2020-10-20,Loyal
CUST03727,C006,56+,Female,Singapore,High,Budget Buyer,2025-04-02,Regular
CUST03728,C006,46-55,Female,USA,Premium,Technology Enthusiast,2023-01-12,Loyal
CUST03729,C006,26-35,Other,Japan,Medium,Value Seeker,2025-03-30,Regular
CUST03730,C009,36-45,Female,India,High,Premium Customer,2024-02-11,Loyal
CUST03731,C008,56+,Male,Singapore,Premium,Budget Buyer,2024-01-23,Regular
CUST03732,C009,18-25,Male,Singapore,Medium,Value Seeker,2022-12-11,Regular
CUST03733,C005,18-25,Female,India,Premium,Budget Buyer,2024-12-23,Loyal
CUST03734,C007,18-25,Female,South Korea,Premium,Value Seeker,2024-12-26,Loyal
CUST03735,C002,36-45,Other,Japan,High,Budget Buyer,2026-03-27,Regular
CUST03736,C008,36-45,Other,Singapore,Low,Budget Buyer,2023-03-06,VIP
CUST03737,C001,56+,Female,USA,Low,Budget Buyer,2022-02-21,VIP
CUST03738,C006,18-25,Male,South Korea,Low,Premium Customer,2020-05-07,VIP
CUST03739,C010,56+,Male,South Korea,Premium,Technology Enthusiast,2023-01-09,Regular
CUST03740,C009,36-45,Other,USA,Premium,Value Seeker,2023-07-04,New
CUST03741,C006,26-35,Other,Singapore,Premium,Premium Customer,2026-06-26,Regular
CUST03742,C006,46-55,Female,Germany,High,Young Professional,2022-03-21,VIP
CUST03743,C001,18-25,Female,UK,Medium,Technology Enthusiast,2025-06-26,Regular
CUST03744,C005,26-35,Male,Japan,Low,Value Seeker,2020-12-15,New
CUST03745,C002,26-35,Male,South Korea,High,Value Seeker,2023-01-19,VIP
CUST03746,C005,46-55,Female,Germany,High,Premium Customer,2022-07-17,VIP
CUST03747,C008,36-45,Other,India,Medium,Budget Buyer,2020-09-13,New
CUST03748,C008,36-45,Other,Singapore,High,Technology Enthusiast,2022-07-24,Regular
CUST03749,C007,56+,Male,Japan,Medium,Premium Customer,2020-04-13,Regular
CUST03750,C008,18-25,Male,Singapore,Premium,Technology Enthusiast,2022-12-19,New
CUST03751,C002,26-35,Male,UK,Low,Young Professional,2021-06-01,Regular
CUST03752,C006,46-55,Male,USA,Premium,Technology Enthusiast,2021-10-13,Regular
CUST03753,C006,46-55,Female,South Korea,High,Young Professional,2023-06-07,VIP
CUST03754,C006,26-35,Female,Japan,High,Young Professional,2022-05-29,New
CUST03755,C002,18-25,Other,Japan,Low,Value Seeker,2025-11-03,VIP
CUST03756,C008,56+,Male,Japan,Medium,Budget Buyer,2022-02-07,Regular
CUST03757,C009,18-25,Other,Germany,Premium,Premium Customer,2026-01-20,Loyal
CUST03758,C002,36-45,Female,USA,High,Premium Customer,2026-01-08,Regular
CUST03759,C003,18-25,Female,Germany,Medium,Value Seeker,2020-04-24,Loyal
CUST03760,C005,18-25,Male,UK,Premium,Value Seeker,2020-09-01,Regular
CUST03761,C007,26-35,Male,South Korea,Premium,Young Professional,2020-02-16,VIP
CUST03762,C008,56+,Male,Singapore,Premium,Premium Customer,2020-07-08,New
CUST03763,C009,46-55,Female,UK,High,Budget Buyer,2022-08-29,VIP
CUST03764,C007,18-25,Other,Singapore,Medium,Budget Buyer,2025-05-31,VIP
CUST03765,C003,36-45,Other,Singapore,Low,Young Professional,2020-06-20,New
CUST03766,C009,56+,Male,India,Medium,Value Seeker,2024-05-16,VIP
CUST03767,C005,46-55,Female,Singapore,Premium,Young Professional,2023-09-07,New
CUST03768,C010,46-55,Male,Japan,Medium,Technology Enthusiast,2020-12-07,New
CUST03769,C007,56+,Male,South Korea,Low,Value Seeker,2022-10-21,Loyal
CUST03770,C003,18-25,Other,South Korea,Low,Budget Buyer,2023-10-09,New
CUST03771,C006,56+,Male,Germany,Premium,Technology Enthusiast,2026-04-07,Regular
CUST03772,C010,46-55,Male,South Korea,High,Value Seeker,2024-05-21,New
CUST03773,C006,18-25,Other,Germany,Premium,Value Seeker,2022-10-07,Loyal
CUST03774,C003,18-25,Male,UK,Low,Premium Customer,2024-07-02,New
CUST03775,C009,46-55,Female,Canada,Low,Value Seeker,2025-09-20,Regular
CUST03776,C004,56+,Male,Canada,Medium,Technology Enthusiast,2024-02-16,New
CUST03777,C001,36-45,Female,Germany,High,Budget Buyer,2024-07-30,VIP
CUST03778,C005,36-45,Female,Germany,High,Budget Buyer,2023-10-16,New
CUST03779,C003,36-45,Male,USA,Medium,Technology Enthusiast,2020-11-29,Regular
CUST03780,C004,56+,Female,Japan,Premium,Technology Enthusiast,2020-12-21,New
CUST03781,C004,56+,Female,USA,Premium,Premium Customer,2023-10-20,New
CUST03782,C008,26-35,Male,Japan,Premium,Technology Enthusiast,2020-04-19,VIP
CUST03783,C001,36-45,Male,UK,High,Premium Customer,2026-06-05,New
CUST03784,C006,46-55,Female,Germany,High,Value Seeker,2021-01-16,Regular
CUST03785,C008,56+,Female,USA,Premium,Premium Customer,2024-04-26,VIP
CUST03786,C008,18-25,Male,Singapore,High,Value Seeker,2024-11-19,Loyal
CUST03787,C006,26-35,Male,South Korea,Medium,Budget Buyer,2025-02-06,Regular
CUST03788,C004,36-45,Other,Singapore,Premium,Young Professional,2021-12-26,VIP
CUST03789,C005,18-25,Male,Canada,High,Technology Enthusiast,2023-10-25,New
CUST03790,C010,46-55,Other,Germany,Low,Technology Enthusiast,2023-05-28,New
CUST03791,C006,18-25,Female,Canada,Medium,Premium Customer,2024-05-04,New
CUST03792,C008,36-45,Other,Canada,Premium,Premium Customer,2026-07-18,New
CUST03793,C002,18-25,Female,South Korea,Premium,Young Professional,2021-03-16,VIP
CUST03794,C006,36-45,Female,Japan,Premium,Value Seeker,2023-04-02,VIP
CUST03795,C003,46-55,Other,Germany,High,Technology Enthusiast,2021-11-12,Loyal
CUST03796,C005,26-35,Other,India,High,Premium Customer,2020-04-11,Loyal
CUST03797,C007,46-55,Female,UK,Premium,Budget Buyer,2020-02-16,Regular
CUST03798,C009,46-55,Other,South Korea,Low,Technology Enthusiast,2021-06-25,VIP
CUST03799,C008,46-55,Other,Japan,Premium,Budget Buyer,2025-02-11,Regular
CUST03800,C010,46-55,Male,Singapore,Medium,Premium Customer,2026-05-03,VIP
CUST03801,C010,46-55,Male,USA,Low,Premium Customer,2022-01-22,Regular
CUST03802,C006,26-35,Other,Singapore,Medium,Value Seeker,2021-05-19,New
CUST03803,C007,26-35,Female,Germany,Medium,Value Seeker,2026-01-19,Regular
CUST03804,C004,26-35,Male,Germany,High,Young Professional,2020-07-31,VIP
CUST03805,C001,18-25,Female,Canada,Medium,Budget Buyer,2024-07-01,VIP
CUST03806,C010,26-35,Male,Japan,Premium,Technology Enthusiast,2023-11-09,VIP
CUST03807,C006,56+,Female,USA,Medium,Technology Enthusiast,2021-07-29,Loyal
CUST03808,C004,18-25,Male,Singapore,High,Young Professional,2025-05-29,Loyal
CUST03809,C005,46-55,Female,Germany,Low,Budget Buyer,2025-12-17,New
CUST03810,C005,36-45,Female,Canada,Medium,Technology Enthusiast,2021-11-13,New
CUST03811,C006,46-55,Female,Canada,Medium,Young Professional,2022-10-11,Loyal
CUST03812,C001,56+,Female,South Korea,Premium,Budget Buyer,2025-05-18,Regular
CUST03813,C001,56+,Male,UK,Low,Value Seeker,2022-07-25,New
CUST03814,C008,18-25,Other,Japan,Premium,Premium Customer,2020-05-20,Regular
CUST03815,C010,26-35,Other,South Korea,Premium,Value Seeker,2026-06-20,VIP
CUST03816,C004,36-45,Male,Canada,High,Premium Customer,2020-11-08,Regular
CUST03817,C010,46-55,Other,Singapore,High,Young Professional,2021-04-08,New
CUST03818,C007,26-35,Male,UK,Low,Premium Customer,2020-02-04,New
CUST03819,C001,18-25,Other,India,Medium,Technology Enthusiast,2023-08-20,VIP
CUST03820,C005,18-25,Male,India,Medium,Value Seeker,2023-10-18,New
CUST03821,C002,36-45,Female,Japan,High,Budget Buyer,2025-06-26,VIP
CUST03822,C005,46-55,Other,UK,Low,Budget Buyer,2025-12-10,Loyal
CUST03823,C007,26-35,Female,Japan,Low,Budget Buyer,2024-08-27,Loyal
CUST03824,C003,56+,Female,Canada,High,Value Seeker,2024-07-19,New
CUST03825,C004,18-25,Female,Japan,High,Technology Enthusiast,2024-06-19,Regular
CUST03826,C004,56+,Female,South Korea,Medium,Value Seeker,2020-02-24,Regular
CUST03827,C007,18-25,Female,India,Low,Young Professional,2025-12-30,Loyal
CUST03828,C008,26-35,Male,Singapore,Premium,Budget Buyer,2021-09-20,Loyal
CUST03829,C009,56+,Other,USA,Premium,Budget Buyer,2023-11-02,New
CUST03830,C006,18-25,Other,Singapore,Premium,Technology Enthusiast,2020-06-30,VIP
CUST03831,C003,56+,Male,Japan,Low,Technology Enthusiast,2020-04-23,Regular
CUST03832,C001,56+,Male,Japan,Medium,Value Seeker,2021-05-03,Regular
CUST03833,C003,46-55,Male,Canada,Medium,Premium Customer,2026-05-03,Loyal
CUST03834,C009,56+,Male,Japan,High,Young Professional,2021-10-23,New
CUST03835,C002,26-35,Other,South Korea,Low,Young Professional,2024-10-24,Regular
CUST03836,C001,36-45,Female,Canada,Low,Young Professional,2025-03-26,Regular
CUST03837,C005,46-55,Male,Singapore,Medium,Premium Customer,2026-04-18,Regular
CUST03838,C006,56+,Other,Germany,Low,Value Seeker,2020-11-22,Loyal
CUST03839,C010,46-55,Male,Singapore,Premium,Premium Customer,2025-04-08,Regular
CUST03840,C005,26-35,Other,Canada,Medium,Young Professional,2023-05-01,Loyal
CUST03841,C010,56+,Female,UK,Premium,Young Professional,2025-03-09,VIP
CUST03842,C002,46-55,Other,Canada,Medium,Technology Enthusiast,2023-10-14,New
CUST03843,C003,18-25,Male,Canada,Low,Young Professional,2026-05-29,Regular
CUST03844,C005,56+,Female,India,Low,Budget Buyer,2025-04-12,Loyal
CUST03845,C001,46-55,Other,Japan,Premium,Value Seeker,2020-09-26,VIP
CUST03846,C007,36-45,Male,Singapore,Premium,Value Seeker,2021-06-06,Regular
CUST03847,C006,56+,Male,India,Medium,Premium Customer,2022-12-07,Regular
CUST03848,C001,36-45,Other,India,Low,Young Professional,2020-12-12,Regular
CUST03849,C008,18-25,Other,USA,Premium,Value Seeker,2022-09-17,Regular
CUST03850,C007,18-25,Female,South Korea,High,Premium Customer,2023-06-26,New
CUST03851,C001,56+,Female,UK,Medium,Value Seeker,2020-09-26,Loyal
CUST03852,C010,36-45,Female,Canada,Medium,Value Seeker,2025-11-30,Regular
CUST03853,C006,46-55,Other,South Korea,Premium,Budget Buyer,2024-09-05,Loyal
CUST03854,C004,26-35,Male,Singapore,Medium,Young Professional,2020-03-22,VIP
CUST03855,C004,36-45,Male,India,Medium,Value Seeker,2024-07-07,New
CUST03856,C010,18-25,Female,Canada,Premium,Premium Customer,2020-06-04,New
CUST03857,C005,26-35,Female,South Korea,Medium,Young Professional,2023-05-18,Loyal
CUST03858,C005,36-45,Male,Germany,Low,Premium Customer,2020-08-03,VIP
CUST03859,C010,18-25,Other,Singapore,Premium,Young Professional,2021-08-11,Loyal
CUST03860,C010,56+,Male,Canada,Medium,Technology Enthusiast,2022-07-09,VIP
CUST03861,C010,36-45,Female,Germany,Medium,Young Professional,2020-03-19,Regular
CUST03862,C009,56+,Other,Germany,High,Premium Customer,2025-04-04,Regular
CUST03863,C004,18-25,Male,Germany,Low,Premium Customer,2025-09-23,Regular
CUST03864,C005,26-35,Other,Germany,Low,Value Seeker,2023-10-26,Regular
CUST03865,C007,18-25,Male,UK,High,Premium Customer,2023-06-24,Loyal
CUST03866,C001,56+,Female,Germany,Premium,Value Seeker,2026-05-23,New
CUST03867,C004,36-45,Male,Japan,Low,Premium Customer,2022-07-31,New
CUST03868,C003,26-35,Female,USA,Low,Premium Customer,2022-10-15,New
CUST03869,C006,36-45,Other,South Korea,Low,Technology Enthusiast,2023-12-31,Loyal
CUST03870,C001,26-35,Male,Canada,High,Premium Customer,2023-01-24,Loyal
CUST03871,C002,56+,Other,UK,High,Young Professional,2020-11-18,New
CUST03872,C003,26-35,Other,India,Premium,Technology Enthusiast,2023-08-06,New
CUST03873,C010,26-35,Other,Japan,Low,Young Professional,2021-01-08,Regular
CUST03874,C005,18-25,Other,South Korea,Low,Young Professional,2022-11-06,VIP
CUST03875,C006,46-55,Male,Singapore,Premium,Value Seeker,2024-01-06,Regular
CUST03876,C009,36-45,Female,Germany,Low,Premium Customer,2021-06-22,New
CUST03877,C007,18-25,Other,Japan,Premium,Value Seeker,2021-07-03,Loyal
CUST03878,C003,18-25,Female,Singapore,Low,Young Professional,2020-02-07,New
CUST03879,C005,18-25,Female,Singapore,High,Premium Customer,2021-09-22,VIP
CUST03880,C008,36-45,Male,Germany,Premium,Budget Buyer,2020-11-12,New
CUST03881,C010,18-25,Male,USA,High,Premium Customer,2020-06-04,New
CUST03882,C001,56+,Male,South Korea,Low,Technology Enthusiast,2022-06-05,Regular
CUST03883,C001,46-55,Other,USA,Premium,Value Seeker,2023-02-25,New
CUST03884,C007,46-55,Other,Japan,Low,Technology Enthusiast,2025-09-12,Loyal
CUST03885,C007,36-45,Other,India,Premium,Young Professional,2020-07-06,VIP
CUST03886,C009,26-35,Female,South Korea,Medium,Technology Enthusiast,2026-01-05,New
CUST03887,C001,26-35,Other,South Korea,Medium,Budget Buyer,2025-05-16,New
CUST03888,C005,26-35,Other,Germany,Premium,Value Seeker,2025-01-06,Loyal
CUST03889,C007,18-25,Female,Germany,Low,Technology Enthusiast,2023-03-04,Regular
CUST03890,C001,56+,Female,Japan,Low,Young Professional,2024-06-27,Loyal
CUST03891,C005,26-35,Female,South Korea,Low,Young Professional,2026-02-25,VIP
CUST03892,C008,56+,Male,Singapore,Premium,Technology Enthusiast,2022-12-15,VIP
CUST03893,C008,18-25,Other,Japan,Premium,Budget Buyer,2024-03-06,New
CUST03894,C007,36-45,Female,India,High,Technology Enthusiast,2023-05-31,Loyal
CUST03895,C007,36-45,Male,USA,Low,Premium Customer,2022-04-28,Regular
CUST03896,C010,18-25,Other,India,Medium,Young Professional,2021-08-23,Loyal
CUST03897,C007,26-35,Male,South Korea,Premium,Premium Customer,2023-09-18,Regular
CUST03898,C001,18-25,Female,South Korea,Premium,Budget Buyer,2022-03-30,Regular
CUST03899,C007,36-45,Female,South Korea,Medium,Budget Buyer,2021-03-17,New
CUST03900,C003,18-25,Male,Japan,High,Young Professional,2022-12-11,Loyal
CUST03901,C001,36-45,Female,India,Low,Technology Enthusiast,2020-08-24,Regular
CUST03902,C010,46-55,Other,South Korea,Medium,Technology Enthusiast,2025-07-24,VIP
CUST03903,C003,46-55,Male,Singapore,Medium,Budget Buyer,2023-06-23,Regular
CUST03904,C005,56+,Male,India,Low,Budget Buyer,2022-10-15,New
CUST03905,C005,36-45,Male,Canada,Medium,Budget Buyer,2022-07-04,VIP
CUST03906,C005,46-55,Other,Singapore,High,Young Professional,2021-03-11,VIP
CUST03907,C007,56+,Other,South Korea,Medium,Young Professional,2021-09-17,New
CUST03908,C009,26-35,Male,Japan,Medium,Premium Customer,2024-03-26,Loyal
CUST03909,C007,18-25,Male,UK,Medium,Budget Buyer,2020-08-16,Regular
CUST03910,C004,18-25,Female,Singapore,Premium,Premium Customer,2023-03-21,New
CUST03911,C003,18-25,Other,Japan,Low,Young Professional,2024-01-12,New
CUST03912,C009,56+,Male,Japan,Low,Premium Customer,2021-11-10,VIP
CUST03913,C007,56+,Male,UK,Medium,Technology Enthusiast,2020-06-26,Regular
CUST03914,C008,56+,Female,Canada,Premium,Technology Enthusiast,2025-11-29,New
CUST03915,C010,46-55,Male,Singapore,Low,Young Professional,2026-03-30,Regular
CUST03916,C008,56+,Female,Canada,High,Young Professional,2024-05-20,Regular
CUST03917,C001,26-35,Female,UK,High,Technology Enthusiast,2021-08-15,VIP
CUST03918,C004,26-35,Female,Germany,Premium,Budget Buyer,2020-10-15,Loyal
CUST03919,C006,26-35,Male,USA,Low,Value Seeker,2020-06-19,VIP
CUST03920,C007,36-45,Male,Germany,Premium,Budget Buyer,2021-05-13,VIP
CUST03921,C002,36-45,Female,USA,Low,Budget Buyer,2020-04-10,Regular
CUST03922,C006,56+,Male,Canada,Premium,Premium Customer,2024-03-29,Regular
CUST03923,C005,18-25,Male,Canada,Low,Young Professional,2020-09-16,New
CUST03924,C004,56+,Male,USA,Low,Young Professional,2020-10-12,New
CUST03925,C006,26-35,Male,Japan,Low,Premium Customer,2020-12-17,New
CUST03926,C005,46-55,Male,Japan,Premium,Budget Buyer,2023-07-01,Loyal
CUST03927,C001,46-55,Male,Canada,Premium,Technology Enthusiast,2024-05-01,Regular
CUST03928,C002,26-35,Male,Canada,High,Premium Customer,2020-03-30,Loyal
CUST03929,C006,26-35,Male,South Korea,High,Premium Customer,2025-04-24,Loyal
CUST03930,C001,36-45,Male,Germany,Medium,Premium Customer,2025-02-06,Loyal
CUST03931,C005,56+,Other,South Korea,Low,Technology Enthusiast,2026-07-06,Regular
CUST03932,C004,26-35,Female,Canada,Low,Value Seeker,2021-03-12,VIP
CUST03933,C005,18-25,Female,India,Medium,Value Seeker,2020-10-17,VIP
CUST03934,C008,26-35,Male,India,High,Premium Customer,2023-12-07,VIP
CUST03935,C004,18-25,Male,India,Premium,Young Professional,2020-12-24,Loyal
CUST03936,C007,26-35,Female,Germany,Premium,Budget Buyer,2021-01-22,VIP
CUST03937,C005,18-25,Female,South Korea,High,Technology Enthusiast,2020-03-28,VIP
CUST03938,C008,56+,Female,Canada,High,Technology Enthusiast,2023-05-15,New
CUST03939,C008,26-35,Female,USA,Low,Budget Buyer,2020-02-19,VIP
CUST03940,C008,18-25,Female,South Korea,Medium,Premium Customer,2020-01-17,Loyal
CUST03941,C010,56+,Male,Germany,Low,Premium Customer,2023-06-23,New
CUST03942,C002,46-55,Male,Singapore,Low,Budget Buyer,2020-10-29,Loyal
CUST03943,C010,26-35,Male,Canada,High,Young Professional,2020-04-06,New
CUST03944,C006,56+,Female,South Korea,High,Value Seeker,2023-09-30,Regular
CUST03945,C004,36-45,Other,Singapore,High,Young Professional,2025-10-26,Regular
CUST03946,C004,18-25,Female,India,Medium,Value Seeker,2026-05-13,Loyal
CUST03947,C004,18-25,Female,UK,Premium,Premium Customer,2020-01-06,Loyal
CUST03948,C004,18-25,Other,South Korea,Premium,Value Seeker,2024-04-29,New
CUST03949,C008,56+,Female,Singapore,Medium,Young Professional,2022-06-05,VIP
CUST03950,C003,56+,Female,Singapore,High,Value Seeker,2022-03-14,Regular
CUST03951,C008,56+,Female,USA,High,Budget Buyer,2024-05-08,Regular
CUST03952,C005,26-35,Male,South Korea,Premium,Premium Customer,2026-06-19,New
CUST03953,C007,36-45,Female,USA,Premium,Value Seeker,2020-01-25,Loyal
CUST03954,C008,18-25,Other,USA,Premium,Value Seeker,2021-05-28,Loyal
CUST03955,C001,56+,Other,Germany,High,Young Professional,2024-05-29,VIP
CUST03956,C005,26-35,Other,South Korea,Low,Budget Buyer,2024-06-29,Loyal
CUST03957,C006,46-55,Male,Germany,Medium,Young Professional,2024-01-17,Regular
CUST03958,C008,56+,Female,Singapore,Medium,Young Professional,2021-02-09,Loyal
CUST03959,C003,36-45,Male,UK,Premium,Budget Buyer,2020-08-12,New
CUST03960,C001,18-25,Other,India,Low,Young Professional,2020-11-24,VIP
CUST03961,C002,18-25,Other,South Korea,Medium,Technology Enthusiast,2024-08-27,Loyal
CUST03962,C005,18-25,Male,USA,Medium,Budget Buyer,2025-10-07,New
CUST03963,C009,26-35,Other,Germany,High,Premium Customer,2025-09-28,New
CUST03964,C009,46-55,Male,Germany,Medium,Budget Buyer,2024-07-16,New
CUST03965,C005,56+,Male,South Korea,Premium,Value Seeker,2022-12-10,VIP
CUST03966,C006,46-55,Male,UK,Medium,Budget Buyer,2023-07-22,Regular
CUST03967,C003,46-55,Male,USA,Premium,Young Professional,2020-03-26,New
CUST03968,C008,18-25,Other,Germany,Low,Value Seeker,2024-04-23,Regular
CUST03969,C007,18-25,Other,Singapore,Medium,Premium Customer,2022-12-08,Regular
CUST03970,C006,46-55,Female,Singapore,High,Budget Buyer,2020-09-27,Regular
CUST03971,C003,56+,Other,USA,Medium,Value Seeker,2022-07-11,Loyal
CUST03972,C003,26-35,Other,Singapore,Premium,Budget Buyer,2025-12-25,Regular
CUST03973,C007,46-55,Other,Canada,High,Value Seeker,2022-09-11,Regular
CUST03974,C006,56+,Female,Canada,High,Young Professional,2022-01-27,Loyal
CUST03975,C004,56+,Female,USA,Low,Budget Buyer,2024-10-24,Loyal
CUST03976,C004,18-25,Female,Canada,Low,Technology Enthusiast,2022-06-23,New
CUST03977,C006,46-55,Female,USA,High,Young Professional,2026-04-20,Loyal
CUST03978,C010,46-55,Other,UK,Premium,Technology Enthusiast,2020-08-16,VIP
CUST03979,C010,26-35,Female,USA,Medium,Budget Buyer,2020-08-01,Loyal
CUST03980,C007,46-55,Male,USA,Premium,Value Seeker,2022-08-22,VIP
CUST03981,C007,26-35,Male,Germany,High,Technology Enthusiast,2020-04-02,Loyal
CUST03982,C002,18-25,Male,Japan,High,Technology Enthusiast,2026-01-01,VIP
CUST03983,C008,46-55,Other,Germany,High,Premium Customer,2022-07-20,Loyal
CUST03984,C006,56+,Other,UK,High,Premium Customer,2020-10-03,Loyal
CUST03985,C002,18-25,Female,Germany,Premium,Premium Customer,2020-10-28,New
CUST03986,C004,46-55,Male,Japan,Premium,Premium Customer,2025-12-01,VIP
CUST03987,C002,26-35,Female,Canada,Medium,Value Seeker,2021-02-27,Regular
CUST03988,C001,56+,Male,Japan,Premium,Value Seeker,2020-02-29,New
CUST03989,C009,56+,Male,Canada,Medium,Technology Enthusiast,2021-08-21,VIP
CUST03990,C004,18-25,Male,South Korea,Medium,Budget Buyer,2021-12-02,Regular
CUST03991,C008,46-55,Female,Canada,High,Value Seeker,2022-07-29,Regular
CUST03992,C001,26-35,Male,USA,Premium,Budget Buyer,2025-04-17,Loyal
CUST03993,C003,46-55,Female,USA,Premium,Value Seeker,2026-02-09,VIP
CUST03994,C010,26-35,Other,Singapore,High,Budget Buyer,2024-10-26,Regular
CUST03995,C010,36-45,Female,USA,Low,Budget Buyer,2023-09-02,Loyal
CUST03996,C002,56+,Male,Canada,High,Value Seeker,2020-05-12,Regular
CUST03997,C007,26-35,Other,India,Low,Value Seeker,2021-12-09,VIP
CUST03998,C001,26-35,Male,Germany,High,Budget Buyer,2025-01-24,Regular
CUST03999,C009,18-25,Other,Germany,High,Value Seeker,2022-08-03,Loyal
CUST04000,C004,36-45,Male,USA,Premium,Technology Enthusiast,2025-02-14,Regular
CUST04001,C009,56+,Male,Singapore,Premium,Value Seeker,2020-05-03,New
CUST04002,C007,56+,Female,South Korea,High,Budget Buyer,2024-10-12,Regular
CUST04003,C004,36-45,Female,Canada,High,Budget Buyer,2020-01-06,New
CUST04004,C007,46-55,Female,Canada,Premium,Budget Buyer,2021-02-11,New
CUST04005,C009,36-45,Other,Japan,Low,Budget Buyer,2023-03-23,Loyal
CUST04006,C002,46-55,Female,UK,Premium,Value Seeker,2025-06-29,New
CUST04007,C010,36-45,Male,USA,High,Budget Buyer,2021-06-14,Loyal
CUST04008,C001,56+,Other,Singapore,Low,Value Seeker,2024-07-28,New
CUST04009,C006,36-45,Female,UK,Medium,Value Seeker,2021-10-27,Regular
CUST04010,C009,36-45,Other,Germany,Premium,Premium Customer,2020-07-15,Loyal
CUST04011,C004,36-45,Other,India,High,Premium Customer,2023-12-03,VIP
CUST04012,C003,26-35,Other,Japan,Low,Budget Buyer,2023-10-24,New
CUST04013,C002,26-35,Female,Japan,Premium,Value Seeker,2023-09-12,VIP
CUST04014,C008,56+,Other,UK,Premium,Budget Buyer,2026-02-03,Regular
CUST04015,C002,36-45,Other,India,Medium,Budget Buyer,2024-12-28,Loyal
CUST04016,C006,56+,Male,South Korea,Low,Technology Enthusiast,2025-12-25,VIP
CUST04017,C002,26-35,Male,Germany,High,Young Professional,2023-06-21,Loyal
CUST04018,C006,18-25,Female,Japan,Premium,Premium Customer,2022-01-11,Loyal
CUST04019,C008,56+,Other,USA,Low,Value Seeker,2025-07-24,VIP
CUST04020,C010,26-35,Male,Canada,High,Premium Customer,2026-02-23,VIP
CUST04021,C003,36-45,Female,USA,Low,Premium Customer,2024-12-16,New
CUST04022,C009,36-45,Other,South Korea,Low,Budget Buyer,2026-05-23,Loyal
CUST04023,C003,18-25,Male,Germany,Premium,Technology Enthusiast,2022-01-13,VIP
CUST04024,C001,56+,Male,Canada,Premium,Premium Customer,2020-02-01,New
CUST04025,C003,56+,Other,Germany,Low,Premium Customer,2025-09-10,Loyal
CUST04026,C007,18-25,Other,Germany,Premium,Technology Enthusiast,2021-03-09,Regular
CUST04027,C008,36-45,Other,Singapore,Low,Value Seeker,2021-03-06,Regular
CUST04028,C009,56+,Other,Japan,Medium,Technology Enthusiast,2025-06-12,Loyal
CUST04029,C009,46-55,Other,USA,High,Value Seeker,2025-09-28,VIP
CUST04030,C007,18-25,Other,India,Low,Premium Customer,2022-09-21,Regular
CUST04031,C008,56+,Other,Canada,High,Young Professional,2023-03-11,VIP
CUST04032,C005,36-45,Male,India,Premium,Premium Customer,2023-06-22,Regular
CUST04033,C007,46-55,Other,Japan,High,Value Seeker,2021-07-08,Loyal
CUST04034,C008,56+,Male,Singapore,Low,Young Professional,2023-12-23,Regular
CUST04035,C006,56+,Male,Japan,Low,Premium Customer,2026-07-02,VIP
CUST04036,C006,36-45,Female,Germany,Premium,Young Professional,2025-09-04,VIP
CUST04037,C009,46-55,Female,Canada,Medium,Young Professional,2020-10-22,New
CUST04038,C008,18-25,Female,USA,Premium,Premium Customer,2022-05-12,VIP
CUST04039,C002,36-45,Other,India,Low,Premium Customer,2022-03-02,Regular
CUST04040,C007,26-35,Male,Germany,Medium,Technology Enthusiast,2026-07-19,Loyal
CUST04041,C005,26-35,Male,Singapore,High,Value Seeker,2020-02-25,Loyal
CUST04042,C001,26-35,Male,UK,Premium,Young Professional,2022-02-06,Regular
CUST04043,C003,26-35,Female,Japan,Low,Young Professional,2025-02-21,VIP
CUST04044,C003,56+,Other,India,Medium,Value Seeker,2022-12-11,Regular
CUST04045,C004,46-55,Female,USA,High,Premium Customer,2023-01-02,Loyal
CUST04046,C001,26-35,Other,Japan,High,Young Professional,2026-07-24,Loyal
CUST04047,C008,26-35,Male,India,Premium,Budget Buyer,2020-06-20,VIP
CUST04048,C005,26-35,Female,Canada,High,Young Professional,2020-10-28,Loyal
CUST04049,C008,18-25,Male,USA,Medium,Technology Enthusiast,2024-05-23,New
CUST04050,C003,18-25,Female,Japan,Low,Premium Customer,2025-05-10,VIP
CUST04051,C002,26-35,Male,Germany,Low,Young Professional,2021-09-22,VIP
CUST04052,C005,46-55,Other,Japan,Medium,Budget Buyer,2023-03-06,Loyal
CUST04053,C006,36-45,Female,Japan,Low,Value Seeker,2024-02-23,VIP
CUST04054,C004,46-55,Male,South Korea,Premium,Premium Customer,2023-09-25,Loyal
CUST04055,C004,26-35,Female,Singapore,Medium,Technology Enthusiast,2022-08-08,New
CUST04056,C005,18-25,Male,UK,Medium,Premium Customer,2024-08-10,VIP
CUST04057,C003,56+,Male,UK,Medium,Value Seeker,2024-10-03,New
CUST04058,C010,36-45,Female,India,Premium,Budget Buyer,2024-12-24,VIP
CUST04059,C010,46-55,Other,South Korea,Low,Budget Buyer,2020-06-01,Loyal
CUST04060,C002,18-25,Male,Germany,Medium,Young Professional,2021-12-08,Loyal
CUST04061,C010,46-55,Female,South Korea,Medium,Budget Buyer,2020-05-15,VIP
CUST04062,C003,56+,Other,Germany,Medium,Value Seeker,2020-10-29,New
CUST04063,C010,56+,Female,UK,Low,Budget Buyer,2021-10-07,Loyal
CUST04064,C004,46-55,Male,UK,Medium,Premium Customer,2020-04-11,New
CUST04065,C001,26-35,Male,Germany,Premium,Premium Customer,2026-04-09,Loyal
CUST04066,C003,18-25,Female,Canada,High,Premium Customer,2025-02-02,VIP
CUST04067,C003,26-35,Male,Singapore,Medium,Value Seeker,2026-02-20,Regular
CUST04068,C009,18-25,Male,Singapore,Low,Young Professional,2020-04-15,Loyal
CUST04069,C007,36-45,Other,Japan,Medium,Young Professional,2024-09-12,VIP
CUST04070,C007,56+,Female,India,Premium,Young Professional,2020-02-23,VIP
CUST04071,C003,36-45,Male,Japan,Premium,Value Seeker,2022-11-18,VIP
CUST04072,C009,36-45,Female,South Korea,High,Budget Buyer,2025-03-22,VIP
CUST04073,C001,46-55,Female,South Korea,Premium,Premium Customer,2023-01-21,New
CUST04074,C007,26-35,Other,South Korea,Medium,Technology Enthusiast,2020-12-19,Loyal
CUST04075,C003,56+,Male,UK,Medium,Premium Customer,2024-06-21,New
CUST04076,C007,18-25,Female,India,Low,Young Professional,2022-11-19,Regular
CUST04077,C008,56+,Female,India,High,Premium Customer,2020-11-01,VIP
CUST04078,C009,18-25,Male,USA,Premium,Premium Customer,2025-10-11,Loyal
CUST04079,C008,36-45,Other,USA,Medium,Premium Customer,2026-06-22,Regular
CUST04080,C002,36-45,Male,Japan,Medium,Young Professional,2021-12-14,Loyal
CUST04081,C002,18-25,Male,USA,High,Technology Enthusiast,2024-06-21,New
CUST04082,C009,18-25,Other,USA,Premium,Budget Buyer,2024-12-07,VIP
CUST04083,C008,36-45,Male,India,Premium,Premium Customer,2021-02-24,New
CUST04084,C001,36-45,Male,Canada,Medium,Value Seeker,2025-04-14,VIP
CUST04085,C009,36-45,Other,South Korea,Premium,Premium Customer,2026-06-29,Regular
CUST04086,C005,18-25,Other,India,High,Budget Buyer,2024-08-15,New
CUST04087,C001,18-25,Male,South Korea,Low,Budget Buyer,2026-05-26,VIP
CUST04088,C009,18-25,Other,UK,Low,Young Professional,2024-01-23,New
CUST04089,C003,36-45,Other,South Korea,Medium,Value Seeker,2023-11-26,Regular
CUST04090,C001,18-25,Other,UK,Premium,Young Professional,2020-12-01,VIP
CUST04091,C005,36-45,Other,Germany,Premium,Young Professional,2025-03-02,VIP
CUST04092,C005,26-35,Female,UK,Premium,Technology Enthusiast,2022-11-08,Loyal
CUST04093,C003,36-45,Male,Singapore,High,Budget Buyer,2020-08-18,Loyal
CUST04094,C004,36-45,Male,Japan,Low,Value Seeker,2024-12-10,Regular
CUST04095,C008,46-55,Female,Singapore,Premium,Premium Customer,2022-07-30,New
CUST04096,C007,56+,Female,Japan,Premium,Budget Buyer,2020-01-20,VIP
CUST04097,C005,36-45,Other,Canada,Premium,Technology Enthusiast,2020-07-09,New
CUST04098,C005,56+,Other,India,Low,Value Seeker,2023-01-22,Loyal
CUST04099,C009,26-35,Female,India,High,Premium Customer,2024-06-29,Loyal
CUST04100,C005,18-25,Other,Singapore,Medium,Value Seeker,2023-09-16,Loyal
CUST04101,C006,36-45,Male,South Korea,Low,Budget Buyer,2022-09-24,New
CUST04102,C002,56+,Female,USA,High,Premium Customer,2020-08-20,VIP
CUST04103,C009,36-45,Other,Germany,Medium,Budget Buyer,2026-03-18,Regular
CUST04104,C006,46-55,Male,Germany,Low,Premium Customer,2026-06-20,Regular
CUST04105,C005,18-25,Male,UK,Medium,Premium Customer,2025-12-18,Loyal
CUST04106,C003,56+,Female,UK,Low,Young Professional,2023-11-18,Loyal
CUST04107,C005,26-35,Other,South Korea,Low,Technology Enthusiast,2026-02-17,Regular
CUST04108,C002,46-55,Other,Canada,High,Premium Customer,2023-02-28,Loyal
CUST04109,C007,36-45,Male,Germany,Premium,Budget Buyer,2020-01-21,VIP
CUST04110,C009,46-55,Male,USA,High,Premium Customer,2022-10-29,New
CUST04111,C008,46-55,Female,India,High,Young Professional,2022-01-20,Regular
CUST04112,C010,46-55,Female,Singapore,Premium,Technology Enthusiast,2022-01-11,VIP
CUST04113,C008,36-45,Female,Japan,High,Premium Customer,2023-09-16,Loyal
CUST04114,C002,36-45,Male,USA,Medium,Technology Enthusiast,2022-08-23,Regular
CUST04115,C007,36-45,Other,Singapore,Medium,Premium Customer,2020-01-14,Loyal
CUST04116,C002,26-35,Female,Singapore,Medium,Technology Enthusiast,2026-07-09,New
CUST04117,C002,36-45,Other,Canada,High,Premium Customer,2021-09-19,Regular
CUST04118,C007,46-55,Male,USA,High,Premium Customer,2023-12-02,VIP
CUST04119,C003,26-35,Male,South Korea,Low,Premium Customer,2021-06-25,Loyal
CUST04120,C010,56+,Male,Japan,Medium,Budget Buyer,2022-10-30,VIP
CUST04121,C001,26-35,Female,Canada,Medium,Value Seeker,2021-06-21,New
CUST04122,C004,26-35,Other,South Korea,Low,Technology Enthusiast,2024-12-07,VIP
CUST04123,C003,36-45,Female,Japan,Premium,Value Seeker,2023-03-10,New
CUST04124,C002,18-25,Male,India,Premium,Technology Enthusiast,2021-06-16,Regular
CUST04125,C009,56+,Male,Singapore,Premium,Budget Buyer,2025-06-22,Loyal
CUST04126,C005,56+,Other,Japan,Premium,Premium Customer,2023-11-21,Regular
CUST04127,C006,36-45,Other,Canada,Low,Technology Enthusiast,2024-11-08,New
CUST04128,C003,56+,Male,Japan,Medium,Budget Buyer,2026-03-06,Regular
CUST04129,C009,46-55,Female,India,High,Technology Enthusiast,2026-01-22,Loyal
CUST04130,C007,36-45,Male,UK,High,Premium Customer,2025-11-24,New
CUST04131,C006,18-25,Male,USA,Medium,Value Seeker,2021-09-23,VIP
CUST04132,C002,26-35,Other,UK,Low,Value Seeker,2021-11-17,VIP
CUST04133,C007,46-55,Female,UK,Premium,Premium Customer,2025-11-12,VIP
CUST04134,C003,56+,Other,Japan,Medium,Premium Customer,2024-10-16,Regular
CUST04135,C009,46-55,Male,Germany,Medium,Budget Buyer,2025-03-10,VIP
CUST04136,C008,26-35,Female,South Korea,Low,Budget Buyer,2026-04-17,VIP
CUST04137,C003,26-35,Male,Canada,High,Young Professional,2026-01-08,VIP
CUST04138,C004,46-55,Male,Germany,Medium,Premium Customer,2023-11-02,VIP
CUST04139,C001,36-45,Female,Germany,High,Technology Enthusiast,2020-08-17,Loyal
CUST04140,C010,26-35,Male,UK,Premium,Value Seeker,2025-04-08,Regular
CUST04141,C003,36-45,Female,India,High,Value Seeker,2026-03-05,Loyal
CUST04142,C001,36-45,Female,Japan,High,Premium Customer,2021-09-16,Regular
CUST04143,C010,46-55,Other,India,High,Budget Buyer,2025-01-16,New
CUST04144,C007,56+,Other,USA,High,Technology Enthusiast,2025-05-06,VIP
CUST04145,C005,46-55,Male,Singapore,High,Premium Customer,2024-06-25,New
CUST04146,C005,56+,Other,Canada,Premium,Premium Customer,2023-02-14,Regular
CUST04147,C004,26-35,Other,USA,Medium,Young Professional,2022-02-06,Loyal
CUST04148,C006,46-55,Other,South Korea,Low,Budget Buyer,2025-12-29,VIP
CUST04149,C003,56+,Female,Japan,High,Value Seeker,2022-09-06,VIP
CUST04150,C005,46-55,Female,India,High,Value Seeker,2020-05-10,New
CUST04151,C002,18-25,Male,Germany,Low,Budget Buyer,2021-06-11,Regular
CUST04152,C009,18-25,Female,UK,Medium,Value Seeker,2025-08-05,Loyal
CUST04153,C007,56+,Male,Japan,Low,Budget Buyer,2026-03-01,New
CUST04154,C002,26-35,Male,South Korea,High,Value Seeker,2024-02-08,Loyal
CUST04155,C007,18-25,Male,South Korea,Premium,Value Seeker,2025-02-20,VIP
CUST04156,C002,46-55,Female,Singapore,High,Premium Customer,2023-07-29,Loyal
CUST04157,C006,36-45,Other,Japan,High,Young Professional,2025-07-19,New
CUST04158,C006,26-35,Other,Singapore,Medium,Technology Enthusiast,2023-08-20,New
CUST04159,C008,36-45,Other,Japan,High,Budget Buyer,2021-04-14,Regular
CUST04160,C010,26-35,Other,Japan,Medium,Young Professional,2023-11-14,Regular
CUST04161,C001,56+,Other,UK,Low,Premium Customer,2025-01-30,Loyal
CUST04162,C002,56+,Other,UK,Low,Young Professional,2020-10-01,Loyal
CUST04163,C008,36-45,Female,UK,Low,Value Seeker,2023-04-24,New
CUST04164,C003,46-55,Other,Canada,Premium,Value Seeker,2025-04-23,New
CUST04165,C009,26-35,Female,India,Medium,Young Professional,2026-02-18,Regular
CUST04166,C003,26-35,Other,Canada,High,Budget Buyer,2021-01-10,Regular
CUST04167,C010,46-55,Male,Canada,Low,Technology Enthusiast,2022-03-31,Loyal
CUST04168,C002,18-25,Other,India,High,Value Seeker,2021-12-22,Loyal
CUST04169,C008,36-45,Other,India,Low,Young Professional,2026-05-30,VIP
CUST04170,C010,18-25,Male,Germany,Medium,Young Professional,2022-11-01,Loyal
CUST04171,C007,18-25,Other,USA,Low,Value Seeker,2020-02-03,Loyal
CUST04172,C004,56+,Other,Japan,Premium,Budget Buyer,2022-12-09,Regular
CUST04173,C004,26-35,Female,Singapore,Premium,Budget Buyer,2024-11-06,Regular
CUST04174,C008,36-45,Male,USA,Low,Value Seeker,2022-09-06,New
CUST04175,C003,26-35,Other,USA,Medium,Budget Buyer,2020-12-19,New
CUST04176,C005,56+,Male,UK,Low,Technology Enthusiast,2023-06-04,New
CUST04177,C010,46-55,Female,Japan,Medium,Value Seeker,2024-04-04,New
CUST04178,C010,56+,Other,India,Medium,Budget Buyer,2021-03-17,Regular
CUST04179,C004,46-55,Other,Germany,Low,Premium Customer,2023-08-07,Regular
CUST04180,C004,46-55,Female,India,High,Budget Buyer,2024-10-31,VIP
CUST04181,C002,26-35,Other,USA,Low,Technology Enthusiast,2020-02-16,VIP
CUST04182,C005,36-45,Male,USA,Medium,Value Seeker,2020-05-26,Regular
CUST04183,C001,36-45,Female,Japan,Premium,Budget Buyer,2022-10-16,VIP
CUST04184,C002,56+,Female,Singapore,High,Budget Buyer,2022-11-14,VIP
CUST04185,C008,26-35,Female,South Korea,Medium,Value Seeker,2023-11-21,New
CUST04186,C007,18-25,Female,India,Medium,Premium Customer,2022-05-05,New
CUST04187,C002,36-45,Other,South Korea,Low,Value Seeker,2020-08-12,VIP
CUST04188,C004,46-55,Female,South Korea,Low,Budget Buyer,2020-09-04,Loyal
CUST04189,C010,46-55,Other,Singapore,Premium,Technology Enthusiast,2023-02-24,Regular
CUST04190,C003,26-35,Other,South Korea,Low,Budget Buyer,2022-10-12,VIP
CUST04191,C002,56+,Male,India,Premium,Budget Buyer,2023-07-27,Loyal
CUST04192,C001,46-55,Male,Germany,Medium,Value Seeker,2026-04-10,Loyal
CUST04193,C004,46-55,Female,South Korea,High,Young Professional,2020-05-05,Regular
CUST04194,C010,26-35,Female,Japan,Low,Technology Enthusiast,2021-12-01,VIP
CUST04195,C003,56+,Female,UK,High,Technology Enthusiast,2021-08-05,Loyal
CUST04196,C005,36-45,Male,Germany,Low,Technology Enthusiast,2023-12-29,VIP
CUST04197,C001,36-45,Other,UK,Medium,Premium Customer,2022-05-29,VIP
CUST04198,C009,26-35,Other,South Korea,Medium,Premium Customer,2026-04-16,Regular
CUST04199,C003,56+,Male,India,High,Value Seeker,2022-09-12,VIP
CUST04200,C005,36-45,Other,Canada,Premium,Premium Customer,2024-12-03,Loyal
CUST04201,C009,46-55,Other,Canada,Low,Premium Customer,2024-10-30,Regular
CUST04202,C008,26-35,Male,Singapore,Medium,Budget Buyer,2020-12-27,VIP
CUST04203,C006,26-35,Other,South Korea,Premium,Premium Customer,2023-11-14,New
CUST04204,C002,36-45,Other,Canada,Low,Technology Enthusiast,2022-12-01,New
CUST04205,C002,36-45,Male,Japan,Premium,Value Seeker,2023-01-08,New
CUST04206,C005,46-55,Male,USA,Premium,Technology Enthusiast,2022-05-27,VIP
CUST04207,C002,36-45,Female,India,Medium,Premium Customer,2021-02-21,New
CUST04208,C002,56+,Male,Singapore,Low,Young Professional,2025-10-16,Loyal
CUST04209,C006,46-55,Female,Canada,Medium,Premium Customer,2023-01-09,Regular
CUST04210,C007,36-45,Male,South Korea,Premium,Budget Buyer,2025-09-05,Loyal
CUST04211,C001,36-45,Other,Canada,High,Young Professional,2022-03-23,Loyal
CUST04212,C010,46-55,Female,India,Low,Value Seeker,2023-12-21,New
CUST04213,C002,56+,Female,UK,Medium,Premium Customer,2021-01-14,Regular
CUST04214,C004,46-55,Other,South Korea,High,Value Seeker,2025-11-10,New
CUST04215,C008,46-55,Other,Germany,High,Budget Buyer,2022-04-30,Loyal
CUST04216,C008,56+,Male,Canada,Low,Technology Enthusiast,2020-03-28,New
CUST04217,C007,18-25,Other,USA,Low,Value Seeker,2024-01-17,VIP
CUST04218,C005,26-35,Female,Canada,High,Value Seeker,2020-03-19,VIP
CUST04219,C008,18-25,Other,Singapore,Medium,Premium Customer,2020-05-18,Loyal
CUST04220,C010,18-25,Female,UK,High,Young Professional,2023-10-05,Loyal
CUST04221,C010,46-55,Other,Japan,High,Value Seeker,2024-05-04,New
CUST04222,C008,46-55,Male,South Korea,High,Value Seeker,2023-12-19,New
CUST04223,C001,46-55,Other,USA,Premium,Value Seeker,2021-04-04,Loyal
CUST04224,C005,56+,Other,Canada,High,Technology Enthusiast,2025-03-03,Regular
CUST04225,C004,18-25,Female,Germany,Medium,Value Seeker,2023-07-06,VIP
CUST04226,C005,56+,Female,USA,Low,Budget Buyer,2025-10-07,New
CUST04227,C008,46-55,Other,USA,Medium,Technology Enthusiast,2020-02-22,Loyal
CUST04228,C006,46-55,Male,Germany,Low,Young Professional,2025-01-10,Loyal
CUST04229,C009,18-25,Other,Canada,Medium,Value Seeker,2023-02-28,Loyal
CUST04230,C006,56+,Male,Germany,Premium,Value Seeker,2021-09-05,VIP
CUST04231,C006,46-55,Other,USA,Medium,Budget Buyer,2024-07-18,Regular
CUST04232,C007,46-55,Female,South Korea,Premium,Budget Buyer,2023-08-27,New
CUST04233,C006,56+,Male,USA,Premium,Budget Buyer,2025-10-21,Loyal
CUST04234,C002,46-55,Other,USA,Low,Premium Customer,2020-01-09,New
CUST04235,C002,46-55,Female,Canada,Premium,Budget Buyer,2023-05-16,New
CUST04236,C010,26-35,Male,South Korea,High,Young Professional,2025-08-29,Regular
CUST04237,C005,26-35,Other,Japan,Medium,Value Seeker,2025-06-27,VIP
CUST04238,C008,56+,Other,South Korea,Premium,Budget Buyer,2023-04-12,New
CUST04239,C008,56+,Male,UK,High,Value Seeker,2026-04-14,Regular
CUST04240,C006,26-35,Male,India,Medium,Value Seeker,2021-01-23,VIP
CUST04241,C008,56+,Male,Singapore,Premium,Premium Customer,2026-05-30,New
CUST04242,C003,46-55,Female,Germany,Medium,Technology Enthusiast,2026-01-25,Loyal
CUST04243,C008,46-55,Female,Singapore,Medium,Budget Buyer,2020-09-15,New
CUST04244,C001,46-55,Male,India,Premium,Budget Buyer,2022-02-12,Regular
CUST04245,C008,18-25,Other,Singapore,Premium,Technology Enthusiast,2025-10-31,Regular
CUST04246,C003,46-55,Other,India,Medium,Young Professional,2020-05-29,Loyal
CUST04247,C010,46-55,Female,Canada,Premium,Premium Customer,2021-09-25,Regular
CUST04248,C010,36-45,Male,South Korea,High,Young Professional,2024-08-05,Loyal
CUST04249,C007,46-55,Male,Singapore,Premium,Premium Customer,2023-07-21,Loyal
CUST04250,C005,56+,Other,UK,Low,Premium Customer,2021-01-02,Loyal
CUST04251,C008,56+,Female,India,Low,Value Seeker,2025-05-06,Loyal
CUST04252,C006,26-35,Male,UK,Premium,Value Seeker,2021-06-26,VIP
CUST04253,C010,18-25,Male,UK,Premium,Young Professional,2022-07-13,Loyal
CUST04254,C003,46-55,Male,Germany,Low,Technology Enthusiast,2024-02-29,New
CUST04255,C008,18-25,Other,Singapore,Medium,Young Professional,2022-11-22,New
CUST04256,C007,36-45,Male,UK,High,Premium Customer,2025-10-10,VIP
CUST04257,C008,18-25,Male,Japan,Medium,Premium Customer,2024-02-16,New
CUST04258,C001,26-35,Female,Singapore,Medium,Value Seeker,2024-01-07,Regular
CUST04259,C008,26-35,Male,Canada,Medium,Value Seeker,2024-11-14,Loyal
CUST04260,C007,56+,Male,South Korea,Medium,Value Seeker,2021-10-14,VIP
CUST04261,C003,36-45,Other,Germany,Low,Budget Buyer,2022-02-01,Regular
CUST04262,C004,18-25,Male,Canada,Medium,Value Seeker,2025-04-15,Loyal
CUST04263,C001,46-55,Male,Canada,Medium,Value Seeker,2022-04-17,Regular
CUST04264,C004,56+,Other,Germany,High,Young Professional,2021-05-22,VIP
CUST04265,C002,36-45,Other,South Korea,Low,Young Professional,2021-06-07,VIP
CUST04266,C004,18-25,Other,Japan,Low,Premium Customer,2024-12-06,VIP
CUST04267,C010,56+,Male,Singapore,High,Young Professional,2024-04-28,Loyal
CUST04268,C005,26-35,Male,Japan,Premium,Technology Enthusiast,2023-05-23,Regular
CUST04269,C008,46-55,Female,India,High,Value Seeker,2021-10-06,Regular
CUST04270,C008,56+,Female,Japan,Medium,Young Professional,2022-03-22,Regular
CUST04271,C009,26-35,Other,India,Medium,Technology Enthusiast,2026-03-27,VIP
CUST04272,C010,56+,Male,Germany,Low,Young Professional,2025-04-03,New
CUST04273,C004,18-25,Other,Japan,Premium,Young Professional,2021-11-06,Loyal
CUST04274,C002,26-35,Female,India,Premium,Premium Customer,2020-05-02,VIP
CUST04275,C009,18-25,Female,South Korea,Medium,Young Professional,2024-07-16,VIP
CUST04276,C007,18-25,Female,Singapore,Medium,Value Seeker,2025-04-13,Loyal
CUST04277,C010,18-25,Male,Japan,Medium,Young Professional,2020-12-30,Regular
CUST04278,C008,26-35,Male,USA,High,Young Professional,2024-04-10,VIP
CUST04279,C004,36-45,Male,Singapore,Medium,Technology Enthusiast,2024-12-14,Loyal
CUST04280,C010,56+,Female,India,Medium,Technology Enthusiast,2023-10-11,Loyal
CUST04281,C006,46-55,Female,Singapore,High,Value Seeker,2023-03-17,New
CUST04282,C008,56+,Female,Germany,Low,Budget Buyer,2020-08-26,Regular
CUST04283,C002,26-35,Other,South Korea,Medium,Premium Customer,2020-03-05,VIP
CUST04284,C004,36-45,Other,Singapore,Premium,Value Seeker,2021-11-18,Regular
CUST04285,C003,36-45,Other,South Korea,High,Technology Enthusiast,2022-04-17,Regular
CUST04286,C010,46-55,Other,Singapore,Low,Budget Buyer,2020-09-24,New
CUST04287,C001,36-45,Other,Singapore,Premium,Budget Buyer,2020-02-12,VIP
CUST04288,C004,46-55,Female,Canada,Premium,Technology Enthusiast,2021-09-23,Regular
CUST04289,C008,36-45,Other,Japan,High,Budget Buyer,2025-10-06,VIP
CUST04290,C007,56+,Other,India,Medium,Premium Customer,2020-08-26,New
CUST04291,C007,36-45,Other,USA,Low,Young Professional,2023-04-13,Loyal
CUST04292,C008,36-45,Female,Singapore,High,Young Professional,2022-10-08,VIP
CUST04293,C004,56+,Female,India,High,Value Seeker,2022-08-15,New
CUST04294,C006,46-55,Female,USA,Medium,Premium Customer,2024-05-12,Loyal
CUST04295,C008,18-25,Other,Germany,Premium,Young Professional,2024-12-17,Regular
CUST04296,C005,18-25,Other,Singapore,High,Technology Enthusiast,2023-12-24,Regular
CUST04297,C009,46-55,Male,Japan,Low,Value Seeker,2020-06-15,Regular
CUST04298,C001,56+,Other,Singapore,High,Premium Customer,2025-09-26,Regular
CUST04299,C005,36-45,Male,Japan,High,Technology Enthusiast,2022-06-29,VIP
CUST04300,C010,26-35,Male,UK,Low,Young Professional,2023-09-13,VIP
CUST04301,C001,56+,Female,USA,Low,Technology Enthusiast,2022-08-21,New
CUST04302,C004,36-45,Female,Canada,Premium,Premium Customer,2023-09-14,New
CUST04303,C005,26-35,Female,Singapore,High,Premium Customer,2020-08-28,Loyal
CUST04304,C008,56+,Male,USA,Premium,Budget Buyer,2024-10-28,Regular
CUST04305,C003,36-45,Male,Germany,Premium,Young Professional,2021-04-19,Loyal
CUST04306,C009,56+,Other,USA,Low,Budget Buyer,2024-08-01,Loyal
CUST04307,C002,56+,Other,Germany,Medium,Value Seeker,2023-07-09,Loyal
CUST04308,C003,46-55,Other,Singapore,Low,Budget Buyer,2026-02-05,Regular
CUST04309,C009,36-45,Other,India,Low,Value Seeker,2023-07-09,Loyal
CUST04310,C008,56+,Male,USA,Low,Budget Buyer,2022-03-01,Regular
CUST04311,C005,46-55,Male,USA,High,Technology Enthusiast,2023-12-20,New
CUST04312,C007,56+,Female,USA,Medium,Premium Customer,2021-01-06,Loyal
CUST04313,C001,36-45,Male,USA,Medium,Technology Enthusiast,2023-12-30,VIP
CUST04314,C009,18-25,Other,Singapore,Premium,Budget Buyer,2024-11-29,VIP
CUST04315,C001,18-25,Other,Canada,Medium,Technology Enthusiast,2026-01-05,Regular
CUST04316,C003,36-45,Male,South Korea,Low,Technology Enthusiast,2026-04-06,VIP
CUST04317,C002,56+,Male,Germany,Medium,Budget Buyer,2021-09-21,Regular
CUST04318,C005,36-45,Male,UK,Low,Technology Enthusiast,2026-06-19,Loyal
CUST04319,C001,26-35,Female,USA,Premium,Premium Customer,2020-08-01,Loyal
CUST04320,C009,36-45,Female,UK,Premium,Young Professional,2026-03-26,New
CUST04321,C007,18-25,Male,UK,Premium,Value Seeker,2024-06-24,New
CUST04322,C004,46-55,Other,Japan,Low,Premium Customer,2020-08-31,Loyal
CUST04323,C008,26-35,Male,USA,Premium,Budget Buyer,2021-01-17,New
CUST04324,C009,18-25,Other,UK,Medium,Technology Enthusiast,2020-12-01,Regular
CUST04325,C004,26-35,Female,Japan,Premium,Technology Enthusiast,2020-08-30,Regular
CUST04326,C001,26-35,Male,USA,High,Young Professional,2024-10-23,VIP
CUST04327,C009,56+,Male,India,Premium,Budget Buyer,2025-08-30,VIP
CUST04328,C009,36-45,Female,India,High,Value Seeker,2020-07-17,New
CUST04329,C002,18-25,Male,Singapore,Low,Technology Enthusiast,2021-07-31,New
CUST04330,C007,18-25,Other,India,High,Young Professional,2023-01-27,VIP
CUST04331,C001,18-25,Other,South Korea,Low,Young Professional,2026-01-25,New
CUST04332,C009,36-45,Female,Japan,High,Young Professional,2022-08-25,Loyal
CUST04333,C001,18-25,Other,Japan,Low,Premium Customer,2024-07-12,Regular
CUST04334,C008,36-45,Female,Singapore,Medium,Technology Enthusiast,2022-12-10,Loyal
CUST04335,C010,46-55,Female,UK,High,Budget Buyer,2020-06-15,Loyal
CUST04336,C003,36-45,Other,Japan,Premium,Premium Customer,2020-03-06,VIP
CUST04337,C003,26-35,Other,Canada,Premium,Premium Customer,2023-07-19,VIP
CUST04338,C010,56+,Female,Germany,Low,Budget Buyer,2020-12-16,VIP
CUST04339,C005,26-35,Other,Singapore,Low,Premium Customer,2025-07-22,Loyal
CUST04340,C007,36-45,Other,India,Medium,Premium Customer,2025-10-25,Regular
CUST04341,C010,46-55,Male,USA,Premium,Premium Customer,2024-12-31,Regular
CUST04342,C009,46-55,Male,Germany,High,Technology Enthusiast,2024-06-22,Regular
CUST04343,C005,56+,Other,Singapore,Premium,Budget Buyer,2024-06-26,New
CUST04344,C007,46-55,Male,South Korea,Premium,Young Professional,2024-02-22,New
CUST04345,C003,36-45,Female,UK,Medium,Budget Buyer,2020-09-14,Regular
CUST04346,C006,36-45,Male,Germany,High,Value Seeker,2021-08-29,Loyal
CUST04347,C007,18-25,Other,Japan,High,Technology Enthusiast,2020-05-18,VIP
CUST04348,C002,26-35,Male,Japan,Low,Young Professional,2025-01-27,Regular
CUST04349,C001,26-35,Female,Germany,Low,Value Seeker,2024-01-14,New
CUST04350,C009,36-45,Female,India,High,Technology Enthusiast,2023-01-19,Regular
CUST04351,C005,26-35,Male,UK,Low,Budget Buyer,2021-09-03,New
CUST04352,C003,36-45,Female,Germany,Low,Young Professional,2026-06-28,New
CUST04353,C005,56+,Female,Germany,High,Value Seeker,2020-05-06,VIP
CUST04354,C008,26-35,Other,Canada,Low,Value Seeker,2026-02-06,New
CUST04355,C002,56+,Male,Germany,Low,Value Seeker,2024-10-15,VIP
CUST04356,C010,56+,Male,USA,Low,Budget Buyer,2026-05-06,VIP
CUST04357,C003,26-35,Female,Japan,Premium,Technology Enthusiast,2023-06-26,VIP
CUST04358,C004,36-45,Other,South Korea,Premium,Young Professional,2023-09-23,Loyal
CUST04359,C003,26-35,Other,Canada,Medium,Value Seeker,2024-09-04,VIP
CUST04360,C003,36-45,Female,UK,Medium,Young Professional,2023-07-12,Regular
CUST04361,C006,18-25,Female,UK,Low,Young Professional,2021-04-23,New
CUST04362,C004,36-45,Female,Germany,Medium,Technology Enthusiast,2022-10-28,VIP
CUST04363,C003,36-45,Female,Singapore,Premium,Premium Customer,2020-01-30,VIP
CUST04364,C007,56+,Male,South Korea,High,Young Professional,2020-06-30,VIP
CUST04365,C002,18-25,Other,South Korea,High,Value Seeker,2021-06-13,New
CUST04366,C004,56+,Female,Germany,Low,Young Professional,2024-05-16,Regular
CUST04367,C007,18-25,Other,India,Premium,Young Professional,2021-06-09,New
CUST04368,C005,26-35,Male,USA,Low,Premium Customer,2022-12-14,New
CUST04369,C005,36-45,Male,Singapore,High,Young Professional,2023-03-18,VIP
CUST04370,C005,26-35,Male,USA,Premium,Budget Buyer,2023-01-15,New
CUST04371,C006,26-35,Male,Canada,Premium,Value Seeker,2022-07-17,VIP
CUST04372,C010,18-25,Male,India,Low,Value Seeker,2025-03-29,Loyal
CUST04373,C004,36-45,Other,South Korea,High,Technology Enthusiast,2023-04-21,Loyal
CUST04374,C009,18-25,Other,USA,Premium,Technology Enthusiast,2024-08-20,VIP
CUST04375,C001,18-25,Female,UK,Premium,Technology Enthusiast,2021-06-19,Loyal
CUST04376,C004,46-55,Male,UK,Premium,Young Professional,2025-02-12,New
CUST04377,C004,18-25,Male,UK,Medium,Value Seeker,2022-05-28,Loyal
CUST04378,C005,18-25,Female,India,High,Premium Customer,2026-03-30,Regular
CUST04379,C002,56+,Male,Singapore,Premium,Young Professional,2023-07-02,VIP
CUST04380,C008,36-45,Male,South Korea,Low,Value Seeker,2025-07-26,VIP
CUST04381,C007,36-45,Female,India,Low,Premium Customer,2024-08-10,VIP
CUST04382,C003,56+,Male,USA,Medium,Technology Enthusiast,2021-10-25,Regular
CUST04383,C002,26-35,Other,Singapore,Medium,Premium Customer,2026-07-07,Loyal
CUST04384,C008,46-55,Female,Germany,Medium,Value Seeker,2021-07-01,New
CUST04385,C005,56+,Female,UK,Low,Premium Customer,2024-01-15,VIP
CUST04386,C007,36-45,Other,Japan,Medium,Budget Buyer,2020-05-12,Regular
CUST04387,C004,36-45,Male,Japan,High,Technology Enthusiast,2022-10-30,New
CUST04388,C002,36-45,Female,Japan,Low,Value Seeker,2025-11-03,Loyal
CUST04389,C003,18-25,Female,Germany,Premium,Technology Enthusiast,2021-04-29,New
CUST04390,C008,36-45,Other,Germany,Premium,Young Professional,2020-03-18,New
CUST04391,C002,36-45,Other,Japan,High,Technology Enthusiast,2024-08-09,Loyal
CUST04392,C010,26-35,Male,Germany,Premium,Technology Enthusiast,2022-11-22,Regular
CUST04393,C002,46-55,Male,Singapore,High,Technology Enthusiast,2022-05-04,VIP
CUST04394,C003,46-55,Female,Singapore,Premium,Premium Customer,2025-06-25,VIP
CUST04395,C006,26-35,Female,Singapore,Low,Value Seeker,2026-05-15,Loyal
CUST04396,C002,36-45,Other,USA,High,Value Seeker,2025-06-11,New
CUST04397,C009,36-45,Male,Singapore,Premium,Value Seeker,2026-02-07,Regular
CUST04398,C004,46-55,Female,USA,High,Budget Buyer,2020-02-23,New
CUST04399,C002,18-25,Male,USA,High,Young Professional,2020-11-03,New
CUST04400,C005,26-35,Other,Germany,Premium,Young Professional,2023-03-05,VIP
CUST04401,C010,18-25,Female,India,Low,Budget Buyer,2021-10-02,VIP
CUST04402,C002,36-45,Female,India,High,Technology Enthusiast,2024-04-23,New
CUST04403,C006,26-35,Other,India,Premium,Premium Customer,2025-05-25,VIP
CUST04404,C008,46-55,Female,UK,Low,Technology Enthusiast,2022-08-04,VIP
CUST04405,C002,26-35,Male,South Korea,Medium,Premium Customer,2020-07-03,Loyal
CUST04406,C004,18-25,Female,Singapore,Premium,Value Seeker,2021-12-11,Loyal
CUST04407,C006,18-25,Other,Japan,High,Premium Customer,2025-04-04,Regular
CUST04408,C003,46-55,Male,USA,Low,Young Professional,2025-06-25,Loyal
CUST04409,C010,46-55,Other,South Korea,Medium,Value Seeker,2021-01-27,VIP
CUST04410,C001,56+,Female,Singapore,Premium,Budget Buyer,2024-10-02,New
CUST04411,C009,56+,Female,Germany,High,Technology Enthusiast,2023-11-06,VIP
CUST04412,C008,26-35,Other,Germany,Premium,Young Professional,2023-04-16,Loyal
CUST04413,C008,26-35,Female,Germany,Medium,Premium Customer,2020-07-28,VIP
CUST04414,C008,36-45,Other,Singapore,High,Young Professional,2024-10-03,VIP
CUST04415,C007,56+,Female,Canada,Premium,Budget Buyer,2024-04-26,Loyal
CUST04416,C006,36-45,Female,Canada,High,Budget Buyer,2022-09-04,Regular
CUST04417,C005,36-45,Male,South Korea,Premium,Value Seeker,2020-04-06,New
CUST04418,C009,56+,Other,Singapore,High,Value Seeker,2023-01-22,Loyal
CUST04419,C006,26-35,Female,Japan,High,Technology Enthusiast,2020-04-20,New
CUST04420,C008,18-25,Female,Germany,Medium,Value Seeker,2025-11-20,Loyal
CUST04421,C007,26-35,Male,USA,Medium,Premium Customer,2026-07-05,VIP
CUST04422,C005,18-25,Other,Canada,Low,Premium Customer,2025-11-19,Regular
CUST04423,C008,18-25,Female,USA,High,Budget Buyer,2022-05-06,VIP
CUST04424,C004,36-45,Male,Japan,Low,Budget Buyer,2021-12-24,Regular
CUST04425,C007,56+,Male,South Korea,Premium,Value Seeker,2024-01-18,Regular
CUST04426,C005,46-55,Female,Singapore,High,Premium Customer,2024-06-04,VIP
CUST04427,C001,26-35,Male,South Korea,Medium,Technology Enthusiast,2022-10-11,VIP
CUST04428,C005,36-45,Other,UK,Low,Technology Enthusiast,2021-04-01,Loyal
CUST04429,C002,18-25,Male,UK,Premium,Premium Customer,2020-08-06,New
CUST04430,C008,18-25,Other,Japan,Low,Premium Customer,2025-12-24,Loyal
CUST04431,C009,56+,Female,South Korea,Premium,Value Seeker,2022-12-10,Regular
CUST04432,C004,46-55,Male,Canada,High,Value Seeker,2020-03-29,Loyal
CUST04433,C008,36-45,Other,South Korea,Medium,Young Professional,2024-02-29,New
CUST04434,C006,46-55,Male,UK,Premium,Budget Buyer,2022-01-21,VIP
CUST04435,C009,36-45,Female,South Korea,Low,Premium Customer,2025-04-10,New
CUST04436,C009,26-35,Other,UK,Medium,Premium Customer,2021-05-05,New
CUST04437,C004,18-25,Male,Germany,Premium,Premium Customer,2026-05-23,Loyal
CUST04438,C006,36-45,Other,USA,Medium,Value Seeker,2025-11-03,VIP
CUST04439,C007,46-55,Male,Japan,Low,Premium Customer,2025-08-12,New
CUST04440,C001,36-45,Male,India,Premium,Young Professional,2024-07-14,New
CUST04441,C008,46-55,Other,Germany,High,Premium Customer,2020-05-26,Loyal
CUST04442,C009,18-25,Male,Canada,High,Premium Customer,2022-03-14,Regular
CUST04443,C007,36-45,Other,India,High,Young Professional,2023-09-07,Regular
CUST04444,C008,56+,Male,India,Medium,Budget Buyer,2022-01-26,VIP
CUST04445,C009,26-35,Other,Singapore,High,Value Seeker,2025-09-03,New
CUST04446,C007,56+,Female,Canada,High,Young Professional,2025-07-10,New
CUST04447,C009,56+,Female,Germany,Low,Value Seeker,2026-04-20,Regular
CUST04448,C001,36-45,Female,India,High,Value Seeker,2025-03-03,VIP
CUST04449,C010,18-25,Other,Japan,Medium,Value Seeker,2020-08-09,New
CUST04450,C003,46-55,Male,Germany,Low,Technology Enthusiast,2024-07-05,Regular
CUST04451,C004,46-55,Female,Canada,Low,Value Seeker,2024-01-07,New
CUST04452,C008,36-45,Female,India,Medium,Premium Customer,2021-04-25,Regular
CUST04453,C003,18-25,Male,Japan,Medium,Budget Buyer,2020-04-15,Loyal
CUST04454,C001,36-45,Male,Germany,Low,Technology Enthusiast,2020-03-31,Regular
CUST04455,C001,56+,Male,India,High,Technology Enthusiast,2024-04-23,New
CUST04456,C001,26-35,Male,Japan,High,Technology Enthusiast,2026-05-09,Loyal
CUST04457,C008,56+,Female,South Korea,Premium,Technology Enthusiast,2022-06-09,VIP
CUST04458,C004,26-35,Female,Japan,High,Value Seeker,2025-11-22,New
CUST04459,C006,56+,Male,South Korea,Medium,Value Seeker,2020-12-12,Regular
CUST04460,C007,26-35,Other,Japan,Low,Technology Enthusiast,2023-01-29,Loyal
CUST04461,C003,36-45,Other,South Korea,Premium,Technology Enthusiast,2024-01-24,New
CUST04462,C006,56+,Male,Germany,Low,Technology Enthusiast,2023-10-18,New
CUST04463,C010,56+,Female,Canada,High,Technology Enthusiast,2024-09-29,VIP
CUST04464,C007,36-45,Male,Canada,High,Technology Enthusiast,2021-02-27,New
CUST04465,C006,56+,Other,UK,High,Young Professional,2020-05-04,VIP
CUST04466,C005,26-35,Female,India,Premium,Premium Customer,2020-06-17,Loyal
CUST04467,C006,56+,Other,Germany,High,Young Professional,2023-12-14,New
CUST04468,C001,26-35,Other,UK,Premium,Premium Customer,2025-09-10,Loyal
CUST04469,C005,46-55,Other,South Korea,Premium,Young Professional,2025-01-05,Loyal
CUST04470,C010,36-45,Female,USA,Medium,Value Seeker,2022-01-06,VIP
CUST04471,C003,56+,Male,South Korea,Premium,Technology Enthusiast,2023-03-27,New
CUST04472,C001,18-25,Other,Canada,High,Young Professional,2025-07-14,Loyal
CUST04473,C009,56+,Other,Singapore,Premium,Young Professional,2023-06-25,New
CUST04474,C007,26-35,Male,Japan,Premium,Premium Customer,2024-10-12,New
CUST04475,C003,36-45,Other,Germany,High,Budget Buyer,2023-09-13,Regular
CUST04476,C008,46-55,Female,India,Premium,Young Professional,2024-10-31,New
CUST04477,C003,46-55,Male,South Korea,Premium,Young Professional,2021-09-18,Regular
CUST04478,C002,36-45,Male,Germany,High,Budget Buyer,2023-03-05,VIP
CUST04479,C001,36-45,Female,Japan,High,Technology Enthusiast,2020-08-16,Regular
CUST04480,C005,36-45,Other,Japan,High,Premium Customer,2023-12-17,Regular
CUST04481,C002,56+,Other,Germany,Medium,Young Professional,2024-10-02,VIP
CUST04482,C007,56+,Male,Japan,Low,Young Professional,2024-08-25,New
CUST04483,C001,46-55,Other,India,High,Value Seeker,2025-08-21,New
CUST04484,C008,36-45,Female,South Korea,High,Value Seeker,2020-12-29,New
CUST04485,C010,56+,Male,Germany,Premium,Technology Enthusiast,2025-02-14,VIP
CUST04486,C001,18-25,Other,Singapore,Low,Technology Enthusiast,2022-09-20,Loyal
CUST04487,C001,18-25,Female,Japan,Medium,Technology Enthusiast,2020-12-26,New
CUST04488,C002,36-45,Male,UK,Low,Value Seeker,2021-03-18,VIP
CUST04489,C005,18-25,Other,Germany,Medium,Value Seeker,2020-07-17,VIP
CUST04490,C004,56+,Male,UK,Low,Value Seeker,2025-08-09,VIP
CUST04491,C009,18-25,Other,Germany,High,Young Professional,2021-11-25,VIP
CUST04492,C009,46-55,Female,Singapore,Premium,Value Seeker,2021-02-10,Loyal
CUST04493,C003,56+,Male,Canada,Low,Value Seeker,2020-02-02,Loyal
CUST04494,C003,46-55,Female,South Korea,High,Value Seeker,2024-07-15,VIP
CUST04495,C005,18-25,Female,South Korea,Medium,Value Seeker,2023-01-30,VIP
CUST04496,C010,46-55,Male,South Korea,High,Technology Enthusiast,2024-11-13,New
CUST04497,C009,46-55,Female,Canada,Medium,Young Professional,2025-04-27,VIP
CUST04498,C009,18-25,Female,Canada,Premium,Technology Enthusiast,2024-12-31,Regular
CUST04499,C010,26-35,Male,Japan,High,Premium Customer,2023-10-03,VIP
CUST04500,C005,26-35,Other,Canada,Low,Value Seeker,2021-08-13,VIP
CUST04501,C010,56+,Other,Singapore,High,Technology Enthusiast,2020-02-15,VIP
CUST04502,C007,56+,Male,USA,Medium,Value Seeker,2024-09-09,Regular
CUST04503,C004,36-45,Female,South Korea,Medium,Value Seeker,2021-07-12,New
CUST04504,C004,26-35,Male,South Korea,High,Budget Buyer,2025-03-30,VIP
CUST04505,C002,56+,Female,South Korea,High,Technology Enthusiast,2022-04-14,Loyal
CUST04506,C008,26-35,Male,Canada,High,Young Professional,2025-08-15,VIP
CUST04507,C006,46-55,Other,Japan,Premium,Technology Enthusiast,2025-01-14,VIP
CUST04508,C009,18-25,Female,Japan,Low,Value Seeker,2020-01-09,VIP
CUST04509,C008,36-45,Other,Canada,High,Value Seeker,2024-10-04,VIP
CUST04510,C004,46-55,Male,Japan,Premium,Budget Buyer,2021-11-09,Loyal
CUST04511,C007,26-35,Female,Canada,Medium,Budget Buyer,2023-12-25,New
CUST04512,C005,18-25,Other,Singapore,Premium,Young Professional,2021-09-10,VIP
CUST04513,C002,26-35,Male,Germany,High,Budget Buyer,2024-02-19,New
CUST04514,C010,36-45,Other,India,High,Premium Customer,2025-12-01,Loyal
CUST04515,C002,26-35,Female,Japan,Low,Technology Enthusiast,2022-08-22,New
CUST04516,C005,26-35,Male,South Korea,Premium,Premium Customer,2022-02-07,Regular
CUST04517,C003,56+,Other,India,High,Value Seeker,2025-06-29,Regular
CUST04518,C004,18-25,Male,Singapore,Low,Technology Enthusiast,2026-02-22,New
CUST04519,C008,18-25,Female,UK,Medium,Technology Enthusiast,2020-06-26,New
CUST04520,C009,36-45,Female,Canada,Premium,Young Professional,2022-12-30,New
CUST04521,C006,46-55,Male,UK,High,Technology Enthusiast,2021-06-27,VIP
CUST04522,C002,36-45,Male,Japan,Medium,Budget Buyer,2021-04-08,Loyal
CUST04523,C001,46-55,Other,Japan,Low,Value Seeker,2025-06-05,New
CUST04524,C007,18-25,Other,UK,Medium,Budget Buyer,2020-11-10,VIP
CUST04525,C009,36-45,Female,Germany,Premium,Budget Buyer,2025-02-09,Loyal
CUST04526,C008,26-35,Male,Canada,Medium,Budget Buyer,2022-09-06,Regular
CUST04527,C008,26-35,Male,UK,Premium,Premium Customer,2023-03-01,VIP
CUST04528,C006,18-25,Male,Germany,Medium,Premium Customer,2024-06-18,New
CUST04529,C007,36-45,Other,India,Premium,Value Seeker,2023-12-28,Loyal
CUST04530,C008,36-45,Female,UK,Premium,Premium Customer,2023-08-27,Regular
CUST04531,C001,46-55,Other,South Korea,Low,Value Seeker,2022-09-18,VIP
CUST04532,C006,18-25,Male,Japan,Premium,Technology Enthusiast,2021-04-06,VIP
CUST04533,C001,56+,Male,Japan,Premium,Budget Buyer,2024-10-11,New
CUST04534,C003,56+,Male,Singapore,Premium,Technology Enthusiast,2020-12-06,Regular
CUST04535,C003,36-45,Male,Germany,Medium,Budget Buyer,2022-09-13,Loyal
CUST04536,C005,36-45,Other,Japan,Low,Premium Customer,2025-12-09,Loyal
CUST04537,C008,46-55,Other,Canada,Medium,Value Seeker,2020-08-17,New
CUST04538,C009,18-25,Male,Canada,Medium,Premium Customer,2022-07-19,Loyal
CUST04539,C007,36-45,Other,Japan,Low,Technology Enthusiast,2025-12-04,New
CUST04540,C003,36-45,Male,USA,High,Young Professional,2020-05-21,New
CUST04541,C006,18-25,Other,Germany,Medium,Young Professional,2021-02-07,VIP
CUST04542,C006,26-35,Female,Germany,Medium,Budget Buyer,2022-10-12,Loyal
CUST04543,C008,36-45,Male,South Korea,Low,Budget Buyer,2024-02-17,Loyal
CUST04544,C002,36-45,Male,South Korea,Premium,Budget Buyer,2024-07-19,Regular
CUST04545,C002,18-25,Other,Canada,Premium,Budget Buyer,2025-03-09,New
CUST04546,C003,56+,Male,Germany,Medium,Technology Enthusiast,2023-10-28,VIP
CUST04547,C002,56+,Female,Singapore,Low,Premium Customer,2025-01-13,VIP
CUST04548,C010,36-45,Male,Japan,Low,Premium Customer,2024-12-25,Regular
CUST04549,C010,18-25,Other,USA,Low,Young Professional,2022-09-05,Loyal
CUST04550,C010,46-55,Other,Germany,Medium,Budget Buyer,2020-12-09,VIP
CUST04551,C010,46-55,Female,South Korea,Low,Technology Enthusiast,2022-05-17,Loyal
CUST04552,C005,46-55,Female,Canada,High,Value Seeker,2020-06-25,Loyal
CUST04553,C010,36-45,Female,India,Premium,Premium Customer,2022-04-09,Loyal
CUST04554,C001,36-45,Female,UK,Low,Premium Customer,2026-06-19,Loyal
CUST04555,C007,26-35,Female,USA,Medium,Premium Customer,2021-08-25,New
CUST04556,C003,18-25,Male,Singapore,Low,Budget Buyer,2024-04-17,New
CUST04557,C010,46-55,Male,USA,High,Technology Enthusiast,2022-06-21,New
CUST04558,C009,46-55,Male,India,Medium,Value Seeker,2020-10-02,VIP
CUST04559,C007,56+,Male,Japan,Premium,Premium Customer,2021-11-19,VIP
CUST04560,C008,18-25,Female,South Korea,Medium,Premium Customer,2020-07-22,Regular
CUST04561,C002,56+,Female,Singapore,Premium,Young Professional,2021-03-06,VIP
CUST04562,C001,46-55,Male,Japan,High,Premium Customer,2025-07-03,New
CUST04563,C010,26-35,Male,Japan,Low,Value Seeker,2021-11-16,Loyal
CUST04564,C007,56+,Other,South Korea,High,Technology Enthusiast,2022-09-10,Regular
CUST04565,C006,18-25,Female,Japan,Low,Premium Customer,2020-07-02,VIP
CUST04566,C005,46-55,Other,South Korea,Medium,Young Professional,2025-11-20,New
CUST04567,C009,18-25,Female,South Korea,High,Technology Enthusiast,2021-06-19,VIP
CUST04568,C005,46-55,Other,Germany,High,Technology Enthusiast,2025-08-06,Loyal
CUST04569,C009,26-35,Other,Germany,High,Premium Customer,2023-06-11,VIP
CUST04570,C002,36-45,Male,India,Low,Technology Enthusiast,2021-12-27,Regular
CUST04571,C001,36-45,Female,USA,Medium,Premium Customer,2024-04-05,VIP
CUST04572,C002,18-25,Other,Singapore,Medium,Value Seeker,2026-06-22,Loyal
CUST04573,C004,26-35,Other,USA,Medium,Technology Enthusiast,2020-06-02,VIP
CUST04574,C009,18-25,Female,Singapore,Medium,Technology Enthusiast,2022-06-06,VIP
CUST04575,C006,26-35,Female,Japan,Medium,Premium Customer,2022-08-08,Regular
CUST04576,C001,56+,Other,Canada,Premium,Young Professional,2021-07-10,VIP
CUST04577,C009,18-25,Male,UK,Premium,Technology Enthusiast,2021-05-22,Regular
CUST04578,C005,18-25,Female,Germany,Medium,Value Seeker,2024-02-17,Regular
CUST04579,C010,18-25,Female,South Korea,Premium,Young Professional,2022-06-24,New
CUST04580,C004,36-45,Other,South Korea,High,Budget Buyer,2026-05-14,Loyal
CUST04581,C006,46-55,Other,South Korea,Low,Premium Customer,2025-05-29,Loyal
CUST04582,C004,26-35,Other,Canada,Medium,Young Professional,2020-10-30,Loyal
CUST04583,C004,26-35,Other,USA,Low,Young Professional,2023-12-03,VIP
CUST04584,C006,56+,Male,South Korea,Medium,Budget Buyer,2020-05-09,Loyal
CUST04585,C009,26-35,Female,Japan,Premium,Young Professional,2020-05-21,VIP
CUST04586,C003,26-35,Male,USA,Premium,Technology Enthusiast,2022-11-16,VIP
CUST04587,C008,56+,Other,Japan,High,Budget Buyer,2020-01-20,VIP
CUST04588,C010,26-35,Other,Canada,High,Budget Buyer,2023-01-20,New
CUST04589,C002,36-45,Male,South Korea,Premium,Young Professional,2020-03-05,Regular
CUST04590,C006,56+,Male,USA,Low,Budget Buyer,2023-02-14,New
CUST04591,C009,56+,Female,USA,Medium,Value Seeker,2026-02-13,Regular
CUST04592,C006,36-45,Male,Canada,Low,Budget Buyer,2025-01-10,New
CUST04593,C006,18-25,Male,Canada,Premium,Young Professional,2025-08-07,VIP
CUST04594,C001,46-55,Female,UK,Premium,Value Seeker,2021-01-13,Loyal
CUST04595,C006,36-45,Female,UK,Low,Value Seeker,2023-08-17,New
CUST04596,C004,36-45,Female,UK,Medium,Value Seeker,2023-10-31,Loyal
CUST04597,C001,18-25,Female,Germany,High,Value Seeker,2025-06-30,Loyal
CUST04598,C007,18-25,Other,Japan,High,Premium Customer,2024-04-17,New
CUST04599,C001,18-25,Male,USA,Low,Premium Customer,2024-09-04,Loyal
CUST04600,C002,26-35,Female,UK,Low,Young Professional,2024-05-21,New
CUST04601,C003,26-35,Male,Canada,Low,Premium Customer,2020-01-02,Loyal
CUST04602,C007,46-55,Other,India,High,Premium Customer,2020-10-02,Loyal
CUST04603,C002,36-45,Female,USA,Medium,Value Seeker,2025-12-05,Regular
CUST04604,C007,36-45,Other,India,Medium,Technology Enthusiast,2024-05-24,Loyal
CUST04605,C010,36-45,Female,Japan,Low,Premium Customer,2020-10-02,New
CUST04606,C006,56+,Male,India,High,Value Seeker,2025-04-23,Loyal
CUST04607,C010,26-35,Male,USA,Low,Young Professional,2021-12-31,Regular
CUST04608,C010,56+,Female,USA,High,Budget Buyer,2026-07-15,Loyal
CUST04609,C001,26-35,Other,Japan,Premium,Technology Enthusiast,2020-12-10,Regular
CUST04610,C010,36-45,Male,Singapore,High,Value Seeker,2021-05-10,New
CUST04611,C002,18-25,Male,South Korea,High,Budget Buyer,2021-10-26,Regular
CUST04612,C001,36-45,Other,Canada,Premium,Technology Enthusiast,2025-09-03,VIP
CUST04613,C007,56+,Female,USA,Medium,Premium Customer,2024-01-30,Regular
CUST04614,C010,26-35,Other,Singapore,Premium,Young Professional,2021-05-25,New
CUST04615,C007,36-45,Other,USA,High,Value Seeker,2023-07-02,Regular
CUST04616,C002,18-25,Male,USA,Medium,Budget Buyer,2026-04-11,Loyal
CUST04617,C003,18-25,Female,Singapore,Medium,Value Seeker,2022-06-10,Loyal
CUST04618,C003,36-45,Other,India,Medium,Value Seeker,2026-02-02,Loyal
CUST04619,C007,46-55,Female,USA,Medium,Value Seeker,2021-12-14,New
CUST04620,C003,26-35,Female,UK,Medium,Technology Enthusiast,2023-07-06,VIP
CUST04621,C008,46-55,Female,Singapore,Low,Young Professional,2020-06-10,Regular
CUST04622,C010,56+,Other,South Korea,Premium,Premium Customer,2022-03-21,VIP
CUST04623,C005,56+,Other,South Korea,Premium,Value Seeker,2020-07-31,New
CUST04624,C001,36-45,Male,Canada,Low,Budget Buyer,2025-01-12,Regular
CUST04625,C004,36-45,Male,India,Premium,Value Seeker,2020-05-26,Loyal
CUST04626,C008,36-45,Female,UK,Premium,Young Professional,2021-07-17,Loyal
CUST04627,C002,56+,Other,Germany,Medium,Premium Customer,2024-11-24,VIP
CUST04628,C004,56+,Female,UK,Medium,Technology Enthusiast,2026-07-07,New
CUST04629,C009,56+,Other,Germany,Premium,Value Seeker,2021-11-24,Regular
CUST04630,C008,46-55,Other,India,Premium,Budget Buyer,2026-02-27,Loyal
CUST04631,C003,36-45,Female,Germany,Low,Technology Enthusiast,2022-08-09,Loyal
CUST04632,C010,18-25,Male,Singapore,Medium,Budget Buyer,2022-08-21,Regular
CUST04633,C006,36-45,Other,South Korea,Low,Young Professional,2022-10-18,New
CUST04634,C008,46-55,Female,Japan,Low,Technology Enthusiast,2020-01-14,Loyal
CUST04635,C010,56+,Other,Singapore,Medium,Young Professional,2023-03-03,VIP
CUST04636,C007,46-55,Other,Singapore,Medium,Budget Buyer,2025-08-28,Regular
CUST04637,C009,36-45,Other,Japan,Low,Technology Enthusiast,2020-02-17,Loyal
CUST04638,C009,36-45,Female,UK,Medium,Young Professional,2023-02-18,Loyal
CUST04639,C006,26-35,Male,India,High,Technology Enthusiast,2021-02-16,New
CUST04640,C006,18-25,Other,Singapore,Medium,Young Professional,2023-04-19,New
CUST04641,C002,56+,Female,South Korea,High,Young Professional,2020-04-16,New
CUST04642,C004,26-35,Female,Japan,Low,Young Professional,2024-10-22,New
CUST04643,C005,46-55,Male,South Korea,Medium,Value Seeker,2020-09-22,Regular
CUST04644,C005,46-55,Other,South Korea,Premium,Budget Buyer,2021-07-04,Regular
CUST04645,C003,56+,Male,UK,Low,Premium Customer,2022-06-05,New
CUST04646,C009,26-35,Female,Canada,Premium,Young Professional,2026-05-24,Regular
CUST04647,C002,26-35,Female,Japan,Premium,Value Seeker,2020-10-16,VIP
CUST04648,C004,18-25,Female,Germany,Medium,Budget Buyer,2020-10-15,New
CUST04649,C009,46-55,Male,Germany,Low,Premium Customer,2025-08-25,Loyal
CUST04650,C010,18-25,Male,Germany,Low,Technology Enthusiast,2022-11-28,New
CUST04651,C004,36-45,Other,Japan,Low,Budget Buyer,2024-09-06,New
CUST04652,C003,56+,Male,Canada,Low,Young Professional,2020-10-04,New
CUST04653,C009,46-55,Male,UK,High,Premium Customer,2020-12-23,New
CUST04654,C007,46-55,Other,South Korea,Medium,Value Seeker,2026-03-03,New
CUST04655,C005,56+,Other,South Korea,Low,Value Seeker,2026-05-15,Regular
CUST04656,C001,26-35,Other,Canada,Premium,Young Professional,2023-02-21,Regular
CUST04657,C004,36-45,Male,USA,Low,Premium Customer,2023-06-10,Loyal
CUST04658,C002,18-25,Female,Singapore,Low,Budget Buyer,2020-07-03,New
CUST04659,C005,26-35,Male,Germany,High,Young Professional,2021-03-28,Loyal
CUST04660,C008,36-45,Male,India,Premium,Value Seeker,2026-05-28,Regular
CUST04661,C004,46-55,Other,South Korea,Medium,Budget Buyer,2024-01-03,VIP
CUST04662,C007,56+,Other,South Korea,Premium,Premium Customer,2020-11-10,VIP
CUST04663,C008,36-45,Male,Germany,Premium,Premium Customer,2024-11-28,New
CUST04664,C003,56+,Other,USA,Medium,Technology Enthusiast,2022-05-22,VIP
CUST04665,C003,36-45,Other,South Korea,Medium,Budget Buyer,2020-06-19,Loyal
CUST04666,C006,56+,Female,Japan,High,Technology Enthusiast,2021-04-23,VIP
CUST04667,C009,46-55,Other,Germany,High,Budget Buyer,2020-12-12,New
CUST04668,C008,46-55,Female,India,Medium,Budget Buyer,2026-06-28,Loyal
CUST04669,C008,56+,Female,Germany,Low,Technology Enthusiast,2023-07-30,Loyal
CUST04670,C004,26-35,Male,Japan,High,Young Professional,2024-05-21,Regular
CUST04671,C004,26-35,Female,USA,High,Young Professional,2026-07-18,New
CUST04672,C007,56+,Female,Singapore,Premium,Budget Buyer,2022-07-22,Regular
CUST04673,C001,18-25,Female,Germany,Premium,Technology Enthusiast,2025-04-01,Loyal
CUST04674,C003,36-45,Female,Japan,High,Value Seeker,2020-08-13,Loyal
CUST04675,C005,18-25,Female,Singapore,Premium,Premium Customer,2023-03-02,Regular
CUST04676,C003,18-25,Other,India,Premium,Value Seeker,2021-03-09,New
CUST04677,C005,56+,Female,South Korea,Low,Budget Buyer,2020-03-29,Regular
CUST04678,C005,18-25,Other,South Korea,High,Premium Customer,2024-07-06,New
CUST04679,C005,18-25,Other,Canada,Premium,Premium Customer,2021-01-23,VIP
CUST04680,C002,46-55,Female,Canada,Medium,Premium Customer,2025-11-07,Regular
CUST04681,C005,46-55,Male,Canada,Premium,Premium Customer,2023-05-16,New
CUST04682,C002,18-25,Other,South Korea,Premium,Budget Buyer,2020-03-05,Regular
CUST04683,C004,36-45,Female,India,High,Young Professional,2021-10-05,Regular
CUST04684,C001,26-35,Male,Canada,Premium,Premium Customer,2025-03-13,VIP
CUST04685,C005,26-35,Other,India,High,Value Seeker,2020-09-02,New
CUST04686,C008,56+,Other,UK,High,Premium Customer,2024-12-16,Regular
CUST04687,C005,18-25,Female,USA,Low,Value Seeker,2025-03-28,New
CUST04688,C002,46-55,Female,Germany,Medium,Value Seeker,2025-09-26,New
CUST04689,C005,46-55,Female,USA,Low,Value Seeker,2024-01-03,VIP
CUST04690,C006,46-55,Male,India,Medium,Young Professional,2020-11-26,Regular
CUST04691,C008,26-35,Other,UK,High,Premium Customer,2023-01-14,VIP
CUST04692,C005,36-45,Male,Singapore,Medium,Young Professional,2020-04-26,New
CUST04693,C003,18-25,Male,Japan,High,Budget Buyer,2022-04-21,New
CUST04694,C002,26-35,Male,Singapore,Low,Premium Customer,2020-04-20,New
CUST04695,C004,56+,Male,India,Low,Young Professional,2024-07-04,Regular
CUST04696,C003,36-45,Female,UK,Premium,Premium Customer,2020-11-04,Regular
CUST04697,C006,56+,Female,UK,High,Premium Customer,2022-03-30,New
CUST04698,C002,18-25,Other,Japan,High,Young Professional,2024-08-03,Regular
CUST04699,C007,56+,Female,Japan,High,Value Seeker,2020-12-15,VIP
CUST04700,C006,26-35,Female,UK,High,Budget Buyer,2026-01-01,New
CUST04701,C005,36-45,Male,UK,Medium,Value Seeker,2026-07-05,Regular
CUST04702,C006,36-45,Other,Germany,High,Technology Enthusiast,2026-03-23,New
CUST04703,C004,26-35,Other,India,High,Budget Buyer,2023-09-27,VIP
CUST04704,C006,46-55,Other,USA,Premium,Value Seeker,2020-07-05,Loyal
CUST04705,C005,26-35,Female,UK,High,Premium Customer,2023-04-22,VIP
CUST04706,C008,36-45,Female,Canada,Premium,Young Professional,2025-05-30,Regular
CUST04707,C001,46-55,Female,India,Low,Premium Customer,2023-06-07,New
CUST04708,C007,56+,Other,UK,Premium,Young Professional,2026-05-16,VIP
CUST04709,C003,36-45,Female,Germany,Premium,Premium Customer,2025-02-16,Regular
CUST04710,C009,36-45,Other,Singapore,Low,Technology Enthusiast,2023-12-11,New
CUST04711,C003,18-25,Female,India,Premium,Value Seeker,2021-05-11,Loyal
CUST04712,C005,26-35,Other,Singapore,Low,Budget Buyer,2023-12-21,VIP
CUST04713,C001,56+,Male,UK,High,Premium Customer,2026-06-07,New
CUST04714,C008,26-35,Female,UK,High,Budget Buyer,2026-04-27,VIP
CUST04715,C005,18-25,Other,Singapore,Low,Value Seeker,2022-04-04,Regular
CUST04716,C006,26-35,Other,Canada,Medium,Technology Enthusiast,2020-08-28,Loyal
CUST04717,C005,46-55,Other,Japan,Medium,Value Seeker,2021-09-25,VIP
CUST04718,C002,56+,Female,Singapore,High,Young Professional,2025-08-07,Loyal
CUST04719,C010,56+,Female,South Korea,Low,Value Seeker,2023-12-22,VIP
CUST04720,C004,46-55,Other,Canada,Medium,Premium Customer,2021-03-23,New
CUST04721,C009,26-35,Male,Canada,Low,Value Seeker,2022-07-25,Regular
CUST04722,C010,46-55,Other,UK,Premium,Premium Customer,2022-05-04,New
CUST04723,C008,36-45,Other,India,High,Budget Buyer,2024-07-31,Loyal
CUST04724,C007,36-45,Male,USA,Medium,Technology Enthusiast,2023-10-09,VIP
CUST04725,C004,18-25,Male,India,High,Budget Buyer,2025-08-29,Regular
CUST04726,C003,56+,Male,India,Premium,Young Professional,2025-12-18,Loyal
CUST04727,C010,26-35,Other,UK,Premium,Premium Customer,2023-12-31,VIP
CUST04728,C008,26-35,Male,Germany,High,Young Professional,2023-01-22,Regular
CUST04729,C004,26-35,Other,UK,Premium,Technology Enthusiast,2025-02-14,Regular
CUST04730,C010,56+,Male,USA,High,Budget Buyer,2024-09-09,New
CUST04731,C001,46-55,Male,South Korea,Premium,Value Seeker,2021-07-19,New
CUST04732,C005,36-45,Other,Singapore,Premium,Young Professional,2022-03-04,Regular
CUST04733,C008,36-45,Female,South Korea,Medium,Budget Buyer,2020-10-06,New
CUST04734,C006,18-25,Other,Germany,Low,Technology Enthusiast,2022-01-13,VIP
CUST04735,C004,56+,Female,India,Premium,Technology Enthusiast,2020-05-04,Regular
CUST04736,C004,46-55,Male,USA,Medium,Technology Enthusiast,2025-03-28,VIP
CUST04737,C004,18-25,Other,Canada,High,Budget Buyer,2023-02-01,Regular
CUST04738,C008,56+,Other,India,Medium,Premium Customer,2024-03-08,New
CUST04739,C001,46-55,Male,UK,Low,Technology Enthusiast,2020-08-28,VIP
CUST04740,C002,18-25,Other,Canada,High,Value Seeker,2021-10-03,Regular
CUST04741,C010,56+,Female,India,Medium,Value Seeker,2023-08-17,Regular
CUST04742,C002,56+,Other,South Korea,High,Budget Buyer,2023-09-04,VIP
CUST04743,C006,56+,Male,Germany,Medium,Value Seeker,2024-12-29,New
CUST04744,C009,56+,Male,Singapore,Low,Technology Enthusiast,2025-11-23,Loyal
CUST04745,C002,36-45,Male,UK,High,Budget Buyer,2025-03-19,Regular
CUST04746,C001,46-55,Other,Singapore,Premium,Young Professional,2020-07-11,VIP
CUST04747,C006,56+,Female,India,High,Technology Enthusiast,2023-10-27,New
CUST04748,C005,18-25,Female,South Korea,Medium,Value Seeker,2023-10-05,VIP
CUST04749,C007,46-55,Male,South Korea,Medium,Technology Enthusiast,2023-04-08,VIP
CUST04750,C006,56+,Male,Canada,Medium,Budget Buyer,2021-03-03,Loyal
CUST04751,C004,36-45,Other,Japan,Low,Young Professional,2026-03-16,VIP
CUST04752,C003,46-55,Female,Canada,Medium,Young Professional,2021-03-10,Regular
CUST04753,C010,18-25,Female,Singapore,Premium,Young Professional,2023-03-19,New
CUST04754,C008,56+,Other,Singapore,High,Technology Enthusiast,2026-03-27,Loyal
CUST04755,C008,56+,Male,USA,Low,Premium Customer,2023-01-13,VIP
CUST04756,C008,46-55,Female,USA,Premium,Technology Enthusiast,2021-09-11,Regular
CUST04757,C010,56+,Other,Japan,Medium,Premium Customer,2025-01-17,VIP
CUST04758,C001,26-35,Female,Germany,Low,Premium Customer,2020-10-23,Loyal
CUST04759,C006,26-35,Female,Germany,Premium,Technology Enthusiast,2025-11-06,New
CUST04760,C005,18-25,Female,India,Premium,Technology Enthusiast,2024-12-08,Regular
CUST04761,C007,18-25,Other,South Korea,High,Premium Customer,2023-11-12,Regular
CUST04762,C007,18-25,Male,UK,Premium,Value Seeker,2021-07-25,Loyal
CUST04763,C008,26-35,Female,Singapore,Premium,Value Seeker,2021-04-27,New
CUST04764,C003,18-25,Male,Japan,Premium,Technology Enthusiast,2022-10-17,Loyal
CUST04765,C010,36-45,Male,UK,High,Value Seeker,2021-04-16,Loyal
CUST04766,C007,18-25,Male,India,High,Premium Customer,2024-04-08,Regular
CUST04767,C007,26-35,Male,Germany,High,Budget Buyer,2020-07-08,Regular
CUST04768,C007,26-35,Male,Japan,Premium,Technology Enthusiast,2023-10-17,Loyal
CUST04769,C010,46-55,Male,South Korea,Low,Premium Customer,2024-12-22,New
CUST04770,C001,36-45,Female,USA,High,Value Seeker,2025-08-04,Regular
CUST04771,C008,18-25,Female,USA,Premium,Young Professional,2020-05-08,Loyal
CUST04772,C004,56+,Female,USA,Premium,Value Seeker,2024-05-06,VIP
CUST04773,C007,18-25,Female,South Korea,Premium,Young Professional,2022-02-02,New
CUST04774,C006,36-45,Other,Singapore,Premium,Budget Buyer,2022-11-10,Regular
CUST04775,C005,46-55,Female,USA,High,Value Seeker,2026-01-17,VIP
CUST04776,C009,26-35,Other,USA,High,Budget Buyer,2024-01-20,VIP
CUST04777,C003,26-35,Other,Canada,Medium,Budget Buyer,2024-09-09,Regular
CUST04778,C003,26-35,Other,UK,Low,Young Professional,2022-04-19,New
CUST04779,C001,18-25,Male,UK,Low,Young Professional,2025-03-03,Loyal
CUST04780,C009,36-45,Female,South Korea,Premium,Budget Buyer,2022-11-25,Loyal
CUST04781,C005,46-55,Other,Singapore,Premium,Budget Buyer,2021-03-28,Loyal
CUST04782,C006,56+,Other,Germany,Low,Budget Buyer,2024-09-06,VIP
CUST04783,C005,46-55,Other,Singapore,Premium,Premium Customer,2024-02-26,VIP
CUST04784,C006,46-55,Female,Singapore,High,Premium Customer,2025-04-24,VIP
CUST04785,C001,36-45,Male,India,High,Value Seeker,2026-04-21,VIP
CUST04786,C005,36-45,Male,USA,Premium,Young Professional,2023-09-11,New
CUST04787,C005,56+,Other,South Korea,Medium,Technology Enthusiast,2026-06-05,VIP
CUST04788,C003,36-45,Female,Canada,Medium,Value Seeker,2025-04-01,New
CUST04789,C007,56+,Female,India,Premium,Technology Enthusiast,2020-11-11,Regular
CUST04790,C010,46-55,Other,Germany,Premium,Young Professional,2026-01-05,New
CUST04791,C001,46-55,Male,Canada,Premium,Premium Customer,2024-04-05,Regular
CUST04792,C010,26-35,Male,USA,High,Value Seeker,2020-06-02,New
CUST04793,C004,56+,Other,Germany,Medium,Value Seeker,2020-12-30,New
CUST04794,C002,18-25,Other,Canada,Low,Premium Customer,2021-03-20,Loyal
CUST04795,C005,56+,Female,Japan,Premium,Young Professional,2025-08-17,Loyal
CUST04796,C003,36-45,Male,Singapore,Low,Young Professional,2023-03-31,New
CUST04797,C005,46-55,Other,South Korea,High,Young Professional,2022-02-28,VIP
CUST04798,C009,36-45,Male,South Korea,Medium,Technology Enthusiast,2022-05-14,VIP
CUST04799,C002,36-45,Female,Singapore,Premium,Technology Enthusiast,2022-09-16,VIP
CUST04800,C004,56+,Other,Japan,Premium,Young Professional,2022-04-12,New
CUST04801,C008,26-35,Female,Singapore,Low,Budget Buyer,2025-12-26,New
CUST04802,C007,36-45,Female,Canada,Premium,Premium Customer,2021-06-12,Regular
CUST04803,C010,46-55,Other,Canada,Medium,Premium Customer,2022-03-13,Loyal
CUST04804,C002,56+,Female,Germany,Premium,Premium Customer,2025-06-10,New
CUST04805,C002,26-35,Other,South Korea,Low,Technology Enthusiast,2020-01-17,New
CUST04806,C010,26-35,Male,Germany,Premium,Value Seeker,2023-07-05,New
CUST04807,C003,36-45,Other,USA,Low,Young Professional,2021-05-23,Loyal
CUST04808,C007,36-45,Other,Canada,Premium,Value Seeker,2021-12-03,Regular
CUST04809,C001,46-55,Female,Singapore,Premium,Value Seeker,2021-01-19,Regular
CUST04810,C010,36-45,Male,UK,High,Value Seeker,2022-05-18,Regular
CUST04811,C007,36-45,Male,USA,High,Budget Buyer,2021-06-09,Regular
CUST04812,C001,36-45,Female,Canada,Low,Young Professional,2025-07-18,Regular
CUST04813,C001,36-45,Other,Canada,Medium,Young Professional,2021-08-01,New
CUST04814,C008,36-45,Male,Germany,Medium,Value Seeker,2023-02-20,New
CUST04815,C010,56+,Female,India,Medium,Young Professional,2026-05-03,Loyal
CUST04816,C001,26-35,Male,India,Low,Premium Customer,2023-05-23,VIP
CUST04817,C002,26-35,Male,Japan,Medium,Value Seeker,2026-04-01,VIP
CUST04818,C008,46-55,Female,Japan,High,Young Professional,2022-06-22,VIP
CUST04819,C007,46-55,Male,South Korea,High,Premium Customer,2020-09-22,Regular
CUST04820,C006,36-45,Other,USA,High,Premium Customer,2023-08-05,New
CUST04821,C003,46-55,Female,USA,High,Value Seeker,2024-05-14,Regular
CUST04822,C010,56+,Female,UK,Premium,Budget Buyer,2021-06-06,Regular
CUST04823,C002,18-25,Other,USA,Medium,Young Professional,2023-11-17,Regular
CUST04824,C004,18-25,Female,UK,Premium,Technology Enthusiast,2026-05-21,Loyal
CUST04825,C009,36-45,Female,South Korea,Medium,Value Seeker,2022-01-11,New
CUST04826,C003,26-35,Female,USA,Low,Value Seeker,2020-06-26,VIP
CUST04827,C006,56+,Other,Japan,High,Premium Customer,2022-09-19,New
CUST04828,C005,18-25,Other,USA,Premium,Value Seeker,2022-01-10,Regular
CUST04829,C001,36-45,Other,USA,Low,Budget Buyer,2024-05-22,Loyal
CUST04830,C005,46-55,Female,Germany,Premium,Young Professional,2022-02-15,Loyal
CUST04831,C005,26-35,Other,Singapore,Low,Young Professional,2022-05-11,Regular
CUST04832,C003,18-25,Female,UK,Medium,Premium Customer,2020-01-31,VIP
CUST04833,C009,36-45,Male,South Korea,Low,Technology Enthusiast,2022-09-05,VIP
CUST04834,C009,46-55,Male,India,Medium,Value Seeker,2023-08-02,Loyal
CUST04835,C004,18-25,Male,India,Low,Premium Customer,2020-06-10,Regular
CUST04836,C003,56+,Other,Singapore,Premium,Premium Customer,2023-11-02,Loyal
CUST04837,C005,36-45,Other,Singapore,Low,Premium Customer,2024-07-06,Regular
CUST04838,C009,46-55,Other,India,Medium,Young Professional,2023-06-19,Loyal
CUST04839,C007,26-35,Male,Canada,Premium,Young Professional,2022-06-06,VIP
CUST04840,C009,18-25,Female,Canada,Premium,Value Seeker,2023-03-13,Loyal
CUST04841,C002,36-45,Female,Germany,High,Budget Buyer,2025-03-21,Loyal
CUST04842,C002,46-55,Other,Singapore,High,Technology Enthusiast,2025-08-08,Loyal
CUST04843,C010,36-45,Female,India,Low,Value Seeker,2024-07-30,Regular
CUST04844,C008,26-35,Male,Singapore,High,Technology Enthusiast,2023-07-13,Loyal
CUST04845,C003,18-25,Other,UK,Medium,Value Seeker,2020-12-27,Loyal
CUST04846,C002,36-45,Female,South Korea,High,Value Seeker,2022-12-23,VIP
CUST04847,C003,46-55,Female,Singapore,Low,Young Professional,2022-07-30,New
CUST04848,C005,46-55,Female,Germany,Low,Value Seeker,2021-08-12,VIP
CUST04849,C001,18-25,Male,South Korea,Medium,Value Seeker,2026-02-10,Regular
CUST04850,C002,56+,Male,Japan,Medium,Young Professional,2020-03-07,Regular
CUST04851,C010,26-35,Other,Japan,Low,Budget Buyer,2021-09-17,Loyal
CUST04852,C010,26-35,Other,Canada,Low,Premium Customer,2024-06-02,VIP
CUST04853,C010,26-35,Other,India,Premium,Technology Enthusiast,2023-09-07,Regular
CUST04854,C005,46-55,Female,India,Low,Premium Customer,2025-08-05,Regular
CUST04855,C005,46-55,Female,Singapore,Premium,Technology Enthusiast,2023-05-27,Loyal
CUST04856,C009,46-55,Other,India,High,Value Seeker,2022-06-28,VIP
CUST04857,C009,36-45,Other,India,High,Young Professional,2021-10-12,Regular
CUST04858,C006,26-35,Other,South Korea,Medium,Premium Customer,2024-10-15,VIP
CUST04859,C010,26-35,Male,Japan,Premium,Value Seeker,2021-08-22,VIP
CUST04860,C004,46-55,Other,UK,Premium,Budget Buyer,2023-05-30,Loyal
CUST04861,C008,26-35,Other,Germany,High,Young Professional,2021-12-25,VIP
CUST04862,C007,18-25,Male,Japan,Low,Young Professional,2024-06-17,VIP
CUST04863,C002,18-25,Female,Singapore,Medium,Technology Enthusiast,2026-02-17,VIP
CUST04864,C009,46-55,Other,UK,High,Young Professional,2025-11-07,Loyal
CUST04865,C001,56+,Female,USA,Premium,Technology Enthusiast,2022-10-03,Loyal
CUST04866,C007,26-35,Other,Canada,High,Budget Buyer,2020-12-21,Regular
CUST04867,C004,56+,Male,India,Low,Premium Customer,2021-02-19,Regular
CUST04868,C005,46-55,Other,USA,Medium,Value Seeker,2025-04-04,VIP
CUST04869,C008,56+,Other,India,Low,Value Seeker,2022-10-11,Regular
CUST04870,C001,46-55,Male,USA,High,Value Seeker,2020-11-10,New
CUST04871,C001,26-35,Other,USA,High,Value Seeker,2021-09-19,Regular
CUST04872,C002,26-35,Female,Germany,Low,Young Professional,2022-03-09,New
CUST04873,C010,26-35,Male,UK,Premium,Budget Buyer,2026-03-16,Regular
CUST04874,C004,56+,Other,Singapore,Premium,Value Seeker,2021-05-15,New
CUST04875,C002,56+,Female,India,Medium,Budget Buyer,2022-01-19,VIP
CUST04876,C008,46-55,Other,India,Low,Budget Buyer,2023-08-04,New
CUST04877,C010,46-55,Female,Japan,Medium,Value Seeker,2020-11-20,Loyal
CUST04878,C005,26-35,Female,Germany,Premium,Budget Buyer,2025-12-09,Loyal
CUST04879,C002,36-45,Other,South Korea,High,Premium Customer,2023-07-04,New
CUST04880,C002,18-25,Other,South Korea,Low,Value Seeker,2025-03-20,VIP
CUST04881,C003,26-35,Male,Canada,Low,Budget Buyer,2025-12-23,Regular
CUST04882,C009,56+,Other,Germany,High,Technology Enthusiast,2020-02-09,New
CUST04883,C003,26-35,Male,Singapore,Low,Budget Buyer,2022-04-19,Loyal
CUST04884,C010,26-35,Female,USA,Medium,Value Seeker,2022-05-29,Loyal
CUST04885,C003,46-55,Male,Japan,Medium,Budget Buyer,2025-01-20,Regular
CUST04886,C002,18-25,Male,Singapore,Premium,Technology Enthusiast,2022-06-21,Loyal
CUST04887,C005,56+,Other,Germany,Medium,Premium Customer,2021-11-09,VIP
CUST04888,C001,18-25,Female,South Korea,Low,Budget Buyer,2021-02-19,VIP
CUST04889,C008,46-55,Other,UK,Low,Value Seeker,2026-01-08,Loyal
CUST04890,C002,26-35,Other,Singapore,High,Value Seeker,2023-09-26,VIP
CUST04891,C008,18-25,Male,UK,Low,Technology Enthusiast,2022-08-15,Loyal
CUST04892,C002,36-45,Male,India,High,Budget Buyer,2025-06-02,Loyal
CUST04893,C004,56+,Other,Canada,Low,Budget Buyer,2020-11-13,Loyal
CUST04894,C001,36-45,Female,India,High,Technology Enthusiast,2025-01-06,Loyal
CUST04895,C003,36-45,Female,South Korea,Premium,Budget Buyer,2026-02-21,Regular
CUST04896,C008,36-45,Female,South Korea,Premium,Budget Buyer,2025-08-27,New
CUST04897,C009,18-25,Other,South Korea,Premium,Young Professional,2022-07-19,Loyal
CUST04898,C001,56+,Male,Japan,High,Budget Buyer,2023-10-23,New
CUST04899,C008,46-55,Male,South Korea,Premium,Value Seeker,2021-10-31,Regular
CUST04900,C009,56+,Male,USA,Medium,Value Seeker,2022-02-06,New
CUST04901,C006,18-25,Male,USA,Medium,Young Professional,2021-03-18,New
CUST04902,C007,46-55,Other,India,Low,Technology Enthusiast,2022-03-11,New
CUST04903,C006,26-35,Female,India,Premium,Young Professional,2020-04-30,New
CUST04904,C002,36-45,Female,USA,Low,Premium Customer,2025-04-05,New
CUST04905,C007,56+,Female,South Korea,Premium,Technology Enthusiast,2023-01-17,VIP
CUST04906,C004,26-35,Female,India,Premium,Technology Enthusiast,2021-01-01,New
CUST04907,C005,56+,Other,USA,Medium,Technology Enthusiast,2023-05-04,New
CUST04908,C010,18-25,Male,Canada,High,Premium Customer,2020-09-12,VIP
CUST04909,C007,46-55,Female,USA,High,Value Seeker,2025-03-18,Loyal
CUST04910,C010,18-25,Male,South Korea,Low,Technology Enthusiast,2024-06-22,Regular
CUST04911,C002,46-55,Female,Japan,Low,Premium Customer,2025-01-16,VIP
CUST04912,C001,26-35,Other,Germany,Low,Young Professional,2021-06-12,Loyal
CUST04913,C004,46-55,Other,UK,Premium,Premium Customer,2023-06-04,Regular
CUST04914,C006,26-35,Male,Japan,Medium,Technology Enthusiast,2022-02-15,Loyal
CUST04915,C009,56+,Female,Germany,High,Technology Enthusiast,2026-04-29,VIP
CUST04916,C003,26-35,Other,Germany,Medium,Young Professional,2025-02-21,VIP
CUST04917,C001,36-45,Male,Germany,Premium,Premium Customer,2021-10-31,Regular
CUST04918,C010,36-45,Female,Canada,High,Young Professional,2025-12-04,Regular
CUST04919,C008,56+,Other,Germany,High,Premium Customer,2022-10-14,Loyal
CUST04920,C003,56+,Male,Singapore,Premium,Premium Customer,2022-09-09,Regular
CUST04921,C003,26-35,Female,Germany,Medium,Young Professional,2025-04-22,New
CUST04922,C007,18-25,Male,Singapore,Premium,Value Seeker,2021-10-09,Regular
CUST04923,C005,18-25,Female,UK,Low,Young Professional,2020-08-30,VIP
CUST04924,C004,36-45,Male,Singapore,Medium,Premium Customer,2022-11-12,Regular
CUST04925,C009,46-55,Male,Germany,Medium,Young Professional,2026-03-29,VIP
CUST04926,C001,36-45,Female,Japan,High,Budget Buyer,2023-03-06,Loyal
CUST04927,C004,36-45,Male,USA,Low,Budget Buyer,2023-01-14,VIP
CUST04928,C006,56+,Female,Canada,High,Premium Customer,2022-12-22,Loyal
CUST04929,C003,56+,Other,Canada,Medium,Young Professional,2020-11-27,VIP
CUST04930,C004,18-25,Female,USA,Medium,Technology Enthusiast,2025-09-02,New
CUST04931,C002,36-45,Female,UK,High,Premium Customer,2024-07-28,Loyal
CUST04932,C003,46-55,Male,Canada,Premium,Value Seeker,2025-08-14,Loyal
CUST04933,C004,46-55,Female,USA,High,Value Seeker,2025-12-03,New
CUST04934,C001,36-45,Male,Canada,High,Budget Buyer,2025-03-18,Regular
CUST04935,C005,56+,Male,Germany,Low,Young Professional,2025-05-20,VIP
CUST04936,C009,36-45,Female,Germany,Low,Budget Buyer,2021-12-03,New
CUST04937,C003,46-55,Female,Germany,Premium,Technology Enthusiast,2022-10-25,VIP
CUST04938,C003,26-35,Other,India,Low,Young Professional,2023-06-17,VIP
CUST04939,C001,46-55,Other,Singapore,Low,Budget Buyer,2024-10-09,VIP
CUST04940,C010,26-35,Other,South Korea,High,Technology Enthusiast,2024-08-19,New
CUST04941,C003,56+,Female,India,Premium,Young Professional,2020-09-18,New
CUST04942,C007,36-45,Female,USA,High,Technology Enthusiast,2020-11-13,New
CUST04943,C002,26-35,Female,India,Medium,Value Seeker,2021-03-16,New
CUST04944,C007,18-25,Female,India,Medium,Premium Customer,2020-06-29,Regular
CUST04945,C009,46-55,Other,Germany,Medium,Budget Buyer,2026-01-25,Regular
CUST04946,C001,46-55,Male,Canada,High,Value Seeker,2026-03-19,Loyal
CUST04947,C001,56+,Female,Singapore,Premium,Technology Enthusiast,2025-03-07,Loyal
CUST04948,C003,18-25,Other,USA,High,Budget Buyer,2020-05-12,Loyal
CUST04949,C005,36-45,Female,India,Premium,Value Seeker,2021-07-12,VIP
CUST04950,C003,56+,Female,USA,High,Technology Enthusiast,2022-10-07,Loyal
CUST04951,C003,36-45,Other,Canada,Premium,Young Professional,2025-10-26,VIP
CUST04952,C007,46-55,Other,UK,Medium,Budget Buyer,2022-05-23,Loyal
CUST04953,C006,46-55,Other,South Korea,Medium,Premium Customer,2025-08-05,VIP
CUST04954,C007,46-55,Female,USA,Low,Young Professional,2020-03-05,Regular
CUST04955,C010,56+,Male,Japan,Low,Young Professional,2023-01-21,Regular
CUST04956,C010,26-35,Female,Singapore,Low,Value Seeker,2020-08-16,Loyal
CUST04957,C009,56+,Other,Singapore,Premium,Budget Buyer,2024-08-05,VIP
CUST04958,C004,36-45,Other,South Korea,Premium,Budget Buyer,2024-01-03,VIP
CUST04959,C006,26-35,Male,India,Low,Technology Enthusiast,2020-12-01,Loyal
CUST04960,C003,26-35,Other,UK,Premium,Young Professional,2024-05-14,Loyal
CUST04961,C002,18-25,Male,Canada,High,Technology Enthusiast,2025-11-26,Loyal
CUST04962,C001,36-45,Other,Germany,High,Premium Customer,2025-08-17,Loyal
CUST04963,C004,26-35,Female,Germany,Premium,Premium Customer,2023-10-09,Loyal
CUST04964,C001,46-55,Other,Japan,High,Premium Customer,2025-01-05,Regular
CUST04965,C008,56+,Other,Japan,Medium,Young Professional,2022-10-29,New
CUST04966,C003,36-45,Other,Canada,Premium,Premium Customer,2021-11-29,New
CUST04967,C002,36-45,Male,UK,Premium,Technology Enthusiast,2025-07-07,Regular
CUST04968,C010,56+,Other,Singapore,High,Value Seeker,2023-01-26,Regular
CUST04969,C010,46-55,Female,India,Medium,Budget Buyer,2024-06-15,Regular
CUST04970,C009,36-45,Male,South Korea,Low,Budget Buyer,2023-10-22,Loyal
CUST04971,C002,56+,Other,USA,Medium,Young Professional,2023-11-03,Regular
CUST04972,C007,36-45,Female,Japan,Medium,Technology Enthusiast,2026-04-30,Loyal
CUST04973,C002,56+,Female,Singapore,Medium,Young Professional,2022-04-06,Regular
CUST04974,C010,46-55,Male,Canada,Medium,Premium Customer,2023-03-10,Regular
CUST04975,C001,18-25,Other,Japan,Medium,Budget Buyer,2023-01-15,VIP
CUST04976,C004,36-45,Female,USA,Low,Technology Enthusiast,2022-04-17,VIP
CUST04977,C009,26-35,Female,UK,Medium,Premium Customer,2025-07-24,Loyal
CUST04978,C010,26-35,Other,India,High,Budget Buyer,2022-02-11,New
CUST04979,C008,46-55,Male,Germany,Medium,Value Seeker,2020-12-14,New
CUST04980,C009,36-45,Female,USA,High,Value Seeker,2024-03-10,VIP
CUST04981,C007,26-35,Other,India,Medium,Budget Buyer,2020-08-10,Regular
CUST04982,C008,56+,Male,UK,Low,Budget Buyer,2026-03-16,Regular
CUST04983,C007,46-55,Female,South Korea,Premium,Premium Customer,2025-06-11,Regular
CUST04984,C007,46-55,Female,Canada,High,Young Professional,2023-11-02,Loyal
CUST04985,C006,26-35,Female,USA,High,Young Professional,2020-08-26,Regular
CUST04986,C006,18-25,Male,UK,Premium,Technology Enthusiast,2021-03-30,Regular
CUST04987,C010,36-45,Male,Germany,Low,Technology Enthusiast,2023-07-14,Regular
CUST04988,C004,26-35,Other,USA,Medium,Young Professional,2022-10-18,New
CUST04989,C005,36-45,Female,India,Premium,Budget Buyer,2025-10-31,Regular
CUST04990,C007,18-25,Female,UK,Premium,Budget Buyer,2022-10-22,VIP
CUST04991,C008,18-25,Female,USA,High,Young Professional,2023-02-26,VIP
CUST04992,C007,18-25,Female,Canada,Medium,Young Professional,2021-10-05,Regular
CUST04993,C008,46-55,Male,India,Medium,Technology Enthusiast,2026-06-29,Loyal
CUST04994,C001,56+,Female,South Korea,Medium,Young Professional,2024-11-24,Regular
CUST04995,C001,26-35,Other,Japan,Medium,Premium Customer,2021-10-07,VIP
CUST04996,C002,36-45,Other,UK,High,Technology Enthusiast,2021-10-20,New
CUST04997,C010,56+,Female,USA,Premium,Young Professional,2023-05-14,New
CUST04998,C010,36-45,Female,Canada,High,Premium Customer,2023-02-05,Loyal
CUST04999,C006,26-35,Other,India,Low,Young Professional,2021-08-14,New
CUST05000,C006,36-45,Male,Singapore,Premium,Technology Enthusiast,2021-11-26,Loyal
CUST05001,C006,46-55,Male,USA,Premium,Premium Customer,2022-11-13,Loyal
CUST05002,C001,36-45,Female,South Korea,Low,Technology Enthusiast,2021-05-26,Regular
CUST05003,C007,26-35,Other,Japan,Low,Value Seeker,2025-06-30,New
CUST05004,C001,18-25,Female,South Korea,Low,Premium Customer,2023-06-22,Regular
CUST05005,C005,18-25,Other,Germany,Low,Premium Customer,2024-09-30,New
CUST05006,C004,18-25,Other,South Korea,Medium,Budget Buyer,2023-05-05,VIP
CUST05007,C005,46-55,Female,UK,Premium,Young Professional,2023-12-04,Loyal
CUST05008,C003,26-35,Male,Singapore,Premium,Technology Enthusiast,2025-08-21,Loyal
CUST05009,C002,18-25,Female,Singapore,Low,Young Professional,2023-12-25,Loyal
CUST05010,C008,36-45,Female,Singapore,Premium,Budget Buyer,2021-03-25,VIP
CUST05011,C007,56+,Female,India,Medium,Premium Customer,2026-04-11,Regular
CUST05012,C007,46-55,Other,India,High,Technology Enthusiast,2022-10-24,Loyal
CUST05013,C006,46-55,Male,USA,Medium,Value Seeker,2021-05-04,Loyal
CUST05014,C007,26-35,Male,Canada,High,Budget Buyer,2022-02-08,Regular
CUST05015,C006,56+,Female,USA,Medium,Budget Buyer,2024-06-05,Regular
CUST05016,C007,46-55,Other,Canada,Premium,Technology Enthusiast,2026-05-13,VIP
CUST05017,C009,56+,Female,Singapore,Medium,Budget Buyer,2023-05-30,VIP
CUST05018,C004,36-45,Male,South Korea,Low,Young Professional,2020-08-27,Regular
CUST05019,C007,26-35,Male,Japan,Low,Premium Customer,2026-05-26,Loyal
CUST05020,C003,18-25,Male,UK,Premium,Young Professional,2022-08-20,VIP
CUST05021,C010,18-25,Female,Singapore,Medium,Budget Buyer,2020-02-10,New
CUST05022,C010,46-55,Male,South Korea,Low,Technology Enthusiast,2025-08-19,Loyal
CUST05023,C006,46-55,Male,Singapore,Medium,Value Seeker,2022-07-15,Regular
CUST05024,C001,26-35,Female,Singapore,Premium,Value Seeker,2024-08-19,Loyal
CUST05025,C008,36-45,Female,Canada,Medium,Technology Enthusiast,2025-02-05,Loyal
CUST05026,C002,36-45,Male,India,Medium,Value Seeker,2020-01-08,VIP
CUST05027,C004,26-35,Male,Canada,Medium,Premium Customer,2020-03-16,Loyal
CUST05028,C007,36-45,Male,Germany,High,Premium Customer,2022-04-27,New
CUST05029,C002,56+,Other,UK,Low,Value Seeker,2026-03-30,New
CUST05030,C007,36-45,Other,Singapore,Medium,Budget Buyer,2026-07-14,Loyal
CUST05031,C004,18-25,Male,UK,Low,Premium Customer,2020-09-19,VIP
CUST05032,C010,26-35,Other,Singapore,Premium,Premium Customer,2020-05-02,VIP
CUST05033,C004,56+,Female,South Korea,Medium,Technology Enthusiast,2024-05-25,New
CUST05034,C004,46-55,Female,Canada,High,Budget Buyer,2021-10-10,Regular
CUST05035,C004,56+,Male,UK,High,Budget Buyer,2025-07-05,Regular
CUST05036,C008,26-35,Female,Germany,Low,Value Seeker,2024-01-19,Regular
CUST05037,C005,26-35,Other,South Korea,High,Premium Customer,2023-11-05,VIP
CUST05038,C002,36-45,Male,Germany,Low,Young Professional,2026-07-12,VIP
CUST05039,C009,56+,Male,South Korea,Low,Value Seeker,2025-02-05,VIP
CUST05040,C006,36-45,Other,Canada,Low,Technology Enthusiast,2021-09-13,Loyal
CUST05041,C003,26-35,Other,UK,Low,Budget Buyer,2025-08-31,Loyal
CUST05042,C002,56+,Female,South Korea,Premium,Premium Customer,2023-02-06,Loyal
CUST05043,C010,26-35,Female,USA,Premium,Young Professional,2020-12-31,VIP
CUST05044,C007,26-35,Other,UK,Medium,Premium Customer,2023-11-19,New
CUST05045,C010,36-45,Other,India,Medium,Technology Enthusiast,2023-09-04,Loyal
CUST05046,C009,56+,Female,Germany,High,Young Professional,2022-12-15,VIP
CUST05047,C008,46-55,Male,Germany,Premium,Young Professional,2024-08-03,Loyal
CUST05048,C001,56+,Male,Japan,High,Premium Customer,2020-05-19,VIP
CUST05049,C009,26-35,Male,Japan,Medium,Premium Customer,2022-02-07,New
CUST05050,C002,36-45,Male,UK,Premium,Budget Buyer,2026-06-30,VIP
CUST05051,C007,56+,Female,Germany,Premium,Budget Buyer,2021-03-10,VIP
CUST05052,C009,46-55,Male,India,Medium,Budget Buyer,2020-06-19,Regular
CUST05053,C004,56+,Male,USA,Medium,Budget Buyer,2026-03-05,VIP
CUST05054,C007,46-55,Male,South Korea,Medium,Budget Buyer,2025-05-06,Regular
CUST05055,C008,36-45,Female,Germany,Premium,Young Professional,2022-07-04,VIP
CUST05056,C008,46-55,Other,USA,Low,Young Professional,2020-01-04,VIP
CUST05057,C006,36-45,Male,Singapore,Premium,Premium Customer,2025-07-01,New
CUST05058,C006,46-55,Female,Germany,Medium,Budget Buyer,2022-12-03,VIP
CUST05059,C005,56+,Other,Japan,High,Premium Customer,2020-01-24,VIP
CUST05060,C004,36-45,Other,Singapore,Low,Budget Buyer,2020-07-24,Regular
CUST05061,C006,18-25,Male,UK,Premium,Premium Customer,2022-05-19,Regular
CUST05062,C006,46-55,Other,India,Low,Technology Enthusiast,2023-01-19,Loyal
CUST05063,C009,36-45,Male,USA,High,Premium Customer,2020-07-30,New
CUST05064,C006,18-25,Male,India,Low,Technology Enthusiast,2025-03-27,New
CUST05065,C001,26-35,Other,Japan,High,Premium Customer,2025-01-20,VIP
CUST05066,C004,46-55,Female,Germany,Premium,Technology Enthusiast,2023-06-19,Regular
CUST05067,C010,56+,Other,Canada,Low,Value Seeker,2020-05-12,New
CUST05068,C010,36-45,Other,Singapore,Premium,Budget Buyer,2025-12-15,Regular
CUST05069,C003,26-35,Male,Japan,High,Value Seeker,2021-03-23,Loyal
CUST05070,C003,18-25,Male,USA,Low,Value Seeker,2024-01-08,Loyal
CUST05071,C010,18-25,Other,Canada,Medium,Technology Enthusiast,2023-05-14,Loyal
CUST05072,C002,36-45,Other,South Korea,Low,Value Seeker,2022-01-13,Regular
CUST05073,C004,56+,Other,South Korea,Premium,Premium Customer,2026-04-03,VIP
CUST05074,C007,46-55,Male,Japan,Low,Value Seeker,2020-05-28,Loyal
CUST05075,C001,56+,Other,South Korea,Medium,Technology Enthusiast,2022-05-20,VIP
CUST05076,C005,26-35,Male,USA,Medium,Premium Customer,2023-04-03,Regular
CUST05077,C003,26-35,Other,South Korea,Low,Value Seeker,2026-05-17,VIP
CUST05078,C007,56+,Male,India,Premium,Budget Buyer,2022-09-19,Loyal
CUST05079,C005,18-25,Other,Japan,Low,Value Seeker,2026-04-09,Regular
CUST05080,C002,46-55,Other,Singapore,Low,Young Professional,2020-11-14,VIP
CUST05081,C008,46-55,Female,USA,Medium,Technology Enthusiast,2024-07-20,Regular
CUST05082,C001,18-25,Male,South Korea,High,Premium Customer,2022-07-21,Loyal
CUST05083,C001,56+,Other,UK,Medium,Budget Buyer,2024-01-04,Regular
CUST05084,C007,46-55,Female,South Korea,Premium,Budget Buyer,2020-02-23,Regular
CUST05085,C005,26-35,Female,Japan,High,Premium Customer,2025-04-17,New
CUST05086,C004,36-45,Other,Singapore,Premium,Young Professional,2024-07-16,Loyal
CUST05087,C002,36-45,Male,South Korea,High,Value Seeker,2023-06-20,Loyal
CUST05088,C008,36-45,Other,UK,High,Value Seeker,2023-05-15,VIP
CUST05089,C010,18-25,Other,USA,High,Budget Buyer,2026-06-06,New
CUST05090,C002,46-55,Female,Germany,Medium,Technology Enthusiast,2023-07-12,Loyal
CUST05091,C002,46-55,Female,Canada,Premium,Premium Customer,2023-08-02,New
CUST05092,C006,46-55,Other,India,Medium,Technology Enthusiast,2020-09-03,Regular
CUST05093,C002,26-35,Female,Singapore,High,Budget Buyer,2026-07-15,Regular
CUST05094,C008,56+,Female,India,Medium,Young Professional,2023-08-03,Loyal
CUST05095,C007,26-35,Male,UK,Medium,Young Professional,2022-04-10,Loyal
CUST05096,C003,36-45,Female,India,High,Budget Buyer,2023-02-16,Loyal
CUST05097,C006,56+,Other,UK,Premium,Value Seeker,2025-04-11,New
CUST05098,C004,36-45,Other,UK,Premium,Budget Buyer,2021-11-11,VIP
CUST05099,C002,46-55,Male,Singapore,Premium,Young Professional,2025-11-21,VIP
CUST05100,C007,26-35,Other,South Korea,Low,Value Seeker,2022-01-06,Loyal
CUST05101,C005,56+,Female,UK,Premium,Technology Enthusiast,2025-04-07,New
CUST05102,C010,18-25,Other,UK,Medium,Technology Enthusiast,2022-02-14,Loyal
CUST05103,C002,26-35,Male,India,Premium,Value Seeker,2021-12-20,Loyal
CUST05104,C004,36-45,Other,USA,High,Young Professional,2026-07-02,Loyal
CUST05105,C006,18-25,Other,UK,High,Technology Enthusiast,2023-02-13,Regular
CUST05106,C002,18-25,Male,Germany,High,Premium Customer,2022-12-06,Regular
CUST05107,C001,26-35,Other,UK,Premium,Premium Customer,2022-04-11,Regular
CUST05108,C006,56+,Male,Canada,Premium,Technology Enthusiast,2023-05-25,VIP
CUST05109,C006,18-25,Female,Singapore,Medium,Budget Buyer,2024-12-19,Regular
CUST05110,C003,18-25,Other,Singapore,Medium,Technology Enthusiast,2024-02-10,VIP
CUST05111,C009,46-55,Female,Germany,High,Premium Customer,2023-07-09,VIP
CUST05112,C001,56+,Male,Germany,Low,Technology Enthusiast,2025-11-15,Regular
CUST05113,C006,46-55,Male,Canada,Premium,Premium Customer,2026-02-07,Regular
CUST05114,C007,18-25,Female,Germany,Medium,Budget Buyer,2022-05-07,Loyal
CUST05115,C007,18-25,Female,UK,Premium,Value Seeker,2020-06-20,New
CUST05116,C004,46-55,Female,India,High,Premium Customer,2022-04-29,Loyal
CUST05117,C010,18-25,Female,Germany,High,Value Seeker,2020-11-26,New
CUST05118,C004,18-25,Other,USA,Premium,Premium Customer,2021-01-24,Regular
CUST05119,C007,26-35,Male,Canada,High,Young Professional,2024-11-02,Loyal
CUST05120,C002,18-25,Other,Japan,Premium,Technology Enthusiast,2023-04-03,VIP
CUST05121,C003,56+,Female,USA,Low,Budget Buyer,2021-10-28,Loyal
CUST05122,C009,18-25,Male,Singapore,Premium,Budget Buyer,2024-10-14,New
CUST05123,C003,18-25,Female,Singapore,Low,Budget Buyer,2024-05-14,VIP
CUST05124,C005,26-35,Other,USA,Premium,Value Seeker,2023-10-06,Loyal
CUST05125,C005,18-25,Female,Singapore,Premium,Technology Enthusiast,2020-10-24,Loyal
CUST05126,C006,26-35,Male,USA,Premium,Young Professional,2025-04-11,New
CUST05127,C003,26-35,Male,Germany,High,Young Professional,2023-01-26,Loyal
CUST05128,C001,18-25,Male,India,Premium,Value Seeker,2025-03-02,Loyal
CUST05129,C001,26-35,Other,India,High,Budget Buyer,2021-11-22,VIP
CUST05130,C007,18-25,Female,Japan,Medium,Value Seeker,2024-12-25,Regular
CUST05131,C002,18-25,Female,South Korea,High,Young Professional,2025-08-08,Loyal
CUST05132,C002,56+,Other,UK,High,Technology Enthusiast,2021-11-30,Regular
CUST05133,C003,26-35,Other,USA,High,Value Seeker,2020-01-24,New
CUST05134,C009,26-35,Male,South Korea,Premium,Technology Enthusiast,2023-12-21,New
CUST05135,C002,46-55,Other,Singapore,Medium,Young Professional,2021-10-08,New
CUST05136,C006,46-55,Other,Germany,Medium,Young Professional,2020-08-21,New
CUST05137,C004,26-35,Male,Germany,Medium,Young Professional,2023-04-24,New
CUST05138,C003,36-45,Other,Singapore,Medium,Value Seeker,2025-06-15,Regular
CUST05139,C009,36-45,Male,Germany,Premium,Premium Customer,2023-02-27,Loyal
CUST05140,C005,56+,Other,Canada,Medium,Technology Enthusiast,2022-05-12,Loyal
CUST05141,C009,26-35,Male,India,Premium,Young Professional,2020-03-19,New
CUST05142,C005,46-55,Other,Germany,Medium,Technology Enthusiast,2026-03-29,New
CUST05143,C009,18-25,Female,India,High,Technology Enthusiast,2023-07-31,VIP
CUST05144,C002,56+,Male,Japan,Low,Technology Enthusiast,2023-10-02,Regular
CUST05145,C004,46-55,Male,USA,Low,Technology Enthusiast,2025-03-26,New
CUST05146,C008,36-45,Female,South Korea,Medium,Technology Enthusiast,2022-11-02,New
CUST05147,C002,18-25,Female,Canada,Low,Budget Buyer,2025-04-15,Regular
CUST05148,C005,46-55,Other,Canada,Premium,Young Professional,2023-12-31,VIP
CUST05149,C004,36-45,Female,Singapore,Premium,Premium Customer,2025-05-15,New
CUST05150,C008,26-35,Female,Singapore,Low,Young Professional,2021-07-07,VIP
CUST05151,C005,26-35,Male,USA,Low,Value Seeker,2021-02-28,VIP
CUST05152,C009,56+,Other,UK,High,Value Seeker,2022-05-13,Loyal
CUST05153,C001,26-35,Other,Germany,High,Budget Buyer,2023-06-07,VIP
CUST05154,C001,46-55,Other,Japan,Premium,Premium Customer,2021-07-14,Loyal
CUST05155,C003,46-55,Other,Canada,Low,Value Seeker,2024-10-29,New
CUST05156,C007,46-55,Female,USA,Premium,Young Professional,2022-03-15,Regular
CUST05157,C005,18-25,Male,Japan,Medium,Premium Customer,2026-03-17,VIP
CUST05158,C005,56+,Other,Germany,Medium,Budget Buyer,2021-10-03,Regular
CUST05159,C010,26-35,Other,Japan,Medium,Premium Customer,2024-01-05,New
CUST05160,C009,36-45,Male,UK,Premium,Value Seeker,2026-01-09,Loyal
CUST05161,C001,18-25,Female,South Korea,High,Premium Customer,2021-01-15,Loyal
CUST05162,C005,26-35,Other,South Korea,Premium,Budget Buyer,2025-06-27,Loyal
CUST05163,C010,56+,Female,South Korea,Low,Technology Enthusiast,2020-06-12,Loyal
CUST05164,C006,36-45,Other,South Korea,Premium,Value Seeker,2024-05-13,VIP
CUST05165,C002,26-35,Other,Canada,Low,Young Professional,2020-05-08,VIP
CUST05166,C004,56+,Other,USA,Low,Technology Enthusiast,2024-07-02,New
CUST05167,C005,46-55,Female,Singapore,High,Value Seeker,2021-03-24,New
CUST05168,C008,18-25,Other,South Korea,Premium,Budget Buyer,2021-10-23,VIP
CUST05169,C010,46-55,Female,South Korea,Medium,Value Seeker,2021-02-17,VIP
CUST05170,C004,18-25,Male,India,High,Technology Enthusiast,2023-06-16,Loyal
CUST05171,C008,46-55,Female,USA,Medium,Premium Customer,2026-03-27,Loyal
CUST05172,C008,56+,Male,UK,Low,Value Seeker,2021-10-16,VIP
CUST05173,C009,56+,Female,UK,High,Technology Enthusiast,2025-12-27,New
CUST05174,C010,18-25,Other,Canada,Low,Young Professional,2024-07-14,Loyal
CUST05175,C006,46-55,Other,Germany,Low,Young Professional,2022-03-02,Regular
CUST05176,C008,26-35,Male,Japan,High,Technology Enthusiast,2024-09-01,VIP
CUST05177,C008,46-55,Male,Singapore,High,Young Professional,2020-03-30,New
CUST05178,C005,18-25,Male,India,High,Budget Buyer,2023-06-05,VIP
CUST05179,C006,18-25,Male,Germany,Low,Budget Buyer,2024-08-07,VIP
CUST05180,C005,46-55,Other,South Korea,Medium,Technology Enthusiast,2020-06-14,VIP
CUST05181,C009,26-35,Other,Japan,High,Value Seeker,2021-10-22,VIP
CUST05182,C004,36-45,Other,South Korea,Medium,Young Professional,2022-12-31,New
CUST05183,C010,26-35,Female,Singapore,High,Young Professional,2025-05-21,VIP
CUST05184,C006,46-55,Other,Germany,Premium,Budget Buyer,2025-09-14,New
CUST05185,C006,56+,Other,UK,High,Technology Enthusiast,2022-02-07,New
CUST05186,C007,46-55,Male,Japan,Medium,Premium Customer,2025-07-22,New
CUST05187,C002,36-45,Male,India,High,Budget Buyer,2025-05-01,Regular
CUST05188,C006,18-25,Male,Canada,Low,Value Seeker,2024-03-24,New
CUST05189,C007,46-55,Female,Japan,Medium,Premium Customer,2024-06-13,New
CUST05190,C008,26-35,Female,South Korea,Low,Premium Customer,2021-03-28,VIP
CUST05191,C004,18-25,Female,Canada,Medium,Premium Customer,2023-08-27,Regular
CUST05192,C010,36-45,Male,USA,Premium,Premium Customer,2020-04-06,VIP
CUST05193,C007,26-35,Female,India,Medium,Young Professional,2021-07-08,Loyal
CUST05194,C004,46-55,Other,Germany,Low,Young Professional,2020-10-21,Loyal
CUST05195,C007,46-55,Male,Japan,Premium,Budget Buyer,2023-01-22,Loyal
CUST05196,C007,56+,Male,India,Medium,Premium Customer,2025-03-29,New
CUST05197,C007,36-45,Other,Japan,Low,Value Seeker,2021-03-16,VIP
CUST05198,C002,36-45,Male,South Korea,Medium,Budget Buyer,2022-08-31,Regular
CUST05199,C003,46-55,Female,South Korea,Premium,Premium Customer,2020-08-15,Loyal
CUST05200,C005,36-45,Male,UK,High,Value Seeker,2020-01-18,New
CUST05201,C007,36-45,Male,Japan,Medium,Value Seeker,2026-05-04,VIP
CUST05202,C002,56+,Other,India,High,Technology Enthusiast,2025-03-25,New
CUST05203,C004,18-25,Female,South Korea,Medium,Value Seeker,2025-10-28,New
CUST05204,C004,46-55,Other,Singapore,High,Young Professional,2024-03-28,Loyal
CUST05205,C006,46-55,Male,Japan,Low,Budget Buyer,2021-06-30,VIP
CUST05206,C001,36-45,Female,India,High,Value Seeker,2023-11-25,Loyal
CUST05207,C001,46-55,Other,South Korea,High,Young Professional,2026-04-21,New
CUST05208,C003,36-45,Other,Singapore,Medium,Young Professional,2022-02-21,VIP
CUST05209,C010,46-55,Male,Japan,Premium,Budget Buyer,2021-09-08,New
CUST05210,C007,36-45,Other,Japan,Low,Young Professional,2022-02-05,New
CUST05211,C008,36-45,Male,Germany,Premium,Technology Enthusiast,2025-01-03,Loyal
CUST05212,C010,26-35,Male,UK,Premium,Value Seeker,2023-10-02,Loyal
CUST05213,C005,56+,Other,India,Low,Technology Enthusiast,2023-10-01,VIP
CUST05214,C007,18-25,Male,Canada,Premium,Budget Buyer,2021-10-15,VIP
CUST05215,C005,18-25,Female,UK,Premium,Young Professional,2024-03-22,Regular
CUST05216,C003,26-35,Other,Canada,Premium,Budget Buyer,2021-08-01,New
CUST05217,C001,36-45,Other,USA,Medium,Technology Enthusiast,2021-03-15,VIP
CUST05218,C002,56+,Female,India,High,Value Seeker,2026-04-06,VIP
CUST05219,C005,18-25,Male,Singapore,Low,Premium Customer,2026-03-18,Regular
CUST05220,C001,56+,Male,Japan,Low,Young Professional,2020-02-28,New
CUST05221,C009,36-45,Male,Germany,Medium,Young Professional,2021-05-09,New
CUST05222,C006,56+,Other,USA,Low,Young Professional,2020-05-16,VIP
CUST05223,C004,56+,Other,Singapore,Low,Value Seeker,2023-10-29,New
CUST05224,C004,18-25,Female,Singapore,High,Premium Customer,2020-10-07,New
CUST05225,C003,26-35,Female,Singapore,Premium,Premium Customer,2020-11-03,Loyal
CUST05226,C003,18-25,Male,Japan,Medium,Premium Customer,2025-09-02,Regular
CUST05227,C001,36-45,Other,Canada,High,Technology Enthusiast,2025-02-15,New
CUST05228,C003,18-25,Other,UK,Low,Value Seeker,2024-05-11,Regular
CUST05229,C002,46-55,Female,Singapore,High,Premium Customer,2022-11-29,New
CUST05230,C007,36-45,Female,USA,Medium,Budget Buyer,2024-05-19,Loyal
CUST05231,C010,18-25,Female,Germany,Premium,Young Professional,2023-11-15,New
CUST05232,C007,36-45,Male,Singapore,Medium,Technology Enthusiast,2023-01-13,Loyal
CUST05233,C004,26-35,Male,India,Premium,Value Seeker,2021-06-17,Loyal
CUST05234,C009,46-55,Female,USA,Medium,Premium Customer,2025-06-26,New
CUST05235,C004,36-45,Female,South Korea,High,Young Professional,2026-05-17,VIP
CUST05236,C002,18-25,Other,Japan,Medium,Technology Enthusiast,2025-08-26,Regular
CUST05237,C005,56+,Male,Japan,High,Young Professional,2020-05-28,Regular
CUST05238,C008,56+,Female,USA,Medium,Budget Buyer,2025-10-10,VIP
CUST05239,C010,36-45,Female,Germany,Medium,Young Professional,2024-04-18,VIP
CUST05240,C003,46-55,Other,UK,Medium,Value Seeker,2025-02-20,VIP
CUST05241,C009,18-25,Male,South Korea,High,Value Seeker,2022-08-24,Loyal
CUST05242,C002,26-35,Other,Japan,High,Premium Customer,2025-12-20,New
CUST05243,C003,56+,Male,USA,Premium,Premium Customer,2021-07-03,New
CUST05244,C001,26-35,Other,Canada,High,Budget Buyer,2024-09-18,Regular
CUST05245,C007,36-45,Female,South Korea,Medium,Young Professional,2026-05-29,Regular
CUST05246,C005,36-45,Other,Germany,Low,Budget Buyer,2021-01-26,Regular
CUST05247,C003,18-25,Other,Singapore,Premium,Premium Customer,2022-09-03,New
CUST05248,C007,46-55,Other,Canada,Premium,Premium Customer,2024-09-24,Regular
CUST05249,C001,18-25,Other,India,High,Budget Buyer,2021-02-03,Regular
CUST05250,C009,26-35,Other,South Korea,Medium,Premium Customer,2022-10-22,New
CUST05251,C002,46-55,Female,South Korea,High,Value Seeker,2026-02-15,Regular
CUST05252,C005,26-35,Female,Germany,Medium,Technology Enthusiast,2021-08-06,Regular
CUST05253,C003,26-35,Female,South Korea,Premium,Premium Customer,2022-12-16,Regular
CUST05254,C008,36-45,Female,South Korea,High,Budget Buyer,2025-02-11,Regular
CUST05255,C002,56+,Female,UK,Low,Budget Buyer,2025-11-04,Loyal
CUST05256,C009,46-55,Male,Germany,Premium,Value Seeker,2023-06-19,Regular
CUST05257,C010,56+,Female,Canada,Medium,Budget Buyer,2024-06-10,Loyal
CUST05258,C008,56+,Other,Germany,High,Technology Enthusiast,2023-09-18,Loyal
CUST05259,C008,18-25,Female,Germany,Medium,Technology Enthusiast,2025-04-28,Loyal
CUST05260,C004,18-25,Male,Japan,High,Premium Customer,2021-06-19,New
CUST05261,C007,56+,Female,Singapore,Premium,Premium Customer,2025-04-26,New
CUST05262,C009,56+,Female,Germany,Premium,Budget Buyer,2026-05-21,Regular
CUST05263,C010,56+,Other,Canada,High,Technology Enthusiast,2023-08-26,Regular
CUST05264,C002,56+,Female,South Korea,Medium,Value Seeker,2021-04-15,Loyal
CUST05265,C001,56+,Female,South Korea,Medium,Premium Customer,2020-12-23,VIP
CUST05266,C010,26-35,Female,Germany,Premium,Young Professional,2024-09-26,Loyal
CUST05267,C010,46-55,Other,USA,Premium,Technology Enthusiast,2025-07-14,Regular
CUST05268,C003,18-25,Other,USA,Low,Budget Buyer,2020-03-24,New
CUST05269,C005,56+,Female,Singapore,Low,Premium Customer,2021-12-29,Regular
CUST05270,C006,36-45,Female,Japan,High,Budget Buyer,2020-12-17,Loyal
CUST05271,C010,56+,Other,Singapore,Premium,Budget Buyer,2020-06-24,New
CUST05272,C009,18-25,Other,Canada,High,Technology Enthusiast,2020-02-02,VIP
CUST05273,C003,26-35,Other,UK,Premium,Young Professional,2023-01-22,VIP
CUST05274,C007,26-35,Other,Canada,Medium,Budget Buyer,2023-12-02,Loyal
CUST05275,C002,18-25,Other,South Korea,Medium,Young Professional,2025-02-13,New
CUST05276,C003,36-45,Male,Germany,High,Value Seeker,2022-06-08,VIP
CUST05277,C008,46-55,Other,South Korea,Premium,Premium Customer,2024-03-08,Regular
CUST05278,C005,46-55,Female,South Korea,High,Budget Buyer,2021-06-16,Regular
CUST05279,C002,36-45,Other,South Korea,Low,Young Professional,2020-02-07,New
CUST05280,C008,18-25,Other,UK,Low,Premium Customer,2025-05-09,New
CUST05281,C010,46-55,Female,Singapore,Premium,Premium Customer,2020-05-24,VIP
CUST05282,C005,26-35,Other,USA,Premium,Budget Buyer,2025-04-27,Regular
CUST05283,C005,36-45,Female,Singapore,Medium,Budget Buyer,2022-08-01,Regular
CUST05284,C003,26-35,Female,Japan,Medium,Young Professional,2023-11-27,Loyal
CUST05285,C009,46-55,Female,Germany,High,Budget Buyer,2024-12-29,VIP
CUST05286,C009,18-25,Other,South Korea,Medium,Technology Enthusiast,2021-01-18,Regular
CUST05287,C010,46-55,Female,Canada,Premium,Budget Buyer,2023-05-03,Regular
CUST05288,C007,36-45,Other,Germany,Premium,Value Seeker,2020-12-27,New
CUST05289,C010,26-35,Female,Japan,Premium,Young Professional,2024-06-05,Loyal
CUST05290,C004,18-25,Other,Japan,Low,Technology Enthusiast,2026-07-04,Loyal
CUST05291,C007,26-35,Male,India,Premium,Value Seeker,2024-06-30,VIP
CUST05292,C003,18-25,Female,USA,Premium,Young Professional,2021-04-28,New
CUST05293,C008,46-55,Other,India,High,Technology Enthusiast,2025-09-21,New
CUST05294,C002,36-45,Male,South Korea,Medium,Technology Enthusiast,2022-04-17,VIP
CUST05295,C006,46-55,Other,UK,High,Technology Enthusiast,2021-10-17,VIP
CUST05296,C008,46-55,Other,India,High,Young Professional,2025-03-02,Loyal
CUST05297,C009,18-25,Female,USA,Medium,Technology Enthusiast,2026-07-23,VIP
CUST05298,C010,36-45,Female,UK,Premium,Budget Buyer,2021-01-28,New
CUST05299,C003,26-35,Male,USA,Medium,Value Seeker,2026-06-08,VIP
CUST05300,C009,26-35,Female,Canada,Premium,Budget Buyer,2026-05-31,Regular
CUST05301,C002,46-55,Other,Canada,Low,Young Professional,2022-10-19,VIP
CUST05302,C008,26-35,Other,USA,High,Value Seeker,2020-12-08,Loyal
CUST05303,C002,46-55,Male,South Korea,Premium,Young Professional,2023-12-17,Loyal
CUST05304,C009,26-35,Male,Japan,High,Value Seeker,2021-10-03,Loyal
CUST05305,C009,18-25,Female,Germany,Low,Value Seeker,2025-07-01,Regular
CUST05306,C009,56+,Male,Germany,High,Value Seeker,2021-12-27,VIP
CUST05307,C009,18-25,Female,Germany,High,Technology Enthusiast,2025-08-01,VIP
CUST05308,C005,26-35,Female,Canada,Premium,Young Professional,2025-06-07,VIP
CUST05309,C005,36-45,Male,South Korea,Medium,Technology Enthusiast,2024-01-14,Regular
CUST05310,C002,18-25,Other,Japan,Low,Technology Enthusiast,2020-02-10,New
CUST05311,C009,36-45,Female,Canada,High,Budget Buyer,2025-05-20,Loyal
CUST05312,C009,18-25,Female,India,Low,Budget Buyer,2021-03-31,VIP
CUST05313,C008,36-45,Female,South Korea,Premium,Budget Buyer,2025-07-07,Regular
CUST05314,C008,56+,Female,Singapore,Medium,Premium Customer,2025-12-16,Loyal
CUST05315,C007,26-35,Male,Germany,High,Premium Customer,2023-09-15,VIP
CUST05316,C005,46-55,Male,Germany,Premium,Technology Enthusiast,2026-06-09,Regular
CUST05317,C003,26-35,Other,USA,Low,Young Professional,2024-10-28,New
CUST05318,C003,46-55,Female,Germany,Premium,Value Seeker,2022-06-14,Loyal
CUST05319,C006,36-45,Male,USA,High,Budget Buyer,2020-07-24,Loyal
CUST05320,C001,46-55,Male,Singapore,Low,Technology Enthusiast,2022-10-31,VIP
CUST05321,C010,26-35,Other,USA,High,Young Professional,2024-10-15,VIP
CUST05322,C008,46-55,Female,India,High,Technology Enthusiast,2022-08-25,New
CUST05323,C010,18-25,Female,Canada,Premium,Value Seeker,2026-03-30,VIP
CUST05324,C007,26-35,Other,South Korea,High,Technology Enthusiast,2024-02-03,VIP
CUST05325,C005,56+,Other,Japan,High,Premium Customer,2025-09-03,New
CUST05326,C004,56+,Other,Canada,High,Young Professional,2021-04-08,VIP
CUST05327,C002,26-35,Other,Japan,Medium,Young Professional,2024-11-17,VIP
CUST05328,C005,46-55,Female,Canada,Medium,Premium Customer,2025-05-09,Regular
CUST05329,C002,26-35,Other,Canada,Premium,Premium Customer,2021-08-03,Loyal
CUST05330,C007,56+,Male,South Korea,High,Young Professional,2020-10-24,VIP
CUST05331,C010,26-35,Male,UK,Low,Budget Buyer,2026-01-12,New
CUST05332,C006,36-45,Female,Japan,Low,Premium Customer,2020-02-20,Regular
CUST05333,C007,56+,Female,Canada,Low,Young Professional,2023-08-12,New
CUST05334,C010,36-45,Female,UK,High,Premium Customer,2022-07-06,Regular
CUST05335,C008,26-35,Male,Germany,Medium,Budget Buyer,2021-02-26,VIP
CUST05336,C006,26-35,Female,Germany,High,Technology Enthusiast,2022-08-27,VIP
CUST05337,C006,56+,Male,Singapore,Medium,Technology Enthusiast,2026-07-25,Regular
CUST05338,C002,18-25,Other,South Korea,Premium,Young Professional,2024-07-10,VIP
CUST05339,C009,26-35,Other,South Korea,Medium,Premium Customer,2026-03-11,VIP
CUST05340,C004,56+,Female,South Korea,Medium,Technology Enthusiast,2020-07-13,Regular
CUST05341,C007,46-55,Male,South Korea,Premium,Technology Enthusiast,2024-04-25,Loyal
CUST05342,C006,18-25,Other,Canada,High,Young Professional,2020-02-15,New
CUST05343,C008,56+,Female,UK,Low,Budget Buyer,2021-07-29,New
CUST05344,C008,26-35,Other,UK,Premium,Young Professional,2022-08-05,Regular
CUST05345,C008,26-35,Female,Canada,Premium,Value Seeker,2025-10-17,New
CUST05346,C006,18-25,Other,Japan,Premium,Premium Customer,2023-05-31,New
CUST05347,C002,46-55,Female,Germany,Premium,Value Seeker,2025-02-22,Loyal
CUST05348,C006,18-25,Other,South Korea,Low,Technology Enthusiast,2026-03-17,Loyal
CUST05349,C001,36-45,Other,Japan,Medium,Technology Enthusiast,2025-07-19,New
CUST05350,C006,46-55,Female,South Korea,Medium,Premium Customer,2022-03-12,Regular
CUST05351,C010,18-25,Female,India,High,Budget Buyer,2024-02-28,Regular
CUST05352,C001,56+,Female,South Korea,Medium,Budget Buyer,2024-08-01,Regular
CUST05353,C009,36-45,Female,Germany,Premium,Budget Buyer,2021-03-13,Regular
CUST05354,C008,36-45,Male,South Korea,Medium,Budget Buyer,2025-11-02,Loyal
CUST05355,C010,36-45,Male,Germany,Premium,Budget Buyer,2021-11-29,VIP
CUST05356,C004,46-55,Other,Germany,Low,Technology Enthusiast,2020-01-11,Loyal
CUST05357,C009,18-25,Female,Canada,Medium,Premium Customer,2022-06-02,New
CUST05358,C007,26-35,Male,Singapore,Premium,Young Professional,2024-12-19,VIP
CUST05359,C001,46-55,Female,Japan,High,Technology Enthusiast,2024-06-22,Loyal
CUST05360,C008,36-45,Female,USA,Low,Young Professional,2022-09-24,VIP
CUST05361,C008,36-45,Male,Canada,Low,Value Seeker,2021-06-19,Loyal
CUST05362,C009,56+,Male,India,High,Young Professional,2025-08-18,VIP
CUST05363,C003,36-45,Female,Canada,High,Premium Customer,2022-05-15,Regular
CUST05364,C001,18-25,Male,Canada,Low,Budget Buyer,2025-11-26,Loyal
CUST05365,C002,18-25,Female,Canada,Medium,Budget Buyer,2024-02-23,VIP
CUST05366,C007,56+,Other,USA,Premium,Budget Buyer,2020-02-26,New
CUST05367,C006,46-55,Female,USA,Medium,Young Professional,2024-02-11,New
CUST05368,C005,36-45,Male,India,Low,Young Professional,2024-12-09,Loyal
CUST05369,C009,18-25,Other,UK,Medium,Premium Customer,2023-05-17,New
CUST05370,C007,56+,Other,India,Premium,Young Professional,2026-05-26,Loyal
CUST05371,C010,36-45,Female,Japan,Low,Value Seeker,2022-09-18,VIP
CUST05372,C004,26-35,Female,Canada,Premium,Value Seeker,2026-04-22,Regular
CUST05373,C005,36-45,Other,USA,Premium,Budget Buyer,2024-01-26,Regular
CUST05374,C004,18-25,Female,UK,High,Young Professional,2023-12-02,VIP
CUST05375,C007,56+,Male,India,Low,Young Professional,2022-10-11,Loyal
CUST05376,C004,18-25,Female,Singapore,Premium,Value Seeker,2026-02-25,Loyal
CUST05377,C002,18-25,Other,Singapore,Low,Premium Customer,2023-05-20,New
CUST05378,C010,56+,Female,Germany,Low,Premium Customer,2026-07-01,New
CUST05379,C010,18-25,Female,Singapore,Low,Value Seeker,2025-08-14,New
CUST05380,C004,36-45,Female,USA,Medium,Technology Enthusiast,2026-02-12,New
CUST05381,C006,18-25,Female,Canada,High,Young Professional,2020-08-11,VIP
CUST05382,C007,36-45,Female,Germany,Low,Value Seeker,2021-09-20,Loyal
CUST05383,C004,18-25,Male,South Korea,Premium,Technology Enthusiast,2024-09-23,VIP
CUST05384,C007,26-35,Other,Japan,Premium,Technology Enthusiast,2021-12-06,Loyal
CUST05385,C008,36-45,Male,India,Premium,Budget Buyer,2023-02-21,VIP
CUST05386,C004,18-25,Female,South Korea,Low,Premium Customer,2022-06-22,New
CUST05387,C005,46-55,Male,Canada,High,Premium Customer,2021-12-07,New
CUST05388,C007,18-25,Female,Canada,Low,Young Professional,2023-09-25,Regular
CUST05389,C007,36-45,Female,UK,Premium,Technology Enthusiast,2022-12-06,Loyal
CUST05390,C006,18-25,Other,USA,Medium,Premium Customer,2022-11-18,New
CUST05391,C005,46-55,Female,UK,Low,Technology Enthusiast,2025-09-03,Regular
CUST05392,C009,46-55,Male,Singapore,High,Value Seeker,2022-02-26,Loyal
CUST05393,C003,46-55,Male,South Korea,High,Budget Buyer,2025-04-30,Loyal
CUST05394,C007,36-45,Male,UK,Premium,Budget Buyer,2022-12-07,Regular
CUST05395,C006,36-45,Male,Japan,High,Young Professional,2022-02-22,VIP
CUST05396,C002,26-35,Male,Singapore,Medium,Budget Buyer,2026-03-31,Regular
CUST05397,C009,18-25,Other,Japan,High,Budget Buyer,2022-11-13,New
CUST05398,C010,36-45,Male,Japan,Medium,Premium Customer,2023-12-11,Loyal
CUST05399,C001,46-55,Other,India,High,Technology Enthusiast,2024-02-15,Regular
CUST05400,C001,26-35,Female,USA,Medium,Premium Customer,2024-12-01,Regular
CUST05401,C004,18-25,Other,UK,Medium,Premium Customer,2023-06-10,New
CUST05402,C004,46-55,Female,UK,Premium,Value Seeker,2021-09-12,Regular
CUST05403,C003,26-35,Female,South Korea,Premium,Premium Customer,2024-08-04,Loyal
CUST05404,C007,56+,Other,USA,High,Premium Customer,2023-10-07,VIP
CUST05405,C008,56+,Other,UK,High,Young Professional,2023-04-20,Regular
CUST05406,C002,46-55,Female,Japan,Premium,Value Seeker,2022-04-04,VIP
CUST05407,C007,36-45,Other,India,High,Value Seeker,2025-08-28,VIP
CUST05408,C007,56+,Male,UK,Low,Value Seeker,2024-12-03,New
CUST05409,C007,26-35,Male,South Korea,Premium,Technology Enthusiast,2021-05-20,New
CUST05410,C006,36-45,Male,Germany,Medium,Value Seeker,2022-09-23,Regular
CUST05411,C002,18-25,Other,India,Low,Premium Customer,2023-07-30,VIP
CUST05412,C005,18-25,Male,Germany,Premium,Value Seeker,2026-01-23,New
CUST05413,C002,56+,Other,Japan,Medium,Budget Buyer,2022-06-28,New
CUST05414,C006,26-35,Other,South Korea,Low,Young Professional,2023-02-04,VIP
CUST05415,C004,18-25,Female,USA,Low,Premium Customer,2022-12-01,VIP
CUST05416,C001,46-55,Male,Germany,Premium,Young Professional,2025-08-10,New
CUST05417,C005,18-25,Male,Singapore,Medium,Value Seeker,2024-06-14,Loyal
CUST05418,C008,56+,Male,UK,High,Budget Buyer,2026-03-11,Regular
CUST05419,C007,26-35,Female,India,Premium,Value Seeker,2021-02-10,New
CUST05420,C001,36-45,Male,USA,High,Premium Customer,2025-12-08,VIP
CUST05421,C001,26-35,Other,USA,Low,Technology Enthusiast,2024-06-04,VIP
CUST05422,C006,46-55,Other,Singapore,Premium,Young Professional,2022-01-23,New
CUST05423,C009,46-55,Other,USA,Premium,Technology Enthusiast,2022-05-28,Regular
CUST05424,C002,18-25,Female,Germany,Premium,Value Seeker,2023-04-06,New
CUST05425,C009,18-25,Female,Germany,Low,Value Seeker,2025-01-31,New
CUST05426,C010,18-25,Male,Japan,Premium,Value Seeker,2021-09-27,VIP
CUST05427,C001,18-25,Other,UK,High,Premium Customer,2025-05-29,Loyal
CUST05428,C009,46-55,Other,UK,Low,Value Seeker,2023-08-29,Regular
CUST05429,C008,56+,Male,Japan,Medium,Value Seeker,2022-07-24,Regular
CUST05430,C003,56+,Female,UK,High,Young Professional,2021-07-07,New
CUST05431,C002,56+,Other,Germany,High,Premium Customer,2023-04-30,Loyal
CUST05432,C005,18-25,Other,Singapore,High,Young Professional,2022-08-19,Loyal
CUST05433,C008,18-25,Male,South Korea,Medium,Young Professional,2026-02-14,VIP
CUST05434,C004,46-55,Other,Germany,Premium,Young Professional,2024-06-25,Loyal
CUST05435,C006,36-45,Female,Germany,Premium,Young Professional,2020-03-10,New
CUST05436,C001,46-55,Male,India,Medium,Budget Buyer,2025-08-09,VIP
CUST05437,C003,18-25,Male,Japan,Low,Young Professional,2021-01-24,Regular
CUST05438,C004,18-25,Female,Singapore,Premium,Young Professional,2022-08-26,New
CUST05439,C002,18-25,Female,Singapore,Low,Budget Buyer,2020-07-18,Regular
CUST05440,C004,26-35,Male,Singapore,Medium,Value Seeker,2023-08-31,VIP
CUST05441,C001,26-35,Male,Singapore,High,Value Seeker,2026-05-11,VIP
CUST05442,C007,26-35,Male,Singapore,Low,Young Professional,2022-07-17,New
CUST05443,C009,26-35,Male,India,Low,Premium Customer,2021-10-01,New
CUST05444,C008,56+,Other,Canada,High,Premium Customer,2021-05-10,Loyal
CUST05445,C001,18-25,Other,Japan,Low,Technology Enthusiast,2023-10-01,New
CUST05446,C010,18-25,Female,Singapore,Premium,Value Seeker,2020-02-17,Loyal
CUST05447,C003,26-35,Female,Japan,Low,Premium Customer,2024-09-04,VIP
CUST05448,C004,26-35,Female,USA,Medium,Budget Buyer,2024-01-20,Regular
CUST05449,C003,46-55,Female,USA,Low,Premium Customer,2025-11-29,VIP
CUST05450,C006,18-25,Male,Canada,Medium,Value Seeker,2024-09-30,Loyal
CUST05451,C008,46-55,Female,USA,High,Technology Enthusiast,2024-12-08,New
CUST05452,C006,18-25,Female,Japan,Medium,Value Seeker,2025-04-12,Regular
CUST05453,C008,36-45,Male,Singapore,Low,Young Professional,2025-07-13,VIP
CUST05454,C009,56+,Other,USA,Premium,Technology Enthusiast,2025-11-16,Regular
CUST05455,C002,18-25,Female,USA,Low,Budget Buyer,2025-05-09,Loyal
CUST05456,C003,18-25,Male,Canada,High,Young Professional,2022-12-13,Loyal
CUST05457,C007,26-35,Male,Germany,Premium,Budget Buyer,2024-12-05,VIP
CUST05458,C005,56+,Male,Singapore,Premium,Technology Enthusiast,2021-01-13,Loyal
CUST05459,C005,18-25,Other,Japan,Premium,Budget Buyer,2023-07-24,Regular
CUST05460,C005,18-25,Other,USA,Premium,Premium Customer,2020-01-31,New
CUST05461,C008,46-55,Male,Germany,Low,Budget Buyer,2020-04-28,New
CUST05462,C003,26-35,Other,Germany,Low,Technology Enthusiast,2025-01-25,New
CUST05463,C008,18-25,Male,Japan,Premium,Technology Enthusiast,2021-10-26,VIP
CUST05464,C006,36-45,Male,India,Low,Technology Enthusiast,2024-09-24,New
CUST05465,C006,26-35,Female,India,Premium,Technology Enthusiast,2023-04-05,Regular
CUST05466,C005,18-25,Female,Canada,Medium,Young Professional,2020-11-03,Regular
CUST05467,C005,18-25,Female,South Korea,High,Young Professional,2020-10-12,VIP
CUST05468,C007,36-45,Other,UK,Medium,Value Seeker,2021-08-14,New
CUST05469,C007,26-35,Other,USA,Low,Premium Customer,2023-04-18,Loyal
CUST05470,C007,26-35,Other,Japan,Low,Young Professional,2020-08-12,Regular
CUST05471,C004,46-55,Female,Japan,Medium,Budget Buyer,2023-02-17,VIP
CUST05472,C005,36-45,Female,Germany,Medium,Budget Buyer,2024-10-05,VIP
CUST05473,C005,36-45,Male,Singapore,Low,Young Professional,2026-07-05,Loyal
CUST05474,C002,26-35,Female,USA,Medium,Young Professional,2021-01-28,VIP
CUST05475,C004,18-25,Female,India,Premium,Technology Enthusiast,2021-03-06,VIP
CUST05476,C010,46-55,Other,Singapore,Low,Budget Buyer,2023-08-08,Regular
CUST05477,C001,18-25,Other,Japan,High,Young Professional,2023-01-28,VIP
CUST05478,C005,26-35,Male,Canada,Medium,Young Professional,2025-08-03,VIP
CUST05479,C004,56+,Female,India,Low,Premium Customer,2024-11-04,Loyal
CUST05480,C003,26-35,Male,South Korea,High,Budget Buyer,2024-01-26,Loyal
CUST05481,C001,26-35,Female,India,Low,Budget Buyer,2026-04-27,Loyal
CUST05482,C010,56+,Other,South Korea,High,Budget Buyer,2024-06-17,Loyal
CUST05483,C003,18-25,Female,Japan,Low,Technology Enthusiast,2026-05-01,Loyal
CUST05484,C008,26-35,Other,USA,High,Premium Customer,2026-05-25,Regular
CUST05485,C007,56+,Male,Singapore,Medium,Technology Enthusiast,2024-06-19,Regular
CUST05486,C005,46-55,Other,USA,Low,Technology Enthusiast,2020-11-11,Loyal
CUST05487,C005,46-55,Male,South Korea,Low,Technology Enthusiast,2020-05-24,New
CUST05488,C007,26-35,Male,USA,Medium,Budget Buyer,2025-08-19,VIP
CUST05489,C010,56+,Male,UK,Medium,Value Seeker,2023-09-22,Regular
CUST05490,C002,36-45,Female,South Korea,Premium,Value Seeker,2022-01-29,Loyal
CUST05491,C001,56+,Female,Singapore,Low,Premium Customer,2022-05-27,Regular
CUST05492,C008,36-45,Male,Germany,High,Value Seeker,2021-04-20,VIP
CUST05493,C008,26-35,Male,Japan,Premium,Value Seeker,2022-02-11,VIP
CUST05494,C005,18-25,Other,Canada,Medium,Budget Buyer,2022-01-06,Loyal
CUST05495,C003,46-55,Other,Germany,Premium,Young Professional,2020-05-22,New
CUST05496,C006,46-55,Male,Canada,Medium,Young Professional,2025-09-12,New
CUST05497,C006,26-35,Other,Japan,Medium,Budget Buyer,2026-05-09,Loyal
CUST05498,C006,46-55,Female,Germany,Premium,Young Professional,2026-02-20,Regular
CUST05499,C008,46-55,Other,Japan,Premium,Value Seeker,2022-05-13,Regular
CUST05500,C009,46-55,Other,USA,Medium,Technology Enthusiast,2021-02-11,Regular
CUST05501,C002,36-45,Male,USA,Low,Value Seeker,2022-09-07,Regular
CUST05502,C001,18-25,Female,Japan,Medium,Young Professional,2021-03-13,New
CUST05503,C003,46-55,Other,Canada,High,Budget Buyer,2022-12-01,Regular
CUST05504,C004,26-35,Male,Germany,Medium,Budget Buyer,2021-07-25,VIP
CUST05505,C004,36-45,Other,South Korea,Low,Technology Enthusiast,2025-11-15,Loyal
CUST05506,C004,18-25,Male,South Korea,Low,Technology Enthusiast,2026-07-23,Loyal
CUST05507,C009,56+,Male,South Korea,Medium,Budget Buyer,2024-12-05,Regular
CUST05508,C002,56+,Male,UK,Premium,Budget Buyer,2024-10-03,New
CUST05509,C010,46-55,Male,Japan,Low,Technology Enthusiast,2022-05-06,Regular
CUST05510,C002,56+,Female,Canada,Medium,Technology Enthusiast,2025-01-13,New
CUST05511,C004,36-45,Other,South Korea,Medium,Technology Enthusiast,2024-12-24,New
CUST05512,C002,26-35,Female,India,High,Technology Enthusiast,2022-07-03,Loyal
CUST05513,C007,36-45,Female,Japan,High,Budget Buyer,2021-11-23,VIP
CUST05514,C008,18-25,Female,Germany,High,Young Professional,2020-03-03,Regular
CUST05515,C004,56+,Other,USA,Low,Technology Enthusiast,2022-12-16,New
CUST05516,C009,56+,Other,Germany,High,Budget Buyer,2022-01-03,Regular
CUST05517,C009,46-55,Female,UK,High,Technology Enthusiast,2023-02-22,VIP
CUST05518,C006,46-55,Male,Japan,Premium,Young Professional,2022-06-16,New
CUST05519,C006,26-35,Other,India,Premium,Budget Buyer,2022-08-19,VIP
CUST05520,C007,46-55,Male,Singapore,Medium,Value Seeker,2024-08-31,New
CUST05521,C002,18-25,Other,Singapore,Low,Budget Buyer,2026-06-05,Loyal
CUST05522,C006,18-25,Other,Germany,Premium,Value Seeker,2022-06-21,New
CUST05523,C004,18-25,Male,South Korea,Premium,Technology Enthusiast,2022-11-13,New
CUST05524,C008,26-35,Female,Germany,Low,Premium Customer,2020-02-04,New
CUST05525,C009,26-35,Male,India,High,Young Professional,2026-07-06,Regular
CUST05526,C001,26-35,Male,Singapore,Medium,Young Professional,2025-05-07,VIP
CUST05527,C005,36-45,Female,Canada,Premium,Value Seeker,2021-06-04,Regular
CUST05528,C006,18-25,Female,Japan,Medium,Technology Enthusiast,2023-08-08,New
CUST05529,C006,46-55,Female,USA,Medium,Budget Buyer,2022-06-15,VIP
CUST05530,C003,56+,Female,South Korea,Low,Value Seeker,2020-05-20,Loyal
CUST05531,C006,56+,Male,Singapore,High,Young Professional,2020-02-15,Loyal
CUST05532,C007,46-55,Other,USA,Premium,Young Professional,2023-08-30,Loyal
CUST05533,C003,36-45,Female,India,High,Budget Buyer,2020-05-17,Loyal
CUST05534,C006,46-55,Female,India,Medium,Budget Buyer,2024-09-15,New
CUST05535,C007,36-45,Other,Germany,Low,Budget Buyer,2025-08-03,New
CUST05536,C004,18-25,Female,India,High,Technology Enthusiast,2022-11-20,New
CUST05537,C007,18-25,Other,USA,High,Young Professional,2025-05-14,VIP
CUST05538,C006,56+,Female,India,Low,Budget Buyer,2023-06-21,New
CUST05539,C005,18-25,Female,Singapore,High,Young Professional,2020-06-02,Loyal
CUST05540,C010,46-55,Other,Germany,High,Technology Enthusiast,2025-03-07,VIP
CUST05541,C006,36-45,Female,India,High,Technology Enthusiast,2021-11-28,Regular
CUST05542,C005,46-55,Male,Japan,Premium,Premium Customer,2024-06-11,New
CUST05543,C002,56+,Male,South Korea,High,Budget Buyer,2022-02-27,New
CUST05544,C009,26-35,Other,USA,Premium,Young Professional,2021-04-04,Regular
CUST05545,C006,56+,Other,USA,High,Technology Enthusiast,2020-09-02,Loyal
CUST05546,C010,36-45,Male,USA,High,Budget Buyer,2020-04-02,VIP
CUST05547,C002,36-45,Male,Singapore,High,Premium Customer,2025-07-29,VIP
CUST05548,C007,18-25,Other,India,Medium,Value Seeker,2022-02-11,Regular
CUST05549,C002,46-55,Female,South Korea,Low,Value Seeker,2026-07-19,Loyal
CUST05550,C005,18-25,Female,Canada,High,Young Professional,2024-03-19,VIP
CUST05551,C010,36-45,Female,UK,High,Young Professional,2024-09-13,New
CUST05552,C009,26-35,Other,USA,Low,Value Seeker,2022-07-22,VIP
CUST05553,C003,36-45,Female,UK,Premium,Young Professional,2023-01-18,New
CUST05554,C005,56+,Other,Canada,Low,Budget Buyer,2023-05-11,Loyal
CUST05555,C007,56+,Female,Singapore,Medium,Technology Enthusiast,2023-10-23,Regular
CUST05556,C005,56+,Female,India,Premium,Value Seeker,2026-04-14,VIP
CUST05557,C007,46-55,Female,South Korea,Medium,Premium Customer,2025-05-09,New
CUST05558,C006,36-45,Male,Japan,Low,Technology Enthusiast,2022-10-13,New
CUST05559,C009,18-25,Female,UK,Premium,Young Professional,2025-02-04,VIP
CUST05560,C007,46-55,Female,Singapore,Low,Technology Enthusiast,2025-02-17,New
CUST05561,C010,56+,Male,Japan,Medium,Premium Customer,2021-05-08,Loyal
CUST05562,C003,56+,Other,Germany,Low,Premium Customer,2023-11-03,VIP
CUST05563,C010,18-25,Other,Japan,Premium,Premium Customer,2025-07-25,Loyal
CUST05564,C010,18-25,Other,Japan,Premium,Value Seeker,2021-04-23,VIP
CUST05565,C008,36-45,Female,South Korea,Premium,Premium Customer,2020-07-09,New
CUST05566,C005,36-45,Female,South Korea,Low,Value Seeker,2020-05-19,Loyal
CUST05567,C001,36-45,Female,Canada,High,Technology Enthusiast,2020-12-16,Loyal
CUST05568,C001,36-45,Female,Japan,Medium,Young Professional,2026-01-13,VIP
CUST05569,C004,36-45,Female,Canada,High,Young Professional,2025-07-02,Loyal
CUST05570,C008,46-55,Male,Germany,High,Young Professional,2024-05-17,Regular
CUST05571,C001,18-25,Other,Japan,Medium,Budget Buyer,2023-09-29,VIP
CUST05572,C003,46-55,Male,UK,Premium,Premium Customer,2025-04-10,Loyal
CUST05573,C009,46-55,Male,Canada,Medium,Premium Customer,2026-03-28,VIP
CUST05574,C001,46-55,Female,India,Medium,Premium Customer,2022-08-19,VIP
CUST05575,C005,56+,Male,Canada,Medium,Young Professional,2022-12-18,New
CUST05576,C001,56+,Female,USA,Premium,Young Professional,2025-05-28,Regular
CUST05577,C008,46-55,Other,Canada,Medium,Young Professional,2025-07-23,VIP
CUST05578,C002,36-45,Other,USA,Low,Premium Customer,2024-09-16,Regular
CUST05579,C007,36-45,Male,South Korea,Medium,Young Professional,2026-07-11,Regular
CUST05580,C006,18-25,Female,USA,High,Premium Customer,2020-05-27,VIP
CUST05581,C009,46-55,Other,UK,Medium,Budget Buyer,2020-09-10,VIP
CUST05582,C001,56+,Male,Germany,Medium,Young Professional,2020-03-27,New
CUST05583,C003,46-55,Female,Germany,Medium,Premium Customer,2022-05-04,Regular
CUST05584,C005,18-25,Other,India,Low,Premium Customer,2023-02-26,Loyal
CUST05585,C010,18-25,Other,UK,High,Premium Customer,2021-04-27,Loyal
CUST05586,C001,18-25,Male,UK,Premium,Technology Enthusiast,2022-10-09,New
CUST05587,C005,36-45,Other,Japan,Low,Budget Buyer,2024-11-15,Regular
CUST05588,C001,26-35,Other,India,High,Technology Enthusiast,2022-02-11,VIP
CUST05589,C007,56+,Female,UK,Medium,Technology Enthusiast,2024-11-07,Loyal
CUST05590,C004,26-35,Other,South Korea,High,Young Professional,2026-04-03,Regular
CUST05591,C009,36-45,Female,Germany,Premium,Premium Customer,2025-08-13,Regular
CUST05592,C005,36-45,Male,Germany,Low,Value Seeker,2026-03-02,VIP
CUST05593,C008,18-25,Female,Germany,Low,Premium Customer,2021-07-13,Regular
CUST05594,C006,36-45,Female,Germany,Medium,Premium Customer,2020-07-09,VIP
CUST05595,C010,36-45,Other,Canada,Medium,Premium Customer,2021-08-19,Regular
CUST05596,C007,46-55,Other,South Korea,Medium,Technology Enthusiast,2026-04-06,Loyal
CUST05597,C010,26-35,Other,Singapore,Premium,Value Seeker,2020-11-20,VIP
CUST05598,C008,46-55,Other,Singapore,Low,Budget Buyer,2022-11-19,Loyal
CUST05599,C001,46-55,Other,UK,Premium,Technology Enthusiast,2024-12-19,VIP
CUST05600,C006,36-45,Male,Japan,Premium,Value Seeker,2022-01-18,New
CUST05601,C009,26-35,Male,Canada,Low,Young Professional,2020-07-24,New
CUST05602,C001,18-25,Other,USA,Medium,Technology Enthusiast,2025-02-27,Loyal
CUST05603,C004,46-55,Male,UK,Premium,Young Professional,2022-10-14,VIP
CUST05604,C009,36-45,Other,Singapore,Medium,Young Professional,2021-02-12,Loyal
CUST05605,C001,56+,Male,Japan,Medium,Budget Buyer,2020-11-19,New
CUST05606,C001,36-45,Other,Canada,High,Premium Customer,2021-04-11,VIP
CUST05607,C004,26-35,Female,India,Low,Budget Buyer,2021-01-10,VIP
CUST05608,C005,26-35,Male,South Korea,High,Premium Customer,2026-05-12,New
CUST05609,C008,18-25,Male,USA,Premium,Value Seeker,2022-08-13,VIP
CUST05610,C004,56+,Female,India,Low,Budget Buyer,2022-08-24,New
CUST05611,C005,26-35,Female,UK,Low,Technology Enthusiast,2026-05-06,Regular
CUST05612,C003,18-25,Male,Singapore,Low,Value Seeker,2022-12-05,VIP
CUST05613,C006,56+,Female,Singapore,Low,Value Seeker,2023-01-10,Loyal
CUST05614,C002,26-35,Female,India,High,Premium Customer,2023-01-14,New
CUST05615,C002,18-25,Male,Canada,High,Budget Buyer,2026-03-31,New
CUST05616,C006,18-25,Other,USA,High,Technology Enthusiast,2022-09-19,VIP
CUST05617,C001,46-55,Female,Germany,High,Premium Customer,2021-09-10,VIP
CUST05618,C010,46-55,Male,Japan,High,Technology Enthusiast,2024-11-25,Loyal
CUST05619,C007,36-45,Female,Japan,Low,Young Professional,2021-09-05,Regular
CUST05620,C003,46-55,Female,India,Premium,Technology Enthusiast,2023-06-22,Loyal
CUST05621,C009,18-25,Other,South Korea,High,Young Professional,2024-08-26,New
CUST05622,C009,46-55,Female,USA,Low,Young Professional,2021-10-14,New
CUST05623,C007,36-45,Other,India,Low,Technology Enthusiast,2020-08-15,VIP
CUST05624,C006,46-55,Male,UK,Premium,Premium Customer,2023-12-21,VIP
CUST05625,C006,36-45,Female,Canada,Low,Young Professional,2020-07-10,Loyal
CUST05626,C003,26-35,Other,Singapore,Premium,Budget Buyer,2022-12-03,New
CUST05627,C006,18-25,Female,USA,Medium,Premium Customer,2020-06-27,VIP
CUST05628,C003,56+,Female,South Korea,Low,Young Professional,2024-08-09,Regular
CUST05629,C005,46-55,Other,USA,High,Value Seeker,2020-09-14,New
CUST05630,C008,56+,Male,South Korea,Low,Budget Buyer,2024-04-14,VIP
CUST05631,C009,36-45,Male,Singapore,High,Technology Enthusiast,2020-11-14,VIP
CUST05632,C003,56+,Other,South Korea,Premium,Premium Customer,2022-07-13,New
CUST05633,C001,36-45,Male,South Korea,Low,Young Professional,2023-07-05,New
CUST05634,C001,46-55,Male,USA,Premium,Young Professional,2025-07-17,New
CUST05635,C009,18-25,Female,South Korea,High,Value Seeker,2020-01-25,Loyal
CUST05636,C006,46-55,Female,USA,Premium,Premium Customer,2024-01-25,VIP
CUST05637,C001,46-55,Female,UK,Low,Technology Enthusiast,2024-11-10,Regular
CUST05638,C003,26-35,Female,USA,High,Value Seeker,2026-03-16,New
CUST05639,C010,18-25,Female,UK,Premium,Value Seeker,2021-09-10,Loyal
CUST05640,C010,56+,Male,Germany,Premium,Premium Customer,2025-06-10,Loyal
CUST05641,C001,56+,Male,UK,Low,Young Professional,2025-11-15,Loyal
CUST05642,C005,46-55,Other,India,Low,Value Seeker,2025-03-20,Regular
CUST05643,C006,26-35,Male,Germany,Premium,Budget Buyer,2024-07-16,New
CUST05644,C009,18-25,Male,Japan,Premium,Budget Buyer,2026-01-19,New
CUST05645,C007,18-25,Other,Singapore,Medium,Premium Customer,2021-11-20,New
CUST05646,C004,36-45,Other,Japan,Low,Young Professional,2024-03-02,New
CUST05647,C007,46-55,Male,Singapore,Premium,Value Seeker,2024-11-29,VIP
CUST05648,C006,46-55,Other,Germany,Premium,Budget Buyer,2026-01-27,Regular
CUST05649,C006,46-55,Other,South Korea,Medium,Value Seeker,2022-09-24,New
CUST05650,C010,26-35,Female,Canada,High,Budget Buyer,2021-08-29,New
CUST05651,C007,18-25,Other,South Korea,Premium,Value Seeker,2023-01-03,VIP
CUST05652,C002,26-35,Other,Canada,Low,Budget Buyer,2026-01-03,New
CUST05653,C001,46-55,Female,Canada,High,Value Seeker,2024-11-25,Regular
CUST05654,C001,36-45,Female,India,Medium,Young Professional,2020-01-24,VIP
CUST05655,C001,56+,Other,South Korea,Low,Premium Customer,2025-12-25,Loyal
CUST05656,C010,46-55,Female,India,High,Young Professional,2022-09-30,VIP
CUST05657,C010,36-45,Other,Germany,Low,Young Professional,2020-07-27,VIP
CUST05658,C001,46-55,Other,India,Medium,Premium Customer,2021-06-02,VIP
CUST05659,C005,18-25,Male,India,Low,Young Professional,2024-02-17,New
CUST05660,C002,36-45,Female,Japan,High,Premium Customer,2026-02-12,Regular
CUST05661,C009,18-25,Other,Canada,Medium,Premium Customer,2025-09-11,Loyal
CUST05662,C001,26-35,Other,UK,High,Budget Buyer,2024-04-16,VIP
CUST05663,C003,36-45,Male,UK,Low,Young Professional,2023-11-11,Regular
CUST05664,C009,18-25,Female,Japan,Low,Budget Buyer,2024-01-17,Regular
CUST05665,C006,36-45,Female,USA,Low,Premium Customer,2021-10-05,VIP
CUST05666,C006,36-45,Male,Germany,Low,Technology Enthusiast,2020-02-25,Loyal
CUST05667,C002,18-25,Female,USA,High,Budget Buyer,2025-10-01,Regular
CUST05668,C001,46-55,Female,India,High,Young Professional,2020-01-14,New
CUST05669,C006,56+,Other,Germany,Medium,Value Seeker,2024-10-18,VIP
CUST05670,C007,46-55,Other,Canada,Premium,Value Seeker,2021-08-18,VIP
CUST05671,C010,18-25,Other,UK,High,Value Seeker,2022-04-11,Regular
CUST05672,C010,46-55,Male,Japan,Premium,Value Seeker,2020-07-17,VIP
CUST05673,C001,18-25,Male,Canada,Low,Value Seeker,2024-12-02,VIP
CUST05674,C004,56+,Male,UK,High,Technology Enthusiast,2023-05-01,New
CUST05675,C010,46-55,Female,Canada,Medium,Premium Customer,2022-06-27,Loyal
CUST05676,C004,36-45,Other,Germany,Low,Young Professional,2024-10-17,Loyal
CUST05677,C010,36-45,Female,USA,High,Budget Buyer,2023-02-20,Loyal
CUST05678,C002,46-55,Other,Germany,Low,Technology Enthusiast,2023-04-17,VIP
CUST05679,C010,56+,Female,Singapore,Medium,Value Seeker,2026-03-05,New
CUST05680,C003,18-25,Female,UK,Medium,Value Seeker,2022-03-23,Regular
CUST05681,C009,26-35,Male,Singapore,Low,Value Seeker,2025-11-21,Loyal
CUST05682,C001,46-55,Male,Canada,Low,Budget Buyer,2021-09-20,Loyal
CUST05683,C004,46-55,Female,Singapore,High,Premium Customer,2026-02-15,New
CUST05684,C008,46-55,Male,UK,Premium,Young Professional,2021-09-17,VIP
CUST05685,C009,46-55,Male,Singapore,Low,Young Professional,2024-09-10,Regular
CUST05686,C008,56+,Male,UK,Medium,Value Seeker,2022-03-03,New
CUST05687,C010,18-25,Male,UK,High,Premium Customer,2025-02-28,VIP
CUST05688,C001,36-45,Male,Singapore,Medium,Budget Buyer,2025-03-26,New
CUST05689,C010,46-55,Male,Singapore,Premium,Technology Enthusiast,2025-09-07,Regular
CUST05690,C009,46-55,Other,Singapore,Low,Budget Buyer,2020-10-05,VIP
CUST05691,C007,56+,Male,UK,Premium,Technology Enthusiast,2025-08-27,New
CUST05692,C005,36-45,Male,Canada,Premium,Young Professional,2021-10-31,New
CUST05693,C007,18-25,Other,South Korea,Medium,Value Seeker,2026-02-14,Loyal
CUST05694,C002,56+,Female,India,Medium,Budget Buyer,2025-02-12,New
CUST05695,C009,56+,Male,Canada,Low,Technology Enthusiast,2020-09-12,Loyal
CUST05696,C005,56+,Female,India,High,Technology Enthusiast,2022-11-20,Regular
CUST05697,C004,46-55,Female,Singapore,Premium,Value Seeker,2022-11-10,VIP
CUST05698,C001,18-25,Male,USA,Low,Premium Customer,2022-01-18,VIP
CUST05699,C007,18-25,Female,South Korea,High,Value Seeker,2023-05-04,New
CUST05700,C009,56+,Male,Germany,Premium,Technology Enthusiast,2025-08-04,Regular
CUST05701,C006,46-55,Male,UK,Premium,Technology Enthusiast,2022-09-14,VIP
CUST05702,C001,18-25,Female,Japan,Premium,Technology Enthusiast,2023-03-22,New
CUST05703,C004,26-35,Other,USA,High,Value Seeker,2024-12-05,New
CUST05704,C008,46-55,Male,Canada,Premium,Technology Enthusiast,2023-10-17,Loyal
CUST05705,C005,26-35,Male,South Korea,Medium,Premium Customer,2022-10-05,Regular
CUST05706,C001,56+,Female,Singapore,Premium,Value Seeker,2023-12-12,New
CUST05707,C009,18-25,Female,Canada,Premium,Young Professional,2023-06-19,New
CUST05708,C002,46-55,Female,Canada,Premium,Premium Customer,2023-09-22,Regular
CUST05709,C002,56+,Other,Japan,Premium,Young Professional,2025-06-12,Regular
CUST05710,C006,36-45,Male,Canada,High,Technology Enthusiast,2023-11-08,VIP
CUST05711,C007,26-35,Other,UK,Low,Premium Customer,2025-02-04,Regular
CUST05712,C003,46-55,Other,Canada,Low,Premium Customer,2024-09-16,New
CUST05713,C002,36-45,Male,Germany,Medium,Premium Customer,2023-07-11,Regular
CUST05714,C009,56+,Other,Germany,Medium,Technology Enthusiast,2024-07-25,Regular
CUST05715,C004,56+,Other,Singapore,Medium,Value Seeker,2026-01-06,Loyal
CUST05716,C005,56+,Other,Singapore,Medium,Technology Enthusiast,2024-09-29,VIP
CUST05717,C007,18-25,Male,Japan,Premium,Young Professional,2020-12-21,VIP
CUST05718,C005,18-25,Other,Canada,Medium,Premium Customer,2026-03-21,New
CUST05719,C005,26-35,Female,UK,Premium,Value Seeker,2026-07-02,Loyal
CUST05720,C001,18-25,Male,USA,Medium,Premium Customer,2024-06-21,VIP
CUST05721,C005,18-25,Other,Singapore,Low,Young Professional,2024-05-17,New
CUST05722,C010,18-25,Male,USA,Premium,Premium Customer,2020-12-08,Loyal
CUST05723,C010,36-45,Female,Canada,Medium,Budget Buyer,2023-08-16,New
CUST05724,C002,56+,Female,Singapore,Medium,Premium Customer,2025-04-27,Loyal
CUST05725,C003,36-45,Male,UK,High,Technology Enthusiast,2020-01-18,VIP
CUST05726,C004,46-55,Male,UK,Low,Premium Customer,2020-08-19,VIP
CUST05727,C006,56+,Male,India,Premium,Budget Buyer,2024-06-25,VIP
CUST05728,C002,46-55,Male,Germany,High,Budget Buyer,2021-04-28,Regular
CUST05729,C006,18-25,Female,Canada,Medium,Value Seeker,2020-05-17,VIP
CUST05730,C007,26-35,Female,Canada,Premium,Young Professional,2022-11-19,Regular
CUST05731,C007,18-25,Female,Germany,High,Premium Customer,2023-12-29,VIP
CUST05732,C005,18-25,Female,India,Medium,Technology Enthusiast,2020-11-21,Loyal
CUST05733,C010,26-35,Other,South Korea,High,Young Professional,2023-12-14,VIP
CUST05734,C006,26-35,Male,Canada,Low,Young Professional,2026-04-28,Loyal
CUST05735,C003,26-35,Male,India,Low,Premium Customer,2025-12-08,Loyal
CUST05736,C004,26-35,Other,UK,Premium,Premium Customer,2020-03-24,Loyal
CUST05737,C005,26-35,Male,UK,High,Young Professional,2023-03-22,VIP
CUST05738,C009,46-55,Other,Canada,Low,Young Professional,2024-10-21,VIP
CUST05739,C008,36-45,Other,Singapore,High,Technology Enthusiast,2021-06-14,VIP
CUST05740,C003,26-35,Other,Canada,Low,Technology Enthusiast,2025-09-19,New
CUST05741,C007,18-25,Male,India,Premium,Technology Enthusiast,2025-01-19,Loyal
CUST05742,C005,56+,Other,UK,Medium,Budget Buyer,2021-12-12,VIP
CUST05743,C005,18-25,Male,UK,Premium,Young Professional,2021-06-21,Loyal
CUST05744,C010,18-25,Male,Canada,Low,Budget Buyer,2025-04-08,Loyal
CUST05745,C006,56+,Other,USA,High,Technology Enthusiast,2025-04-07,Loyal
CUST05746,C004,36-45,Female,Japan,Low,Value Seeker,2022-12-19,Regular
CUST05747,C005,36-45,Female,India,Premium,Budget Buyer,2022-04-17,New
CUST05748,C007,18-25,Other,Germany,High,Technology Enthusiast,2022-06-05,Loyal
CUST05749,C004,46-55,Other,Canada,High,Technology Enthusiast,2023-08-14,New
CUST05750,C008,18-25,Male,UK,Low,Budget Buyer,2022-05-07,New
CUST05751,C003,36-45,Other,UK,Low,Technology Enthusiast,2024-05-30,New
CUST05752,C006,36-45,Female,Germany,Premium,Premium Customer,2022-11-14,New
CUST05753,C008,36-45,Male,South Korea,Low,Technology Enthusiast,2020-08-26,Loyal
CUST05754,C001,26-35,Female,Germany,Medium,Premium Customer,2024-07-05,VIP
CUST05755,C003,26-35,Male,Singapore,High,Premium Customer,2022-11-11,Regular
CUST05756,C001,56+,Other,India,High,Premium Customer,2025-07-24,New
CUST05757,C008,56+,Other,Germany,Premium,Technology Enthusiast,2025-10-03,VIP
CUST05758,C008,26-35,Other,Germany,Premium,Value Seeker,2023-09-08,VIP
CUST05759,C010,56+,Female,Japan,High,Young Professional,2021-03-21,New
CUST05760,C010,26-35,Other,Japan,Premium,Technology Enthusiast,2026-02-11,Regular
CUST05761,C009,46-55,Male,India,Low,Premium Customer,2021-11-09,Loyal
CUST05762,C002,56+,Other,Japan,Medium,Premium Customer,2023-07-17,Loyal
CUST05763,C008,46-55,Male,Japan,High,Value Seeker,2026-02-03,Regular
CUST05764,C004,46-55,Other,Germany,Low,Value Seeker,2020-10-16,Loyal
CUST05765,C008,46-55,Male,Singapore,Low,Premium Customer,2023-09-11,VIP
CUST05766,C006,26-35,Male,India,Low,Budget Buyer,2020-07-26,Regular
CUST05767,C008,46-55,Female,Japan,Premium,Budget Buyer,2025-12-04,New
CUST05768,C006,26-35,Female,Germany,Low,Premium Customer,2021-05-09,Regular
CUST05769,C002,36-45,Male,South Korea,Premium,Technology Enthusiast,2020-01-12,Regular
CUST05770,C003,46-55,Other,UK,Premium,Young Professional,2026-03-28,VIP
CUST05771,C003,46-55,Other,South Korea,High,Value Seeker,2022-01-03,New
CUST05772,C002,26-35,Other,Canada,Medium,Technology Enthusiast,2023-11-26,VIP
CUST05773,C003,46-55,Female,South Korea,Medium,Budget Buyer,2020-04-17,Loyal
CUST05774,C005,56+,Female,USA,Premium,Young Professional,2022-10-25,Loyal
CUST05775,C010,26-35,Other,Canada,Medium,Technology Enthusiast,2024-04-23,Loyal
CUST05776,C001,26-35,Female,South Korea,Low,Young Professional,2026-06-11,VIP
CUST05777,C004,56+,Female,India,Premium,Budget Buyer,2024-08-22,Loyal
CUST05778,C002,26-35,Female,USA,Low,Budget Buyer,2026-01-27,Regular
CUST05779,C002,46-55,Female,UK,Low,Premium Customer,2025-12-16,Loyal
CUST05780,C010,36-45,Female,Japan,Premium,Premium Customer,2021-03-07,New
CUST05781,C010,46-55,Other,South Korea,Premium,Budget Buyer,2024-07-29,New
CUST05782,C006,36-45,Male,Canada,Low,Budget Buyer,2020-08-11,New
CUST05783,C003,36-45,Female,South Korea,Premium,Young Professional,2024-05-25,VIP
CUST05784,C006,46-55,Female,South Korea,Medium,Value Seeker,2024-09-13,VIP
CUST05785,C008,18-25,Male,Japan,Low,Premium Customer,2023-05-17,Loyal
CUST05786,C010,26-35,Male,Germany,Low,Technology Enthusiast,2020-03-27,Loyal
CUST05787,C007,18-25,Female,South Korea,Low,Premium Customer,2022-01-31,New
CUST05788,C007,26-35,Female,Germany,Low,Young Professional,2023-10-01,Regular
CUST05789,C005,56+,Other,India,Premium,Technology Enthusiast,2021-11-06,New
CUST05790,C007,56+,Male,India,Premium,Budget Buyer,2021-09-02,Loyal
CUST05791,C001,18-25,Male,Singapore,Premium,Budget Buyer,2025-05-15,VIP
CUST05792,C010,26-35,Female,South Korea,Low,Young Professional,2020-08-11,New
CUST05793,C005,18-25,Female,South Korea,Premium,Technology Enthusiast,2021-04-30,VIP
CUST05794,C004,56+,Other,Canada,Premium,Premium Customer,2021-03-01,New
CUST05795,C010,18-25,Other,South Korea,High,Technology Enthusiast,2024-05-05,VIP
CUST05796,C002,26-35,Other,Germany,Low,Technology Enthusiast,2021-09-01,VIP
CUST05797,C009,36-45,Other,South Korea,Premium,Technology Enthusiast,2025-10-18,Regular
CUST05798,C005,46-55,Female,Singapore,Premium,Technology Enthusiast,2022-06-06,VIP
CUST05799,C003,36-45,Other,UK,Medium,Budget Buyer,2025-01-04,New
CUST05800,C010,18-25,Female,Canada,Premium,Young Professional,2024-12-08,Loyal
CUST05801,C001,26-35,Male,Singapore,Premium,Value Seeker,2021-04-18,New
CUST05802,C002,46-55,Female,USA,High,Budget Buyer,2023-09-03,Regular
CUST05803,C009,36-45,Female,Canada,Low,Value Seeker,2022-01-17,VIP
CUST05804,C002,36-45,Male,Canada,Medium,Value Seeker,2024-09-16,New
CUST05805,C006,46-55,Other,Germany,Premium,Technology Enthusiast,2026-05-23,New
CUST05806,C004,56+,Male,Japan,Low,Technology Enthusiast,2021-04-28,New
CUST05807,C004,56+,Male,India,High,Premium Customer,2024-04-10,New
CUST05808,C005,36-45,Female,Canada,Low,Young Professional,2024-11-05,New
CUST05809,C006,56+,Male,Canada,Medium,Premium Customer,2021-02-06,New
CUST05810,C002,46-55,Other,India,Low,Technology Enthusiast,2021-10-19,VIP
CUST05811,C001,56+,Male,Canada,High,Budget Buyer,2024-09-27,VIP
CUST05812,C007,18-25,Male,South Korea,Premium,Value Seeker,2024-05-11,Loyal
CUST05813,C003,46-55,Female,India,Low,Young Professional,2020-01-09,Loyal
CUST05814,C009,36-45,Other,India,High,Technology Enthusiast,2021-09-21,VIP
CUST05815,C008,46-55,Male,Canada,Low,Budget Buyer,2023-08-13,Regular
CUST05816,C001,18-25,Female,USA,Premium,Budget Buyer,2022-03-19,VIP
CUST05817,C006,56+,Female,UK,Medium,Young Professional,2026-04-06,Loyal
CUST05818,C008,36-45,Other,USA,High,Technology Enthusiast,2024-09-13,Loyal
CUST05819,C009,26-35,Female,USA,Low,Budget Buyer,2022-05-17,New
CUST05820,C003,26-35,Male,Canada,Medium,Value Seeker,2024-07-10,VIP
CUST05821,C008,18-25,Other,Japan,High,Value Seeker,2025-04-23,VIP
CUST05822,C009,26-35,Other,Japan,High,Young Professional,2021-12-06,Regular
CUST05823,C005,56+,Male,USA,Medium,Technology Enthusiast,2022-11-14,New
CUST05824,C002,36-45,Other,Japan,Premium,Premium Customer,2021-05-09,Loyal
CUST05825,C002,18-25,Male,Japan,High,Value Seeker,2024-02-27,Regular
CUST05826,C004,36-45,Male,Germany,Premium,Value Seeker,2025-04-11,New
CUST05827,C008,26-35,Female,UK,Medium,Value Seeker,2023-08-02,Loyal
CUST05828,C004,26-35,Male,Germany,High,Premium Customer,2022-10-25,VIP
CUST05829,C006,26-35,Other,India,Premium,Value Seeker,2024-11-25,Regular
CUST05830,C006,18-25,Female,Canada,High,Young Professional,2020-03-18,New
CUST05831,C005,26-35,Other,Canada,Low,Premium Customer,2025-10-24,Regular
CUST05832,C009,26-35,Female,Japan,Premium,Value Seeker,2024-04-01,Regular
CUST05833,C008,46-55,Male,Japan,Premium,Value Seeker,2020-04-05,VIP
CUST05834,C001,18-25,Female,Japan,Medium,Value Seeker,2025-11-14,VIP
CUST05835,C003,18-25,Female,South Korea,High,Budget Buyer,2022-04-10,New
CUST05836,C002,26-35,Male,South Korea,Low,Value Seeker,2024-02-24,Loyal
CUST05837,C002,46-55,Female,Japan,Premium,Technology Enthusiast,2023-03-15,VIP
CUST05838,C004,18-25,Male,South Korea,Premium,Budget Buyer,2025-06-20,New
CUST05839,C006,56+,Male,USA,Medium,Value Seeker,2022-10-13,Regular
CUST05840,C010,36-45,Female,Japan,Medium,Premium Customer,2024-05-17,VIP
CUST05841,C005,36-45,Male,UK,High,Premium Customer,2023-03-26,Regular
CUST05842,C003,18-25,Other,Germany,High,Premium Customer,2021-09-19,Loyal
CUST05843,C005,56+,Other,Singapore,Low,Value Seeker,2021-06-22,New
CUST05844,C008,56+,Other,Singapore,Low,Premium Customer,2020-11-03,Regular
CUST05845,C010,36-45,Male,India,Premium,Technology Enthusiast,2022-12-13,Regular
CUST05846,C009,56+,Male,USA,Premium,Value Seeker,2021-09-14,VIP
CUST05847,C001,26-35,Female,Japan,Premium,Budget Buyer,2023-06-07,New
CUST05848,C004,26-35,Other,India,High,Premium Customer,2024-09-22,Loyal
CUST05849,C007,36-45,Other,India,Premium,Technology Enthusiast,2021-12-22,Loyal
CUST05850,C002,26-35,Female,UK,Low,Technology Enthusiast,2021-07-28,VIP
CUST05851,C001,18-25,Male,India,Premium,Budget Buyer,2025-11-21,Loyal
CUST05852,C010,26-35,Other,Singapore,Low,Value Seeker,2021-12-15,VIP
CUST05853,C009,56+,Other,Japan,High,Young Professional,2020-04-30,Loyal
CUST05854,C004,26-35,Male,Germany,Medium,Premium Customer,2025-06-21,VIP
CUST05855,C008,26-35,Other,Germany,Low,Technology Enthusiast,2024-09-02,New
CUST05856,C009,36-45,Male,Canada,Medium,Budget Buyer,2020-08-12,VIP
CUST05857,C010,36-45,Female,Canada,Medium,Budget Buyer,2025-06-22,New
CUST05858,C009,18-25,Other,South Korea,High,Premium Customer,2020-05-14,Regular
CUST05859,C010,26-35,Male,USA,Medium,Premium Customer,2021-01-09,Loyal
CUST05860,C010,36-45,Female,India,Medium,Budget Buyer,2024-12-10,Regular
CUST05861,C004,26-35,Male,South Korea,Low,Premium Customer,2021-03-13,New
CUST05862,C005,26-35,Male,South Korea,High,Technology Enthusiast,2021-12-28,New
CUST05863,C002,36-45,Other,UK,Low,Premium Customer,2025-12-23,Regular
CUST05864,C001,18-25,Female,Japan,Medium,Premium Customer,2022-12-07,Regular
CUST05865,C007,56+,Other,USA,Low,Technology Enthusiast,2021-01-01,Loyal
CUST05866,C004,18-25,Male,USA,Premium,Technology Enthusiast,2021-01-31,Regular
CUST05867,C006,26-35,Female,UK,Medium,Value Seeker,2020-09-20,New
CUST05868,C002,46-55,Male,UK,Low,Technology Enthusiast,2022-05-31,New
CUST05869,C010,18-25,Male,Canada,Premium,Technology Enthusiast,2023-06-30,VIP
CUST05870,C002,46-55,Male,South Korea,Premium,Value Seeker,2022-08-25,VIP
CUST05871,C003,36-45,Female,India,Low,Premium Customer,2020-05-28,Regular
CUST05872,C006,26-35,Male,Japan,Low,Budget Buyer,2022-07-25,VIP
CUST05873,C003,26-35,Female,USA,Low,Young Professional,2024-09-21,Loyal
CUST05874,C007,46-55,Male,India,High,Budget Buyer,2021-05-04,Loyal
CUST05875,C002,26-35,Other,UK,Low,Technology Enthusiast,2022-04-27,VIP
CUST05876,C008,18-25,Other,UK,High,Budget Buyer,2022-04-11,VIP
CUST05877,C005,26-35,Female,Singapore,Premium,Young Professional,2021-01-17,Regular
CUST05878,C004,18-25,Male,Singapore,Medium,Technology Enthusiast,2026-04-26,Loyal
CUST05879,C008,26-35,Male,USA,High,Technology Enthusiast,2023-02-12,New
CUST05880,C001,56+,Female,USA,Premium,Value Seeker,2020-04-23,VIP
CUST05881,C008,18-25,Male,Canada,Premium,Technology Enthusiast,2024-01-16,Regular
CUST05882,C002,46-55,Female,India,Low,Value Seeker,2023-01-02,Loyal
CUST05883,C006,56+,Other,Canada,Premium,Young Professional,2024-01-17,Regular
CUST05884,C001,56+,Male,India,Medium,Value Seeker,2021-02-04,Regular
CUST05885,C001,46-55,Female,USA,Low,Premium Customer,2021-01-23,New
CUST05886,C010,46-55,Female,India,Premium,Young Professional,2021-04-04,New
CUST05887,C010,46-55,Female,South Korea,High,Budget Buyer,2021-10-23,Loyal
CUST05888,C007,46-55,Other,UK,Medium,Technology Enthusiast,2021-01-20,Loyal
CUST05889,C004,36-45,Female,South Korea,Medium,Budget Buyer,2024-11-01,Regular
CUST05890,C001,56+,Female,USA,Low,Value Seeker,2022-11-19,VIP
CUST05891,C006,36-45,Female,Singapore,High,Budget Buyer,2022-07-20,Loyal
CUST05892,C005,46-55,Male,South Korea,High,Young Professional,2021-08-07,Regular
CUST05893,C002,36-45,Other,Japan,High,Budget Buyer,2023-04-29,New
CUST05894,C001,56+,Male,Singapore,High,Young Professional,2021-08-17,VIP
CUST05895,C004,46-55,Female,UK,Premium,Value Seeker,2023-07-14,Loyal
CUST05896,C004,18-25,Male,India,Medium,Young Professional,2024-08-17,Loyal
CUST05897,C001,18-25,Female,Singapore,High,Premium Customer,2025-11-06,New
CUST05898,C003,46-55,Male,South Korea,High,Budget Buyer,2022-03-22,VIP
CUST05899,C001,18-25,Male,UK,High,Value Seeker,2024-10-18,Loyal
CUST05900,C006,18-25,Male,Canada,Low,Premium Customer,2022-04-08,VIP
CUST05901,C003,56+,Male,Japan,High,Budget Buyer,2022-02-03,VIP
CUST05902,C006,18-25,Male,Singapore,Medium,Premium Customer,2022-12-25,New
CUST05903,C006,36-45,Other,UK,Low,Premium Customer,2026-02-28,Regular
CUST05904,C010,26-35,Other,Singapore,Low,Budget Buyer,2022-04-16,Regular
CUST05905,C010,36-45,Female,USA,Medium,Budget Buyer,2024-09-29,VIP
CUST05906,C005,36-45,Other,Singapore,Premium,Premium Customer,2024-05-01,Loyal
CUST05907,C008,36-45,Female,UK,High,Budget Buyer,2026-03-23,Loyal
CUST05908,C006,18-25,Other,Canada,Medium,Technology Enthusiast,2020-08-25,Regular
CUST05909,C006,18-25,Other,UK,Premium,Budget Buyer,2025-04-03,New
CUST05910,C003,36-45,Other,Japan,Low,Young Professional,2025-11-03,Regular
CUST05911,C009,36-45,Other,Japan,Medium,Budget Buyer,2021-09-19,Regular
CUST05912,C003,46-55,Female,USA,Low,Technology Enthusiast,2026-01-27,New
CUST05913,C006,56+,Male,India,High,Value Seeker,2022-01-30,New
CUST05914,C007,26-35,Male,Germany,Low,Value Seeker,2025-06-25,Loyal
CUST05915,C001,46-55,Other,South Korea,Premium,Premium Customer,2021-03-04,Regular
CUST05916,C002,18-25,Other,India,High,Budget Buyer,2026-07-10,VIP
CUST05917,C002,46-55,Male,Japan,Premium,Young Professional,2026-06-28,Loyal
CUST05918,C006,18-25,Female,USA,High,Value Seeker,2023-02-10,VIP
CUST05919,C007,26-35,Other,Canada,Medium,Budget Buyer,2025-04-12,Loyal
CUST05920,C006,46-55,Female,Japan,Premium,Technology Enthusiast,2024-08-19,Regular
CUST05921,C010,26-35,Other,Singapore,Medium,Value Seeker,2024-03-24,VIP
CUST05922,C004,36-45,Male,South Korea,Low,Value Seeker,2021-11-16,New
CUST05923,C010,36-45,Female,Singapore,High,Budget Buyer,2020-06-14,Loyal
CUST05924,C002,36-45,Male,India,Premium,Premium Customer,2022-08-14,Regular
CUST05925,C003,56+,Female,Singapore,Low,Premium Customer,2026-06-22,New
CUST05926,C006,56+,Male,South Korea,Low,Value Seeker,2020-12-21,Loyal
CUST05927,C003,46-55,Other,Germany,Premium,Young Professional,2022-08-31,Regular
CUST05928,C008,56+,Male,USA,Medium,Budget Buyer,2022-10-18,Loyal
CUST05929,C004,18-25,Male,Japan,Premium,Budget Buyer,2023-03-22,VIP
CUST05930,C009,46-55,Male,USA,Low,Young Professional,2021-08-08,VIP
CUST05931,C007,18-25,Female,Germany,High,Premium Customer,2021-11-29,VIP
CUST05932,C004,36-45,Male,Canada,High,Young Professional,2023-11-09,VIP
CUST05933,C005,26-35,Male,USA,Premium,Technology Enthusiast,2025-01-25,Loyal
CUST05934,C010,46-55,Female,Germany,Premium,Budget Buyer,2021-12-22,New
CUST05935,C009,56+,Female,Germany,Medium,Budget Buyer,2025-11-10,New
CUST05936,C005,36-45,Female,USA,Premium,Young Professional,2026-02-18,VIP
CUST05937,C001,56+,Male,Canada,Low,Technology Enthusiast,2025-10-27,New
CUST05938,C003,36-45,Female,UK,Medium,Premium Customer,2023-02-26,New
CUST05939,C008,36-45,Other,Singapore,Low,Technology Enthusiast,2022-04-20,VIP
CUST05940,C004,26-35,Male,Canada,Medium,Budget Buyer,2024-11-12,New
CUST05941,C004,26-35,Male,Germany,Low,Young Professional,2025-01-23,Loyal
CUST05942,C001,18-25,Other,Germany,High,Technology Enthusiast,2022-07-27,New
CUST05943,C002,36-45,Female,Singapore,High,Technology Enthusiast,2024-07-03,Regular
CUST05944,C008,56+,Other,Singapore,Low,Value Seeker,2022-03-20,Regular
CUST05945,C008,26-35,Other,South Korea,Low,Technology Enthusiast,2021-06-22,New
CUST05946,C006,26-35,Other,UK,High,Technology Enthusiast,2023-11-15,Regular
CUST05947,C001,18-25,Male,Singapore,Premium,Budget Buyer,2021-12-17,VIP
CUST05948,C001,26-35,Other,Canada,Low,Premium Customer,2022-09-03,VIP
CUST05949,C007,26-35,Other,South Korea,High,Technology Enthusiast,2020-02-24,New
CUST05950,C008,46-55,Other,Canada,Low,Budget Buyer,2021-10-16,Loyal
CUST05951,C001,56+,Male,Singapore,Premium,Technology Enthusiast,2022-10-13,New
CUST05952,C003,56+,Other,Germany,Premium,Technology Enthusiast,2025-12-15,Regular
CUST05953,C010,36-45,Other,Germany,Low,Technology Enthusiast,2026-01-21,Regular
CUST05954,C003,56+,Male,Canada,Premium,Technology Enthusiast,2025-01-09,Loyal
CUST05955,C004,26-35,Female,UK,Medium,Value Seeker,2023-07-21,New
CUST05956,C008,36-45,Other,Singapore,Low,Budget Buyer,2021-11-16,Loyal
CUST05957,C007,26-35,Male,Singapore,Premium,Technology Enthusiast,2021-10-14,New
CUST05958,C002,36-45,Female,South Korea,Low,Budget Buyer,2026-06-17,Loyal
CUST05959,C002,56+,Male,Canada,High,Premium Customer,2021-09-08,New
CUST05960,C003,56+,Male,Singapore,Medium,Young Professional,2020-06-01,VIP
CUST05961,C005,36-45,Female,UK,Medium,Premium Customer,2025-08-25,VIP
CUST05962,C002,26-35,Male,South Korea,Premium,Premium Customer,2025-05-18,New
CUST05963,C007,56+,Other,Japan,Low,Value Seeker,2022-02-10,VIP
CUST05964,C009,56+,Male,Singapore,High,Premium Customer,2026-05-19,Loyal
CUST05965,C002,56+,Other,Canada,Medium,Premium Customer,2024-08-18,VIP
CUST05966,C004,46-55,Other,Japan,Premium,Budget Buyer,2022-10-07,Loyal
CUST05967,C006,36-45,Female,South Korea,Premium,Premium Customer,2022-06-25,Loyal
CUST05968,C010,56+,Female,Japan,Medium,Premium Customer,2021-07-19,New
CUST05969,C009,26-35,Female,Canada,High,Technology Enthusiast,2025-10-02,Regular
CUST05970,C004,18-25,Female,UK,High,Young Professional,2024-03-25,Loyal
CUST05971,C001,36-45,Female,South Korea,Low,Value Seeker,2022-01-17,New
CUST05972,C008,26-35,Other,Japan,Low,Premium Customer,2025-10-18,New
CUST05973,C001,46-55,Other,Singapore,Medium,Value Seeker,2022-08-17,Loyal
CUST05974,C001,56+,Other,India,High,Value Seeker,2022-07-01,VIP
CUST05975,C005,26-35,Female,India,Premium,Young Professional,2021-01-03,Loyal
CUST05976,C002,56+,Female,USA,Premium,Budget Buyer,2020-03-03,VIP
CUST05977,C009,56+,Male,USA,Medium,Value Seeker,2022-04-27,Loyal
CUST05978,C001,46-55,Female,Canada,Medium,Young Professional,2021-11-12,New
CUST05979,C002,36-45,Female,Japan,High,Young Professional,2024-07-10,VIP
CUST05980,C005,46-55,Male,UK,Low,Budget Buyer,2025-11-05,VIP
CUST05981,C001,46-55,Male,Japan,High,Premium Customer,2023-10-28,Regular
CUST05982,C009,18-25,Male,Singapore,Low,Budget Buyer,2023-03-08,VIP
CUST05983,C007,46-55,Other,USA,High,Value Seeker,2021-04-21,New
CUST05984,C008,46-55,Male,UK,High,Young Professional,2024-03-30,Loyal
CUST05985,C007,56+,Male,USA,High,Value Seeker,2025-03-11,Regular
CUST05986,C007,36-45,Female,Japan,High,Young Professional,2025-01-23,VIP
CUST05987,C001,56+,Male,Canada,Medium,Premium Customer,2024-04-23,New
CUST05988,C006,26-35,Other,UK,High,Technology Enthusiast,2022-03-07,VIP
CUST05989,C010,46-55,Other,India,Low,Technology Enthusiast,2024-06-27,VIP
CUST05990,C006,56+,Male,Canada,Low,Young Professional,2025-10-20,New
CUST05991,C004,26-35,Female,South Korea,High,Young Professional,2024-09-12,New
CUST05992,C003,18-25,Other,Germany,Premium,Technology Enthusiast,2024-05-17,New
CUST05993,C003,56+,Male,India,High,Young Professional,2021-10-09,Regular
CUST05994,C002,18-25,Male,Canada,High,Young Professional,2021-10-30,VIP
CUST05995,C010,18-25,Female,UK,High,Premium Customer,2020-05-05,VIP
CUST05996,C009,26-35,Male,India,Premium,Value Seeker,2025-06-10,VIP
CUST05997,C006,56+,Male,South Korea,Low,Young Professional,2025-01-03,New
CUST05998,C001,18-25,Male,Singapore,Premium,Premium Customer,2023-03-12,VIP
CUST05999,C007,56+,Female,Germany,Medium,Value Seeker,2025-06-16,Loyal
CUST06000,C010,46-55,Male,South Korea,Low,Technology Enthusiast,2024-04-17,VIP
CUST06001,C008,36-45,Female,USA,Medium,Budget Buyer,2023-07-08,Loyal
CUST06002,C006,18-25,Male,Canada,High,Value Seeker,2022-12-17,Regular
CUST06003,C007,46-55,Other,Canada,Low,Value Seeker,2025-01-04,VIP
CUST06004,C007,36-45,Other,Singapore,Premium,Technology Enthusiast,2025-06-17,New
CUST06005,C009,56+,Female,Germany,Low,Young Professional,2025-05-15,New
CUST06006,C009,36-45,Other,India,High,Technology Enthusiast,2022-09-07,New
CUST06007,C005,36-45,Female,Canada,Medium,Premium Customer,2023-04-07,New
CUST06008,C008,36-45,Female,Canada,High,Value Seeker,2021-07-18,VIP
CUST06009,C009,18-25,Male,Japan,High,Premium Customer,2024-08-14,Regular
CUST06010,C009,36-45,Male,South Korea,High,Budget Buyer,2025-04-30,Regular
CUST06011,C010,36-45,Female,India,Medium,Premium Customer,2021-05-22,Regular
CUST06012,C009,26-35,Female,Singapore,Low,Budget Buyer,2020-05-06,Loyal
CUST06013,C009,46-55,Female,India,Premium,Young Professional,2025-07-19,New
CUST06014,C002,56+,Other,Germany,Medium,Young Professional,2022-02-22,VIP
CUST06015,C008,36-45,Other,Singapore,Medium,Budget Buyer,2025-05-12,VIP
CUST06016,C008,56+,Female,UK,Premium,Premium Customer,2020-10-01,VIP
CUST06017,C009,18-25,Female,Germany,Medium,Technology Enthusiast,2024-08-11,VIP
CUST06018,C004,18-25,Male,India,Medium,Value Seeker,2025-12-27,VIP
CUST06019,C003,56+,Other,Singapore,High,Budget Buyer,2023-05-26,Loyal
CUST06020,C007,36-45,Female,South Korea,Premium,Budget Buyer,2024-06-12,Loyal
CUST06021,C004,36-45,Female,Germany,High,Technology Enthusiast,2024-06-02,Loyal
CUST06022,C005,26-35,Male,South Korea,Premium,Value Seeker,2021-02-26,New
CUST06023,C009,18-25,Other,UK,Medium,Young Professional,2020-05-08,Regular
CUST06024,C009,18-25,Other,UK,Low,Young Professional,2020-02-07,Regular
CUST06025,C007,18-25,Female,Japan,Premium,Technology Enthusiast,2023-08-09,VIP
CUST06026,C010,56+,Male,India,Low,Technology Enthusiast,2024-09-11,Regular
CUST06027,C004,18-25,Female,UK,High,Budget Buyer,2022-02-09,Loyal
CUST06028,C002,46-55,Female,Canada,Medium,Premium Customer,2023-07-07,VIP
CUST06029,C009,18-25,Other,UK,Premium,Premium Customer,2024-09-05,Regular
CUST06030,C004,26-35,Female,Singapore,High,Value Seeker,2022-07-15,New
CUST06031,C002,36-45,Female,Japan,Premium,Premium Customer,2026-03-08,VIP
CUST06032,C002,26-35,Other,Japan,Low,Premium Customer,2024-08-23,Loyal
CUST06033,C002,26-35,Male,Canada,Low,Premium Customer,2020-02-26,Regular
CUST06034,C003,36-45,Male,Germany,High,Premium Customer,2024-07-28,Loyal
CUST06035,C006,46-55,Other,USA,Medium,Budget Buyer,2023-02-26,Regular
CUST06036,C009,46-55,Female,UK,Premium,Young Professional,2023-02-22,Loyal
CUST06037,C001,56+,Other,UK,Low,Young Professional,2020-11-07,Regular
CUST06038,C006,36-45,Other,Canada,Medium,Young Professional,2022-05-18,VIP
CUST06039,C003,46-55,Other,India,Premium,Technology Enthusiast,2025-12-22,New
CUST06040,C004,36-45,Other,South Korea,High,Budget Buyer,2025-09-06,Regular
CUST06041,C005,46-55,Other,Canada,Low,Technology Enthusiast,2020-06-26,Loyal
CUST06042,C001,56+,Male,Canada,Low,Young Professional,2024-03-13,Loyal
CUST06043,C005,36-45,Male,UK,Low,Premium Customer,2024-09-06,New
CUST06044,C007,18-25,Other,Japan,Premium,Value Seeker,2021-03-21,VIP
CUST06045,C003,26-35,Male,Germany,Low,Young Professional,2023-09-06,Loyal
CUST06046,C007,26-35,Other,Canada,High,Value Seeker,2023-06-21,New
CUST06047,C006,18-25,Male,UK,Medium,Budget Buyer,2022-11-07,Loyal
CUST06048,C001,56+,Female,Germany,Low,Young Professional,2025-04-18,Regular
CUST06049,C010,18-25,Male,Canada,Medium,Value Seeker,2020-04-20,Regular
CUST06050,C007,18-25,Female,Japan,High,Young Professional,2021-08-05,VIP
CUST06051,C003,36-45,Other,South Korea,High,Premium Customer,2025-08-30,Loyal
CUST06052,C008,26-35,Male,Germany,High,Value Seeker,2026-02-15,New
CUST06053,C001,36-45,Male,Japan,Premium,Technology Enthusiast,2026-06-26,VIP
CUST06054,C009,56+,Male,Japan,Premium,Value Seeker,2022-02-04,Regular
CUST06055,C010,56+,Male,India,Low,Technology Enthusiast,2024-12-30,VIP
CUST06056,C006,36-45,Female,India,Premium,Young Professional,2025-11-10,Loyal
CUST06057,C007,36-45,Other,Singapore,Premium,Budget Buyer,2021-10-06,Regular
CUST06058,C003,18-25,Other,South Korea,High,Technology Enthusiast,2025-01-06,VIP
CUST06059,C006,56+,Other,India,Medium,Budget Buyer,2020-08-06,VIP
CUST06060,C006,18-25,Female,Singapore,Low,Premium Customer,2021-06-03,Loyal
CUST06061,C004,18-25,Other,Singapore,High,Technology Enthusiast,2026-07-07,Loyal
CUST06062,C008,26-35,Other,UK,Low,Value Seeker,2025-07-20,Loyal
CUST06063,C005,18-25,Other,South Korea,Medium,Budget Buyer,2023-01-06,VIP
CUST06064,C002,56+,Other,India,Low,Budget Buyer,2026-01-26,Regular
CUST06065,C001,46-55,Female,UK,Low,Premium Customer,2022-03-13,Loyal
CUST06066,C003,18-25,Other,Singapore,Premium,Premium Customer,2024-11-10,Loyal
CUST06067,C008,18-25,Female,Germany,High,Value Seeker,2020-09-28,VIP
CUST06068,C006,36-45,Male,India,Medium,Budget Buyer,2024-09-17,Regular
CUST06069,C001,18-25,Other,Singapore,Low,Technology Enthusiast,2020-01-22,Regular
CUST06070,C003,36-45,Male,India,Low,Premium Customer,2021-01-06,Loyal
CUST06071,C002,46-55,Other,Canada,Medium,Budget Buyer,2024-04-18,VIP
CUST06072,C001,26-35,Other,Germany,Low,Premium Customer,2023-04-30,VIP
CUST06073,C003,26-35,Female,Singapore,High,Young Professional,2022-05-19,VIP
CUST06074,C002,46-55,Male,Singapore,Low,Premium Customer,2020-06-05,VIP
CUST06075,C004,46-55,Other,UK,Low,Young Professional,2025-07-05,New
CUST06076,C009,18-25,Male,South Korea,Medium,Technology Enthusiast,2021-04-27,New
CUST06077,C009,46-55,Other,India,Low,Budget Buyer,2022-11-19,VIP
CUST06078,C001,46-55,Female,South Korea,Premium,Young Professional,2023-11-13,Loyal
CUST06079,C008,46-55,Other,India,Medium,Value Seeker,2024-02-02,VIP
CUST06080,C008,56+,Other,Canada,Premium,Technology Enthusiast,2023-08-04,New
CUST06081,C001,56+,Other,Germany,Premium,Technology Enthusiast,2026-07-16,Loyal
CUST06082,C009,36-45,Male,Germany,Low,Technology Enthusiast,2024-07-05,New
CUST06083,C005,26-35,Male,Canada,Medium,Budget Buyer,2023-07-17,Loyal
CUST06084,C010,26-35,Male,South Korea,Low,Budget Buyer,2026-02-08,New
CUST06085,C003,46-55,Female,Japan,High,Premium Customer,2024-05-27,Loyal
CUST06086,C004,36-45,Other,USA,Premium,Value Seeker,2024-11-13,Regular
CUST06087,C006,18-25,Female,UK,Medium,Budget Buyer,2020-11-26,Regular
CUST06088,C006,26-35,Male,South Korea,Medium,Premium Customer,2025-09-07,Regular
CUST06089,C004,56+,Male,Canada,Low,Technology Enthusiast,2020-04-29,VIP
CUST06090,C002,26-35,Female,India,High,Young Professional,2021-03-15,Regular
CUST06091,C001,36-45,Other,South Korea,Premium,Value Seeker,2024-06-17,New
CUST06092,C002,46-55,Male,Singapore,Low,Budget Buyer,2021-06-30,New
CUST06093,C008,46-55,Male,Japan,Medium,Budget Buyer,2024-08-29,Loyal
CUST06094,C003,46-55,Male,South Korea,Low,Budget Buyer,2024-09-09,New
CUST06095,C008,46-55,Other,Singapore,Premium,Young Professional,2020-01-27,VIP
CUST06096,C005,36-45,Female,Germany,High,Technology Enthusiast,2021-02-17,Loyal
CUST06097,C007,56+,Female,Germany,Premium,Young Professional,2026-02-27,Regular
CUST06098,C006,36-45,Female,South Korea,Premium,Technology Enthusiast,2021-12-07,VIP
CUST06099,C008,56+,Female,USA,Premium,Premium Customer,2022-06-24,New
CUST06100,C004,26-35,Other,South Korea,Low,Budget Buyer,2021-10-21,Loyal
CUST06101,C001,18-25,Other,South Korea,Low,Young Professional,2023-12-16,New
CUST06102,C010,26-35,Male,Germany,Low,Young Professional,2024-04-05,VIP
CUST06103,C008,36-45,Other,Singapore,Low,Budget Buyer,2021-09-10,Loyal
CUST06104,C010,26-35,Male,Canada,Low,Premium Customer,2023-11-12,Regular
CUST06105,C010,46-55,Male,USA,High,Premium Customer,2020-03-11,VIP
CUST06106,C001,18-25,Other,India,High,Budget Buyer,2022-03-01,Regular
CUST06107,C005,36-45,Other,Germany,Premium,Value Seeker,2022-03-30,Loyal
CUST06108,C007,18-25,Other,South Korea,Premium,Technology Enthusiast,2025-11-30,Regular
CUST06109,C005,26-35,Female,Canada,Low,Premium Customer,2025-06-18,VIP
CUST06110,C007,18-25,Other,South Korea,High,Value Seeker,2021-08-13,New
CUST06111,C010,36-45,Female,Canada,Medium,Technology Enthusiast,2024-07-25,Regular
CUST06112,C003,56+,Male,Canada,Premium,Budget Buyer,2024-05-19,Regular
CUST06113,C010,18-25,Female,UK,Low,Technology Enthusiast,2023-10-06,Loyal
CUST06114,C006,56+,Male,Singapore,Medium,Premium Customer,2022-12-20,VIP
CUST06115,C004,18-25,Male,Japan,Low,Value Seeker,2022-07-03,VIP
CUST06116,C007,26-35,Female,India,High,Budget Buyer,2024-07-06,VIP
CUST06117,C005,46-55,Female,Japan,Medium,Value Seeker,2022-12-06,Loyal
CUST06118,C007,56+,Female,USA,Premium,Technology Enthusiast,2024-06-30,Regular
CUST06119,C002,36-45,Male,South Korea,Low,Value Seeker,2025-05-06,Loyal
CUST06120,C003,36-45,Female,Canada,Premium,Budget Buyer,2026-03-16,Loyal
CUST06121,C001,36-45,Female,Canada,High,Technology Enthusiast,2020-04-04,New
CUST06122,C008,46-55,Female,South Korea,High,Budget Buyer,2024-08-30,Regular
CUST06123,C009,18-25,Male,South Korea,Premium,Budget Buyer,2022-10-19,VIP
CUST06124,C009,26-35,Female,Canada,Medium,Value Seeker,2022-08-20,Loyal
CUST06125,C006,36-45,Other,USA,Premium,Budget Buyer,2021-06-03,Regular
CUST06126,C006,36-45,Male,South Korea,Premium,Young Professional,2022-10-14,Loyal
CUST06127,C007,36-45,Male,USA,Low,Budget Buyer,2021-03-12,New
CUST06128,C005,26-35,Other,USA,Medium,Technology Enthusiast,2025-03-09,Regular
CUST06129,C006,36-45,Female,India,Low,Value Seeker,2025-10-30,VIP
CUST06130,C008,26-35,Female,South Korea,Low,Young Professional,2020-10-27,VIP
CUST06131,C009,26-35,Other,India,Low,Premium Customer,2023-10-16,Loyal
CUST06132,C005,56+,Female,India,Low,Value Seeker,2025-06-19,New
CUST06133,C009,26-35,Other,India,Premium,Young Professional,2021-10-17,New
CUST06134,C010,36-45,Other,Canada,Low,Value Seeker,2024-05-12,Regular
CUST06135,C008,36-45,Female,UK,Premium,Young Professional,2024-09-19,VIP
CUST06136,C003,18-25,Male,Germany,Premium,Young Professional,2025-11-19,VIP
CUST06137,C003,18-25,Male,India,High,Technology Enthusiast,2024-08-22,New
CUST06138,C002,56+,Other,India,Low,Value Seeker,2025-11-23,New
CUST06139,C001,26-35,Female,UK,Premium,Technology Enthusiast,2023-09-22,VIP
CUST06140,C003,18-25,Male,India,Premium,Budget Buyer,2021-09-25,New
CUST06141,C009,46-55,Other,UK,Medium,Value Seeker,2020-09-13,VIP
CUST06142,C007,26-35,Male,Japan,High,Budget Buyer,2024-05-22,Loyal
CUST06143,C002,56+,Male,South Korea,Low,Value Seeker,2026-06-27,VIP
CUST06144,C003,56+,Female,UK,Premium,Value Seeker,2021-11-13,Loyal
CUST06145,C009,36-45,Other,UK,Premium,Value Seeker,2022-08-31,VIP
CUST06146,C005,36-45,Other,USA,Low,Technology Enthusiast,2023-08-19,Regular
CUST06147,C004,36-45,Female,Japan,Premium,Value Seeker,2022-09-09,Regular
CUST06148,C005,26-35,Other,USA,Premium,Budget Buyer,2024-06-26,New
CUST06149,C006,56+,Female,Japan,Medium,Budget Buyer,2023-08-08,Regular
CUST06150,C010,18-25,Female,India,High,Budget Buyer,2024-08-03,VIP
CUST06151,C008,36-45,Other,UK,Low,Value Seeker,2026-05-08,VIP
CUST06152,C010,56+,Other,USA,High,Young Professional,2025-09-11,Loyal
CUST06153,C009,18-25,Other,USA,Premium,Value Seeker,2020-11-27,Loyal
CUST06154,C006,36-45,Other,South Korea,High,Technology Enthusiast,2025-10-14,Loyal
CUST06155,C001,56+,Male,Singapore,Medium,Technology Enthusiast,2020-06-29,VIP
CUST06156,C006,18-25,Female,UK,Low,Budget Buyer,2026-01-21,New
CUST06157,C006,18-25,Male,South Korea,High,Value Seeker,2025-02-14,Loyal
CUST06158,C008,26-35,Other,UK,High,Young Professional,2023-08-09,Loyal
CUST06159,C007,18-25,Other,Canada,Premium,Technology Enthusiast,2025-08-10,New
CUST06160,C001,36-45,Other,USA,Medium,Value Seeker,2021-03-01,VIP
CUST06161,C003,26-35,Female,Canada,Premium,Budget Buyer,2023-01-24,New
CUST06162,C003,18-25,Other,India,Premium,Premium Customer,2023-11-13,Regular
CUST06163,C005,46-55,Male,Japan,Premium,Premium Customer,2023-01-08,Regular
CUST06164,C005,46-55,Female,Canada,Premium,Premium Customer,2025-12-21,Regular
CUST06165,C001,26-35,Female,South Korea,Medium,Technology Enthusiast,2025-12-16,New
CUST06166,C010,18-25,Male,Singapore,Medium,Young Professional,2021-01-22,VIP
CUST06167,C005,56+,Male,Canada,Medium,Budget Buyer,2020-11-25,Regular
CUST06168,C003,18-25,Female,South Korea,High,Premium Customer,2022-03-08,Regular
CUST06169,C004,56+,Other,UK,Premium,Premium Customer,2024-11-07,Loyal
CUST06170,C008,36-45,Female,UK,High,Technology Enthusiast,2024-01-14,VIP
CUST06171,C009,46-55,Other,Japan,Low,Premium Customer,2023-08-19,VIP
CUST06172,C005,46-55,Other,UK,Premium,Young Professional,2025-08-13,VIP
CUST06173,C002,18-25,Male,India,Medium,Young Professional,2022-07-07,Loyal
CUST06174,C005,36-45,Female,Germany,Medium,Young Professional,2024-07-17,VIP
CUST06175,C010,36-45,Male,Canada,High,Young Professional,2025-09-18,VIP
CUST06176,C001,18-25,Other,Canada,High,Budget Buyer,2023-03-20,Loyal
CUST06177,C007,26-35,Female,India,Premium,Technology Enthusiast,2022-05-18,Loyal
CUST06178,C002,56+,Male,Singapore,Low,Value Seeker,2020-09-25,VIP
CUST06179,C006,36-45,Other,Canada,Medium,Value Seeker,2023-11-27,New
CUST06180,C004,26-35,Female,USA,Premium,Premium Customer,2022-10-05,New
CUST06181,C002,18-25,Male,Singapore,Premium,Premium Customer,2025-10-30,Loyal
CUST06182,C004,18-25,Female,India,High,Technology Enthusiast,2024-04-01,Regular
CUST06183,C008,36-45,Male,Singapore,High,Premium Customer,2021-02-10,Loyal
CUST06184,C010,36-45,Female,Singapore,Medium,Technology Enthusiast,2022-04-21,VIP
CUST06185,C002,18-25,Other,South Korea,Premium,Premium Customer,2024-05-20,Loyal
CUST06186,C006,18-25,Other,Canada,Medium,Budget Buyer,2025-11-14,VIP
CUST06187,C006,18-25,Other,South Korea,Low,Budget Buyer,2021-10-27,Loyal
CUST06188,C004,26-35,Female,India,High,Young Professional,2020-09-22,VIP
CUST06189,C005,26-35,Other,Canada,High,Technology Enthusiast,2020-09-11,Loyal
CUST06190,C009,46-55,Other,Japan,High,Technology Enthusiast,2024-12-14,New
CUST06191,C003,56+,Male,Germany,Low,Premium Customer,2024-08-29,Regular
CUST06192,C008,18-25,Other,Germany,High,Technology Enthusiast,2022-05-08,Loyal
CUST06193,C002,26-35,Other,Canada,High,Technology Enthusiast,2021-12-01,Regular
CUST06194,C004,36-45,Other,India,Medium,Young Professional,2021-12-23,Loyal
CUST06195,C006,18-25,Male,Singapore,Medium,Premium Customer,2025-08-09,Loyal
CUST06196,C004,18-25,Female,UK,Premium,Value Seeker,2023-09-25,Regular
CUST06197,C008,26-35,Male,USA,Premium,Young Professional,2020-08-12,New
CUST06198,C003,18-25,Male,Singapore,Low,Premium Customer,2025-11-19,VIP
CUST06199,C004,36-45,Male,Germany,High,Premium Customer,2023-04-30,New
CUST06200,C003,26-35,Male,Japan,Premium,Young Professional,2024-03-17,New
CUST06201,C007,56+,Other,South Korea,Low,Value Seeker,2022-01-04,Loyal
CUST06202,C003,36-45,Other,USA,High,Value Seeker,2021-01-22,Loyal
CUST06203,C002,26-35,Other,Germany,Premium,Technology Enthusiast,2025-04-28,Loyal
CUST06204,C001,36-45,Other,Japan,Medium,Premium Customer,2022-12-14,New
CUST06205,C003,36-45,Female,South Korea,Medium,Value Seeker,2022-10-03,Loyal
CUST06206,C001,36-45,Male,India,Premium,Budget Buyer,2023-08-01,New
CUST06207,C004,18-25,Female,Japan,Medium,Premium Customer,2020-03-10,Loyal
CUST06208,C003,36-45,Male,South Korea,Low,Young Professional,2022-03-15,VIP
CUST06209,C009,26-35,Female,Japan,High,Premium Customer,2022-07-12,Regular
CUST06210,C009,56+,Other,USA,Medium,Technology Enthusiast,2024-02-27,Loyal
CUST06211,C004,46-55,Female,Singapore,Low,Budget Buyer,2026-04-28,Loyal
CUST06212,C006,26-35,Male,India,Premium,Technology Enthusiast,2025-06-23,Regular
CUST06213,C007,18-25,Other,Canada,Low,Young Professional,2024-05-09,Loyal
CUST06214,C008,18-25,Male,South Korea,High,Budget Buyer,2024-02-25,Loyal
CUST06215,C007,36-45,Female,India,Premium,Young Professional,2024-05-23,VIP
CUST06216,C010,26-35,Male,Germany,Medium,Young Professional,2025-07-28,Regular
CUST06217,C001,26-35,Male,India,Premium,Value Seeker,2022-10-29,New
CUST06218,C010,18-25,Female,South Korea,Low,Value Seeker,2021-03-06,VIP
CUST06219,C004,56+,Male,USA,High,Value Seeker,2023-10-24,New
CUST06220,C003,46-55,Male,UK,Medium,Value Seeker,2026-02-20,Regular
CUST06221,C009,18-25,Female,India,Medium,Young Professional,2024-08-11,Loyal
CUST06222,C005,26-35,Female,UK,Medium,Young Professional,2021-07-12,Regular
CUST06223,C001,26-35,Other,UK,Low,Budget Buyer,2021-08-31,New
CUST06224,C002,26-35,Female,UK,Medium,Young Professional,2022-02-20,Regular
CUST06225,C006,56+,Female,USA,Medium,Young Professional,2020-09-08,Regular
CUST06226,C003,46-55,Male,South Korea,Premium,Value Seeker,2023-08-14,Loyal
CUST06227,C009,46-55,Other,South Korea,Premium,Young Professional,2023-01-30,New
CUST06228,C009,46-55,Other,Japan,Medium,Premium Customer,2025-02-03,New
CUST06229,C005,56+,Male,India,Premium,Budget Buyer,2020-01-15,New
CUST06230,C007,26-35,Female,India,Medium,Premium Customer,2022-10-04,Regular
CUST06231,C002,46-55,Female,UK,Premium,Budget Buyer,2023-10-01,VIP
CUST06232,C004,26-35,Other,UK,High,Young Professional,2024-10-24,VIP
CUST06233,C008,26-35,Other,UK,High,Value Seeker,2025-02-06,Regular
CUST06234,C002,46-55,Male,UK,Medium,Value Seeker,2023-02-18,Regular
CUST06235,C009,26-35,Other,USA,Medium,Technology Enthusiast,2022-07-02,Loyal
CUST06236,C003,26-35,Female,India,Premium,Value Seeker,2021-10-31,VIP
CUST06237,C001,36-45,Male,USA,High,Young Professional,2026-07-07,New
CUST06238,C003,36-45,Male,UK,Medium,Young Professional,2023-06-29,Loyal
CUST06239,C007,18-25,Other,Germany,Medium,Young Professional,2024-12-18,New
CUST06240,C005,26-35,Other,Germany,Medium,Premium Customer,2024-08-26,Loyal
CUST06241,C002,26-35,Female,Germany,Medium,Technology Enthusiast,2023-12-14,VIP
CUST06242,C009,36-45,Other,USA,Low,Young Professional,2026-07-13,Regular
CUST06243,C001,36-45,Female,South Korea,High,Technology Enthusiast,2026-06-30,Loyal
CUST06244,C001,26-35,Female,South Korea,Medium,Value Seeker,2025-09-14,Regular
CUST06245,C004,18-25,Female,India,Premium,Budget Buyer,2020-02-27,VIP
CUST06246,C010,56+,Female,Singapore,Premium,Young Professional,2023-05-28,VIP
CUST06247,C006,56+,Male,Canada,Medium,Young Professional,2021-11-19,VIP
CUST06248,C006,56+,Other,Singapore,Medium,Value Seeker,2020-06-18,VIP
CUST06249,C001,36-45,Male,Japan,High,Budget Buyer,2021-12-08,New
CUST06250,C001,36-45,Other,Singapore,Medium,Young Professional,2024-02-16,New
CUST06251,C003,46-55,Female,Singapore,Low,Technology Enthusiast,2024-09-27,Loyal
CUST06252,C001,56+,Female,Canada,Premium,Budget Buyer,2023-07-06,Regular
CUST06253,C004,36-45,Male,Canada,High,Value Seeker,2024-10-03,Regular
CUST06254,C001,36-45,Female,Germany,Medium,Premium Customer,2024-10-27,New
CUST06255,C005,36-45,Male,Germany,Premium,Budget Buyer,2022-06-22,Loyal
CUST06256,C003,26-35,Male,India,Low,Young Professional,2022-12-27,VIP
CUST06257,C009,18-25,Other,Japan,Medium,Budget Buyer,2022-10-10,Regular
CUST06258,C003,26-35,Other,Singapore,High,Technology Enthusiast,2024-01-28,VIP
CUST06259,C005,56+,Female,India,Premium,Premium Customer,2024-11-29,VIP
CUST06260,C005,26-35,Other,Singapore,Medium,Budget Buyer,2023-02-28,VIP
CUST06261,C001,56+,Male,India,Low,Budget Buyer,2025-02-27,New
CUST06262,C003,36-45,Other,India,High,Premium Customer,2023-04-20,Loyal
CUST06263,C003,18-25,Other,South Korea,High,Technology Enthusiast,2021-03-05,New
CUST06264,C001,36-45,Other,USA,Low,Budget Buyer,2023-02-18,VIP
CUST06265,C003,18-25,Other,Canada,Medium,Budget Buyer,2022-02-26,Loyal
CUST06266,C010,18-25,Other,Singapore,High,Budget Buyer,2022-05-01,Loyal
CUST06267,C002,18-25,Male,South Korea,Low,Young Professional,2021-06-16,Regular
CUST06268,C002,36-45,Female,India,Medium,Budget Buyer,2020-04-29,Loyal
CUST06269,C009,46-55,Other,Japan,Low,Premium Customer,2025-10-04,VIP
CUST06270,C001,46-55,Female,USA,High,Budget Buyer,2024-10-29,Loyal
CUST06271,C009,36-45,Male,Japan,Premium,Budget Buyer,2022-07-22,Loyal
CUST06272,C002,26-35,Female,South Korea,Low,Value Seeker,2022-12-24,New
CUST06273,C006,56+,Female,USA,Low,Young Professional,2022-08-01,New
CUST06274,C002,46-55,Male,South Korea,Low,Young Professional,2020-11-20,Regular
CUST06275,C006,36-45,Male,India,Premium,Budget Buyer,2022-02-28,VIP
CUST06276,C006,36-45,Other,South Korea,Medium,Young Professional,2020-02-12,Loyal
CUST06277,C004,18-25,Female,Germany,Premium,Budget Buyer,2021-05-12,Regular
CUST06278,C003,46-55,Male,Japan,Low,Technology Enthusiast,2020-01-29,Loyal
CUST06279,C006,36-45,Male,Singapore,Low,Technology Enthusiast,2021-12-25,VIP
CUST06280,C010,36-45,Male,Germany,Premium,Budget Buyer,2021-06-09,New
CUST06281,C001,56+,Other,Germany,Low,Technology Enthusiast,2026-07-13,New
CUST06282,C005,18-25,Other,USA,Medium,Technology Enthusiast,2020-08-29,VIP
CUST06283,C002,26-35,Other,South Korea,High,Budget Buyer,2021-07-09,Loyal
CUST06284,C010,56+,Male,Japan,High,Value Seeker,2022-11-18,Loyal
CUST06285,C006,26-35,Female,Singapore,High,Value Seeker,2020-06-29,VIP
CUST06286,C004,46-55,Other,Singapore,Premium,Young Professional,2025-12-21,New
CUST06287,C002,36-45,Male,UK,Medium,Premium Customer,2020-06-02,Regular
CUST06288,C005,18-25,Other,Singapore,Premium,Premium Customer,2022-02-13,VIP
CUST06289,C010,26-35,Other,Singapore,Premium,Premium Customer,2025-10-17,New
CUST06290,C001,18-25,Other,UK,High,Budget Buyer,2025-07-13,Regular
CUST06291,C006,26-35,Male,USA,High,Premium Customer,2020-12-06,Regular
CUST06292,C001,26-35,Other,Germany,Premium,Premium Customer,2026-04-20,New
CUST06293,C007,18-25,Male,South Korea,Medium,Technology Enthusiast,2021-11-02,Loyal
CUST06294,C002,46-55,Other,Singapore,Low,Technology Enthusiast,2021-07-29,VIP
CUST06295,C010,18-25,Male,India,High,Budget Buyer,2024-09-29,Regular
CUST06296,C010,56+,Male,South Korea,Premium,Premium Customer,2020-04-20,Regular
CUST06297,C007,56+,Female,Germany,Medium,Value Seeker,2020-03-25,Loyal
CUST06298,C001,46-55,Other,Singapore,Premium,Premium Customer,2024-05-21,New
CUST06299,C006,18-25,Other,India,Low,Young Professional,2023-12-21,New
CUST06300,C010,56+,Male,India,Premium,Technology Enthusiast,2020-08-06,Regular
CUST06301,C006,56+,Other,India,High,Young Professional,2020-07-15,VIP
CUST06302,C005,18-25,Other,Canada,Low,Value Seeker,2023-06-30,Loyal
CUST06303,C004,18-25,Female,India,High,Budget Buyer,2024-09-07,Regular
CUST06304,C010,56+,Male,South Korea,Premium,Budget Buyer,2026-07-21,New
CUST06305,C009,36-45,Other,Germany,Premium,Premium Customer,2021-03-24,Loyal
CUST06306,C010,26-35,Male,USA,Premium,Premium Customer,2020-02-28,Loyal
CUST06307,C010,18-25,Female,Singapore,Premium,Young Professional,2021-01-18,Loyal
CUST06308,C001,36-45,Male,South Korea,High,Value Seeker,2020-06-15,New
CUST06309,C006,36-45,Other,UK,Medium,Technology Enthusiast,2024-12-30,Loyal
CUST06310,C001,26-35,Other,Singapore,Low,Value Seeker,2026-01-14,New
CUST06311,C004,46-55,Female,Singapore,Premium,Young Professional,2024-10-04,VIP
CUST06312,C008,26-35,Female,USA,High,Value Seeker,2024-02-13,Loyal
CUST06313,C008,26-35,Other,UK,Premium,Budget Buyer,2023-03-11,New
CUST06314,C003,46-55,Other,India,Low,Value Seeker,2020-08-20,VIP
CUST06315,C009,18-25,Male,India,Medium,Value Seeker,2020-12-30,New
CUST06316,C009,26-35,Female,USA,Premium,Budget Buyer,2021-09-15,New
CUST06317,C010,36-45,Female,Japan,Low,Premium Customer,2025-03-15,VIP
CUST06318,C002,18-25,Female,Singapore,High,Young Professional,2026-04-23,Loyal
CUST06319,C010,36-45,Male,Canada,Premium,Budget Buyer,2020-07-15,VIP
CUST06320,C003,26-35,Female,South Korea,Medium,Premium Customer,2021-05-27,New
CUST06321,C001,36-45,Other,India,Medium,Premium Customer,2023-10-26,New
CUST06322,C003,36-45,Female,Japan,High,Technology Enthusiast,2025-11-13,Regular
CUST06323,C002,56+,Female,Singapore,Premium,Young Professional,2025-12-12,Regular
CUST06324,C004,46-55,Female,Japan,Medium,Technology Enthusiast,2026-07-24,New
CUST06325,C009,26-35,Male,Canada,Premium,Premium Customer,2020-06-23,New
CUST06326,C005,36-45,Male,Germany,Premium,Value Seeker,2023-05-28,VIP
CUST06327,C001,56+,Female,South Korea,High,Value Seeker,2020-09-10,VIP
CUST06328,C010,46-55,Female,Germany,Low,Technology Enthusiast,2023-06-07,Regular
CUST06329,C005,56+,Male,India,Medium,Young Professional,2022-01-06,Regular
CUST06330,C008,36-45,Male,Germany,High,Premium Customer,2026-01-09,New
CUST06331,C006,26-35,Male,Singapore,Premium,Premium Customer,2020-10-11,New
CUST06332,C009,18-25,Male,India,Premium,Premium Customer,2024-08-01,Loyal
CUST06333,C009,56+,Other,UK,High,Value Seeker,2024-12-30,Loyal
CUST06334,C007,56+,Male,Germany,High,Young Professional,2024-01-16,New
CUST06335,C005,36-45,Male,Germany,Premium,Value Seeker,2023-04-21,Regular
CUST06336,C005,46-55,Other,India,Low,Young Professional,2024-03-24,Loyal
CUST06337,C010,46-55,Male,UK,Premium,Young Professional,2025-12-15,Regular
CUST06338,C003,26-35,Male,Japan,Medium,Budget Buyer,2026-03-26,VIP
CUST06339,C001,56+,Male,India,High,Technology Enthusiast,2025-03-24,VIP
CUST06340,C009,18-25,Male,Japan,Low,Technology Enthusiast,2024-10-06,Regular
CUST06341,C004,36-45,Male,UK,Medium,Technology Enthusiast,2023-02-09,Loyal
CUST06342,C006,18-25,Other,Germany,Medium,Premium Customer,2023-01-24,New
CUST06343,C005,36-45,Male,Japan,Low,Premium Customer,2025-07-05,Loyal
CUST06344,C004,26-35,Male,Germany,High,Budget Buyer,2025-11-25,New
CUST06345,C008,46-55,Female,South Korea,High,Young Professional,2025-09-13,New
CUST06346,C001,26-35,Other,Japan,Premium,Premium Customer,2023-08-07,New
CUST06347,C004,46-55,Male,Germany,Premium,Budget Buyer,2024-05-26,Loyal
CUST06348,C003,46-55,Female,USA,High,Budget Buyer,2022-11-03,VIP
CUST06349,C004,56+,Female,Singapore,Premium,Budget Buyer,2021-09-05,Loyal
CUST06350,C009,36-45,Other,Germany,Premium,Young Professional,2021-10-02,Loyal
CUST06351,C002,56+,Male,South Korea,High,Premium Customer,2024-12-22,VIP
CUST06352,C004,46-55,Male,Canada,Premium,Budget Buyer,2020-09-03,New
CUST06353,C008,18-25,Other,Singapore,High,Budget Buyer,2022-11-10,New
CUST06354,C001,36-45,Female,Germany,High,Technology Enthusiast,2021-09-27,VIP
CUST06355,C003,56+,Male,South Korea,Premium,Premium Customer,2025-01-01,VIP
CUST06356,C006,18-25,Male,Germany,High,Premium Customer,2022-12-03,New
CUST06357,C005,18-25,Male,South Korea,High,Budget Buyer,2023-11-12,Regular
CUST06358,C009,46-55,Female,Singapore,High,Value Seeker,2021-10-31,Regular
CUST06359,C007,36-45,Female,UK,Premium,Young Professional,2025-05-14,Loyal
CUST06360,C006,18-25,Male,Canada,Medium,Technology Enthusiast,2022-11-24,VIP
CUST06361,C006,36-45,Male,Singapore,High,Value Seeker,2024-01-06,Regular
CUST06362,C001,36-45,Female,India,High,Young Professional,2026-06-27,Loyal
CUST06363,C008,36-45,Other,Germany,Low,Budget Buyer,2024-06-17,VIP
CUST06364,C007,46-55,Male,Canada,Medium,Technology Enthusiast,2021-11-04,Loyal
CUST06365,C003,46-55,Male,Japan,Medium,Young Professional,2025-10-28,Loyal
CUST06366,C004,26-35,Other,South Korea,Medium,Technology Enthusiast,2020-04-10,Loyal
CUST06367,C005,26-35,Female,India,Medium,Technology Enthusiast,2023-01-12,Loyal
CUST06368,C009,36-45,Other,Singapore,Premium,Technology Enthusiast,2020-01-31,New
CUST06369,C009,46-55,Male,Canada,Medium,Premium Customer,2025-01-22,Regular
CUST06370,C005,46-55,Male,USA,High,Premium Customer,2024-12-03,VIP
CUST06371,C004,56+,Male,Japan,Premium,Budget Buyer,2025-05-21,VIP
CUST06372,C003,46-55,Male,Singapore,Premium,Budget Buyer,2020-09-23,Regular
CUST06373,C009,26-35,Male,Canada,Low,Value Seeker,2025-07-21,New
CUST06374,C010,46-55,Female,Singapore,Low,Premium Customer,2021-04-25,Regular
CUST06375,C005,56+,Other,Singapore,Premium,Premium Customer,2024-06-14,Regular
CUST06376,C002,26-35,Male,Canada,Premium,Technology Enthusiast,2025-08-19,Regular
CUST06377,C003,46-55,Female,Singapore,Premium,Budget Buyer,2022-11-21,VIP
CUST06378,C002,46-55,Male,Canada,High,Premium Customer,2024-05-26,Regular
CUST06379,C006,56+,Female,UK,Medium,Young Professional,2025-02-11,Regular
CUST06380,C010,18-25,Male,Germany,High,Budget Buyer,2025-08-21,Regular
CUST06381,C008,36-45,Female,Canada,Medium,Young Professional,2022-09-06,VIP
CUST06382,C002,36-45,Female,UK,Medium,Budget Buyer,2020-09-25,New
CUST06383,C010,18-25,Female,USA,Low,Premium Customer,2023-09-26,New
CUST06384,C007,46-55,Other,Singapore,Medium,Budget Buyer,2025-02-11,Regular
CUST06385,C002,36-45,Female,Germany,Medium,Value Seeker,2024-05-21,VIP
CUST06386,C005,36-45,Female,India,Medium,Young Professional,2021-10-22,Regular
CUST06387,C004,18-25,Male,USA,Medium,Young Professional,2021-12-17,Loyal
CUST06388,C007,36-45,Other,USA,High,Technology Enthusiast,2025-01-21,Loyal
CUST06389,C010,46-55,Male,Germany,Low,Premium Customer,2025-01-13,New
CUST06390,C006,56+,Other,UK,High,Technology Enthusiast,2024-10-21,Regular
CUST06391,C003,18-25,Female,Germany,High,Young Professional,2020-06-17,Loyal
CUST06392,C007,46-55,Female,Germany,Premium,Technology Enthusiast,2022-03-01,VIP
CUST06393,C004,36-45,Other,Canada,High,Technology Enthusiast,2024-09-13,New
CUST06394,C001,26-35,Male,Singapore,Premium,Value Seeker,2024-07-11,Regular
CUST06395,C001,18-25,Female,UK,High,Value Seeker,2024-03-24,Regular
CUST06396,C002,56+,Male,Canada,Premium,Young Professional,2021-01-01,Regular
CUST06397,C006,46-55,Other,South Korea,Medium,Budget Buyer,2020-07-24,Regular
CUST06398,C009,26-35,Male,USA,Medium,Budget Buyer,2025-05-20,Regular
CUST06399,C009,56+,Other,Germany,Low,Budget Buyer,2021-09-10,Loyal
CUST06400,C001,56+,Female,Canada,Premium,Premium Customer,2024-02-14,New
CUST06401,C007,18-25,Other,Singapore,Low,Value Seeker,2026-04-07,New
CUST06402,C005,18-25,Female,Canada,Premium,Technology Enthusiast,2020-05-06,New
CUST06403,C002,18-25,Female,Germany,Medium,Premium Customer,2022-04-01,New
CUST06404,C006,36-45,Male,UK,Low,Budget Buyer,2025-07-14,New
CUST06405,C006,56+,Female,UK,Low,Premium Customer,2022-12-25,New
CUST06406,C010,56+,Other,India,Low,Value Seeker,2024-04-01,VIP
CUST06407,C005,46-55,Other,Singapore,High,Technology Enthusiast,2020-09-26,Regular
CUST06408,C001,56+,Female,Germany,Premium,Budget Buyer,2024-02-18,New
CUST06409,C002,56+,Male,USA,Low,Young Professional,2024-09-18,Regular
CUST06410,C007,56+,Female,Canada,Medium,Technology Enthusiast,2020-03-14,Loyal
CUST06411,C006,36-45,Other,South Korea,Medium,Value Seeker,2022-03-12,New
CUST06412,C001,46-55,Male,USA,High,Value Seeker,2026-07-17,Loyal
CUST06413,C004,36-45,Male,UK,High,Premium Customer,2020-04-28,Regular
CUST06414,C005,56+,Other,India,High,Technology Enthusiast,2026-04-15,VIP
CUST06415,C001,46-55,Female,Japan,High,Young Professional,2022-12-20,New
CUST06416,C007,26-35,Male,Canada,Low,Young Professional,2026-05-24,VIP
CUST06417,C005,18-25,Other,Germany,High,Value Seeker,2021-02-12,New
CUST06418,C001,56+,Other,USA,Premium,Premium Customer,2022-08-18,VIP
CUST06419,C008,56+,Other,Japan,Medium,Budget Buyer,2020-04-18,Loyal
CUST06420,C009,56+,Other,India,High,Value Seeker,2024-03-31,Loyal
CUST06421,C003,18-25,Other,UK,High,Technology Enthusiast,2020-02-27,Loyal
CUST06422,C008,26-35,Other,India,Medium,Premium Customer,2025-10-06,New
CUST06423,C004,46-55,Male,USA,Medium,Budget Buyer,2025-01-26,Loyal
CUST06424,C009,46-55,Other,Canada,High,Value Seeker,2026-03-23,New
CUST06425,C008,56+,Female,USA,Medium,Young Professional,2022-10-29,New
CUST06426,C010,18-25,Female,India,High,Budget Buyer,2023-11-30,New
CUST06427,C009,26-35,Other,Singapore,Low,Premium Customer,2021-02-17,New
CUST06428,C001,36-45,Other,Japan,High,Budget Buyer,2020-06-01,Regular
CUST06429,C004,56+,Male,India,High,Young Professional,2022-10-24,Regular
CUST06430,C006,26-35,Other,Singapore,Medium,Young Professional,2023-08-31,Loyal
CUST06431,C007,36-45,Female,USA,Medium,Technology Enthusiast,2020-11-16,VIP
CUST06432,C001,18-25,Other,Germany,Medium,Budget Buyer,2020-09-13,Loyal
CUST06433,C003,18-25,Female,Singapore,Low,Budget Buyer,2022-11-13,New
CUST06434,C005,26-35,Male,Canada,Low,Technology Enthusiast,2025-10-10,VIP
CUST06435,C006,46-55,Male,UK,Low,Premium Customer,2021-07-09,VIP
CUST06436,C010,56+,Male,India,Low,Budget Buyer,2023-05-07,New
CUST06437,C003,26-35,Other,India,Low,Premium Customer,2022-04-28,VIP
CUST06438,C010,36-45,Female,Singapore,Premium,Value Seeker,2024-04-11,Regular
CUST06439,C004,26-35,Female,Canada,Low,Young Professional,2026-02-24,Regular
CUST06440,C005,46-55,Male,UK,Low,Premium Customer,2023-02-27,Loyal
CUST06441,C010,36-45,Male,India,High,Technology Enthusiast,2020-08-16,Loyal
CUST06442,C001,26-35,Other,USA,Premium,Technology Enthusiast,2023-01-12,Regular
CUST06443,C007,36-45,Female,South Korea,Medium,Budget Buyer,2021-09-16,New
CUST06444,C009,26-35,Female,Canada,Low,Budget Buyer,2025-07-01,Loyal
CUST06445,C010,36-45,Other,South Korea,Low,Young Professional,2020-11-21,Loyal
CUST06446,C006,56+,Female,Japan,High,Value Seeker,2021-01-08,VIP
CUST06447,C005,36-45,Male,UK,Low,Premium Customer,2022-10-07,Regular
CUST06448,C003,36-45,Male,Canada,Premium,Value Seeker,2026-03-09,New
CUST06449,C003,26-35,Other,USA,Premium,Value Seeker,2020-04-02,VIP
CUST06450,C006,26-35,Other,Canada,Medium,Budget Buyer,2021-03-11,Loyal
CUST06451,C006,56+,Male,Germany,Low,Young Professional,2025-07-02,Loyal
CUST06452,C007,36-45,Male,India,Medium,Budget Buyer,2021-07-15,Regular
CUST06453,C005,26-35,Male,India,Low,Budget Buyer,2020-09-24,Regular
CUST06454,C002,46-55,Female,Canada,Medium,Budget Buyer,2023-02-27,Loyal
CUST06455,C004,46-55,Other,India,High,Young Professional,2025-03-19,Regular
CUST06456,C003,46-55,Male,UK,Premium,Budget Buyer,2025-05-13,Loyal
CUST06457,C010,46-55,Other,South Korea,Premium,Value Seeker,2025-03-25,Loyal
CUST06458,C007,36-45,Male,USA,Medium,Young Professional,2024-11-21,New
CUST06459,C008,36-45,Other,Singapore,Premium,Value Seeker,2024-11-14,VIP
CUST06460,C007,26-35,Other,Singapore,Low,Budget Buyer,2022-02-17,VIP
CUST06461,C002,56+,Female,South Korea,High,Budget Buyer,2021-03-10,Loyal
CUST06462,C003,18-25,Male,USA,Medium,Premium Customer,2021-06-08,New
CUST06463,C005,26-35,Other,Japan,Medium,Value Seeker,2021-08-06,Regular
CUST06464,C004,18-25,Female,Germany,Medium,Budget Buyer,2026-03-10,VIP
CUST06465,C002,46-55,Other,South Korea,High,Young Professional,2024-11-01,VIP
CUST06466,C010,18-25,Female,USA,Low,Technology Enthusiast,2025-06-15,Loyal
CUST06467,C002,18-25,Female,South Korea,Premium,Value Seeker,2021-03-26,Regular
CUST06468,C010,26-35,Female,USA,High,Young Professional,2020-09-02,VIP
CUST06469,C001,46-55,Female,UK,Medium,Premium Customer,2022-01-14,Regular
CUST06470,C005,56+,Other,Canada,Premium,Technology Enthusiast,2023-10-20,Regular
CUST06471,C008,36-45,Female,South Korea,High,Budget Buyer,2020-10-10,New
CUST06472,C006,18-25,Male,South Korea,High,Young Professional,2025-02-25,Loyal
CUST06473,C001,26-35,Other,South Korea,High,Technology Enthusiast,2020-09-04,Loyal
CUST06474,C003,36-45,Male,South Korea,Medium,Premium Customer,2023-02-05,VIP
CUST06475,C007,36-45,Female,Singapore,Premium,Budget Buyer,2020-08-01,New
CUST06476,C009,18-25,Female,USA,Medium,Premium Customer,2025-11-16,VIP
CUST06477,C004,46-55,Female,Canada,Premium,Premium Customer,2023-04-26,Loyal
CUST06478,C006,46-55,Male,Germany,Low,Technology Enthusiast,2021-05-28,New
CUST06479,C006,46-55,Female,Canada,Low,Value Seeker,2024-08-28,Loyal
CUST06480,C005,36-45,Other,South Korea,Premium,Budget Buyer,2023-12-12,VIP
CUST06481,C010,46-55,Female,India,High,Young Professional,2020-09-06,Loyal
CUST06482,C004,18-25,Male,South Korea,Medium,Budget Buyer,2020-04-19,Loyal
CUST06483,C002,46-55,Male,Japan,Medium,Budget Buyer,2021-09-11,Regular
CUST06484,C010,36-45,Female,South Korea,Medium,Young Professional,2026-03-20,New
CUST06485,C006,36-45,Other,UK,High,Budget Buyer,2024-02-08,VIP
CUST06486,C008,56+,Female,Singapore,High,Value Seeker,2023-03-28,VIP
CUST06487,C005,36-45,Male,South Korea,High,Value Seeker,2021-09-29,Regular
CUST06488,C003,26-35,Male,India,High,Budget Buyer,2020-04-06,New
CUST06489,C007,56+,Female,India,Premium,Value Seeker,2023-04-13,VIP
CUST06490,C006,18-25,Other,USA,High,Technology Enthusiast,2021-10-02,VIP
CUST06491,C007,56+,Female,South Korea,Medium,Premium Customer,2020-07-11,Regular
CUST06492,C006,18-25,Other,Germany,Medium,Budget Buyer,2020-05-17,Loyal
CUST06493,C007,26-35,Male,Japan,Low,Premium Customer,2022-03-10,Loyal
CUST06494,C001,56+,Female,USA,High,Technology Enthusiast,2024-06-13,Loyal
CUST06495,C005,26-35,Male,Singapore,High,Technology Enthusiast,2023-12-09,Loyal
CUST06496,C002,18-25,Male,UK,Low,Technology Enthusiast,2021-02-27,VIP
CUST06497,C008,18-25,Female,India,Premium,Value Seeker,2024-07-12,Regular
CUST06498,C003,36-45,Male,South Korea,High,Budget Buyer,2021-01-30,VIP
CUST06499,C008,56+,Female,India,High,Technology Enthusiast,2022-01-02,VIP
CUST06500,C006,18-25,Female,Germany,High,Value Seeker,2022-08-17,Regular
CUST06501,C001,18-25,Female,Germany,Low,Budget Buyer,2025-07-21,VIP
CUST06502,C008,26-35,Male,South Korea,High,Technology Enthusiast,2021-11-20,Loyal
CUST06503,C009,26-35,Other,Singapore,Premium,Young Professional,2026-05-09,Regular
CUST06504,C009,18-25,Male,South Korea,Premium,Premium Customer,2024-06-16,VIP
CUST06505,C004,56+,Male,USA,Low,Budget Buyer,2025-08-20,Regular
CUST06506,C001,26-35,Other,UK,Medium,Technology Enthusiast,2023-12-04,Regular
CUST06507,C006,26-35,Male,South Korea,Premium,Young Professional,2021-11-04,New
CUST06508,C005,56+,Male,Singapore,Medium,Value Seeker,2023-03-19,Loyal
CUST06509,C005,56+,Female,Canada,Premium,Budget Buyer,2026-03-03,Loyal
CUST06510,C002,46-55,Male,Singapore,High,Young Professional,2021-11-24,Loyal
CUST06511,C003,56+,Male,Germany,Premium,Budget Buyer,2025-03-28,Regular
CUST06512,C002,46-55,Male,Singapore,Low,Young Professional,2023-05-04,VIP
CUST06513,C007,18-25,Male,Singapore,High,Young Professional,2020-10-25,Loyal
CUST06514,C002,36-45,Male,South Korea,Premium,Budget Buyer,2020-07-01,Regular
CUST06515,C010,46-55,Male,Japan,Low,Value Seeker,2024-08-24,Loyal
CUST06516,C007,26-35,Female,UK,High,Premium Customer,2021-11-20,Loyal
CUST06517,C006,18-25,Female,Japan,Low,Budget Buyer,2024-06-15,New
CUST06518,C007,46-55,Other,Germany,Medium,Value Seeker,2023-08-04,VIP
CUST06519,C008,18-25,Male,South Korea,High,Budget Buyer,2020-10-18,Regular
CUST06520,C006,46-55,Male,USA,Premium,Technology Enthusiast,2021-12-02,Loyal
CUST06521,C003,26-35,Other,UK,High,Value Seeker,2021-08-20,Loyal
CUST06522,C002,46-55,Female,South Korea,Premium,Budget Buyer,2026-03-10,VIP
CUST06523,C007,46-55,Male,UK,High,Young Professional,2024-03-13,Regular
CUST06524,C007,18-25,Female,Germany,Medium,Young Professional,2024-11-08,New
CUST06525,C009,26-35,Female,Germany,Premium,Budget Buyer,2022-04-03,Loyal
CUST06526,C010,46-55,Female,Singapore,Premium,Technology Enthusiast,2022-01-17,New
CUST06527,C009,46-55,Other,Japan,Premium,Young Professional,2020-03-31,Regular
CUST06528,C001,18-25,Male,UK,Premium,Young Professional,2020-04-13,New
CUST06529,C010,46-55,Other,India,High,Premium Customer,2022-04-06,New
CUST06530,C010,56+,Male,Germany,Medium,Premium Customer,2021-09-28,New
CUST06531,C005,18-25,Male,South Korea,High,Premium Customer,2021-08-04,Regular
CUST06532,C008,26-35,Other,UK,Medium,Premium Customer,2026-05-18,Loyal
CUST06533,C010,36-45,Male,South Korea,Premium,Value Seeker,2023-09-04,Regular
CUST06534,C004,56+,Other,Germany,Medium,Young Professional,2024-06-06,New
CUST06535,C008,56+,Male,Japan,Low,Premium Customer,2021-12-13,New
CUST06536,C009,56+,Other,India,Low,Young Professional,2020-04-14,New
CUST06537,C010,26-35,Female,UK,Premium,Value Seeker,2022-05-01,Loyal
CUST06538,C005,26-35,Male,South Korea,High,Technology Enthusiast,2023-09-10,Loyal
CUST06539,C003,46-55,Male,UK,Premium,Value Seeker,2024-05-15,Regular
CUST06540,C003,36-45,Female,Germany,Medium,Young Professional,2021-02-21,New
CUST06541,C002,56+,Other,Germany,Medium,Technology Enthusiast,2024-05-26,VIP
CUST06542,C005,18-25,Male,Singapore,High,Budget Buyer,2024-01-20,VIP
CUST06543,C001,46-55,Male,Canada,High,Budget Buyer,2026-02-17,Regular
CUST06544,C004,46-55,Female,India,High,Premium Customer,2026-07-08,Loyal
CUST06545,C003,46-55,Female,Canada,Premium,Budget Buyer,2026-06-13,New
CUST06546,C009,26-35,Male,India,Premium,Value Seeker,2020-12-17,Regular
CUST06547,C010,56+,Other,USA,High,Premium Customer,2021-05-01,Loyal
CUST06548,C006,46-55,Male,Singapore,High,Budget Buyer,2020-08-10,VIP
CUST06549,C008,36-45,Female,USA,Premium,Premium Customer,2024-09-18,VIP
CUST06550,C007,26-35,Male,Germany,Premium,Young Professional,2020-09-08,Loyal
CUST06551,C010,36-45,Other,USA,High,Value Seeker,2026-06-06,VIP
CUST06552,C001,26-35,Other,Canada,Medium,Young Professional,2023-01-06,New
CUST06553,C007,46-55,Male,USA,Premium,Premium Customer,2021-09-28,VIP
CUST06554,C005,26-35,Male,UK,Low,Value Seeker,2023-01-24,Loyal
CUST06555,C003,56+,Female,Germany,Low,Technology Enthusiast,2021-03-17,New
CUST06556,C004,46-55,Male,USA,Premium,Young Professional,2022-11-20,New
CUST06557,C001,56+,Female,Germany,High,Budget Buyer,2021-12-24,Regular
CUST06558,C004,46-55,Male,India,High,Young Professional,2021-11-20,Regular
CUST06559,C006,26-35,Female,Singapore,Medium,Young Professional,2020-12-24,Regular
CUST06560,C002,18-25,Other,USA,Premium,Value Seeker,2024-12-05,Regular
CUST06561,C006,46-55,Other,USA,High,Young Professional,2022-12-05,Regular
CUST06562,C004,26-35,Female,Canada,Low,Premium Customer,2025-09-03,VIP
CUST06563,C009,26-35,Other,UK,Low,Premium Customer,2026-05-29,Regular
CUST06564,C010,36-45,Other,India,Medium,Technology Enthusiast,2022-11-09,Loyal
CUST06565,C006,18-25,Other,Singapore,Low,Technology Enthusiast,2025-03-02,New
CUST06566,C007,36-45,Female,Germany,Low,Young Professional,2021-12-21,Loyal
CUST06567,C004,36-45,Male,Germany,Medium,Technology Enthusiast,2024-09-09,VIP
CUST06568,C002,46-55,Female,Canada,Premium,Budget Buyer,2022-07-02,VIP
CUST06569,C002,18-25,Female,Canada,Medium,Value Seeker,2024-10-24,VIP
CUST06570,C001,26-35,Female,South Korea,Low,Value Seeker,2025-06-05,VIP
CUST06571,C005,18-25,Female,Japan,Medium,Budget Buyer,2025-06-04,Regular
CUST06572,C002,56+,Other,Canada,Low,Premium Customer,2025-01-31,VIP
CUST06573,C003,46-55,Male,India,High,Budget Buyer,2024-10-11,VIP
CUST06574,C003,18-25,Other,USA,Premium,Premium Customer,2022-03-11,VIP
CUST06575,C006,46-55,Other,Canada,Premium,Young Professional,2026-04-05,New
CUST06576,C002,36-45,Female,Germany,Low,Premium Customer,2021-08-12,Loyal
CUST06577,C006,36-45,Female,USA,Premium,Budget Buyer,2020-01-05,Loyal
CUST06578,C004,36-45,Male,Germany,Premium,Value Seeker,2026-01-26,VIP
CUST06579,C008,36-45,Female,South Korea,Premium,Technology Enthusiast,2023-10-09,New
CUST06580,C010,18-25,Female,UK,High,Budget Buyer,2023-04-20,Loyal
CUST06581,C007,46-55,Other,India,Medium,Technology Enthusiast,2022-03-16,Loyal
CUST06582,C006,56+,Other,UK,Medium,Budget Buyer,2021-10-19,Regular
CUST06583,C003,46-55,Other,Germany,High,Value Seeker,2024-10-17,Loyal
CUST06584,C009,56+,Other,USA,Premium,Premium Customer,2024-02-03,VIP
CUST06585,C004,36-45,Other,Singapore,Medium,Value Seeker,2025-09-29,Loyal
CUST06586,C005,46-55,Other,Singapore,Medium,Premium Customer,2022-07-17,VIP
CUST06587,C003,46-55,Male,USA,Premium,Budget Buyer,2025-08-20,VIP
CUST06588,C006,36-45,Other,Japan,High,Value Seeker,2022-05-19,Loyal
CUST06589,C006,46-55,Other,Japan,Medium,Technology Enthusiast,2020-07-14,Loyal
CUST06590,C009,26-35,Male,South Korea,Medium,Technology Enthusiast,2024-08-18,Loyal
CUST06591,C006,18-25,Female,Germany,High,Value Seeker,2023-02-07,New
CUST06592,C005,18-25,Female,UK,Low,Young Professional,2026-05-07,Loyal
CUST06593,C005,56+,Female,South Korea,Premium,Value Seeker,2020-05-15,Loyal
CUST06594,C003,36-45,Female,Canada,Low,Young Professional,2026-03-03,New
CUST06595,C006,46-55,Other,South Korea,Low,Value Seeker,2021-10-12,Loyal
CUST06596,C005,46-55,Female,Germany,Low,Premium Customer,2025-03-06,VIP
CUST06597,C010,36-45,Male,India,Low,Premium Customer,2025-06-23,Loyal
CUST06598,C002,18-25,Female,UK,Medium,Young Professional,2023-03-04,VIP
CUST06599,C002,18-25,Female,USA,Low,Premium Customer,2024-01-25,New
CUST06600,C009,56+,Male,UK,Low,Technology Enthusiast,2021-09-18,Regular
CUST06601,C006,26-35,Other,India,Low,Value Seeker,2020-12-26,Loyal
CUST06602,C001,18-25,Female,South Korea,High,Premium Customer,2020-09-19,Regular
CUST06603,C010,18-25,Other,Japan,High,Young Professional,2026-06-01,Regular
CUST06604,C004,56+,Male,India,High,Technology Enthusiast,2025-05-26,VIP
CUST06605,C006,36-45,Female,Singapore,High,Young Professional,2025-05-20,Regular
CUST06606,C007,26-35,Male,Germany,High,Premium Customer,2022-08-07,Loyal
CUST06607,C002,18-25,Male,Canada,Medium,Budget Buyer,2026-05-26,Regular
CUST06608,C005,26-35,Male,USA,Premium,Budget Buyer,2020-12-31,VIP
CUST06609,C005,56+,Male,Germany,High,Technology Enthusiast,2022-12-13,Regular
CUST06610,C005,46-55,Other,South Korea,Medium,Value Seeker,2021-05-01,Loyal
CUST06611,C004,46-55,Male,UK,Low,Technology Enthusiast,2020-06-22,Regular
CUST06612,C002,18-25,Female,Germany,Medium,Value Seeker,2024-04-17,New
CUST06613,C009,46-55,Other,USA,Low,Budget Buyer,2024-03-20,New
CUST06614,C003,56+,Other,Germany,Premium,Technology Enthusiast,2022-08-22,VIP
CUST06615,C001,36-45,Female,Japan,Medium,Young Professional,2021-07-29,VIP
CUST06616,C005,18-25,Male,Germany,High,Young Professional,2023-01-12,VIP
CUST06617,C003,46-55,Male,Singapore,Medium,Young Professional,2025-11-13,New
CUST06618,C003,56+,Other,Canada,Medium,Budget Buyer,2022-08-06,Regular
CUST06619,C002,36-45,Other,USA,High,Young Professional,2025-04-29,New
CUST06620,C010,56+,Other,India,Medium,Technology Enthusiast,2020-06-30,Loyal
CUST06621,C008,56+,Female,Germany,High,Value Seeker,2021-07-21,New
CUST06622,C001,46-55,Male,Germany,Medium,Technology Enthusiast,2024-04-17,Regular
CUST06623,C008,36-45,Male,Canada,Low,Value Seeker,2024-04-21,Loyal
CUST06624,C010,46-55,Other,UK,Medium,Technology Enthusiast,2024-05-13,Loyal
CUST06625,C009,36-45,Other,UK,Low,Budget Buyer,2023-11-14,New
CUST06626,C002,36-45,Female,Canada,High,Premium Customer,2024-01-31,Regular
CUST06627,C001,36-45,Male,Japan,Low,Technology Enthusiast,2025-01-03,VIP
CUST06628,C001,26-35,Male,USA,Premium,Premium Customer,2022-02-12,Loyal
CUST06629,C010,26-35,Female,Canada,Medium,Technology Enthusiast,2020-08-11,New
CUST06630,C001,26-35,Male,Canada,Low,Budget Buyer,2022-05-05,Regular
CUST06631,C008,56+,Male,India,Medium,Technology Enthusiast,2021-06-21,VIP
CUST06632,C003,46-55,Female,Japan,Low,Value Seeker,2023-10-31,VIP
CUST06633,C004,18-25,Other,India,Premium,Technology Enthusiast,2025-03-12,VIP
CUST06634,C004,18-25,Male,UK,High,Budget Buyer,2022-05-01,VIP
CUST06635,C007,46-55,Other,UK,Low,Value Seeker,2024-10-24,VIP
CUST06636,C005,26-35,Male,Germany,Medium,Young Professional,2024-09-07,Loyal
CUST06637,C010,56+,Male,Japan,Premium,Young Professional,2023-11-24,VIP
CUST06638,C003,56+,Male,Japan,Low,Technology Enthusiast,2020-09-18,Loyal
CUST06639,C005,36-45,Female,Japan,Medium,Premium Customer,2020-11-03,VIP
CUST06640,C004,56+,Other,UK,High,Premium Customer,2025-01-24,Loyal
CUST06641,C009,56+,Female,Canada,Premium,Premium Customer,2023-12-20,VIP
CUST06642,C010,36-45,Other,South Korea,Premium,Budget Buyer,2024-01-06,Loyal
CUST06643,C002,46-55,Female,India,Premium,Premium Customer,2026-04-15,VIP
CUST06644,C005,18-25,Male,Japan,Low,Young Professional,2023-10-12,Regular
CUST06645,C006,56+,Female,India,High,Value Seeker,2024-08-17,VIP
CUST06646,C005,56+,Female,Japan,Low,Technology Enthusiast,2024-03-27,New
CUST06647,C005,46-55,Male,Singapore,Medium,Technology Enthusiast,2024-06-15,Regular
CUST06648,C009,18-25,Other,Canada,Low,Premium Customer,2024-02-29,Regular
CUST06649,C008,18-25,Other,UK,Low,Technology Enthusiast,2023-09-14,Regular
CUST06650,C003,26-35,Male,UK,Medium,Technology Enthusiast,2023-10-02,New
CUST06651,C003,36-45,Female,Singapore,Medium,Premium Customer,2026-07-07,VIP
CUST06652,C004,18-25,Female,South Korea,High,Technology Enthusiast,2023-08-20,VIP
CUST06653,C002,18-25,Male,Japan,High,Young Professional,2023-07-14,Regular
CUST06654,C009,26-35,Other,Germany,High,Technology Enthusiast,2023-07-06,Loyal
CUST06655,C010,46-55,Other,Japan,Medium,Young Professional,2020-09-29,Loyal
CUST06656,C003,56+,Other,South Korea,High,Budget Buyer,2021-06-30,Regular
CUST06657,C001,18-25,Male,USA,Premium,Young Professional,2026-05-29,VIP
CUST06658,C004,18-25,Male,Canada,Premium,Value Seeker,2020-09-16,Regular
CUST06659,C007,56+,Other,USA,Low,Young Professional,2020-04-14,New
CUST06660,C005,56+,Female,USA,Premium,Young Professional,2023-08-12,New
CUST06661,C001,56+,Female,Japan,Medium,Young Professional,2024-01-23,Loyal
CUST06662,C006,26-35,Male,India,High,Value Seeker,2023-01-21,New
CUST06663,C009,18-25,Other,UK,Premium,Young Professional,2023-04-20,Loyal
CUST06664,C010,46-55,Other,South Korea,Medium,Young Professional,2020-05-27,Loyal
CUST06665,C001,36-45,Male,Japan,Low,Technology Enthusiast,2024-03-08,New
CUST06666,C010,46-55,Female,South Korea,Premium,Budget Buyer,2022-04-19,VIP
CUST06667,C010,18-25,Other,Singapore,Low,Premium Customer,2024-04-01,Loyal
CUST06668,C002,36-45,Male,UK,High,Technology Enthusiast,2022-05-15,Regular
CUST06669,C007,36-45,Other,Japan,Medium,Premium Customer,2023-07-06,VIP
CUST06670,C001,56+,Other,UK,Medium,Premium Customer,2024-08-03,New
CUST06671,C006,56+,Other,Canada,Low,Premium Customer,2024-05-10,New
CUST06672,C009,46-55,Female,USA,Low,Budget Buyer,2021-12-30,Regular
CUST06673,C004,18-25,Other,UK,Low,Technology Enthusiast,2023-12-21,Loyal
CUST06674,C006,56+,Male,Japan,Premium,Value Seeker,2024-04-20,Loyal
CUST06675,C010,26-35,Other,Japan,Premium,Value Seeker,2022-12-06,Regular
CUST06676,C008,56+,Other,Canada,Low,Value Seeker,2024-01-08,VIP
CUST06677,C009,18-25,Male,USA,Low,Budget Buyer,2025-08-01,Regular
CUST06678,C004,56+,Female,UK,Medium,Value Seeker,2025-04-22,New
CUST06679,C005,26-35,Female,USA,Premium,Budget Buyer,2022-08-21,VIP
CUST06680,C002,46-55,Other,South Korea,Premium,Value Seeker,2021-08-15,Regular
CUST06681,C009,56+,Other,India,Low,Value Seeker,2025-06-10,Regular
CUST06682,C003,56+,Male,UK,Low,Young Professional,2020-07-25,Loyal
CUST06683,C009,26-35,Female,USA,Premium,Technology Enthusiast,2023-04-18,New
CUST06684,C007,56+,Female,South Korea,Low,Budget Buyer,2022-11-12,Loyal
CUST06685,C003,56+,Other,India,Low,Value Seeker,2023-10-27,Loyal
CUST06686,C003,36-45,Male,South Korea,Low,Budget Buyer,2021-06-29,Regular
CUST06687,C002,46-55,Female,Canada,Medium,Young Professional,2022-09-04,New
CUST06688,C004,36-45,Other,South Korea,Medium,Young Professional,2020-08-30,New
CUST06689,C008,26-35,Male,Japan,Low,Value Seeker,2022-07-03,VIP
CUST06690,C009,26-35,Male,USA,High,Value Seeker,2021-10-30,VIP
CUST06691,C010,56+,Female,Canada,Premium,Value Seeker,2024-09-09,New
CUST06692,C002,46-55,Male,India,Premium,Value Seeker,2024-04-27,New
CUST06693,C009,18-25,Male,Canada,Low,Premium Customer,2021-07-14,VIP
CUST06694,C007,36-45,Other,Germany,Premium,Value Seeker,2023-03-11,Regular
CUST06695,C002,36-45,Male,USA,Low,Value Seeker,2022-10-01,Loyal
CUST06696,C005,56+,Other,Japan,Low,Technology Enthusiast,2024-03-24,Regular
CUST06697,C010,56+,Female,Canada,High,Young Professional,2020-12-04,Loyal
CUST06698,C010,26-35,Female,Canada,Premium,Value Seeker,2024-12-03,New
CUST06699,C005,36-45,Female,UK,Low,Premium Customer,2025-06-27,Loyal
CUST06700,C007,56+,Female,India,High,Premium Customer,2022-08-03,Loyal
CUST06701,C002,36-45,Female,Canada,Premium,Young Professional,2023-03-07,VIP
CUST06702,C005,18-25,Female,Japan,Medium,Young Professional,2025-10-17,Regular
CUST06703,C009,56+,Other,Singapore,High,Premium Customer,2025-09-23,Loyal
CUST06704,C001,56+,Male,India,High,Value Seeker,2026-04-13,New
CUST06705,C008,36-45,Male,USA,Medium,Technology Enthusiast,2026-04-04,New
CUST06706,C004,56+,Other,South Korea,High,Young Professional,2024-11-24,Regular
CUST06707,C010,46-55,Female,South Korea,Medium,Premium Customer,2022-05-29,New
CUST06708,C006,26-35,Male,Canada,Low,Value Seeker,2022-10-26,Loyal
CUST06709,C001,56+,Other,Germany,High,Budget Buyer,2022-04-13,Regular
CUST06710,C005,26-35,Male,Germany,Premium,Value Seeker,2025-04-28,New
CUST06711,C008,18-25,Other,South Korea,High,Value Seeker,2023-05-03,VIP
CUST06712,C001,46-55,Male,UK,Medium,Technology Enthusiast,2020-07-31,VIP
CUST06713,C008,26-35,Female,UK,Low,Budget Buyer,2022-05-09,Loyal
CUST06714,C009,46-55,Female,Japan,Medium,Premium Customer,2022-02-13,Regular
CUST06715,C003,56+,Other,Canada,High,Budget Buyer,2020-12-24,New
CUST06716,C009,36-45,Other,USA,Low,Budget Buyer,2025-11-13,Loyal
CUST06717,C003,18-25,Female,Germany,High,Value Seeker,2026-04-18,New
CUST06718,C007,26-35,Male,Japan,High,Value Seeker,2022-11-11,Loyal
CUST06719,C004,36-45,Other,South Korea,Low,Technology Enthusiast,2022-02-07,VIP
CUST06720,C003,36-45,Male,Germany,Medium,Young Professional,2020-02-21,Regular
CUST06721,C005,18-25,Male,USA,Premium,Value Seeker,2022-03-13,New
CUST06722,C007,26-35,Male,Canada,Medium,Budget Buyer,2022-02-28,VIP
CUST06723,C003,36-45,Female,Germany,Low,Premium Customer,2023-06-06,New
CUST06724,C003,26-35,Female,South Korea,Premium,Technology Enthusiast,2020-12-08,New
CUST06725,C001,36-45,Male,UK,Premium,Value Seeker,2021-08-23,Loyal
CUST06726,C005,26-35,Male,South Korea,Premium,Technology Enthusiast,2024-01-14,New
CUST06727,C006,56+,Male,USA,Low,Technology Enthusiast,2021-08-10,VIP
CUST06728,C008,56+,Female,USA,Premium,Premium Customer,2025-09-06,Loyal
CUST06729,C001,56+,Male,India,High,Young Professional,2021-03-12,Loyal
CUST06730,C001,46-55,Female,Singapore,Low,Budget Buyer,2021-08-12,Regular
CUST06731,C004,46-55,Male,Japan,Premium,Young Professional,2021-02-02,New
CUST06732,C001,18-25,Male,Singapore,Premium,Technology Enthusiast,2020-05-17,Loyal
CUST06733,C008,26-35,Other,South Korea,Medium,Technology Enthusiast,2023-07-02,Loyal
CUST06734,C008,56+,Female,Japan,Low,Premium Customer,2021-01-08,Regular
CUST06735,C001,18-25,Male,USA,Medium,Value Seeker,2021-12-23,VIP
CUST06736,C004,26-35,Female,USA,Low,Value Seeker,2025-04-27,New
CUST06737,C004,18-25,Male,Singapore,Medium,Value Seeker,2020-12-20,VIP
CUST06738,C001,18-25,Female,South Korea,High,Technology Enthusiast,2024-01-26,Regular
CUST06739,C006,26-35,Other,UK,High,Young Professional,2021-10-17,VIP
CUST06740,C006,46-55,Female,Germany,Low,Premium Customer,2023-02-15,New
CUST06741,C005,36-45,Other,India,Medium,Premium Customer,2024-02-26,Loyal
CUST06742,C004,36-45,Male,Germany,Premium,Value Seeker,2023-12-25,Loyal
CUST06743,C007,46-55,Female,UK,Medium,Premium Customer,2024-10-03,VIP
CUST06744,C007,46-55,Female,South Korea,Low,Young Professional,2020-10-29,Loyal
CUST06745,C006,26-35,Female,UK,Low,Young Professional,2021-11-11,VIP
CUST06746,C005,36-45,Female,South Korea,Low,Premium Customer,2021-08-26,Loyal
CUST06747,C004,18-25,Other,Singapore,Low,Value Seeker,2025-05-29,Loyal
CUST06748,C009,26-35,Male,USA,Premium,Budget Buyer,2025-06-12,New
CUST06749,C006,36-45,Male,Japan,Medium,Budget Buyer,2024-04-05,New
CUST06750,C006,26-35,Female,India,Low,Young Professional,2023-02-20,New
CUST06751,C005,46-55,Other,India,Premium,Technology Enthusiast,2022-05-25,New
CUST06752,C009,26-35,Female,Japan,High,Technology Enthusiast,2025-09-27,Regular
CUST06753,C007,36-45,Female,South Korea,High,Technology Enthusiast,2022-12-04,VIP
CUST06754,C010,46-55,Female,UK,High,Young Professional,2026-05-03,Regular
CUST06755,C010,36-45,Male,Singapore,Medium,Premium Customer,2020-08-24,Loyal
CUST06756,C007,36-45,Other,South Korea,High,Budget Buyer,2025-10-10,VIP
CUST06757,C009,46-55,Male,Japan,Medium,Budget Buyer,2024-10-31,New
CUST06758,C006,18-25,Other,Singapore,Premium,Technology Enthusiast,2025-12-10,Loyal
CUST06759,C006,18-25,Other,Germany,Medium,Young Professional,2021-03-19,VIP
CUST06760,C008,56+,Other,UK,Premium,Young Professional,2020-10-17,Regular
CUST06761,C004,18-25,Male,India,Medium,Technology Enthusiast,2024-12-03,Loyal
CUST06762,C010,26-35,Female,USA,Premium,Young Professional,2024-04-28,VIP
CUST06763,C001,26-35,Male,India,Medium,Premium Customer,2024-02-09,New
CUST06764,C004,18-25,Female,Canada,Premium,Young Professional,2020-03-23,New
CUST06765,C010,26-35,Other,Canada,Low,Budget Buyer,2025-05-29,Regular
CUST06766,C007,36-45,Other,India,Premium,Technology Enthusiast,2025-07-12,Regular
CUST06767,C003,56+,Female,India,Low,Budget Buyer,2025-11-17,VIP
CUST06768,C002,18-25,Male,South Korea,Low,Technology Enthusiast,2022-02-15,VIP
CUST06769,C002,36-45,Female,South Korea,Low,Technology Enthusiast,2025-12-06,VIP
CUST06770,C008,46-55,Male,USA,Premium,Technology Enthusiast,2022-08-16,Regular
CUST06771,C008,56+,Male,South Korea,High,Premium Customer,2023-11-14,New
CUST06772,C002,18-25,Female,South Korea,Premium,Young Professional,2020-06-25,New
CUST06773,C001,18-25,Male,Germany,Medium,Young Professional,2025-03-07,VIP
CUST06774,C007,56+,Male,Singapore,Low,Budget Buyer,2020-10-19,Loyal
CUST06775,C004,18-25,Male,South Korea,Low,Budget Buyer,2025-02-01,New
CUST06776,C001,26-35,Male,USA,Medium,Premium Customer,2021-09-05,Regular
CUST06777,C010,36-45,Male,India,Low,Budget Buyer,2020-06-20,New
CUST06778,C007,26-35,Female,USA,Low,Premium Customer,2026-05-08,VIP
CUST06779,C007,46-55,Male,India,Low,Young Professional,2025-10-23,Loyal
CUST06780,C002,46-55,Male,UK,Medium,Value Seeker,2020-11-30,Loyal
CUST06781,C002,46-55,Female,UK,High,Technology Enthusiast,2026-05-13,VIP
CUST06782,C002,46-55,Male,USA,Low,Premium Customer,2024-11-07,New
CUST06783,C003,36-45,Female,Singapore,High,Young Professional,2023-08-31,New
CUST06784,C003,26-35,Other,USA,Medium,Young Professional,2023-02-02,Loyal
CUST06785,C009,36-45,Other,South Korea,High,Technology Enthusiast,2020-07-25,Loyal
CUST06786,C001,36-45,Male,Canada,Medium,Premium Customer,2021-11-29,Regular
CUST06787,C004,26-35,Male,USA,Premium,Young Professional,2024-03-15,Loyal
CUST06788,C009,46-55,Male,Germany,Medium,Budget Buyer,2024-12-18,Regular
CUST06789,C001,18-25,Other,Germany,Medium,Budget Buyer,2024-06-28,Regular
CUST06790,C002,46-55,Female,Singapore,Premium,Young Professional,2025-11-16,Loyal
CUST06791,C009,26-35,Other,South Korea,Low,Premium Customer,2021-11-15,Regular
CUST06792,C010,18-25,Female,Singapore,Medium,Budget Buyer,2020-09-10,VIP
CUST06793,C007,46-55,Female,UK,Premium,Budget Buyer,2024-05-22,Regular
CUST06794,C010,36-45,Other,USA,Low,Young Professional,2024-11-13,VIP
CUST06795,C002,36-45,Other,Japan,High,Young Professional,2024-08-26,Loyal
CUST06796,C005,36-45,Female,South Korea,Low,Value Seeker,2024-07-25,VIP
CUST06797,C002,26-35,Female,UK,Premium,Technology Enthusiast,2023-11-12,Regular
CUST06798,C003,46-55,Male,UK,Medium,Premium Customer,2025-11-04,VIP
CUST06799,C007,36-45,Other,Canada,Medium,Premium Customer,2023-08-05,Loyal
CUST06800,C010,46-55,Other,Canada,High,Young Professional,2023-04-01,New
CUST06801,C004,18-25,Male,USA,High,Value Seeker,2020-05-03,VIP
CUST06802,C007,56+,Female,Japan,Medium,Technology Enthusiast,2023-08-29,Regular
CUST06803,C004,26-35,Female,Japan,Medium,Value Seeker,2021-07-12,Loyal
CUST06804,C007,56+,Male,UK,Premium,Young Professional,2024-09-04,VIP
CUST06805,C006,56+,Other,UK,Low,Value Seeker,2023-05-27,New
CUST06806,C002,26-35,Other,South Korea,Premium,Budget Buyer,2022-04-06,New
CUST06807,C006,46-55,Male,USA,High,Budget Buyer,2025-02-14,New
CUST06808,C002,56+,Male,Singapore,Medium,Value Seeker,2023-12-29,New
CUST06809,C006,56+,Female,UK,Low,Budget Buyer,2022-09-23,Loyal
CUST06810,C009,46-55,Female,India,Low,Premium Customer,2025-03-10,Regular
CUST06811,C010,36-45,Male,Japan,Premium,Technology Enthusiast,2025-01-11,Regular
CUST06812,C002,18-25,Male,USA,Low,Budget Buyer,2024-02-27,Loyal
CUST06813,C005,18-25,Male,UK,Premium,Premium Customer,2022-06-24,Regular
CUST06814,C003,46-55,Female,Singapore,High,Value Seeker,2020-02-27,VIP
CUST06815,C007,56+,Male,UK,Premium,Value Seeker,2022-02-11,Regular
CUST06816,C007,46-55,Other,Germany,Low,Budget Buyer,2024-12-28,Loyal
CUST06817,C004,18-25,Female,Japan,Medium,Technology Enthusiast,2020-11-20,VIP
CUST06818,C002,18-25,Female,UK,Premium,Young Professional,2023-02-05,Regular
CUST06819,C010,18-25,Female,Canada,Premium,Budget Buyer,2022-06-23,Loyal
CUST06820,C004,26-35,Other,USA,Premium,Premium Customer,2025-09-04,Loyal
CUST06821,C003,56+,Female,Canada,Low,Young Professional,2026-01-21,Loyal
CUST06822,C008,26-35,Other,Canada,Premium,Young Professional,2022-11-29,Regular
CUST06823,C009,26-35,Other,Canada,High,Technology Enthusiast,2025-06-06,VIP
CUST06824,C010,56+,Other,UK,Medium,Young Professional,2026-03-26,Loyal
CUST06825,C006,18-25,Other,Canada,Medium,Budget Buyer,2023-04-23,New
CUST06826,C001,36-45,Other,Singapore,Low,Budget Buyer,2021-04-06,VIP
CUST06827,C008,36-45,Female,Japan,Medium,Technology Enthusiast,2025-11-27,New
CUST06828,C006,56+,Other,Singapore,Premium,Value Seeker,2024-12-07,VIP
CUST06829,C010,26-35,Male,Japan,Medium,Budget Buyer,2021-12-24,New
CUST06830,C003,36-45,Male,Japan,Medium,Young Professional,2023-11-19,VIP
CUST06831,C004,46-55,Other,Germany,Low,Value Seeker,2025-02-04,Loyal
CUST06832,C003,36-45,Other,South Korea,Low,Budget Buyer,2023-06-29,Regular
CUST06833,C002,18-25,Female,Japan,Low,Premium Customer,2021-04-24,Regular
CUST06834,C004,56+,Male,Singapore,Medium,Young Professional,2024-02-03,Regular
CUST06835,C002,18-25,Female,Singapore,High,Young Professional,2023-10-11,Regular
CUST06836,C009,56+,Female,USA,Premium,Budget Buyer,2025-07-22,Regular
CUST06837,C006,36-45,Other,USA,Low,Young Professional,2022-06-02,Loyal
CUST06838,C009,36-45,Female,UK,Premium,Value Seeker,2021-12-14,VIP
CUST06839,C005,26-35,Male,Singapore,Low,Value Seeker,2022-03-26,New
CUST06840,C010,56+,Female,South Korea,High,Value Seeker,2021-08-01,VIP
CUST06841,C008,18-25,Female,Germany,Premium,Premium Customer,2023-09-15,Regular
CUST06842,C001,36-45,Male,Singapore,Premium,Technology Enthusiast,2024-12-05,New
CUST06843,C003,36-45,Other,Singapore,High,Technology Enthusiast,2026-02-16,Loyal
CUST06844,C005,46-55,Female,Germany,Medium,Budget Buyer,2020-11-18,New
CUST06845,C002,46-55,Other,Japan,High,Budget Buyer,2023-08-03,Regular
CUST06846,C007,18-25,Other,India,Premium,Budget Buyer,2021-05-27,Regular
CUST06847,C007,26-35,Male,Japan,Low,Technology Enthusiast,2022-10-20,Loyal
CUST06848,C003,56+,Other,USA,Premium,Young Professional,2021-08-15,VIP
CUST06849,C002,18-25,Female,Germany,Premium,Budget Buyer,2022-03-27,Loyal
CUST06850,C009,36-45,Female,Canada,Medium,Budget Buyer,2023-03-30,New
CUST06851,C008,36-45,Other,South Korea,Premium,Premium Customer,2023-04-12,Loyal
CUST06852,C002,46-55,Other,Japan,Low,Technology Enthusiast,2023-04-17,Regular
CUST06853,C002,26-35,Male,UK,High,Value Seeker,2024-07-02,Regular
CUST06854,C007,18-25,Female,South Korea,High,Premium Customer,2022-03-17,VIP
CUST06855,C007,46-55,Male,UK,High,Budget Buyer,2020-08-16,VIP
CUST06856,C007,46-55,Male,Singapore,High,Budget Buyer,2024-10-17,Loyal
CUST06857,C003,18-25,Male,Singapore,Premium,Young Professional,2024-10-13,Loyal
CUST06858,C004,46-55,Female,South Korea,High,Budget Buyer,2021-07-10,Loyal
CUST06859,C002,36-45,Male,Canada,Medium,Technology Enthusiast,2022-01-09,VIP
CUST06860,C009,56+,Male,Japan,Premium,Budget Buyer,2023-03-07,New
CUST06861,C001,56+,Other,UK,Low,Technology Enthusiast,2020-10-02,VIP
CUST06862,C002,26-35,Other,USA,Medium,Technology Enthusiast,2024-05-06,Regular
CUST06863,C008,56+,Male,Germany,Low,Technology Enthusiast,2020-11-28,VIP
CUST06864,C010,18-25,Female,Japan,Low,Budget Buyer,2021-06-10,New
CUST06865,C008,46-55,Female,India,Low,Technology Enthusiast,2024-01-22,New
CUST06866,C009,46-55,Other,Japan,Medium,Value Seeker,2024-10-31,VIP
CUST06867,C003,56+,Male,Japan,Medium,Technology Enthusiast,2023-06-08,Regular
CUST06868,C003,18-25,Female,Singapore,High,Budget Buyer,2025-09-21,VIP
CUST06869,C008,18-25,Male,USA,Premium,Young Professional,2022-04-02,Regular
CUST06870,C002,36-45,Male,South Korea,Premium,Value Seeker,2022-09-07,Loyal
CUST06871,C006,46-55,Female,Japan,Low,Budget Buyer,2022-10-08,Regular
CUST06872,C006,46-55,Other,Japan,Low,Premium Customer,2024-11-26,Regular
CUST06873,C010,46-55,Male,South Korea,Low,Young Professional,2021-03-25,Loyal
CUST06874,C009,46-55,Male,USA,Medium,Young Professional,2022-03-06,New
CUST06875,C004,18-25,Male,Germany,High,Premium Customer,2023-09-29,New
CUST06876,C008,56+,Female,South Korea,High,Premium Customer,2023-06-28,Loyal
CUST06877,C005,36-45,Female,Canada,Medium,Budget Buyer,2024-10-18,VIP
CUST06878,C004,26-35,Male,UK,High,Young Professional,2026-04-03,VIP
CUST06879,C008,18-25,Female,India,Medium,Budget Buyer,2023-02-18,Loyal
CUST06880,C002,36-45,Other,Singapore,High,Budget Buyer,2022-05-01,VIP
CUST06881,C006,56+,Other,Singapore,Medium,Technology Enthusiast,2024-09-08,VIP
CUST06882,C005,46-55,Female,USA,Medium,Young Professional,2023-04-15,New
CUST06883,C003,26-35,Other,Germany,High,Budget Buyer,2023-10-22,New
CUST06884,C007,46-55,Male,South Korea,Premium,Premium Customer,2024-02-18,Loyal
CUST06885,C007,18-25,Female,South Korea,Low,Value Seeker,2021-10-05,Regular
CUST06886,C004,46-55,Other,South Korea,Premium,Young Professional,2024-03-19,Loyal
CUST06887,C002,56+,Female,Germany,Premium,Budget Buyer,2020-05-17,New
CUST06888,C009,18-25,Male,Germany,High,Budget Buyer,2022-01-31,Regular
CUST06889,C006,26-35,Female,USA,Premium,Value Seeker,2025-09-24,Regular
CUST06890,C001,18-25,Other,India,Premium,Premium Customer,2022-05-14,VIP
CUST06891,C005,36-45,Male,Canada,Premium,Technology Enthusiast,2024-11-19,VIP
CUST06892,C010,56+,Other,Canada,High,Technology Enthusiast,2025-03-27,VIP
CUST06893,C010,46-55,Other,South Korea,Low,Budget Buyer,2023-12-27,Loyal
CUST06894,C010,46-55,Other,Canada,Premium,Budget Buyer,2020-12-20,New
CUST06895,C007,26-35,Other,Japan,Low,Budget Buyer,2021-12-25,Regular
CUST06896,C003,56+,Female,Singapore,Premium,Technology Enthusiast,2025-07-13,Loyal
CUST06897,C003,18-25,Male,UK,Premium,Young Professional,2020-03-13,New
CUST06898,C004,36-45,Male,Canada,Low,Budget Buyer,2020-07-22,Loyal
CUST06899,C003,46-55,Female,Japan,Low,Value Seeker,2020-06-10,Regular
CUST06900,C006,56+,Female,Japan,Premium,Premium Customer,2021-12-29,New
CUST06901,C004,46-55,Other,USA,Low,Technology Enthusiast,2026-05-22,Loyal
CUST06902,C010,56+,Female,India,High,Young Professional,2021-11-05,Regular
CUST06903,C009,56+,Female,Singapore,Low,Value Seeker,2024-10-03,VIP
CUST06904,C007,46-55,Male,USA,Medium,Young Professional,2025-07-03,Loyal
CUST06905,C006,18-25,Female,Germany,Low,Young Professional,2024-07-12,Regular
CUST06906,C009,36-45,Other,Japan,Medium,Budget Buyer,2022-02-22,Regular
CUST06907,C001,56+,Female,India,High,Budget Buyer,2020-05-10,New
CUST06908,C003,18-25,Other,South Korea,Low,Value Seeker,2023-02-19,VIP
CUST06909,C005,26-35,Female,Germany,Medium,Budget Buyer,2022-01-20,Regular
CUST06910,C005,36-45,Male,Canada,Premium,Budget Buyer,2021-09-02,VIP
CUST06911,C007,18-25,Female,South Korea,High,Value Seeker,2021-10-27,Regular
CUST06912,C002,18-25,Female,UK,Premium,Young Professional,2020-05-23,Regular
CUST06913,C002,18-25,Female,Japan,Low,Premium Customer,2023-10-27,VIP
CUST06914,C004,26-35,Male,Canada,Low,Young Professional,2020-11-24,VIP
CUST06915,C002,36-45,Male,Singapore,Premium,Value Seeker,2024-09-15,VIP
CUST06916,C002,36-45,Female,India,Premium,Young Professional,2023-02-05,VIP
CUST06917,C009,26-35,Male,South Korea,High,Premium Customer,2024-11-20,VIP
CUST06918,C002,18-25,Male,USA,Medium,Technology Enthusiast,2025-03-11,New
CUST06919,C008,46-55,Male,South Korea,Low,Budget Buyer,2024-04-04,Regular
CUST06920,C003,56+,Female,UK,High,Young Professional,2024-12-01,Loyal
CUST06921,C003,56+,Female,Germany,Low,Budget Buyer,2024-12-17,Regular
CUST06922,C010,46-55,Other,India,Premium,Young Professional,2026-02-10,VIP
CUST06923,C006,36-45,Other,USA,Premium,Technology Enthusiast,2026-04-29,Loyal
CUST06924,C010,46-55,Other,Canada,Medium,Value Seeker,2025-09-24,New
CUST06925,C004,26-35,Male,Singapore,Premium,Technology Enthusiast,2026-07-09,VIP
CUST06926,C001,46-55,Female,Japan,Premium,Technology Enthusiast,2022-04-27,Loyal
CUST06927,C005,46-55,Other,Singapore,High,Value Seeker,2023-09-04,New
CUST06928,C010,36-45,Other,Singapore,High,Value Seeker,2021-08-10,New
CUST06929,C009,26-35,Male,UK,Medium,Young Professional,2021-04-02,VIP
CUST06930,C006,36-45,Male,UK,Medium,Premium Customer,2020-03-19,VIP
CUST06931,C005,36-45,Other,India,High,Young Professional,2022-09-04,Loyal
CUST06932,C008,18-25,Female,UK,Premium,Premium Customer,2022-08-09,Regular
CUST06933,C003,46-55,Female,Singapore,Low,Value Seeker,2022-11-03,Regular
CUST06934,C009,46-55,Male,India,Low,Value Seeker,2020-08-31,Loyal
CUST06935,C006,56+,Other,Singapore,High,Budget Buyer,2025-11-22,VIP
CUST06936,C010,56+,Other,Singapore,Premium,Technology Enthusiast,2022-09-07,Regular
CUST06937,C004,26-35,Other,Germany,Medium,Technology Enthusiast,2022-04-11,VIP
CUST06938,C007,56+,Male,Singapore,Medium,Young Professional,2026-03-18,New
CUST06939,C008,56+,Other,Singapore,Low,Premium Customer,2022-05-11,Loyal
CUST06940,C003,26-35,Female,India,Premium,Technology Enthusiast,2021-08-04,Regular
CUST06941,C008,46-55,Male,Japan,Medium,Budget Buyer,2026-02-03,New
CUST06942,C007,36-45,Other,Singapore,Low,Value Seeker,2025-10-16,Regular
CUST06943,C005,56+,Other,Japan,Low,Technology Enthusiast,2021-12-23,VIP
CUST06944,C008,26-35,Female,Singapore,Medium,Technology Enthusiast,2021-09-22,New
CUST06945,C001,46-55,Female,South Korea,Premium,Technology Enthusiast,2025-01-15,VIP
CUST06946,C008,56+,Female,USA,Low,Technology Enthusiast,2022-07-26,New
CUST06947,C006,46-55,Female,Singapore,Medium,Value Seeker,2026-06-18,New
CUST06948,C006,46-55,Female,India,Premium,Value Seeker,2022-06-01,Loyal
CUST06949,C003,18-25,Male,Germany,Medium,Value Seeker,2024-05-07,Loyal
CUST06950,C009,46-55,Male,Singapore,High,Budget Buyer,2025-04-18,Loyal
CUST06951,C010,56+,Other,Singapore,Premium,Budget Buyer,2021-03-30,Regular
CUST06952,C003,36-45,Male,Singapore,Medium,Young Professional,2026-07-04,VIP
CUST06953,C003,46-55,Female,Germany,High,Premium Customer,2022-12-19,Regular
CUST06954,C007,36-45,Male,India,Premium,Value Seeker,2025-11-13,Loyal
CUST06955,C004,36-45,Other,India,Low,Technology Enthusiast,2025-09-12,VIP
CUST06956,C007,26-35,Other,Canada,High,Budget Buyer,2026-05-17,Loyal
CUST06957,C002,56+,Male,Canada,Premium,Value Seeker,2022-12-30,Loyal
CUST06958,C010,36-45,Female,Germany,High,Young Professional,2025-06-20,Regular
CUST06959,C007,56+,Other,Singapore,Low,Budget Buyer,2023-04-17,VIP
CUST06960,C008,56+,Other,South Korea,Premium,Value Seeker,2026-06-08,Regular
CUST06961,C003,46-55,Female,Singapore,Low,Young Professional,2021-08-02,Regular
CUST06962,C004,18-25,Male,South Korea,Low,Value Seeker,2020-05-19,VIP
CUST06963,C006,46-55,Female,South Korea,Premium,Technology Enthusiast,2020-09-02,Regular
CUST06964,C009,36-45,Male,Canada,High,Value Seeker,2020-06-07,VIP
CUST06965,C010,18-25,Female,USA,Medium,Budget Buyer,2020-02-10,VIP
CUST06966,C006,18-25,Male,Singapore,Low,Young Professional,2020-01-27,Loyal
CUST06967,C009,56+,Male,UK,Medium,Young Professional,2023-11-19,Loyal
CUST06968,C006,46-55,Female,UK,Medium,Value Seeker,2023-12-28,Regular
CUST06969,C002,56+,Other,Canada,High,Budget Buyer,2023-05-28,Regular
CUST06970,C010,56+,Female,USA,Premium,Premium Customer,2026-05-31,Regular
CUST06971,C004,26-35,Other,USA,High,Premium Customer,2020-07-31,Loyal
CUST06972,C010,46-55,Male,Japan,Premium,Technology Enthusiast,2020-06-19,Loyal
CUST06973,C002,46-55,Male,Singapore,Low,Budget Buyer,2020-02-23,Regular
CUST06974,C009,36-45,Male,USA,Low,Premium Customer,2025-06-08,Regular
CUST06975,C001,56+,Other,Germany,Medium,Budget Buyer,2024-03-19,Loyal
CUST06976,C006,56+,Female,Singapore,Medium,Technology Enthusiast,2021-06-26,Regular
CUST06977,C001,56+,Female,India,High,Value Seeker,2022-02-05,New
CUST06978,C009,18-25,Female,Singapore,Low,Technology Enthusiast,2024-01-11,Regular
CUST06979,C002,18-25,Male,Singapore,Low,Young Professional,2026-05-27,Loyal
CUST06980,C009,46-55,Female,Canada,Low,Technology Enthusiast,2026-05-12,Loyal
CUST06981,C005,56+,Male,Singapore,High,Young Professional,2020-03-04,VIP
CUST06982,C002,46-55,Other,India,High,Young Professional,2022-02-03,VIP
CUST06983,C005,46-55,Male,Japan,Premium,Premium Customer,2025-12-08,Regular
CUST06984,C004,18-25,Female,Singapore,Low,Technology Enthusiast,2020-04-22,Loyal
CUST06985,C005,18-25,Female,India,Low,Value Seeker,2024-05-21,Regular
CUST06986,C006,46-55,Female,Japan,Premium,Premium Customer,2020-08-03,New
CUST06987,C006,36-45,Other,India,High,Young Professional,2020-04-29,VIP
CUST06988,C007,46-55,Other,Germany,Premium,Technology Enthusiast,2023-09-12,Regular
CUST06989,C010,56+,Female,South Korea,High,Value Seeker,2021-01-29,VIP
CUST06990,C003,56+,Male,Germany,High,Value Seeker,2026-05-11,New
CUST06991,C010,18-25,Other,USA,Low,Value Seeker,2024-05-06,VIP
CUST06992,C007,46-55,Male,Canada,Medium,Young Professional,2023-01-19,Regular
CUST06993,C003,18-25,Male,India,Medium,Premium Customer,2020-11-26,VIP
CUST06994,C003,46-55,Female,Germany,Low,Value Seeker,2022-08-18,Regular
CUST06995,C001,26-35,Male,Canada,High,Value Seeker,2026-01-09,Regular
CUST06996,C008,18-25,Male,Canada,Premium,Value Seeker,2025-12-27,Regular
CUST06997,C003,46-55,Female,UK,High,Premium Customer,2025-10-10,Loyal
CUST06998,C007,46-55,Female,India,High,Technology Enthusiast,2026-03-12,New
CUST06999,C001,36-45,Other,Japan,Medium,Technology Enthusiast,2020-07-22,New
CUST07000,C006,36-45,Male,USA,High,Young Professional,2025-04-05,Regular
CUST07001,C009,46-55,Other,USA,Low,Premium Customer,2023-09-26,VIP
CUST07002,C010,56+,Other,USA,High,Technology Enthusiast,2023-01-26,New
CUST07003,C006,36-45,Female,Singapore,Premium,Budget Buyer,2021-04-12,Loyal
CUST07004,C005,46-55,Male,India,Low,Premium Customer,2021-03-28,Loyal
CUST07005,C007,46-55,Female,Singapore,High,Young Professional,2021-08-02,Loyal
CUST07006,C006,46-55,Male,South Korea,Premium,Premium Customer,2022-08-20,VIP
CUST07007,C006,56+,Other,India,Medium,Value Seeker,2023-12-13,Loyal
CUST07008,C005,26-35,Other,USA,Premium,Value Seeker,2021-06-27,Regular
CUST07009,C007,36-45,Other,Canada,Low,Technology Enthusiast,2024-10-23,VIP
CUST07010,C002,46-55,Male,Germany,Premium,Value Seeker,2023-07-02,Loyal
CUST07011,C009,36-45,Male,Germany,Low,Young Professional,2020-09-01,New
CUST07012,C004,26-35,Female,Singapore,Low,Budget Buyer,2020-11-12,VIP
CUST07013,C001,46-55,Other,Canada,Premium,Value Seeker,2021-11-02,Loyal
CUST07014,C005,56+,Male,South Korea,Medium,Value Seeker,2025-02-11,Regular
CUST07015,C010,46-55,Female,USA,Premium,Technology Enthusiast,2021-03-27,Regular
CUST07016,C003,56+,Other,Japan,High,Value Seeker,2023-11-19,New
CUST07017,C004,46-55,Female,India,Premium,Young Professional,2023-07-10,VIP
CUST07018,C005,46-55,Male,South Korea,Medium,Technology Enthusiast,2020-04-23,VIP
CUST07019,C002,36-45,Female,Japan,Premium,Premium Customer,2025-06-18,New
CUST07020,C007,56+,Male,Canada,High,Value Seeker,2021-05-25,Loyal
CUST07021,C002,56+,Male,Japan,High,Young Professional,2020-12-19,Loyal
CUST07022,C002,26-35,Female,USA,High,Value Seeker,2026-07-24,VIP
CUST07023,C004,56+,Female,India,Low,Premium Customer,2023-06-28,New
CUST07024,C008,46-55,Female,USA,High,Young Professional,2020-07-15,Loyal
CUST07025,C004,46-55,Other,Japan,Medium,Budget Buyer,2022-10-02,New
CUST07026,C006,56+,Male,Canada,Premium,Budget Buyer,2024-04-10,VIP
CUST07027,C005,36-45,Female,Germany,Medium,Premium Customer,2020-11-09,VIP
CUST07028,C009,18-25,Other,USA,Medium,Young Professional,2023-01-11,New
CUST07029,C008,18-25,Male,India,Premium,Budget Buyer,2025-09-06,Loyal
CUST07030,C008,36-45,Female,USA,High,Technology Enthusiast,2021-02-22,Loyal
CUST07031,C002,56+,Other,Japan,High,Technology Enthusiast,2023-02-19,Regular
CUST07032,C009,26-35,Female,India,Premium,Value Seeker,2025-06-15,VIP
CUST07033,C007,56+,Male,Canada,Medium,Technology Enthusiast,2020-11-15,New
CUST07034,C007,36-45,Other,UK,Premium,Value Seeker,2026-01-24,Regular
CUST07035,C001,46-55,Male,Canada,Premium,Young Professional,2020-05-08,Loyal
CUST07036,C006,26-35,Male,India,Premium,Budget Buyer,2020-01-14,Loyal
CUST07037,C006,56+,Other,India,Low,Technology Enthusiast,2021-05-24,VIP
CUST07038,C004,18-25,Male,UK,Premium,Premium Customer,2022-05-14,Regular
CUST07039,C003,26-35,Male,Germany,Premium,Value Seeker,2025-02-14,VIP
CUST07040,C010,18-25,Female,Germany,Medium,Premium Customer,2023-08-20,New
CUST07041,C006,18-25,Female,South Korea,Medium,Young Professional,2026-07-24,Regular
CUST07042,C006,26-35,Female,Japan,High,Technology Enthusiast,2021-07-30,Regular
CUST07043,C001,26-35,Other,South Korea,Medium,Young Professional,2023-11-09,Loyal
CUST07044,C002,36-45,Other,Singapore,High,Value Seeker,2022-03-08,VIP
CUST07045,C001,18-25,Other,India,Premium,Value Seeker,2024-04-04,VIP
CUST07046,C005,36-45,Male,Canada,Medium,Budget Buyer,2020-02-15,VIP
CUST07047,C005,18-25,Other,USA,Medium,Premium Customer,2021-01-08,Loyal
CUST07048,C007,18-25,Other,UK,High,Young Professional,2023-06-25,Regular
CUST07049,C007,18-25,Female,UK,Medium,Value Seeker,2020-06-15,Regular
CUST07050,C009,26-35,Female,South Korea,Medium,Technology Enthusiast,2022-11-29,Loyal
CUST07051,C010,36-45,Other,UK,Medium,Young Professional,2023-05-16,New
CUST07052,C008,46-55,Female,UK,High,Technology Enthusiast,2023-02-15,VIP
CUST07053,C008,46-55,Female,Japan,Low,Value Seeker,2023-12-26,Loyal
CUST07054,C007,56+,Male,Singapore,Premium,Premium Customer,2022-04-06,VIP
CUST07055,C006,18-25,Male,USA,Low,Budget Buyer,2025-02-02,Regular
CUST07056,C003,26-35,Male,South Korea,High,Value Seeker,2020-10-19,Loyal
CUST07057,C003,36-45,Female,Germany,High,Young Professional,2020-10-28,Loyal
CUST07058,C008,56+,Other,Germany,Premium,Technology Enthusiast,2023-03-27,Regular
CUST07059,C009,36-45,Male,Japan,High,Value Seeker,2021-06-04,New
CUST07060,C010,36-45,Other,Germany,High,Value Seeker,2022-02-26,New
CUST07061,C006,46-55,Male,Canada,Premium,Premium Customer,2020-09-15,New
CUST07062,C007,56+,Other,UK,High,Premium Customer,2025-12-21,New
CUST07063,C006,36-45,Female,USA,Low,Technology Enthusiast,2025-05-02,New
CUST07064,C002,26-35,Male,UK,Medium,Budget Buyer,2020-06-08,Regular
CUST07065,C004,36-45,Female,USA,Medium,Budget Buyer,2026-07-12,VIP
CUST07066,C010,26-35,Male,Germany,Medium,Technology Enthusiast,2025-09-28,Loyal
CUST07067,C005,36-45,Male,UK,Premium,Value Seeker,2021-02-08,Regular
CUST07068,C007,18-25,Female,Canada,High,Value Seeker,2021-06-06,VIP
CUST07069,C002,18-25,Female,Japan,Low,Technology Enthusiast,2023-10-08,VIP
CUST07070,C008,46-55,Female,India,Low,Budget Buyer,2026-02-04,Loyal
CUST07071,C010,26-35,Male,Singapore,High,Value Seeker,2021-02-15,Regular
CUST07072,C003,26-35,Female,Japan,High,Premium Customer,2024-05-29,New
CUST07073,C004,46-55,Other,Germany,Low,Budget Buyer,2022-02-26,Loyal
CUST07074,C008,56+,Female,Germany,Medium,Value Seeker,2020-12-05,New
CUST07075,C006,36-45,Female,UK,Premium,Technology Enthusiast,2023-04-16,VIP
CUST07076,C007,46-55,Male,UK,Medium,Young Professional,2021-10-24,VIP
CUST07077,C005,56+,Male,India,Premium,Technology Enthusiast,2020-03-30,New
CUST07078,C010,18-25,Female,Singapore,Premium,Technology Enthusiast,2024-03-08,VIP
CUST07079,C010,56+,Other,Germany,Low,Technology Enthusiast,2026-05-29,New
CUST07080,C010,56+,Other,South Korea,High,Premium Customer,2023-04-04,New
CUST07081,C003,18-25,Other,India,Low,Value Seeker,2022-08-18,Loyal
CUST07082,C002,36-45,Male,South Korea,High,Technology Enthusiast,2024-01-23,VIP
CUST07083,C004,26-35,Female,Germany,Medium,Value Seeker,2025-01-29,VIP
CUST07084,C001,56+,Other,Singapore,Premium,Premium Customer,2021-06-18,VIP
CUST07085,C009,56+,Other,Canada,Medium,Budget Buyer,2024-02-20,New
CUST07086,C007,18-25,Male,Singapore,High,Budget Buyer,2021-10-23,Loyal
CUST07087,C010,46-55,Male,Singapore,High,Young Professional,2022-11-02,Regular
CUST07088,C002,36-45,Female,South Korea,Premium,Budget Buyer,2020-03-15,New
CUST07089,C004,26-35,Female,Japan,Premium,Budget Buyer,2020-08-13,Loyal
CUST07090,C009,56+,Female,Germany,High,Technology Enthusiast,2024-04-17,Loyal
CUST07091,C004,26-35,Male,USA,High,Technology Enthusiast,2022-11-13,Loyal
CUST07092,C006,18-25,Male,Japan,Premium,Budget Buyer,2021-11-15,VIP
CUST07093,C003,56+,Other,USA,Low,Young Professional,2020-01-21,New
CUST07094,C010,18-25,Female,USA,High,Budget Buyer,2026-07-23,Loyal
CUST07095,C001,18-25,Other,Japan,Low,Budget Buyer,2024-01-07,Regular
CUST07096,C005,36-45,Other,UK,Premium,Value Seeker,2025-05-16,VIP
CUST07097,C005,26-35,Male,Singapore,High,Premium Customer,2020-10-22,Regular
CUST07098,C006,26-35,Other,UK,High,Young Professional,2022-12-29,Regular
CUST07099,C010,18-25,Female,UK,High,Budget Buyer,2024-06-17,New
CUST07100,C008,36-45,Male,Japan,Medium,Technology Enthusiast,2023-03-05,VIP
CUST07101,C009,26-35,Female,Singapore,Medium,Budget Buyer,2023-10-14,New
CUST07102,C009,18-25,Male,UK,High,Premium Customer,2026-02-26,VIP
CUST07103,C002,26-35,Other,India,Premium,Budget Buyer,2022-11-29,Regular
CUST07104,C001,56+,Other,India,Premium,Value Seeker,2025-04-01,Loyal
CUST07105,C002,56+,Male,USA,Premium,Young Professional,2023-07-27,Regular
CUST07106,C004,46-55,Male,UK,High,Value Seeker,2021-04-25,Regular
CUST07107,C008,18-25,Other,Singapore,Low,Young Professional,2025-04-25,Regular
CUST07108,C008,36-45,Other,South Korea,Medium,Young Professional,2025-05-14,Regular
CUST07109,C008,46-55,Male,India,Low,Young Professional,2020-12-19,Regular
CUST07110,C004,18-25,Male,Germany,Medium,Young Professional,2022-07-19,VIP
CUST07111,C010,36-45,Female,Canada,Low,Value Seeker,2024-08-29,Regular
CUST07112,C002,36-45,Male,Singapore,Medium,Technology Enthusiast,2021-02-15,Loyal
CUST07113,C009,26-35,Male,Singapore,Premium,Value Seeker,2023-05-18,New
CUST07114,C006,26-35,Male,India,Medium,Young Professional,2023-05-24,New
CUST07115,C004,36-45,Female,Japan,Medium,Premium Customer,2020-11-07,VIP
CUST07116,C008,26-35,Female,Canada,Premium,Value Seeker,2020-12-26,Loyal
CUST07117,C002,36-45,Male,UK,Medium,Value Seeker,2023-05-19,Regular
CUST07118,C006,36-45,Other,Japan,Medium,Technology Enthusiast,2022-06-05,VIP
CUST07119,C010,26-35,Other,Canada,Premium,Young Professional,2026-05-16,VIP
CUST07120,C008,56+,Male,Germany,High,Value Seeker,2023-07-15,New
CUST07121,C010,18-25,Other,Singapore,High,Budget Buyer,2025-07-25,VIP
CUST07122,C005,26-35,Male,USA,High,Young Professional,2020-12-27,New
CUST07123,C003,36-45,Female,Germany,Low,Premium Customer,2023-06-16,Loyal
CUST07124,C001,46-55,Male,UK,Premium,Budget Buyer,2021-03-14,Regular
CUST07125,C005,18-25,Female,USA,Low,Young Professional,2026-05-28,Regular
CUST07126,C007,26-35,Female,Canada,Medium,Premium Customer,2024-06-13,Regular
CUST07127,C002,46-55,Female,Japan,High,Value Seeker,2022-02-06,VIP
CUST07128,C008,56+,Other,South Korea,Premium,Premium Customer,2024-09-08,Loyal
CUST07129,C007,26-35,Female,Singapore,Medium,Budget Buyer,2025-05-17,New
CUST07130,C004,26-35,Male,South Korea,Medium,Budget Buyer,2022-04-24,VIP
CUST07131,C001,46-55,Other,South Korea,Low,Technology Enthusiast,2021-12-01,VIP
CUST07132,C002,56+,Female,USA,High,Budget Buyer,2023-04-29,Loyal
CUST07133,C008,46-55,Male,Singapore,Low,Value Seeker,2023-12-23,Loyal
CUST07134,C010,26-35,Female,India,Premium,Technology Enthusiast,2023-08-29,Regular
CUST07135,C003,46-55,Other,Japan,Premium,Budget Buyer,2025-08-17,Loyal
CUST07136,C002,56+,Female,Singapore,Low,Young Professional,2020-02-14,Regular
CUST07137,C010,26-35,Other,Japan,Premium,Technology Enthusiast,2022-02-17,New
CUST07138,C009,36-45,Male,Singapore,Low,Value Seeker,2025-08-29,New
CUST07139,C004,46-55,Other,USA,Low,Value Seeker,2023-03-15,New
CUST07140,C003,26-35,Male,UK,Medium,Technology Enthusiast,2025-04-04,Loyal
CUST07141,C010,18-25,Other,UK,Medium,Budget Buyer,2023-09-15,VIP
CUST07142,C003,26-35,Male,Germany,Medium,Young Professional,2021-08-25,Regular
CUST07143,C004,56+,Other,Japan,Low,Budget Buyer,2022-07-07,New
CUST07144,C004,46-55,Other,South Korea,Medium,Technology Enthusiast,2026-07-14,VIP
CUST07145,C010,46-55,Other,South Korea,Premium,Premium Customer,2021-10-06,Regular
CUST07146,C004,18-25,Other,Canada,Medium,Value Seeker,2024-05-22,VIP
CUST07147,C007,18-25,Female,Canada,High,Technology Enthusiast,2023-09-09,VIP
CUST07148,C006,36-45,Male,India,Premium,Value Seeker,2025-02-25,New
CUST07149,C007,18-25,Female,Canada,Low,Technology Enthusiast,2025-12-02,VIP
CUST07150,C003,26-35,Other,USA,Low,Value Seeker,2020-07-25,New
CUST07151,C001,36-45,Male,Germany,Low,Young Professional,2025-10-21,New
CUST07152,C010,18-25,Male,South Korea,Premium,Value Seeker,2026-03-01,Regular
CUST07153,C001,18-25,Female,Canada,High,Budget Buyer,2023-10-14,Loyal
CUST07154,C005,26-35,Female,USA,Medium,Technology Enthusiast,2022-09-06,New
CUST07155,C003,36-45,Other,Canada,Low,Premium Customer,2025-10-31,New
CUST07156,C007,46-55,Male,Canada,Low,Technology Enthusiast,2022-05-22,Loyal
CUST07157,C002,26-35,Male,Germany,Low,Value Seeker,2024-10-18,VIP
CUST07158,C001,46-55,Other,Canada,Low,Budget Buyer,2023-08-04,Regular
CUST07159,C008,26-35,Male,Singapore,High,Technology Enthusiast,2024-08-10,Loyal
CUST07160,C002,26-35,Female,Germany,High,Budget Buyer,2023-08-29,VIP
CUST07161,C004,46-55,Other,USA,Low,Premium Customer,2023-07-13,Loyal
CUST07162,C005,46-55,Other,Canada,Premium,Budget Buyer,2024-11-11,Regular
CUST07163,C003,18-25,Male,UK,Low,Young Professional,2020-08-28,Loyal
CUST07164,C002,56+,Female,USA,Low,Budget Buyer,2021-02-07,New
CUST07165,C005,18-25,Male,Germany,High,Value Seeker,2024-04-21,Loyal
CUST07166,C010,56+,Male,India,Low,Young Professional,2024-06-14,New
CUST07167,C009,26-35,Other,Germany,High,Premium Customer,2021-04-10,Regular
CUST07168,C002,46-55,Female,Singapore,Low,Value Seeker,2024-06-22,VIP
CUST07169,C002,56+,Other,UK,Premium,Technology Enthusiast,2024-06-14,Loyal
CUST07170,C008,46-55,Male,USA,Medium,Technology Enthusiast,2025-09-30,Regular
CUST07171,C005,46-55,Other,India,High,Budget Buyer,2025-08-04,New
CUST07172,C005,26-35,Male,India,Medium,Technology Enthusiast,2025-04-26,Regular
CUST07173,C002,18-25,Other,USA,High,Technology Enthusiast,2022-06-01,Regular
CUST07174,C005,36-45,Other,Germany,Low,Young Professional,2021-01-13,Loyal
CUST07175,C005,56+,Female,Canada,Medium,Young Professional,2024-04-12,VIP
CUST07176,C004,56+,Male,India,Low,Technology Enthusiast,2023-05-15,VIP
CUST07177,C007,56+,Male,Germany,High,Young Professional,2025-11-24,New
CUST07178,C001,18-25,Other,Japan,Low,Budget Buyer,2022-11-24,Regular
CUST07179,C001,18-25,Female,Singapore,Premium,Budget Buyer,2022-05-28,VIP
CUST07180,C001,18-25,Female,Singapore,High,Premium Customer,2024-05-04,Loyal
CUST07181,C009,18-25,Other,South Korea,Medium,Technology Enthusiast,2021-07-08,Loyal
CUST07182,C009,56+,Male,Singapore,Premium,Technology Enthusiast,2020-10-17,Regular
CUST07183,C004,36-45,Female,India,High,Young Professional,2023-02-24,VIP
CUST07184,C003,46-55,Female,UK,Low,Value Seeker,2023-06-20,VIP
CUST07185,C004,26-35,Male,USA,Premium,Budget Buyer,2024-07-11,Loyal
CUST07186,C010,18-25,Female,UK,Medium,Budget Buyer,2023-04-21,New
CUST07187,C002,18-25,Other,Singapore,Premium,Technology Enthusiast,2024-12-02,VIP
CUST07188,C004,26-35,Male,Japan,Medium,Young Professional,2024-11-28,Loyal
CUST07189,C001,46-55,Male,Japan,Premium,Budget Buyer,2023-06-02,Regular
CUST07190,C007,46-55,Female,Singapore,High,Budget Buyer,2023-07-25,VIP
CUST07191,C006,46-55,Female,South Korea,Low,Young Professional,2024-06-06,VIP
CUST07192,C002,18-25,Male,India,Premium,Budget Buyer,2020-12-06,New
CUST07193,C009,36-45,Other,Germany,High,Technology Enthusiast,2020-03-13,VIP
CUST07194,C008,46-55,Male,Japan,High,Value Seeker,2022-01-30,Loyal
CUST07195,C008,18-25,Female,India,Medium,Value Seeker,2024-09-20,Loyal
CUST07196,C010,36-45,Other,India,Premium,Budget Buyer,2025-10-03,VIP
CUST07197,C009,18-25,Female,Germany,High,Value Seeker,2022-02-22,Regular
CUST07198,C010,56+,Female,Germany,Medium,Budget Buyer,2025-07-24,New
CUST07199,C002,26-35,Other,Germany,Low,Technology Enthusiast,2022-09-11,New
CUST07200,C005,18-25,Male,South Korea,Premium,Young Professional,2020-01-31,Loyal
CUST07201,C010,18-25,Female,India,High,Premium Customer,2020-03-06,Loyal
CUST07202,C001,36-45,Female,South Korea,Low,Technology Enthusiast,2021-08-29,New
CUST07203,C010,56+,Male,UK,Premium,Technology Enthusiast,2023-08-23,New
CUST07204,C005,26-35,Female,USA,Low,Technology Enthusiast,2024-05-20,Regular
CUST07205,C009,36-45,Other,Germany,Premium,Value Seeker,2024-09-16,VIP
CUST07206,C010,18-25,Female,Germany,Premium,Premium Customer,2024-08-25,VIP
CUST07207,C002,46-55,Female,UK,Premium,Technology Enthusiast,2025-02-08,Loyal
CUST07208,C003,56+,Male,Japan,High,Technology Enthusiast,2024-04-24,VIP
CUST07209,C009,18-25,Other,Canada,Low,Value Seeker,2026-02-07,Loyal
CUST07210,C006,46-55,Female,India,High,Budget Buyer,2021-11-02,VIP
CUST07211,C006,18-25,Female,Singapore,Medium,Young Professional,2023-10-16,Loyal
CUST07212,C009,56+,Other,Singapore,Premium,Technology Enthusiast,2020-11-25,Loyal
CUST07213,C001,26-35,Other,USA,Medium,Technology Enthusiast,2021-02-19,VIP
CUST07214,C001,36-45,Other,USA,High,Value Seeker,2024-11-30,New
CUST07215,C002,36-45,Other,Canada,Medium,Technology Enthusiast,2022-09-13,Regular
CUST07216,C009,36-45,Male,Canada,Premium,Value Seeker,2020-11-03,Loyal
CUST07217,C008,46-55,Other,Germany,High,Premium Customer,2025-12-22,Regular
CUST07218,C004,26-35,Female,Germany,Medium,Budget Buyer,2024-08-08,New
CUST07219,C004,36-45,Female,Canada,Premium,Technology Enthusiast,2023-06-06,Loyal
CUST07220,C004,18-25,Other,India,High,Young Professional,2022-01-01,VIP
CUST07221,C009,18-25,Female,South Korea,Medium,Budget Buyer,2024-09-10,VIP
CUST07222,C010,56+,Other,USA,High,Premium Customer,2020-01-13,VIP
CUST07223,C007,46-55,Male,Japan,Low,Budget Buyer,2020-10-06,New
CUST07224,C004,46-55,Other,UK,High,Premium Customer,2023-12-09,VIP
CUST07225,C003,18-25,Other,India,Medium,Technology Enthusiast,2020-10-09,New
CUST07226,C006,56+,Other,Japan,High,Budget Buyer,2025-02-01,New
CUST07227,C001,36-45,Female,USA,High,Premium Customer,2022-11-17,VIP
CUST07228,C004,36-45,Other,South Korea,Medium,Premium Customer,2020-06-18,Loyal
CUST07229,C007,26-35,Male,UK,Low,Premium Customer,2021-09-25,Loyal
CUST07230,C009,26-35,Other,Germany,Low,Young Professional,2026-05-16,Regular
CUST07231,C008,18-25,Other,Germany,Premium,Premium Customer,2020-04-29,New
CUST07232,C008,18-25,Other,Germany,Medium,Young Professional,2022-01-26,Regular
CUST07233,C003,46-55,Female,Japan,Premium,Premium Customer,2022-07-20,VIP
CUST07234,C010,46-55,Female,Japan,Medium,Value Seeker,2023-01-14,Loyal
CUST07235,C002,56+,Female,UK,Premium,Technology Enthusiast,2023-04-17,New
CUST07236,C008,36-45,Female,Canada,Premium,Young Professional,2024-12-12,Loyal
CUST07237,C008,36-45,Female,Canada,High,Budget Buyer,2026-02-27,Regular
CUST07238,C005,46-55,Other,Germany,High,Premium Customer,2021-07-17,Regular
CUST07239,C010,36-45,Male,Singapore,High,Value Seeker,2026-04-10,Regular
CUST07240,C009,26-35,Female,USA,Low,Technology Enthusiast,2025-07-02,VIP
CUST07241,C008,46-55,Male,Canada,Low,Young Professional,2025-12-12,Loyal
CUST07242,C009,46-55,Female,Canada,Premium,Premium Customer,2025-05-13,Regular
CUST07243,C010,18-25,Male,Germany,Low,Technology Enthusiast,2024-12-30,VIP
CUST07244,C003,46-55,Other,Singapore,Low,Premium Customer,2025-07-29,VIP
CUST07245,C008,26-35,Male,Japan,Low,Young Professional,2023-03-04,VIP
CUST07246,C009,46-55,Male,UK,Low,Premium Customer,2023-04-27,Regular
CUST07247,C005,36-45,Male,Singapore,High,Budget Buyer,2024-07-24,Loyal
CUST07248,C004,26-35,Male,Canada,Low,Value Seeker,2020-12-17,Regular
CUST07249,C010,46-55,Other,India,Premium,Technology Enthusiast,2025-08-17,VIP
CUST07250,C006,36-45,Female,Singapore,Low,Budget Buyer,2021-03-18,VIP
CUST07251,C001,56+,Male,Singapore,Premium,Budget Buyer,2023-12-04,New
CUST07252,C006,26-35,Male,Singapore,High,Budget Buyer,2024-02-22,Regular
CUST07253,C005,36-45,Female,UK,High,Premium Customer,2024-04-29,VIP
CUST07254,C004,18-25,Female,Germany,Medium,Budget Buyer,2023-07-23,Regular
CUST07255,C003,18-25,Male,Germany,Low,Technology Enthusiast,2025-03-11,New
CUST07256,C001,18-25,Other,Canada,Low,Budget Buyer,2021-08-09,Loyal
CUST07257,C008,36-45,Female,South Korea,Premium,Value Seeker,2023-07-14,Loyal
CUST07258,C004,56+,Male,Germany,Low,Value Seeker,2021-09-05,Regular
CUST07259,C002,26-35,Female,Singapore,High,Technology Enthusiast,2026-03-01,Regular
CUST07260,C006,18-25,Other,Canada,Premium,Technology Enthusiast,2025-10-02,VIP
CUST07261,C004,56+,Female,Japan,High,Young Professional,2021-07-20,VIP
CUST07262,C003,18-25,Other,Germany,Premium,Budget Buyer,2025-04-26,Regular
CUST07263,C005,46-55,Other,Canada,High,Technology Enthusiast,2023-05-09,New
CUST07264,C010,46-55,Female,India,High,Premium Customer,2020-09-08,Regular
CUST07265,C001,26-35,Female,Canada,Premium,Young Professional,2024-09-02,VIP
CUST07266,C003,36-45,Female,Singapore,Medium,Budget Buyer,2023-01-01,Regular
CUST07267,C009,26-35,Other,India,Medium,Premium Customer,2023-02-21,Loyal
CUST07268,C010,56+,Male,USA,Low,Value Seeker,2022-10-03,Regular
CUST07269,C001,18-25,Female,USA,Medium,Technology Enthusiast,2022-01-14,Loyal
CUST07270,C002,46-55,Other,Canada,Low,Young Professional,2022-05-11,Loyal
CUST07271,C002,36-45,Male,Germany,Premium,Budget Buyer,2024-05-07,New
CUST07272,C009,46-55,Female,Japan,Low,Technology Enthusiast,2025-01-25,New
CUST07273,C001,26-35,Male,Singapore,Low,Premium Customer,2022-04-22,Regular
CUST07274,C005,56+,Other,Canada,Medium,Value Seeker,2025-03-16,VIP
CUST07275,C008,56+,Female,Singapore,High,Value Seeker,2022-11-16,New
CUST07276,C001,26-35,Male,Germany,High,Young Professional,2022-05-05,Regular
CUST07277,C008,46-55,Male,India,High,Technology Enthusiast,2024-11-15,Loyal
CUST07278,C009,18-25,Other,Singapore,High,Young Professional,2021-12-13,VIP
CUST07279,C009,26-35,Female,Germany,Low,Value Seeker,2021-08-31,New
CUST07280,C003,36-45,Other,Germany,Medium,Value Seeker,2023-12-28,New
CUST07281,C008,18-25,Female,USA,Medium,Young Professional,2026-02-03,VIP
CUST07282,C001,46-55,Male,South Korea,Premium,Technology Enthusiast,2024-08-16,Regular
CUST07283,C005,36-45,Female,South Korea,High,Technology Enthusiast,2022-11-04,VIP
CUST07284,C002,26-35,Male,Japan,Premium,Technology Enthusiast,2021-02-26,VIP
CUST07285,C004,18-25,Male,Canada,Medium,Premium Customer,2021-04-24,Loyal
CUST07286,C006,26-35,Other,Canada,Premium,Technology Enthusiast,2024-10-24,Loyal
CUST07287,C006,26-35,Other,USA,Low,Technology Enthusiast,2025-10-04,New
CUST07288,C004,56+,Other,Japan,Premium,Value Seeker,2023-11-19,VIP
CUST07289,C004,46-55,Female,India,Medium,Premium Customer,2022-02-06,New
CUST07290,C010,46-55,Female,UK,Low,Budget Buyer,2021-09-25,Regular
CUST07291,C004,46-55,Male,India,Premium,Value Seeker,2026-03-01,VIP
CUST07292,C007,56+,Female,India,Premium,Technology Enthusiast,2023-06-13,Loyal
CUST07293,C010,18-25,Other,Singapore,High,Value Seeker,2020-01-11,Regular
CUST07294,C006,26-35,Male,Japan,Low,Value Seeker,2024-08-22,New
CUST07295,C002,56+,Female,India,Low,Budget Buyer,2021-05-09,New
CUST07296,C009,26-35,Male,India,High,Value Seeker,2021-07-27,Regular
CUST07297,C003,56+,Other,Germany,High,Premium Customer,2020-06-23,New
CUST07298,C009,56+,Male,Canada,Premium,Premium Customer,2026-05-28,New
CUST07299,C008,18-25,Male,Canada,Premium,Technology Enthusiast,2021-04-22,Regular
CUST07300,C005,36-45,Other,USA,Low,Premium Customer,2025-03-22,Regular
CUST07301,C010,46-55,Female,Japan,Low,Premium Customer,2020-06-29,Loyal
CUST07302,C008,18-25,Male,South Korea,Medium,Budget Buyer,2024-10-25,VIP
CUST07303,C001,36-45,Male,UK,High,Young Professional,2022-09-04,New
CUST07304,C007,26-35,Other,South Korea,Low,Young Professional,2022-03-27,Regular
CUST07305,C005,46-55,Other,Canada,High,Premium Customer,2020-12-26,Loyal
CUST07306,C007,46-55,Female,South Korea,Premium,Young Professional,2026-01-07,VIP
CUST07307,C010,36-45,Male,Canada,Low,Budget Buyer,2021-05-06,New
CUST07308,C001,26-35,Female,Canada,Medium,Premium Customer,2021-03-25,Loyal
CUST07309,C008,18-25,Female,Germany,Medium,Value Seeker,2021-02-03,Regular
CUST07310,C003,56+,Other,Germany,Medium,Premium Customer,2023-08-24,VIP
CUST07311,C003,26-35,Other,Germany,High,Young Professional,2021-08-01,New
CUST07312,C002,36-45,Male,South Korea,Premium,Premium Customer,2023-11-03,Loyal
CUST07313,C008,46-55,Female,USA,Low,Budget Buyer,2026-01-16,New
CUST07314,C001,56+,Male,USA,Premium,Value Seeker,2023-12-10,Loyal
CUST07315,C008,56+,Male,Germany,High,Technology Enthusiast,2022-09-04,New
CUST07316,C005,26-35,Female,Singapore,Medium,Budget Buyer,2020-08-17,Loyal
CUST07317,C006,56+,Male,India,Premium,Young Professional,2023-12-08,VIP
CUST07318,C006,36-45,Male,Germany,Low,Technology Enthusiast,2025-03-02,Regular
CUST07319,C009,26-35,Female,India,High,Young Professional,2021-07-10,Loyal
CUST07320,C007,36-45,Male,USA,Medium,Technology Enthusiast,2026-01-04,New
CUST07321,C004,36-45,Other,Canada,Low,Technology Enthusiast,2025-09-05,Loyal
CUST07322,C003,26-35,Female,Canada,High,Premium Customer,2022-07-13,New
CUST07323,C002,46-55,Male,Germany,Premium,Budget Buyer,2025-04-08,New
CUST07324,C001,36-45,Male,Singapore,Low,Young Professional,2024-09-25,Loyal
CUST07325,C010,18-25,Male,South Korea,Medium,Budget Buyer,2025-06-15,New
CUST07326,C009,46-55,Male,South Korea,Premium,Young Professional,2021-09-30,VIP
CUST07327,C010,46-55,Other,India,High,Budget Buyer,2020-01-02,VIP
CUST07328,C010,18-25,Other,Japan,Premium,Premium Customer,2024-05-09,New
CUST07329,C002,26-35,Other,UK,Low,Budget Buyer,2026-03-27,VIP
CUST07330,C006,46-55,Female,Germany,High,Technology Enthusiast,2025-08-20,Regular
CUST07331,C001,46-55,Female,Germany,Medium,Premium Customer,2026-07-24,Regular
CUST07332,C002,56+,Male,Singapore,Low,Technology Enthusiast,2022-12-08,VIP
CUST07333,C002,36-45,Other,Singapore,Premium,Value Seeker,2025-04-29,Loyal
CUST07334,C006,56+,Female,Canada,Medium,Value Seeker,2023-01-30,New
CUST07335,C007,56+,Other,UK,High,Young Professional,2026-05-14,Regular
CUST07336,C001,26-35,Female,India,Premium,Young Professional,2020-02-14,VIP
CUST07337,C004,36-45,Other,USA,Low,Technology Enthusiast,2022-11-06,Loyal
CUST07338,C004,56+,Other,Germany,Low,Technology Enthusiast,2023-04-03,Regular
CUST07339,C008,46-55,Female,Germany,High,Budget Buyer,2021-11-01,VIP
CUST07340,C010,26-35,Other,USA,Low,Premium Customer,2022-02-08,VIP
CUST07341,C002,46-55,Other,USA,Low,Budget Buyer,2025-07-04,Regular
CUST07342,C005,26-35,Male,South Korea,Medium,Premium Customer,2020-06-27,New
CUST07343,C008,36-45,Female,Canada,Low,Premium Customer,2023-06-27,New
CUST07344,C009,56+,Male,India,Low,Budget Buyer,2023-01-19,New
CUST07345,C002,26-35,Male,UK,Low,Young Professional,2022-07-21,New
CUST07346,C005,18-25,Male,Germany,Medium,Budget Buyer,2020-02-02,Loyal
CUST07347,C009,56+,Male,South Korea,Premium,Value Seeker,2020-11-15,Loyal
CUST07348,C005,46-55,Other,Singapore,High,Young Professional,2022-10-20,VIP
CUST07349,C002,36-45,Female,USA,High,Technology Enthusiast,2025-10-21,Regular
CUST07350,C004,36-45,Other,South Korea,High,Premium Customer,2024-06-14,New
CUST07351,C010,36-45,Other,South Korea,Low,Technology Enthusiast,2021-03-03,Regular
CUST07352,C010,56+,Male,Germany,Medium,Premium Customer,2020-03-02,Loyal
CUST07353,C007,56+,Female,Singapore,Low,Value Seeker,2021-05-11,VIP
CUST07354,C007,56+,Other,USA,Premium,Technology Enthusiast,2024-08-12,Regular
CUST07355,C008,18-25,Other,Singapore,Premium,Young Professional,2025-01-29,VIP
CUST07356,C005,46-55,Female,South Korea,Premium,Young Professional,2026-01-16,VIP
CUST07357,C008,46-55,Male,India,Low,Premium Customer,2024-11-11,Loyal
CUST07358,C001,56+,Male,Germany,Medium,Premium Customer,2024-08-12,Regular
CUST07359,C004,26-35,Female,South Korea,High,Budget Buyer,2026-05-07,Regular
CUST07360,C007,56+,Other,Singapore,High,Premium Customer,2025-08-04,New
CUST07361,C008,56+,Female,Canada,Premium,Budget Buyer,2022-10-04,Loyal
CUST07362,C003,46-55,Male,UK,Low,Value Seeker,2020-11-29,Regular
CUST07363,C001,56+,Female,UK,Low,Value Seeker,2023-09-22,Regular
CUST07364,C010,36-45,Female,Singapore,Medium,Budget Buyer,2023-11-20,Regular
CUST07365,C008,46-55,Other,USA,Low,Premium Customer,2020-05-10,Regular
CUST07366,C004,36-45,Other,Canada,Medium,Young Professional,2020-12-06,Loyal
CUST07367,C010,56+,Female,Canada,Premium,Budget Buyer,2020-11-18,Loyal
CUST07368,C009,46-55,Male,USA,Premium,Value Seeker,2024-06-14,Loyal
CUST07369,C010,36-45,Other,Singapore,Medium,Young Professional,2025-12-04,Regular
CUST07370,C007,18-25,Other,Canada,Low,Premium Customer,2024-03-10,Regular
CUST07371,C007,26-35,Female,India,Premium,Value Seeker,2025-02-07,VIP
CUST07372,C001,26-35,Male,USA,High,Premium Customer,2020-12-07,VIP
CUST07373,C008,18-25,Other,USA,Premium,Budget Buyer,2020-09-10,VIP
CUST07374,C002,36-45,Female,UK,Low,Premium Customer,2020-01-30,New
CUST07375,C009,18-25,Male,UK,Low,Value Seeker,2026-03-04,New
CUST07376,C009,46-55,Male,Japan,Low,Value Seeker,2026-07-14,Loyal
CUST07377,C007,18-25,Female,Germany,High,Budget Buyer,2021-03-22,VIP
CUST07378,C005,36-45,Female,Japan,High,Young Professional,2020-12-26,Loyal
CUST07379,C002,26-35,Male,Japan,High,Technology Enthusiast,2022-01-20,New
CUST07380,C007,56+,Male,Japan,Premium,Premium Customer,2023-05-20,Regular
CUST07381,C001,46-55,Male,Germany,Premium,Young Professional,2022-03-15,VIP
CUST07382,C006,18-25,Female,Canada,High,Value Seeker,2020-03-19,Loyal
CUST07383,C003,18-25,Male,USA,Premium,Young Professional,2023-07-22,Regular
CUST07384,C007,46-55,Male,Singapore,Premium,Technology Enthusiast,2022-11-29,VIP
CUST07385,C008,56+,Other,USA,Medium,Young Professional,2025-06-11,New
CUST07386,C005,26-35,Female,Canada,Premium,Young Professional,2023-11-02,New
CUST07387,C006,36-45,Male,India,High,Value Seeker,2022-06-04,Loyal
CUST07388,C002,36-45,Male,Singapore,Medium,Technology Enthusiast,2025-11-02,Regular
CUST07389,C010,46-55,Female,USA,Medium,Value Seeker,2022-11-20,VIP
CUST07390,C002,18-25,Female,USA,Medium,Premium Customer,2020-07-20,Loyal
CUST07391,C004,36-45,Female,India,Low,Technology Enthusiast,2025-10-16,Regular
CUST07392,C001,18-25,Other,USA,Premium,Value Seeker,2024-01-24,Regular
CUST07393,C010,26-35,Female,UK,High,Technology Enthusiast,2021-09-12,Regular
CUST07394,C003,46-55,Female,South Korea,Low,Budget Buyer,2026-03-12,Regular
CUST07395,C005,18-25,Male,Germany,Low,Budget Buyer,2026-06-08,VIP
CUST07396,C003,56+,Male,Germany,Medium,Young Professional,2022-09-05,Loyal
CUST07397,C002,46-55,Other,USA,Premium,Premium Customer,2024-08-24,VIP
CUST07398,C002,46-55,Male,South Korea,Low,Budget Buyer,2026-06-05,VIP
CUST07399,C003,26-35,Male,Japan,Low,Value Seeker,2021-09-03,Regular
CUST07400,C006,18-25,Female,Germany,High,Premium Customer,2022-04-24,Regular
CUST07401,C009,26-35,Other,Canada,High,Budget Buyer,2025-02-28,Loyal
CUST07402,C001,36-45,Male,Canada,Premium,Premium Customer,2026-06-11,New
CUST07403,C007,26-35,Other,UK,Low,Technology Enthusiast,2026-03-05,Regular
CUST07404,C005,46-55,Other,UK,Low,Premium Customer,2023-03-15,Regular
CUST07405,C007,56+,Female,India,Medium,Technology Enthusiast,2021-06-17,VIP
CUST07406,C005,26-35,Male,UK,Medium,Value Seeker,2024-12-03,Regular
CUST07407,C005,46-55,Male,South Korea,Medium,Premium Customer,2021-10-12,New
CUST07408,C003,36-45,Male,Canada,High,Value Seeker,2023-10-26,VIP
CUST07409,C009,46-55,Female,India,High,Young Professional,2023-02-21,VIP
CUST07410,C005,46-55,Female,Canada,Medium,Young Professional,2021-01-04,Loyal
CUST07411,C002,36-45,Female,Canada,Low,Premium Customer,2020-01-15,Loyal
CUST07412,C003,26-35,Male,Germany,Medium,Young Professional,2023-12-03,Loyal
CUST07413,C005,26-35,Female,Japan,Low,Technology Enthusiast,2026-01-11,Loyal
CUST07414,C006,56+,Other,South Korea,Premium,Young Professional,2020-01-22,Loyal
CUST07415,C008,56+,Male,Japan,Premium,Budget Buyer,2021-07-12,VIP
CUST07416,C007,36-45,Other,India,Low,Premium Customer,2021-12-29,Regular
CUST07417,C003,36-45,Male,South Korea,Premium,Budget Buyer,2020-04-17,Loyal
CUST07418,C010,56+,Female,UK,High,Technology Enthusiast,2023-03-14,Loyal
CUST07419,C010,46-55,Male,Japan,Medium,Technology Enthusiast,2021-06-13,Regular
CUST07420,C001,46-55,Other,UK,Low,Technology Enthusiast,2023-08-14,New
CUST07421,C009,18-25,Other,South Korea,Low,Technology Enthusiast,2021-12-20,Regular
CUST07422,C003,56+,Male,Japan,Medium,Budget Buyer,2020-05-27,New
CUST07423,C010,26-35,Male,Japan,High,Premium Customer,2023-01-26,New
CUST07424,C004,26-35,Female,UK,Low,Value Seeker,2020-07-22,Loyal
CUST07425,C002,18-25,Other,UK,Medium,Premium Customer,2020-04-03,Regular
CUST07426,C006,56+,Other,Germany,High,Technology Enthusiast,2025-03-13,Loyal
CUST07427,C004,46-55,Male,Germany,Medium,Value Seeker,2021-11-22,Loyal
CUST07428,C001,18-25,Other,South Korea,Premium,Budget Buyer,2026-03-06,New
CUST07429,C004,56+,Male,South Korea,Low,Young Professional,2025-05-24,New
CUST07430,C007,36-45,Male,Canada,Premium,Budget Buyer,2026-01-29,Loyal
CUST07431,C010,18-25,Other,Japan,Low,Young Professional,2021-10-24,New
CUST07432,C003,56+,Female,Singapore,Low,Budget Buyer,2021-07-28,VIP
CUST07433,C005,36-45,Male,USA,Premium,Budget Buyer,2026-06-24,Loyal
CUST07434,C010,26-35,Female,Canada,Premium,Value Seeker,2020-09-12,VIP
CUST07435,C003,56+,Other,India,Low,Value Seeker,2023-11-09,Loyal
CUST07436,C010,46-55,Other,Canada,Medium,Young Professional,2026-06-16,Regular
CUST07437,C003,46-55,Other,Singapore,Premium,Budget Buyer,2026-04-30,Loyal
CUST07438,C005,56+,Other,Japan,High,Premium Customer,2022-01-24,New
CUST07439,C010,46-55,Other,South Korea,Low,Budget Buyer,2023-05-22,VIP
CUST07440,C002,18-25,Male,Japan,Medium,Value Seeker,2020-12-07,VIP
CUST07441,C004,56+,Male,USA,Premium,Value Seeker,2023-12-01,Regular
CUST07442,C005,36-45,Other,USA,High,Young Professional,2020-02-15,VIP
CUST07443,C007,18-25,Other,Canada,Medium,Technology Enthusiast,2022-10-11,VIP
CUST07444,C001,18-25,Male,Japan,High,Value Seeker,2024-03-17,New
CUST07445,C002,56+,Other,Japan,High,Technology Enthusiast,2025-11-07,New
CUST07446,C010,46-55,Female,Japan,Low,Premium Customer,2021-08-28,Regular
CUST07447,C004,46-55,Female,Canada,Low,Young Professional,2024-06-01,Regular
CUST07448,C002,46-55,Female,India,Low,Budget Buyer,2022-06-11,New
CUST07449,C002,18-25,Female,Germany,Medium,Value Seeker,2021-03-16,Loyal
CUST07450,C005,26-35,Female,Japan,High,Technology Enthusiast,2022-08-21,Loyal
CUST07451,C002,56+,Other,USA,Premium,Technology Enthusiast,2025-10-05,Loyal
CUST07452,C006,46-55,Other,USA,High,Young Professional,2020-09-23,Regular
CUST07453,C007,56+,Male,Germany,High,Young Professional,2026-06-30,Loyal
CUST07454,C009,18-25,Female,Canada,Low,Technology Enthusiast,2022-04-19,New
CUST07455,C010,18-25,Male,Singapore,High,Premium Customer,2020-10-11,New
CUST07456,C010,26-35,Male,Germany,Low,Premium Customer,2026-01-03,VIP
CUST07457,C010,46-55,Female,Canada,Low,Value Seeker,2021-11-20,New
CUST07458,C008,18-25,Female,India,Premium,Young Professional,2023-11-22,New
CUST07459,C009,18-25,Female,South Korea,Low,Budget Buyer,2021-04-17,New
CUST07460,C008,36-45,Male,India,High,Technology Enthusiast,2024-03-19,Regular
CUST07461,C001,46-55,Female,Germany,Premium,Young Professional,2026-01-22,Loyal
CUST07462,C006,56+,Male,Germany,Low,Technology Enthusiast,2024-01-03,Loyal
CUST07463,C007,36-45,Female,Germany,High,Premium Customer,2024-04-26,New
CUST07464,C003,56+,Other,USA,Low,Premium Customer,2024-08-07,VIP
CUST07465,C004,18-25,Male,South Korea,Low,Value Seeker,2021-12-21,New
CUST07466,C008,18-25,Female,Singapore,Medium,Value Seeker,2025-11-21,Regular
CUST07467,C006,56+,Other,USA,Low,Technology Enthusiast,2023-10-05,New
CUST07468,C003,46-55,Female,USA,High,Budget Buyer,2024-12-06,New
CUST07469,C008,36-45,Female,UK,High,Premium Customer,2025-08-21,VIP
CUST07470,C007,18-25,Female,UK,High,Technology Enthusiast,2020-03-20,VIP
CUST07471,C007,46-55,Male,UK,High,Young Professional,2023-07-16,Loyal
CUST07472,C006,36-45,Female,Japan,Low,Technology Enthusiast,2026-02-10,VIP
CUST07473,C002,56+,Other,India,Low,Young Professional,2022-11-07,New
CUST07474,C010,36-45,Female,Canada,High,Technology Enthusiast,2020-03-28,VIP
CUST07475,C003,26-35,Male,Singapore,High,Value Seeker,2024-03-12,VIP
CUST07476,C004,18-25,Female,Singapore,Premium,Premium Customer,2026-07-12,VIP
CUST07477,C006,36-45,Other,Canada,Medium,Budget Buyer,2021-09-13,Regular
CUST07478,C002,46-55,Other,South Korea,Low,Premium Customer,2023-08-06,Loyal
CUST07479,C009,18-25,Male,Canada,High,Budget Buyer,2020-09-26,VIP
CUST07480,C008,26-35,Female,Germany,High,Budget Buyer,2026-03-05,VIP
CUST07481,C009,18-25,Other,UK,Medium,Premium Customer,2020-07-18,New
CUST07482,C007,26-35,Male,Germany,High,Value Seeker,2024-08-27,VIP
CUST07483,C001,46-55,Other,South Korea,Medium,Premium Customer,2020-12-13,Loyal
CUST07484,C006,18-25,Male,UK,Premium,Budget Buyer,2025-08-30,Regular
CUST07485,C006,26-35,Female,India,Low,Technology Enthusiast,2022-11-30,Regular
CUST07486,C004,26-35,Other,India,Low,Value Seeker,2022-04-08,Loyal
CUST07487,C004,36-45,Other,Singapore,Premium,Young Professional,2020-06-25,New
CUST07488,C008,56+,Other,Japan,Medium,Value Seeker,2021-01-19,New
CUST07489,C002,46-55,Female,Germany,High,Premium Customer,2023-10-25,Regular
CUST07490,C009,36-45,Male,USA,High,Technology Enthusiast,2025-03-02,Regular
CUST07491,C004,36-45,Other,UK,Low,Young Professional,2024-03-31,Regular
CUST07492,C010,36-45,Female,South Korea,Low,Premium Customer,2024-08-26,VIP
CUST07493,C004,18-25,Male,UK,Medium,Budget Buyer,2022-05-07,VIP
CUST07494,C009,18-25,Female,India,Low,Technology Enthusiast,2025-10-04,Regular
CUST07495,C002,36-45,Female,Canada,Low,Value Seeker,2023-10-01,Loyal
CUST07496,C002,18-25,Other,Germany,Medium,Young Professional,2021-12-31,New
CUST07497,C002,56+,Other,USA,High,Young Professional,2025-04-05,Loyal
CUST07498,C006,46-55,Other,Singapore,Premium,Value Seeker,2025-04-23,Loyal
CUST07499,C004,46-55,Male,USA,Premium,Budget Buyer,2024-08-10,Regular
CUST07500,C001,36-45,Female,South Korea,High,Budget Buyer,2022-07-23,VIP
CUST07501,C006,36-45,Other,UK,Medium,Budget Buyer,2024-04-08,New
CUST07502,C003,36-45,Male,UK,Medium,Premium Customer,2022-01-27,New
CUST07503,C007,36-45,Male,Germany,Medium,Young Professional,2024-04-26,New
CUST07504,C010,26-35,Male,USA,Low,Young Professional,2025-01-23,Regular
CUST07505,C010,46-55,Male,Germany,Low,Premium Customer,2021-10-24,VIP
CUST07506,C007,26-35,Male,USA,Low,Premium Customer,2022-11-17,Regular
CUST07507,C002,18-25,Male,USA,Low,Young Professional,2020-06-13,VIP
CUST07508,C001,36-45,Male,India,High,Technology Enthusiast,2020-07-15,Loyal
CUST07509,C007,56+,Female,Japan,Low,Budget Buyer,2024-09-06,Regular
CUST07510,C009,26-35,Female,UK,Medium,Premium Customer,2024-01-07,Regular
CUST07511,C010,56+,Male,UK,High,Value Seeker,2022-01-18,Regular
CUST07512,C005,56+,Other,India,Premium,Premium Customer,2023-01-02,VIP
CUST07513,C006,46-55,Female,Japan,High,Value Seeker,2025-03-10,Loyal
CUST07514,C010,56+,Other,USA,High,Premium Customer,2021-11-03,Regular
CUST07515,C002,36-45,Female,Germany,High,Premium Customer,2021-11-11,Loyal
CUST07516,C010,18-25,Female,India,High,Premium Customer,2020-09-26,New
CUST07517,C009,26-35,Male,Germany,High,Young Professional,2021-10-09,Loyal
CUST07518,C005,36-45,Other,Canada,High,Premium Customer,2025-02-02,Loyal
CUST07519,C005,18-25,Other,Canada,Medium,Budget Buyer,2023-09-07,Loyal
CUST07520,C008,56+,Other,USA,High,Value Seeker,2021-07-29,VIP
CUST07521,C001,18-25,Male,Germany,Low,Young Professional,2025-05-18,Regular
CUST07522,C009,46-55,Female,Canada,Premium,Budget Buyer,2021-06-15,Regular
CUST07523,C004,36-45,Female,Japan,Medium,Young Professional,2023-12-11,New
CUST07524,C004,26-35,Male,Singapore,Premium,Premium Customer,2024-12-13,Regular
CUST07525,C001,56+,Male,Germany,Medium,Young Professional,2025-03-02,VIP
CUST07526,C009,26-35,Male,South Korea,High,Value Seeker,2024-06-06,New
CUST07527,C010,56+,Male,UK,Low,Technology Enthusiast,2020-12-23,Regular
CUST07528,C006,46-55,Male,Canada,High,Young Professional,2020-02-23,New
CUST07529,C006,46-55,Other,USA,High,Budget Buyer,2020-05-30,New
CUST07530,C005,26-35,Female,Japan,Premium,Premium Customer,2024-08-24,Regular
CUST07531,C002,46-55,Male,South Korea,Medium,Young Professional,2025-04-06,Regular
CUST07532,C009,36-45,Female,Japan,Premium,Young Professional,2021-05-19,New
CUST07533,C005,36-45,Male,India,Low,Young Professional,2025-01-26,Loyal
CUST07534,C007,26-35,Other,Canada,High,Young Professional,2022-05-20,Loyal
CUST07535,C006,18-25,Male,UK,Medium,Budget Buyer,2020-01-14,Loyal
CUST07536,C009,26-35,Male,UK,Low,Young Professional,2021-02-14,Regular
CUST07537,C001,56+,Other,Germany,Low,Technology Enthusiast,2026-03-17,Regular
CUST07538,C003,18-25,Male,Canada,Low,Premium Customer,2021-09-12,VIP
CUST07539,C007,18-25,Other,Singapore,Medium,Technology Enthusiast,2024-12-01,Regular
CUST07540,C009,46-55,Other,Singapore,Premium,Young Professional,2021-11-05,New
CUST07541,C001,56+,Other,South Korea,Premium,Value Seeker,2020-01-30,Loyal
CUST07542,C005,46-55,Male,Japan,High,Technology Enthusiast,2026-07-05,New
CUST07543,C002,18-25,Male,Japan,High,Value Seeker,2021-08-01,New
CUST07544,C002,36-45,Male,Canada,Medium,Premium Customer,2021-10-24,Loyal
CUST07545,C007,56+,Male,South Korea,Low,Premium Customer,2024-10-25,VIP
CUST07546,C006,36-45,Female,India,Medium,Budget Buyer,2024-11-15,Loyal
CUST07547,C009,26-35,Male,USA,High,Young Professional,2021-12-19,VIP
CUST07548,C003,36-45,Female,Japan,Medium,Value Seeker,2020-03-18,New
CUST07549,C007,36-45,Female,Japan,Low,Value Seeker,2026-03-09,VIP
CUST07550,C010,36-45,Male,Japan,Medium,Premium Customer,2023-03-13,New
CUST07551,C008,26-35,Other,Canada,Medium,Technology Enthusiast,2021-10-13,Regular
CUST07552,C009,46-55,Female,India,Low,Budget Buyer,2026-04-08,VIP
CUST07553,C006,56+,Female,Canada,High,Value Seeker,2022-01-07,New
CUST07554,C006,26-35,Other,Singapore,Low,Young Professional,2021-12-16,New
CUST07555,C007,46-55,Male,South Korea,Medium,Premium Customer,2022-08-14,Loyal
CUST07556,C003,18-25,Other,Japan,Low,Value Seeker,2020-04-29,Loyal
CUST07557,C001,56+,Other,Germany,Premium,Premium Customer,2024-12-17,New
CUST07558,C001,56+,Female,USA,High,Technology Enthusiast,2022-12-11,New
CUST07559,C006,26-35,Female,South Korea,High,Budget Buyer,2022-12-22,Loyal
CUST07560,C002,46-55,Male,Canada,Low,Technology Enthusiast,2023-06-12,VIP
CUST07561,C008,36-45,Male,Japan,Premium,Technology Enthusiast,2026-06-18,Regular
CUST07562,C003,26-35,Female,India,Low,Premium Customer,2021-04-14,Loyal
CUST07563,C001,46-55,Female,Germany,Medium,Budget Buyer,2023-06-16,Loyal
CUST07564,C008,36-45,Male,Japan,Medium,Technology Enthusiast,2021-02-13,Loyal
CUST07565,C003,46-55,Female,South Korea,High,Budget Buyer,2025-03-28,VIP
CUST07566,C006,46-55,Female,Singapore,Premium,Premium Customer,2022-09-18,Loyal
CUST07567,C007,46-55,Male,Singapore,High,Value Seeker,2022-04-23,VIP
CUST07568,C002,18-25,Female,Japan,High,Value Seeker,2021-04-10,Loyal
CUST07569,C002,18-25,Female,South Korea,High,Premium Customer,2025-07-17,Regular
CUST07570,C006,26-35,Female,Germany,Medium,Young Professional,2024-07-24,New
CUST07571,C001,18-25,Male,UK,Medium,Budget Buyer,2021-05-17,Loyal
CUST07572,C010,36-45,Male,India,Low,Budget Buyer,2020-10-03,Regular
CUST07573,C001,46-55,Female,South Korea,High,Technology Enthusiast,2020-11-30,New
CUST07574,C006,56+,Female,USA,High,Value Seeker,2025-04-29,Regular
CUST07575,C009,26-35,Other,USA,Medium,Young Professional,2020-08-19,Loyal
CUST07576,C009,36-45,Female,India,Low,Premium Customer,2021-09-23,New
CUST07577,C010,46-55,Other,Japan,Premium,Young Professional,2022-01-09,Regular
CUST07578,C007,26-35,Female,Canada,Medium,Young Professional,2023-03-26,VIP
CUST07579,C001,46-55,Other,USA,High,Young Professional,2021-12-06,VIP
CUST07580,C007,56+,Other,UK,Low,Premium Customer,2024-11-22,Regular
CUST07581,C010,26-35,Male,Germany,Low,Technology Enthusiast,2025-02-23,VIP
CUST07582,C001,46-55,Other,Germany,Medium,Young Professional,2025-09-14,Loyal
CUST07583,C006,56+,Female,Japan,Low,Technology Enthusiast,2022-08-02,Regular
CUST07584,C010,26-35,Other,Japan,Premium,Technology Enthusiast,2020-03-24,New
CUST07585,C003,36-45,Female,India,Medium,Premium Customer,2026-03-31,Regular
CUST07586,C007,46-55,Other,Canada,High,Budget Buyer,2021-06-24,Loyal
CUST07587,C008,36-45,Female,South Korea,High,Budget Buyer,2020-08-14,Loyal
CUST07588,C004,56+,Male,Singapore,Low,Premium Customer,2025-07-02,New
CUST07589,C009,26-35,Other,UK,Low,Budget Buyer,2021-06-13,New
CUST07590,C003,56+,Male,Singapore,Premium,Technology Enthusiast,2025-04-19,Regular
CUST07591,C005,36-45,Other,Japan,Medium,Budget Buyer,2024-09-24,Regular
CUST07592,C003,26-35,Male,UK,Low,Premium Customer,2022-01-11,New
CUST07593,C004,56+,Male,UK,Medium,Value Seeker,2023-08-04,Regular
CUST07594,C008,26-35,Female,Canada,Medium,Young Professional,2021-08-11,New
CUST07595,C007,56+,Male,USA,High,Technology Enthusiast,2020-08-25,Loyal
CUST07596,C009,26-35,Male,Germany,Medium,Value Seeker,2021-11-14,Loyal
CUST07597,C007,18-25,Other,South Korea,Low,Budget Buyer,2024-06-06,New
CUST07598,C009,26-35,Male,USA,Medium,Value Seeker,2024-06-26,VIP
CUST07599,C006,18-25,Female,Japan,High,Young Professional,2022-01-01,Loyal
CUST07600,C008,26-35,Female,India,Low,Young Professional,2021-06-21,VIP
CUST07601,C005,26-35,Male,Japan,Premium,Value Seeker,2022-11-07,New
CUST07602,C004,36-45,Other,Japan,Low,Technology Enthusiast,2025-07-06,Regular
CUST07603,C008,26-35,Male,India,Low,Premium Customer,2023-01-06,New
CUST07604,C009,18-25,Other,South Korea,Premium,Value Seeker,2022-10-06,VIP
CUST07605,C007,36-45,Other,Japan,Premium,Premium Customer,2025-06-01,New
CUST07606,C006,26-35,Male,Germany,High,Value Seeker,2025-03-31,Regular
CUST07607,C008,26-35,Male,Canada,Low,Young Professional,2020-06-01,VIP
CUST07608,C010,46-55,Female,USA,Medium,Premium Customer,2023-03-31,New
CUST07609,C003,46-55,Other,Singapore,Medium,Young Professional,2020-06-28,New
CUST07610,C010,26-35,Male,Canada,Medium,Premium Customer,2023-12-17,Loyal
CUST07611,C007,46-55,Other,Germany,Premium,Value Seeker,2021-04-19,New
CUST07612,C002,18-25,Male,USA,Premium,Young Professional,2025-05-03,Loyal
CUST07613,C006,46-55,Female,Canada,Premium,Value Seeker,2024-05-22,Loyal
CUST07614,C002,46-55,Female,Canada,High,Young Professional,2020-06-25,New
CUST07615,C008,46-55,Female,South Korea,Low,Value Seeker,2021-05-24,New
CUST07616,C003,56+,Male,Germany,Low,Budget Buyer,2023-03-18,Regular
CUST07617,C004,18-25,Other,South Korea,Low,Young Professional,2023-05-24,Loyal
CUST07618,C001,56+,Other,Germany,Low,Value Seeker,2022-03-13,New
CUST07619,C004,36-45,Male,USA,Medium,Premium Customer,2024-02-21,Regular
CUST07620,C002,56+,Female,India,High,Technology Enthusiast,2021-09-10,New
CUST07621,C010,46-55,Other,Japan,Premium,Value Seeker,2026-01-25,Regular
CUST07622,C003,26-35,Female,India,Medium,Technology Enthusiast,2026-07-17,Regular
CUST07623,C010,46-55,Male,USA,Low,Premium Customer,2026-01-18,Regular
CUST07624,C001,46-55,Female,Singapore,Medium,Budget Buyer,2023-02-06,Regular
CUST07625,C009,46-55,Other,USA,High,Technology Enthusiast,2020-09-17,VIP
CUST07626,C008,46-55,Other,Singapore,Premium,Young Professional,2020-06-09,Loyal
CUST07627,C005,18-25,Other,Japan,Low,Budget Buyer,2020-09-20,New
CUST07628,C006,26-35,Female,UK,High,Young Professional,2022-12-12,VIP
CUST07629,C004,18-25,Other,India,Premium,Value Seeker,2020-03-01,Loyal
CUST07630,C009,26-35,Male,India,Medium,Value Seeker,2023-05-19,VIP
CUST07631,C003,36-45,Male,USA,High,Value Seeker,2025-06-08,VIP
CUST07632,C003,18-25,Male,Canada,Medium,Young Professional,2022-09-15,New
CUST07633,C007,26-35,Other,UK,Premium,Premium Customer,2024-04-20,VIP
CUST07634,C006,46-55,Male,South Korea,Premium,Premium Customer,2026-07-14,New
CUST07635,C010,36-45,Female,India,High,Value Seeker,2025-09-15,Loyal
CUST07636,C007,46-55,Female,India,Premium,Technology Enthusiast,2023-09-19,Regular
CUST07637,C005,46-55,Other,South Korea,Low,Premium Customer,2025-12-27,Loyal
CUST07638,C007,56+,Male,USA,Premium,Premium Customer,2021-10-10,Regular
CUST07639,C007,36-45,Male,India,Low,Budget Buyer,2020-03-20,New
CUST07640,C001,46-55,Other,South Korea,Medium,Budget Buyer,2020-05-10,Regular
CUST07641,C007,46-55,Other,Canada,Low,Technology Enthusiast,2022-04-12,VIP
CUST07642,C001,26-35,Male,Japan,Low,Technology Enthusiast,2022-05-01,New
CUST07643,C010,26-35,Other,UK,Medium,Premium Customer,2022-03-25,Loyal
CUST07644,C005,36-45,Other,Japan,High,Young Professional,2024-02-21,VIP
CUST07645,C003,56+,Female,UK,High,Young Professional,2024-12-22,VIP
CUST07646,C008,46-55,Female,India,Premium,Premium Customer,2020-11-06,VIP
CUST07647,C008,56+,Other,Canada,Medium,Budget Buyer,2026-05-17,VIP
CUST07648,C002,46-55,Female,UK,Medium,Premium Customer,2022-06-14,VIP
CUST07649,C002,26-35,Female,Germany,Low,Technology Enthusiast,2026-04-16,VIP
CUST07650,C009,56+,Male,USA,Medium,Technology Enthusiast,2025-07-15,New
CUST07651,C003,26-35,Female,Germany,High,Technology Enthusiast,2020-12-03,New
CUST07652,C006,46-55,Male,India,Medium,Premium Customer,2024-11-14,Regular
CUST07653,C003,18-25,Other,Germany,Medium,Young Professional,2023-08-22,VIP
CUST07654,C003,36-45,Female,Germany,Premium,Value Seeker,2025-09-09,Regular
CUST07655,C009,18-25,Other,USA,Medium,Young Professional,2022-11-06,Regular
CUST07656,C001,36-45,Male,UK,Low,Technology Enthusiast,2020-06-25,New
CUST07657,C009,56+,Other,USA,Medium,Young Professional,2021-10-03,VIP
CUST07658,C010,46-55,Female,South Korea,Medium,Budget Buyer,2024-06-15,Regular
CUST07659,C002,26-35,Other,Canada,Low,Technology Enthusiast,2025-06-30,Regular
CUST07660,C008,18-25,Male,South Korea,Premium,Technology Enthusiast,2023-12-05,Loyal
CUST07661,C009,36-45,Other,USA,Premium,Premium Customer,2021-04-05,New
CUST07662,C009,36-45,Male,UK,Low,Technology Enthusiast,2023-04-05,Loyal
CUST07663,C010,36-45,Male,Japan,Low,Technology Enthusiast,2024-10-13,Loyal
CUST07664,C001,46-55,Other,Canada,High,Technology Enthusiast,2024-03-08,Regular
CUST07665,C005,18-25,Male,South Korea,High,Value Seeker,2020-08-11,VIP
CUST07666,C010,26-35,Male,Japan,Premium,Young Professional,2025-04-24,New
CUST07667,C003,36-45,Other,Germany,Low,Value Seeker,2021-12-16,Regular
CUST07668,C008,36-45,Female,Canada,High,Young Professional,2021-11-22,New
CUST07669,C004,46-55,Other,Japan,Medium,Young Professional,2020-02-24,Loyal
CUST07670,C007,46-55,Male,Germany,Premium,Premium Customer,2025-04-06,VIP
CUST07671,C009,56+,Male,South Korea,High,Budget Buyer,2022-02-22,VIP
CUST07672,C004,18-25,Female,Singapore,Medium,Premium Customer,2026-02-04,VIP
CUST07673,C010,18-25,Other,India,Premium,Value Seeker,2023-05-09,VIP
CUST07674,C003,56+,Other,USA,Premium,Premium Customer,2021-11-26,Loyal
CUST07675,C009,26-35,Female,USA,High,Young Professional,2020-03-02,Loyal
CUST07676,C005,26-35,Other,USA,High,Premium Customer,2020-04-13,Loyal
CUST07677,C001,56+,Female,Canada,Low,Young Professional,2023-08-23,Regular
CUST07678,C003,26-35,Female,Singapore,Low,Value Seeker,2026-01-11,Regular
CUST07679,C010,36-45,Male,USA,Premium,Young Professional,2022-08-16,VIP
CUST07680,C004,56+,Male,India,High,Technology Enthusiast,2024-08-28,Loyal
CUST07681,C007,46-55,Male,Canada,Medium,Young Professional,2020-05-16,New
CUST07682,C008,56+,Male,USA,Premium,Value Seeker,2024-03-14,VIP
CUST07683,C002,56+,Other,Canada,High,Premium Customer,2020-05-16,Regular
CUST07684,C002,46-55,Other,Singapore,Low,Value Seeker,2022-10-24,VIP
CUST07685,C006,56+,Other,South Korea,High,Young Professional,2020-07-24,Loyal
CUST07686,C004,56+,Other,South Korea,Low,Premium Customer,2025-04-20,VIP
CUST07687,C009,56+,Female,Japan,Low,Budget Buyer,2020-06-25,VIP
CUST07688,C005,46-55,Male,UK,Low,Premium Customer,2023-05-25,VIP
CUST07689,C009,36-45,Female,South Korea,High,Premium Customer,2023-08-15,VIP
CUST07690,C001,18-25,Other,Japan,High,Technology Enthusiast,2024-06-13,Regular
CUST07691,C005,36-45,Female,Canada,Medium,Value Seeker,2026-01-22,VIP
CUST07692,C006,18-25,Male,Japan,Premium,Young Professional,2023-06-16,Regular
CUST07693,C008,18-25,Male,Japan,Premium,Value Seeker,2025-02-02,VIP
CUST07694,C007,56+,Male,India,High,Value Seeker,2026-05-01,VIP
CUST07695,C010,18-25,Male,Japan,High,Premium Customer,2021-09-04,Regular
CUST07696,C002,36-45,Other,Singapore,Low,Premium Customer,2024-09-26,VIP
CUST07697,C005,26-35,Male,Germany,Premium,Young Professional,2026-04-29,Loyal
CUST07698,C009,56+,Other,Germany,Medium,Value Seeker,2022-05-12,New
CUST07699,C005,26-35,Other,UK,High,Young Professional,2026-07-09,Loyal
CUST07700,C010,56+,Other,UK,Low,Premium Customer,2021-11-05,VIP
CUST07701,C007,26-35,Female,South Korea,Premium,Budget Buyer,2023-08-11,New
CUST07702,C010,18-25,Male,USA,Low,Budget Buyer,2020-03-28,New
CUST07703,C004,46-55,Female,Singapore,Low,Premium Customer,2021-11-18,New
CUST07704,C009,46-55,Female,Canada,Low,Premium Customer,2025-09-25,Regular
CUST07705,C008,46-55,Female,India,Medium,Technology Enthusiast,2025-06-14,Loyal
CUST07706,C003,18-25,Male,UK,Medium,Technology Enthusiast,2023-12-22,New
CUST07707,C006,36-45,Male,South Korea,High,Technology Enthusiast,2022-04-04,Regular
CUST07708,C008,56+,Female,Singapore,Premium,Budget Buyer,2020-10-26,VIP
CUST07709,C003,26-35,Other,Germany,Medium,Technology Enthusiast,2023-03-28,New
CUST07710,C002,46-55,Other,India,Low,Premium Customer,2020-07-17,VIP
CUST07711,C005,46-55,Male,Germany,High,Technology Enthusiast,2023-06-17,VIP
CUST07712,C005,18-25,Female,Japan,Low,Premium Customer,2026-06-11,Regular
CUST07713,C002,26-35,Male,USA,High,Value Seeker,2021-06-24,Loyal
CUST07714,C010,46-55,Male,USA,Premium,Young Professional,2025-08-04,New
CUST07715,C001,46-55,Female,USA,High,Budget Buyer,2022-06-25,VIP
CUST07716,C005,46-55,Other,Singapore,Medium,Value Seeker,2026-04-17,VIP
CUST07717,C004,46-55,Other,Singapore,Low,Value Seeker,2021-06-19,Loyal
CUST07718,C010,26-35,Female,Japan,High,Budget Buyer,2024-08-19,New
CUST07719,C003,56+,Other,USA,High,Technology Enthusiast,2020-09-28,Loyal
CUST07720,C003,26-35,Female,Japan,Medium,Budget Buyer,2023-08-10,New
CUST07721,C010,36-45,Female,South Korea,Low,Young Professional,2024-05-06,Loyal
CUST07722,C005,56+,Other,USA,High,Young Professional,2024-01-17,Regular
CUST07723,C002,26-35,Male,Germany,Premium,Budget Buyer,2020-01-19,VIP
CUST07724,C002,46-55,Male,Canada,Medium,Budget Buyer,2022-10-08,Regular
CUST07725,C002,18-25,Female,Singapore,Premium,Technology Enthusiast,2020-01-26,VIP
CUST07726,C006,18-25,Male,India,High,Technology Enthusiast,2021-08-13,VIP
CUST07727,C006,26-35,Female,Japan,Premium,Technology Enthusiast,2023-05-12,VIP
CUST07728,C003,26-35,Other,India,High,Young Professional,2022-01-18,Loyal
CUST07729,C002,18-25,Male,Japan,Premium,Premium Customer,2025-02-27,Regular
CUST07730,C010,56+,Male,Singapore,Low,Premium Customer,2021-08-11,New
CUST07731,C007,56+,Other,South Korea,Medium,Value Seeker,2022-10-25,Loyal
CUST07732,C009,56+,Other,Japan,Low,Premium Customer,2022-02-08,Loyal
CUST07733,C003,36-45,Female,South Korea,Low,Budget Buyer,2020-08-10,Loyal
CUST07734,C009,18-25,Other,South Korea,Premium,Value Seeker,2022-03-11,VIP
CUST07735,C004,36-45,Female,Germany,Medium,Premium Customer,2021-11-27,Loyal
CUST07736,C004,26-35,Male,Singapore,Medium,Value Seeker,2026-04-06,Loyal
CUST07737,C001,26-35,Female,Germany,Premium,Value Seeker,2024-10-09,Regular
CUST07738,C004,18-25,Female,Singapore,High,Premium Customer,2020-01-12,VIP
CUST07739,C006,26-35,Other,India,High,Young Professional,2020-05-02,New
CUST07740,C009,26-35,Male,Germany,Premium,Budget Buyer,2023-07-15,New
CUST07741,C002,36-45,Female,Germany,Medium,Budget Buyer,2020-03-21,Loyal
CUST07742,C001,56+,Male,Germany,High,Budget Buyer,2026-07-19,VIP
CUST07743,C001,56+,Female,Singapore,High,Technology Enthusiast,2020-08-12,VIP
CUST07744,C006,56+,Other,Canada,Medium,Value Seeker,2023-09-02,Loyal
CUST07745,C003,46-55,Female,Japan,Premium,Young Professional,2025-03-17,Loyal
CUST07746,C007,36-45,Male,UK,Premium,Premium Customer,2023-04-16,Loyal
CUST07747,C001,56+,Male,UK,High,Value Seeker,2020-12-20,VIP
CUST07748,C008,56+,Female,UK,Medium,Value Seeker,2023-07-02,New
CUST07749,C007,18-25,Other,Japan,Medium,Value Seeker,2024-04-27,New
CUST07750,C005,46-55,Male,Canada,Medium,Budget Buyer,2026-02-20,Regular
CUST07751,C006,46-55,Female,Germany,Low,Value Seeker,2025-02-12,Loyal
CUST07752,C001,56+,Male,Singapore,Medium,Premium Customer,2023-04-02,Regular
CUST07753,C004,46-55,Female,Japan,Medium,Value Seeker,2020-10-05,VIP
CUST07754,C004,46-55,Female,Singapore,Medium,Budget Buyer,2023-05-03,VIP
CUST07755,C006,36-45,Other,UK,Premium,Premium Customer,2026-01-05,Loyal
CUST07756,C005,56+,Other,USA,High,Technology Enthusiast,2024-05-09,VIP
CUST07757,C004,26-35,Other,South Korea,High,Technology Enthusiast,2020-04-26,New
CUST07758,C005,26-35,Other,Germany,Premium,Technology Enthusiast,2023-07-01,VIP
CUST07759,C007,56+,Male,South Korea,High,Budget Buyer,2021-04-13,Loyal
CUST07760,C007,18-25,Other,Japan,High,Young Professional,2020-11-17,New
CUST07761,C001,36-45,Other,USA,Premium,Technology Enthusiast,2025-07-15,VIP
CUST07762,C002,36-45,Other,India,Low,Premium Customer,2020-12-19,New
CUST07763,C009,26-35,Other,South Korea,Low,Budget Buyer,2024-11-30,Regular
CUST07764,C007,26-35,Other,USA,High,Premium Customer,2025-09-07,Regular
CUST07765,C005,18-25,Female,India,High,Budget Buyer,2022-02-01,New
CUST07766,C007,46-55,Other,India,High,Young Professional,2025-05-26,Regular
CUST07767,C006,46-55,Other,UK,Low,Technology Enthusiast,2021-09-15,Loyal
CUST07768,C008,56+,Other,India,Medium,Value Seeker,2020-12-08,Regular
CUST07769,C008,18-25,Other,South Korea,Medium,Value Seeker,2021-03-07,Loyal
CUST07770,C008,56+,Male,USA,Medium,Value Seeker,2024-02-05,New
CUST07771,C004,56+,Other,India,High,Premium Customer,2023-05-10,Loyal
CUST07772,C004,46-55,Male,USA,Low,Young Professional,2020-11-30,VIP
CUST07773,C004,18-25,Other,Singapore,Premium,Budget Buyer,2020-09-30,New
CUST07774,C010,46-55,Other,Germany,High,Budget Buyer,2026-01-10,Loyal
CUST07775,C005,36-45,Other,Germany,Low,Technology Enthusiast,2023-04-24,New
CUST07776,C004,26-35,Female,Canada,Premium,Budget Buyer,2021-01-24,VIP
CUST07777,C004,18-25,Male,Japan,Low,Young Professional,2022-11-14,Loyal
CUST07778,C001,46-55,Female,South Korea,Low,Technology Enthusiast,2025-01-15,VIP
CUST07779,C003,26-35,Female,USA,Medium,Budget Buyer,2023-01-10,Loyal
CUST07780,C006,56+,Female,India,Premium,Value Seeker,2022-08-16,New
CUST07781,C008,36-45,Other,Japan,High,Young Professional,2025-12-18,Loyal
CUST07782,C001,26-35,Male,South Korea,Premium,Premium Customer,2021-12-25,New
CUST07783,C003,56+,Male,Singapore,Premium,Premium Customer,2021-01-27,Regular
CUST07784,C006,46-55,Other,Germany,High,Young Professional,2021-12-25,Loyal
CUST07785,C006,56+,Male,Singapore,Premium,Premium Customer,2021-05-18,Loyal
CUST07786,C003,18-25,Other,Germany,Low,Premium Customer,2020-09-24,Regular
CUST07787,C005,26-35,Other,South Korea,Low,Budget Buyer,2023-04-24,Loyal
CUST07788,C003,46-55,Other,Japan,High,Value Seeker,2023-09-20,Regular
CUST07789,C008,36-45,Male,Canada,Premium,Value Seeker,2022-09-03,Loyal
CUST07790,C009,56+,Other,Germany,Medium,Value Seeker,2024-09-13,Loyal
CUST07791,C004,18-25,Male,UK,Premium,Premium Customer,2023-10-10,Loyal
CUST07792,C007,18-25,Male,Germany,High,Premium Customer,2026-06-30,New
CUST07793,C004,18-25,Female,South Korea,Premium,Young Professional,2025-05-07,Regular
CUST07794,C003,18-25,Other,UK,Low,Budget Buyer,2022-01-17,Loyal
CUST07795,C001,26-35,Other,Canada,Medium,Budget Buyer,2021-09-07,Regular
CUST07796,C004,46-55,Other,Germany,High,Young Professional,2026-02-10,Regular
CUST07797,C006,18-25,Male,USA,High,Premium Customer,2020-05-14,Regular
CUST07798,C009,46-55,Female,Singapore,High,Value Seeker,2022-03-23,VIP
CUST07799,C006,46-55,Other,Canada,Low,Technology Enthusiast,2025-09-10,VIP
CUST07800,C009,18-25,Male,Canada,High,Young Professional,2023-08-08,Loyal
CUST07801,C004,56+,Female,South Korea,Premium,Value Seeker,2021-10-23,VIP
CUST07802,C006,36-45,Male,Germany,Low,Technology Enthusiast,2026-07-09,VIP
CUST07803,C002,46-55,Female,Germany,Medium,Young Professional,2024-06-16,Regular
CUST07804,C009,56+,Male,USA,High,Young Professional,2020-05-22,New
CUST07805,C007,26-35,Female,South Korea,Premium,Budget Buyer,2025-09-22,Loyal
CUST07806,C005,18-25,Male,Canada,Low,Premium Customer,2026-06-08,Loyal
CUST07807,C005,46-55,Female,USA,Medium,Premium Customer,2025-07-16,VIP
CUST07808,C005,46-55,Female,Germany,High,Budget Buyer,2020-03-12,Regular
CUST07809,C009,36-45,Female,Singapore,Medium,Technology Enthusiast,2022-10-13,Regular
CUST07810,C004,56+,Female,Singapore,High,Budget Buyer,2023-05-21,Loyal
CUST07811,C009,26-35,Other,Germany,Low,Technology Enthusiast,2021-09-20,Loyal
CUST07812,C008,18-25,Female,Singapore,Premium,Premium Customer,2024-06-30,Loyal
CUST07813,C007,26-35,Female,Germany,Medium,Young Professional,2020-12-09,Loyal
CUST07814,C002,46-55,Female,Singapore,Medium,Technology Enthusiast,2023-07-03,Regular
CUST07815,C006,56+,Male,Canada,Medium,Premium Customer,2021-11-06,Regular
CUST07816,C006,56+,Male,Germany,Low,Budget Buyer,2021-10-15,VIP
CUST07817,C009,46-55,Other,Canada,High,Premium Customer,2024-09-23,VIP
CUST07818,C009,26-35,Male,India,Premium,Budget Buyer,2025-01-18,New
CUST07819,C002,56+,Female,Canada,Low,Technology Enthusiast,2024-07-12,Regular
CUST07820,C007,18-25,Other,South Korea,Low,Budget Buyer,2025-08-02,Loyal
CUST07821,C004,56+,Other,South Korea,High,Budget Buyer,2026-05-29,Loyal
CUST07822,C005,56+,Male,Canada,High,Budget Buyer,2020-11-12,New
CUST07823,C008,26-35,Female,USA,High,Value Seeker,2023-03-28,Regular
CUST07824,C008,18-25,Female,Japan,Low,Value Seeker,2023-06-24,Regular
CUST07825,C009,56+,Other,Germany,Premium,Budget Buyer,2023-09-09,New
CUST07826,C001,36-45,Female,Canada,Medium,Budget Buyer,2022-08-24,New
CUST07827,C001,36-45,Other,UK,High,Premium Customer,2020-05-01,New
CUST07828,C002,56+,Other,Japan,High,Technology Enthusiast,2021-09-09,VIP
CUST07829,C003,26-35,Male,Japan,Low,Technology Enthusiast,2024-06-27,New
CUST07830,C001,46-55,Female,South Korea,Low,Young Professional,2026-03-17,Regular
CUST07831,C010,46-55,Other,India,Medium,Young Professional,2024-01-10,Loyal
CUST07832,C001,36-45,Male,UK,Medium,Young Professional,2024-05-05,Loyal
CUST07833,C009,46-55,Female,USA,Premium,Young Professional,2025-08-21,Loyal
CUST07834,C002,18-25,Male,Germany,High,Technology Enthusiast,2021-12-20,VIP
CUST07835,C001,56+,Other,Germany,Premium,Budget Buyer,2023-12-05,VIP
CUST07836,C003,26-35,Male,Japan,Medium,Premium Customer,2025-03-14,Loyal
CUST07837,C004,18-25,Male,Germany,Premium,Budget Buyer,2024-04-11,Loyal
CUST07838,C008,46-55,Male,Canada,Premium,Young Professional,2021-02-24,Loyal
CUST07839,C009,18-25,Other,India,Premium,Young Professional,2025-07-11,VIP
CUST07840,C002,46-55,Other,Canada,Medium,Technology Enthusiast,2022-12-29,Loyal
CUST07841,C007,18-25,Female,Singapore,High,Technology Enthusiast,2020-06-29,VIP
CUST07842,C008,56+,Other,Japan,Medium,Value Seeker,2024-12-05,Loyal
CUST07843,C010,36-45,Male,Germany,Low,Value Seeker,2025-01-19,VIP
CUST07844,C002,56+,Male,UK,Premium,Budget Buyer,2026-05-26,Regular
CUST07845,C009,18-25,Other,Japan,Premium,Young Professional,2024-06-14,Regular
CUST07846,C004,56+,Male,South Korea,Low,Value Seeker,2024-05-28,VIP
CUST07847,C002,18-25,Other,Singapore,High,Technology Enthusiast,2025-03-29,New
CUST07848,C008,46-55,Male,UK,Low,Young Professional,2023-03-12,VIP
CUST07849,C006,36-45,Female,Japan,Premium,Premium Customer,2023-05-23,Regular
CUST07850,C007,46-55,Male,USA,Medium,Technology Enthusiast,2022-05-09,Regular
CUST07851,C003,26-35,Male,Canada,Medium,Budget Buyer,2021-12-21,New
CUST07852,C004,56+,Other,UK,Low,Young Professional,2025-07-08,VIP
CUST07853,C010,46-55,Other,India,Low,Value Seeker,2022-05-30,Regular
CUST07854,C004,46-55,Other,Germany,Premium,Premium Customer,2023-10-04,Loyal
CUST07855,C010,18-25,Male,UK,Medium,Technology Enthusiast,2020-01-29,Regular
CUST07856,C001,26-35,Male,South Korea,Low,Young Professional,2020-10-05,Loyal
CUST07857,C008,18-25,Other,Japan,Low,Premium Customer,2022-12-30,Loyal
CUST07858,C010,18-25,Male,UK,Medium,Value Seeker,2020-11-16,VIP
CUST07859,C010,36-45,Other,Germany,Medium,Premium Customer,2024-09-26,Regular
CUST07860,C002,56+,Male,India,Medium,Value Seeker,2022-09-04,Regular
CUST07861,C004,46-55,Other,Germany,Premium,Budget Buyer,2024-11-11,Loyal
CUST07862,C001,46-55,Other,Singapore,Low,Technology Enthusiast,2023-03-08,Loyal
CUST07863,C006,18-25,Other,Japan,Low,Technology Enthusiast,2024-09-18,New
CUST07864,C002,46-55,Other,Canada,Medium,Technology Enthusiast,2020-02-17,Regular
CUST07865,C003,18-25,Other,South Korea,High,Technology Enthusiast,2022-08-24,Regular
CUST07866,C003,18-25,Male,USA,Low,Premium Customer,2020-06-20,Regular
CUST07867,C004,26-35,Other,South Korea,High,Premium Customer,2021-08-28,Regular
CUST07868,C001,56+,Female,Canada,Low,Budget Buyer,2021-01-06,Regular
CUST07869,C005,36-45,Male,Japan,Medium,Premium Customer,2023-01-08,Loyal
CUST07870,C003,56+,Female,USA,Premium,Technology Enthusiast,2022-12-28,Loyal
CUST07871,C009,46-55,Other,South Korea,Low,Value Seeker,2022-12-12,Regular
CUST07872,C010,56+,Other,Germany,Low,Budget Buyer,2021-06-18,New
CUST07873,C006,18-25,Other,USA,Low,Young Professional,2024-12-03,Regular
CUST07874,C010,56+,Other,UK,Medium,Young Professional,2024-12-26,New
CUST07875,C001,36-45,Male,Japan,Low,Young Professional,2021-09-16,VIP
CUST07876,C004,18-25,Female,UK,Premium,Technology Enthusiast,2021-03-11,Loyal
CUST07877,C005,56+,Female,South Korea,Premium,Technology Enthusiast,2020-09-28,VIP
CUST07878,C002,46-55,Other,South Korea,Medium,Technology Enthusiast,2025-04-05,VIP
CUST07879,C003,36-45,Male,South Korea,High,Technology Enthusiast,2020-03-22,New
CUST07880,C001,36-45,Male,India,Low,Technology Enthusiast,2021-01-17,Regular
CUST07881,C006,26-35,Male,Singapore,High,Budget Buyer,2022-01-03,New
CUST07882,C008,56+,Male,Japan,Low,Young Professional,2024-08-20,Regular
CUST07883,C009,18-25,Male,Canada,Premium,Budget Buyer,2025-10-05,Loyal
CUST07884,C005,56+,Male,Japan,Low,Technology Enthusiast,2024-09-11,Loyal
CUST07885,C010,18-25,Female,India,High,Value Seeker,2023-09-30,New
CUST07886,C005,26-35,Male,South Korea,Premium,Young Professional,2025-05-17,Regular
CUST07887,C007,26-35,Male,Canada,High,Budget Buyer,2022-07-07,Regular
CUST07888,C004,36-45,Other,India,Medium,Budget Buyer,2022-02-25,New
CUST07889,C004,46-55,Male,India,Medium,Value Seeker,2025-05-21,Regular
CUST07890,C006,26-35,Male,Japan,Low,Premium Customer,2026-01-31,Regular
CUST07891,C008,18-25,Other,Japan,Premium,Budget Buyer,2023-06-24,Regular
CUST07892,C003,46-55,Male,Canada,Low,Premium Customer,2025-09-09,New
CUST07893,C005,36-45,Female,Germany,High,Technology Enthusiast,2022-07-09,New
CUST07894,C009,26-35,Female,Japan,High,Premium Customer,2026-06-02,Loyal
CUST07895,C007,26-35,Male,Germany,Low,Young Professional,2023-04-23,New
CUST07896,C004,36-45,Other,USA,Low,Young Professional,2020-06-29,Loyal
CUST07897,C004,18-25,Female,UK,Medium,Young Professional,2023-11-06,New
CUST07898,C010,56+,Male,Canada,Medium,Premium Customer,2023-02-04,Regular
CUST07899,C004,18-25,Male,Germany,Premium,Young Professional,2022-05-25,Loyal
CUST07900,C007,36-45,Other,India,Medium,Value Seeker,2026-03-08,New
CUST07901,C009,36-45,Male,Canada,Premium,Technology Enthusiast,2020-03-14,Regular
CUST07902,C008,18-25,Male,UK,High,Premium Customer,2024-02-22,Loyal
CUST07903,C002,26-35,Other,Japan,Low,Young Professional,2026-02-15,VIP
CUST07904,C002,18-25,Male,Canada,Low,Premium Customer,2021-11-16,Regular
CUST07905,C005,18-25,Female,South Korea,Low,Premium Customer,2020-03-15,New
CUST07906,C002,56+,Other,Germany,Low,Premium Customer,2020-05-07,Regular
CUST07907,C005,46-55,Male,UK,Low,Young Professional,2026-05-02,Loyal
CUST07908,C004,56+,Female,Japan,Medium,Budget Buyer,2022-09-14,VIP
CUST07909,C006,56+,Female,USA,Medium,Value Seeker,2021-06-21,Loyal
CUST07910,C001,18-25,Male,Japan,Medium,Premium Customer,2020-07-11,Loyal
CUST07911,C009,56+,Male,Japan,Low,Budget Buyer,2020-12-08,Regular
CUST07912,C003,46-55,Other,Canada,Low,Technology Enthusiast,2026-04-15,VIP
CUST07913,C006,56+,Other,Canada,Medium,Value Seeker,2025-06-22,Loyal
CUST07914,C002,18-25,Other,UK,Premium,Young Professional,2026-04-17,Regular
CUST07915,C002,56+,Male,Canada,Low,Premium Customer,2023-05-20,Regular
CUST07916,C005,46-55,Female,UK,Premium,Technology Enthusiast,2023-03-15,VIP
CUST07917,C010,56+,Other,UK,Low,Young Professional,2022-03-25,Loyal
CUST07918,C002,46-55,Male,Canada,High,Value Seeker,2024-02-11,Regular
CUST07919,C001,26-35,Female,Canada,Low,Young Professional,2023-03-31,Regular
CUST07920,C007,46-55,Female,Canada,Medium,Value Seeker,2025-10-16,VIP
CUST07921,C004,36-45,Other,India,Medium,Technology Enthusiast,2021-04-01,New
CUST07922,C004,18-25,Other,USA,Low,Value Seeker,2020-03-23,New
CUST07923,C002,36-45,Male,South Korea,High,Young Professional,2021-04-20,VIP
CUST07924,C009,26-35,Male,Singapore,Medium,Young Professional,2024-11-24,Loyal
CUST07925,C005,18-25,Female,Germany,High,Young Professional,2022-08-17,VIP
CUST07926,C006,18-25,Other,UK,Medium,Technology Enthusiast,2023-12-23,Regular
CUST07927,C009,56+,Male,Singapore,Low,Value Seeker,2025-12-24,VIP
CUST07928,C002,36-45,Other,India,Premium,Value Seeker,2026-07-08,Regular
CUST07929,C008,36-45,Female,Germany,High,Young Professional,2021-05-14,Loyal
CUST07930,C003,36-45,Female,Singapore,Medium,Technology Enthusiast,2025-12-27,VIP
CUST07931,C003,26-35,Male,Germany,Medium,Value Seeker,2020-08-03,Regular
CUST07932,C008,36-45,Other,Canada,Medium,Value Seeker,2020-09-05,VIP
CUST07933,C005,26-35,Female,Japan,High,Technology Enthusiast,2020-04-26,Loyal
CUST07934,C010,36-45,Female,India,Medium,Value Seeker,2022-01-09,Regular
CUST07935,C002,56+,Male,Japan,High,Technology Enthusiast,2020-04-29,New
CUST07936,C006,36-45,Male,UK,Premium,Value Seeker,2021-01-15,VIP
CUST07937,C005,18-25,Other,Canada,High,Premium Customer,2026-06-26,New
CUST07938,C009,26-35,Male,Canada,Low,Premium Customer,2020-09-27,Regular
CUST07939,C002,46-55,Male,Germany,Medium,Young Professional,2023-03-13,Loyal
CUST07940,C008,26-35,Female,India,Medium,Young Professional,2022-02-13,Loyal
CUST07941,C006,26-35,Female,USA,High,Budget Buyer,2024-05-19,Loyal
CUST07942,C008,18-25,Other,India,Premium,Young Professional,2025-02-04,Regular
CUST07943,C003,56+,Female,Singapore,High,Value Seeker,2022-02-11,Loyal
CUST07944,C002,18-25,Other,India,Medium,Premium Customer,2022-11-26,Loyal
CUST07945,C006,36-45,Female,Singapore,High,Technology Enthusiast,2025-01-27,Regular
CUST07946,C006,46-55,Female,Germany,Medium,Premium Customer,2020-03-13,Regular
CUST07947,C007,26-35,Female,Germany,Premium,Budget Buyer,2023-03-27,Regular
CUST07948,C002,46-55,Male,India,Premium,Budget Buyer,2023-04-11,New
CUST07949,C010,56+,Male,India,High,Value Seeker,2023-09-08,VIP
CUST07950,C004,26-35,Male,India,Medium,Premium Customer,2021-09-03,Loyal
CUST07951,C006,36-45,Female,Canada,High,Technology Enthusiast,2025-07-29,Regular
CUST07952,C007,46-55,Male,Japan,Medium,Budget Buyer,2024-05-30,VIP
CUST07953,C001,26-35,Female,India,Medium,Technology Enthusiast,2025-11-01,VIP
CUST07954,C005,56+,Male,Germany,High,Technology Enthusiast,2020-01-16,VIP
CUST07955,C005,56+,Male,Japan,Medium,Technology Enthusiast,2025-05-01,Loyal
CUST07956,C007,18-25,Other,Japan,High,Value Seeker,2021-11-02,VIP
CUST07957,C003,46-55,Male,UK,Premium,Premium Customer,2024-08-21,New
CUST07958,C002,46-55,Male,USA,Premium,Premium Customer,2022-05-04,VIP
CUST07959,C004,26-35,Male,South Korea,Premium,Young Professional,2022-02-02,Loyal
CUST07960,C002,36-45,Female,South Korea,Medium,Budget Buyer,2023-05-07,Loyal
CUST07961,C006,26-35,Female,Singapore,Premium,Technology Enthusiast,2022-07-12,New
CUST07962,C007,46-55,Female,UK,High,Value Seeker,2021-07-17,VIP
CUST07963,C001,26-35,Male,India,Premium,Technology Enthusiast,2024-06-30,Regular
CUST07964,C004,56+,Other,USA,Premium,Technology Enthusiast,2022-06-04,VIP
CUST07965,C004,46-55,Male,UK,Low,Budget Buyer,2024-02-03,VIP
CUST07966,C009,46-55,Male,Singapore,Premium,Premium Customer,2021-02-27,Regular
CUST07967,C006,18-25,Female,South Korea,Medium,Young Professional,2021-04-24,Loyal
CUST07968,C007,36-45,Male,India,High,Premium Customer,2025-11-13,Loyal
CUST07969,C008,56+,Male,Singapore,Low,Premium Customer,2021-11-01,VIP
CUST07970,C003,56+,Female,UK,Premium,Technology Enthusiast,2020-06-15,VIP
CUST07971,C004,46-55,Female,Singapore,Medium,Technology Enthusiast,2024-10-14,VIP
CUST07972,C007,36-45,Male,South Korea,Medium,Premium Customer,2022-08-01,New
CUST07973,C001,36-45,Female,India,High,Budget Buyer,2025-01-28,Loyal
CUST07974,C002,56+,Male,India,Low,Budget Buyer,2022-03-12,VIP
CUST07975,C006,56+,Other,UK,Low,Premium Customer,2021-09-03,New
CUST07976,C008,56+,Other,Singapore,Low,Technology Enthusiast,2025-06-02,Regular
CUST07977,C006,18-25,Female,Singapore,High,Budget Buyer,2024-08-23,Regular
CUST07978,C009,26-35,Other,India,Medium,Value Seeker,2020-01-16,Regular
CUST07979,C005,46-55,Female,USA,Premium,Young Professional,2023-04-19,New
CUST07980,C008,56+,Female,Singapore,Premium,Value Seeker,2024-01-12,VIP
CUST07981,C006,18-25,Female,Germany,Medium,Value Seeker,2025-08-01,Regular
CUST07982,C004,36-45,Male,USA,Medium,Premium Customer,2025-11-08,New
CUST07983,C008,36-45,Other,Japan,Premium,Premium Customer,2024-07-17,Loyal
CUST07984,C003,26-35,Female,Canada,Low,Premium Customer,2024-12-24,New
CUST07985,C006,46-55,Male,India,Medium,Premium Customer,2023-05-13,Loyal
CUST07986,C007,26-35,Other,Singapore,Premium,Technology Enthusiast,2023-09-02,Loyal
CUST07987,C008,56+,Other,USA,Premium,Premium Customer,2021-03-29,New
CUST07988,C008,18-25,Other,India,Low,Budget Buyer,2022-08-09,VIP
CUST07989,C010,46-55,Female,Singapore,Low,Budget Buyer,2025-04-13,Regular
CUST07990,C003,18-25,Other,Germany,Premium,Young Professional,2020-02-26,Regular
CUST07991,C004,26-35,Male,Germany,High,Young Professional,2025-09-26,Regular
CUST07992,C003,56+,Female,USA,Medium,Young Professional,2020-05-01,Loyal
CUST07993,C007,18-25,Male,India,Medium,Young Professional,2022-01-31,Loyal
CUST07994,C001,36-45,Male,USA,Medium,Technology Enthusiast,2026-06-21,VIP
CUST07995,C006,36-45,Male,Japan,High,Budget Buyer,2022-12-04,VIP
CUST07996,C007,46-55,Other,Germany,Premium,Young Professional,2023-08-01,Loyal
CUST07997,C001,46-55,Male,South Korea,High,Premium Customer,2021-12-24,Regular
CUST07998,C001,18-25,Female,Germany,Low,Premium Customer,2022-02-23,New
CUST07999,C005,26-35,Other,Japan,High,Premium Customer,2022-08-26,New
CUST08000,C010,18-25,Female,USA,Medium,Value Seeker,2026-07-15,VIP
CUST08001,C002,36-45,Female,India,Premium,Budget Buyer,2020-09-02,New
CUST08002,C004,36-45,Female,India,Premium,Technology Enthusiast,2024-09-25,VIP
CUST08003,C009,56+,Male,Germany,Low,Value Seeker,2023-07-10,VIP
CUST08004,C008,36-45,Male,South Korea,High,Budget Buyer,2020-06-01,Loyal
CUST08005,C004,26-35,Other,South Korea,Low,Value Seeker,2022-10-27,VIP
CUST08006,C008,26-35,Other,India,Low,Young Professional,2022-04-11,New
CUST08007,C005,26-35,Other,Singapore,High,Young Professional,2022-03-04,New
CUST08008,C001,26-35,Male,UK,Low,Budget Buyer,2022-12-17,VIP
CUST08009,C006,46-55,Male,Germany,Medium,Young Professional,2026-02-16,VIP
CUST08010,C009,56+,Male,Canada,Medium,Budget Buyer,2020-10-01,New
CUST08011,C005,36-45,Female,South Korea,High,Premium Customer,2024-11-28,Regular
CUST08012,C003,18-25,Other,Canada,Low,Young Professional,2023-07-21,VIP
CUST08013,C002,26-35,Male,UK,High,Value Seeker,2025-02-12,Regular
CUST08014,C002,46-55,Other,UK,High,Premium Customer,2026-07-08,VIP
CUST08015,C002,36-45,Male,Germany,High,Value Seeker,2025-03-09,New
CUST08016,C001,46-55,Other,Canada,Low,Premium Customer,2023-09-22,Regular
CUST08017,C008,36-45,Male,Singapore,Premium,Young Professional,2022-05-11,Loyal
CUST08018,C002,26-35,Female,Germany,Low,Budget Buyer,2022-07-19,Loyal
CUST08019,C001,56+,Male,UK,Medium,Budget Buyer,2026-03-08,Regular
CUST08020,C003,26-35,Male,South Korea,Low,Young Professional,2020-11-05,Loyal
CUST08021,C001,56+,Female,India,Premium,Value Seeker,2022-06-06,Loyal
CUST08022,C004,46-55,Male,South Korea,Medium,Young Professional,2020-05-22,Loyal
CUST08023,C002,56+,Female,USA,Premium,Value Seeker,2021-07-20,Loyal
CUST08024,C006,46-55,Female,Germany,Low,Premium Customer,2026-02-01,New
CUST08025,C003,56+,Female,Germany,High,Technology Enthusiast,2025-04-20,VIP
CUST08026,C007,46-55,Other,USA,Medium,Technology Enthusiast,2024-01-21,New
CUST08027,C007,36-45,Male,USA,Low,Budget Buyer,2023-11-28,Loyal
CUST08028,C004,46-55,Male,Japan,Premium,Premium Customer,2020-11-19,VIP
CUST08029,C009,56+,Female,USA,Medium,Young Professional,2023-10-14,New
CUST08030,C002,56+,Male,USA,Low,Young Professional,2021-06-18,Regular
CUST08031,C004,36-45,Other,UK,High,Premium Customer,2026-03-06,VIP
CUST08032,C006,36-45,Female,India,High,Young Professional,2024-01-05,Loyal
CUST08033,C009,36-45,Other,India,Premium,Technology Enthusiast,2025-10-21,New
CUST08034,C005,56+,Other,South Korea,High,Technology Enthusiast,2022-09-11,Loyal
CUST08035,C005,46-55,Male,UK,Premium,Technology Enthusiast,2020-01-05,New
CUST08036,C010,56+,Female,India,High,Value Seeker,2024-02-07,New
CUST08037,C010,56+,Other,India,Medium,Budget Buyer,2025-11-26,VIP
CUST08038,C008,26-35,Male,USA,High,Value Seeker,2025-08-04,New
CUST08039,C003,26-35,Male,Germany,Premium,Premium Customer,2026-07-03,VIP
CUST08040,C001,26-35,Other,South Korea,Medium,Young Professional,2023-11-16,Regular
CUST08041,C009,18-25,Other,UK,Premium,Technology Enthusiast,2023-06-13,New
CUST08042,C004,36-45,Male,Germany,Medium,Young Professional,2021-08-10,Loyal
CUST08043,C001,18-25,Female,UK,Premium,Young Professional,2023-05-29,Regular
CUST08044,C003,26-35,Other,USA,Low,Young Professional,2021-02-02,Loyal
CUST08045,C005,56+,Female,India,Medium,Young Professional,2023-06-23,VIP
CUST08046,C002,18-25,Female,USA,Low,Premium Customer,2020-03-15,New
CUST08047,C004,46-55,Other,South Korea,Medium,Budget Buyer,2025-05-28,Loyal
CUST08048,C002,46-55,Male,South Korea,Medium,Premium Customer,2023-05-28,Regular
CUST08049,C001,18-25,Male,UK,High,Budget Buyer,2023-06-14,Loyal
CUST08050,C005,18-25,Male,USA,Premium,Technology Enthusiast,2020-03-24,Loyal
CUST08051,C007,36-45,Male,Singapore,Low,Young Professional,2022-04-20,Loyal
CUST08052,C006,18-25,Male,India,High,Value Seeker,2020-05-13,New
CUST08053,C003,46-55,Other,Singapore,Premium,Premium Customer,2025-12-06,VIP
CUST08054,C006,36-45,Female,Germany,Premium,Value Seeker,2024-04-19,Regular
CUST08055,C003,56+,Female,USA,Premium,Technology Enthusiast,2020-05-22,Loyal
CUST08056,C004,56+,Other,India,Premium,Budget Buyer,2020-12-15,New
CUST08057,C005,18-25,Other,South Korea,Low,Value Seeker,2024-04-07,VIP
CUST08058,C004,36-45,Female,South Korea,Medium,Budget Buyer,2021-06-14,Loyal
CUST08059,C007,26-35,Female,India,Medium,Value Seeker,2023-02-21,Regular
CUST08060,C005,56+,Female,Singapore,High,Premium Customer,2022-03-23,VIP
CUST08061,C004,26-35,Female,UK,High,Technology Enthusiast,2021-08-31,Regular
CUST08062,C010,18-25,Male,Germany,Medium,Young Professional,2021-11-09,New
CUST08063,C007,56+,Female,Canada,Premium,Budget Buyer,2020-10-21,Loyal
CUST08064,C007,46-55,Female,Japan,Low,Young Professional,2021-09-04,VIP
CUST08065,C010,56+,Male,Singapore,Low,Premium Customer,2024-01-08,New
CUST08066,C004,26-35,Other,USA,Medium,Young Professional,2023-02-06,New
CUST08067,C003,46-55,Male,USA,Premium,Young Professional,2023-08-03,VIP
CUST08068,C007,36-45,Other,Canada,Low,Young Professional,2020-07-13,Regular
CUST08069,C005,36-45,Male,Singapore,High,Premium Customer,2021-03-20,Regular
CUST08070,C007,46-55,Male,Canada,Premium,Young Professional,2020-10-15,Regular
CUST08071,C001,46-55,Male,Canada,Premium,Premium Customer,2020-04-20,VIP
CUST08072,C001,26-35,Male,Germany,Premium,Technology Enthusiast,2024-01-02,Regular
CUST08073,C008,46-55,Female,Singapore,Medium,Premium Customer,2023-03-08,VIP
CUST08074,C008,36-45,Other,UK,High,Value Seeker,2022-01-29,VIP
CUST08075,C009,18-25,Male,South Korea,Premium,Budget Buyer,2023-07-01,Regular
CUST08076,C009,46-55,Male,UK,High,Technology Enthusiast,2021-08-15,VIP
CUST08077,C008,56+,Female,USA,High,Budget Buyer,2026-05-12,VIP
CUST08078,C009,26-35,Female,Japan,Premium,Budget Buyer,2021-05-13,New
CUST08079,C005,56+,Female,South Korea,Medium,Value Seeker,2020-05-30,Loyal
CUST08080,C009,56+,Female,USA,Low,Premium Customer,2024-05-27,Regular
CUST08081,C005,18-25,Female,Japan,Premium,Technology Enthusiast,2025-02-27,Regular
CUST08082,C009,36-45,Male,UK,Low,Young Professional,2024-09-13,Loyal
CUST08083,C002,26-35,Other,India,Premium,Technology Enthusiast,2023-12-24,VIP
CUST08084,C005,46-55,Male,USA,Premium,Technology Enthusiast,2025-03-17,VIP
CUST08085,C003,26-35,Other,Germany,Medium,Premium Customer,2020-03-08,Regular
CUST08086,C008,46-55,Female,Germany,Low,Value Seeker,2020-05-04,VIP
CUST08087,C009,46-55,Other,UK,Medium,Young Professional,2023-09-17,Loyal
CUST08088,C004,18-25,Male,India,High,Young Professional,2024-02-05,VIP
CUST08089,C004,36-45,Other,Japan,Medium,Young Professional,2026-03-08,New
CUST08090,C006,18-25,Female,Japan,Low,Budget Buyer,2020-06-09,VIP
CUST08091,C007,18-25,Female,India,High,Technology Enthusiast,2024-07-26,Regular
CUST08092,C005,56+,Other,USA,High,Technology Enthusiast,2022-05-14,Regular
CUST08093,C003,36-45,Female,India,Medium,Budget Buyer,2021-09-27,New
CUST08094,C007,46-55,Female,India,Medium,Technology Enthusiast,2026-02-01,Regular
CUST08095,C009,36-45,Other,Singapore,High,Premium Customer,2021-01-18,New
CUST08096,C008,18-25,Female,Canada,Medium,Premium Customer,2026-03-10,New
CUST08097,C002,26-35,Other,Germany,Medium,Premium Customer,2023-07-18,VIP
CUST08098,C005,56+,Male,Canada,Premium,Young Professional,2023-03-12,Regular
CUST08099,C001,36-45,Other,UK,Premium,Premium Customer,2022-08-11,Loyal
CUST08100,C006,46-55,Other,USA,Low,Young Professional,2024-06-08,Loyal
CUST08101,C007,18-25,Female,India,Premium,Young Professional,2026-04-22,New
CUST08102,C006,56+,Female,Singapore,Premium,Budget Buyer,2024-12-02,New
CUST08103,C008,26-35,Other,Singapore,Low,Young Professional,2026-02-09,VIP
CUST08104,C004,46-55,Female,India,Medium,Premium Customer,2020-03-10,VIP
CUST08105,C003,26-35,Male,USA,Premium,Technology Enthusiast,2025-07-25,Loyal
CUST08106,C007,26-35,Male,South Korea,High,Young Professional,2024-03-07,VIP
CUST08107,C006,56+,Other,Canada,Medium,Technology Enthusiast,2026-03-26,VIP
CUST08108,C009,36-45,Male,India,Premium,Technology Enthusiast,2023-04-26,Loyal
CUST08109,C002,36-45,Female,Japan,High,Premium Customer,2023-05-28,Regular
CUST08110,C009,36-45,Other,Singapore,Premium,Technology Enthusiast,2020-09-25,VIP
CUST08111,C003,18-25,Female,Singapore,Low,Value Seeker,2025-12-08,New
CUST08112,C003,26-35,Female,Singapore,Medium,Technology Enthusiast,2022-07-17,New
CUST08113,C007,56+,Female,Germany,Premium,Premium Customer,2023-03-09,VIP
CUST08114,C007,56+,Female,Canada,Premium,Budget Buyer,2024-02-10,New
CUST08115,C008,26-35,Female,India,Premium,Budget Buyer,2023-12-30,VIP
CUST08116,C006,18-25,Female,Japan,Premium,Value Seeker,2021-04-09,Loyal
CUST08117,C005,46-55,Male,UK,Low,Budget Buyer,2020-08-27,New
CUST08118,C007,46-55,Other,Singapore,Premium,Premium Customer,2022-01-17,Regular
CUST08119,C008,26-35,Male,UK,Medium,Premium Customer,2025-08-27,Regular
CUST08120,C008,18-25,Other,Singapore,Medium,Young Professional,2022-03-27,Regular
CUST08121,C007,56+,Male,UK,Low,Budget Buyer,2026-07-10,VIP
CUST08122,C008,56+,Female,UK,Premium,Premium Customer,2026-03-28,New
CUST08123,C006,56+,Male,Canada,Premium,Budget Buyer,2024-09-24,New
CUST08124,C003,26-35,Other,Canada,High,Young Professional,2026-02-02,New
CUST08125,C007,46-55,Male,South Korea,Low,Young Professional,2023-02-03,New
CUST08126,C001,46-55,Female,UK,High,Value Seeker,2024-11-02,New
CUST08127,C001,36-45,Female,South Korea,Premium,Technology Enthusiast,2022-12-02,Loyal
CUST08128,C010,26-35,Male,UK,Low,Budget Buyer,2022-01-16,VIP
CUST08129,C006,46-55,Female,USA,High,Young Professional,2025-05-13,Regular
CUST08130,C001,56+,Other,India,Medium,Young Professional,2020-12-05,Regular
CUST08131,C001,56+,Female,UK,Low,Premium Customer,2024-03-30,New
CUST08132,C005,46-55,Other,South Korea,Low,Technology Enthusiast,2024-10-23,New
CUST08133,C008,26-35,Male,USA,Premium,Premium Customer,2024-05-07,New
CUST08134,C003,18-25,Female,Singapore,High,Technology Enthusiast,2022-08-21,Regular
CUST08135,C007,56+,Other,India,Low,Premium Customer,2024-02-03,VIP
CUST08136,C006,18-25,Male,Singapore,Premium,Value Seeker,2026-02-13,Regular
CUST08137,C003,56+,Female,USA,Low,Value Seeker,2020-06-06,New
CUST08138,C004,36-45,Male,Singapore,Medium,Technology Enthusiast,2020-03-26,Loyal
CUST08139,C008,26-35,Female,USA,High,Premium Customer,2026-03-05,New
CUST08140,C009,36-45,Other,South Korea,High,Budget Buyer,2021-08-18,VIP
CUST08141,C010,26-35,Female,Canada,High,Budget Buyer,2023-05-24,VIP
CUST08142,C006,46-55,Female,USA,Premium,Value Seeker,2024-03-22,New
CUST08143,C004,26-35,Other,UK,High,Budget Buyer,2021-11-28,New
CUST08144,C010,46-55,Male,India,Medium,Value Seeker,2025-06-02,New
CUST08145,C007,56+,Other,India,Premium,Value Seeker,2023-10-23,VIP
CUST08146,C008,36-45,Other,USA,Low,Technology Enthusiast,2020-05-18,Regular
CUST08147,C009,26-35,Other,India,Low,Young Professional,2026-01-01,Loyal
CUST08148,C009,46-55,Other,South Korea,Medium,Technology Enthusiast,2020-12-24,New
CUST08149,C010,18-25,Female,UK,Low,Budget Buyer,2022-09-22,Loyal
CUST08150,C010,36-45,Male,South Korea,Medium,Budget Buyer,2020-09-08,New
CUST08151,C009,46-55,Female,Singapore,Premium,Value Seeker,2024-12-01,Regular
CUST08152,C005,26-35,Other,Singapore,High,Budget Buyer,2021-03-16,Regular
CUST08153,C009,18-25,Male,USA,High,Technology Enthusiast,2023-07-02,Regular
CUST08154,C003,36-45,Other,UK,High,Young Professional,2022-01-12,Loyal
CUST08155,C001,46-55,Male,Japan,Medium,Value Seeker,2024-06-26,Regular
CUST08156,C001,46-55,Other,Canada,Premium,Budget Buyer,2025-07-02,Regular
CUST08157,C009,36-45,Female,USA,High,Value Seeker,2021-11-19,Regular
CUST08158,C002,46-55,Male,Canada,High,Premium Customer,2021-04-13,New
CUST08159,C006,56+,Male,India,Low,Technology Enthusiast,2020-11-11,VIP
CUST08160,C002,56+,Male,South Korea,Low,Value Seeker,2025-01-24,Loyal
CUST08161,C004,36-45,Female,Germany,Medium,Young Professional,2025-10-23,Regular
CUST08162,C001,46-55,Male,Germany,Premium,Young Professional,2024-01-06,Loyal
CUST08163,C010,36-45,Female,India,Premium,Value Seeker,2022-02-04,VIP
CUST08164,C010,56+,Male,Canada,Premium,Technology Enthusiast,2021-10-05,New
CUST08165,C002,26-35,Male,Germany,Premium,Budget Buyer,2024-11-27,Regular
CUST08166,C007,46-55,Female,USA,Premium,Premium Customer,2020-10-19,Regular
CUST08167,C008,26-35,Male,Canada,Low,Budget Buyer,2020-08-07,Regular
CUST08168,C007,18-25,Male,Germany,Low,Technology Enthusiast,2021-10-25,Regular
CUST08169,C003,56+,Male,Canada,Medium,Budget Buyer,2020-03-17,Regular
CUST08170,C009,18-25,Female,Germany,Low,Budget Buyer,2022-11-11,Regular
CUST08171,C004,46-55,Male,USA,Medium,Technology Enthusiast,2020-08-07,VIP
CUST08172,C003,56+,Other,South Korea,Medium,Technology Enthusiast,2026-05-14,VIP
CUST08173,C008,26-35,Other,India,High,Value Seeker,2020-10-25,Regular
CUST08174,C009,46-55,Other,India,Low,Budget Buyer,2025-04-05,VIP
CUST08175,C008,36-45,Male,South Korea,Premium,Budget Buyer,2024-10-14,VIP
CUST08176,C009,26-35,Female,Germany,Low,Value Seeker,2024-02-17,Loyal
CUST08177,C005,26-35,Male,South Korea,High,Young Professional,2020-10-05,Loyal
CUST08178,C002,36-45,Female,Canada,Medium,Value Seeker,2026-07-13,Regular
CUST08179,C005,18-25,Male,Japan,High,Young Professional,2022-11-12,New
CUST08180,C001,56+,Other,UK,Low,Premium Customer,2025-11-22,New
CUST08181,C001,46-55,Female,Japan,Medium,Budget Buyer,2025-11-13,Loyal
CUST08182,C010,36-45,Other,Singapore,Low,Technology Enthusiast,2024-11-10,VIP
CUST08183,C003,36-45,Female,South Korea,Premium,Young Professional,2023-10-19,Regular
CUST08184,C009,18-25,Other,South Korea,Premium,Technology Enthusiast,2026-02-18,Regular
CUST08185,C006,26-35,Female,South Korea,Low,Budget Buyer,2022-02-16,New
CUST08186,C002,26-35,Male,South Korea,High,Young Professional,2024-10-15,VIP
CUST08187,C010,18-25,Female,USA,High,Budget Buyer,2022-04-05,VIP
CUST08188,C005,56+,Male,South Korea,Low,Young Professional,2021-04-15,Loyal
CUST08189,C006,56+,Other,Singapore,High,Technology Enthusiast,2021-04-20,Regular
CUST08190,C004,46-55,Other,Singapore,Low,Technology Enthusiast,2020-04-12,New
CUST08191,C002,36-45,Other,Canada,Medium,Young Professional,2025-05-15,Regular
CUST08192,C005,46-55,Male,Germany,Low,Premium Customer,2024-08-02,Loyal
CUST08193,C008,56+,Male,South Korea,High,Value Seeker,2022-03-25,Loyal
CUST08194,C009,56+,Male,UK,High,Value Seeker,2026-04-29,Loyal
CUST08195,C010,18-25,Male,Germany,Medium,Budget Buyer,2024-01-19,VIP
CUST08196,C010,36-45,Male,UK,Medium,Value Seeker,2024-03-06,Loyal
CUST08197,C007,26-35,Female,Japan,Low,Premium Customer,2026-05-11,VIP
CUST08198,C009,26-35,Other,South Korea,Premium,Premium Customer,2025-10-16,Regular
CUST08199,C001,26-35,Other,South Korea,Low,Technology Enthusiast,2023-06-15,Loyal
CUST08200,C003,18-25,Other,Singapore,Premium,Young Professional,2025-03-21,VIP
CUST08201,C005,36-45,Other,Germany,Medium,Technology Enthusiast,2023-12-26,Loyal
CUST08202,C001,36-45,Female,Singapore,Premium,Young Professional,2022-04-12,Loyal
CUST08203,C005,18-25,Female,Singapore,High,Value Seeker,2023-06-08,Loyal
CUST08204,C004,56+,Male,Singapore,Medium,Budget Buyer,2021-10-23,New
CUST08205,C002,56+,Female,UK,Low,Value Seeker,2021-02-05,Regular
CUST08206,C001,18-25,Other,India,High,Premium Customer,2021-11-04,Loyal
CUST08207,C008,26-35,Other,Singapore,Low,Premium Customer,2021-11-04,New
CUST08208,C002,46-55,Male,USA,Medium,Premium Customer,2026-02-10,Loyal
CUST08209,C001,56+,Female,India,High,Budget Buyer,2024-08-19,Loyal
CUST08210,C001,46-55,Female,Germany,High,Budget Buyer,2023-04-28,Regular
CUST08211,C002,56+,Female,South Korea,High,Budget Buyer,2025-09-30,VIP
CUST08212,C004,26-35,Other,Japan,High,Premium Customer,2022-01-17,Regular
CUST08213,C004,46-55,Other,India,Medium,Value Seeker,2024-09-26,Loyal
CUST08214,C003,46-55,Other,UK,Low,Budget Buyer,2021-01-14,Regular
CUST08215,C009,18-25,Male,India,High,Budget Buyer,2026-06-08,New
CUST08216,C003,18-25,Other,India,High,Technology Enthusiast,2025-01-31,New
CUST08217,C005,56+,Female,India,High,Premium Customer,2025-02-26,Regular
CUST08218,C004,18-25,Other,Canada,Premium,Technology Enthusiast,2022-06-07,VIP
CUST08219,C007,56+,Female,Canada,Medium,Young Professional,2025-10-11,VIP
CUST08220,C005,56+,Male,Japan,High,Premium Customer,2023-08-23,Regular
CUST08221,C008,26-35,Male,India,Low,Value Seeker,2022-04-30,New
CUST08222,C005,18-25,Female,Singapore,Medium,Value Seeker,2025-02-12,Loyal
CUST08223,C003,26-35,Other,India,Low,Value Seeker,2024-02-08,New
CUST08224,C010,18-25,Male,USA,Low,Value Seeker,2023-03-26,Loyal
CUST08225,C003,46-55,Other,USA,Premium,Young Professional,2020-07-30,New
CUST08226,C005,36-45,Female,Singapore,Medium,Premium Customer,2024-05-01,New
CUST08227,C008,36-45,Other,Germany,Premium,Value Seeker,2020-06-01,VIP
CUST08228,C006,36-45,Male,Japan,Medium,Young Professional,2020-11-28,Loyal
CUST08229,C005,26-35,Male,UK,High,Premium Customer,2024-10-19,VIP
CUST08230,C007,18-25,Other,South Korea,High,Technology Enthusiast,2020-05-25,New
CUST08231,C010,26-35,Female,USA,Medium,Young Professional,2021-01-08,New
CUST08232,C006,36-45,Male,Japan,High,Budget Buyer,2021-02-18,New
CUST08233,C005,56+,Female,Japan,Premium,Budget Buyer,2025-09-18,Loyal
CUST08234,C007,36-45,Female,Canada,High,Premium Customer,2026-04-25,VIP
CUST08235,C008,36-45,Female,USA,Medium,Value Seeker,2024-01-16,Loyal
CUST08236,C001,18-25,Other,Japan,Medium,Value Seeker,2020-07-04,New
CUST08237,C005,18-25,Female,India,Premium,Premium Customer,2020-04-13,Regular
CUST08238,C010,26-35,Male,USA,Medium,Budget Buyer,2023-01-12,VIP
CUST08239,C003,18-25,Other,Canada,Medium,Young Professional,2022-01-29,Regular
CUST08240,C003,56+,Male,Canada,Low,Technology Enthusiast,2020-04-10,Loyal
CUST08241,C008,56+,Female,Germany,High,Budget Buyer,2025-02-08,Regular
CUST08242,C008,26-35,Male,South Korea,Medium,Young Professional,2021-09-02,VIP
CUST08243,C002,46-55,Other,USA,Premium,Premium Customer,2022-05-18,Loyal
CUST08244,C010,56+,Other,Japan,Medium,Young Professional,2025-07-30,Regular
CUST08245,C006,36-45,Male,Japan,High,Technology Enthusiast,2025-12-25,Loyal
CUST08246,C002,36-45,Male,Canada,Medium,Premium Customer,2023-07-13,New
CUST08247,C005,56+,Female,UK,High,Value Seeker,2022-09-09,New
CUST08248,C009,36-45,Other,Singapore,Low,Premium Customer,2025-09-30,Loyal
CUST08249,C002,36-45,Other,UK,High,Budget Buyer,2023-05-07,VIP
CUST08250,C010,26-35,Female,Japan,Premium,Technology Enthusiast,2022-02-25,New
CUST08251,C002,36-45,Male,India,Premium,Value Seeker,2023-08-29,Loyal
CUST08252,C009,36-45,Female,Japan,Low,Young Professional,2023-03-26,Regular
CUST08253,C010,36-45,Male,South Korea,Low,Young Professional,2024-05-12,VIP
CUST08254,C007,18-25,Other,Japan,Premium,Technology Enthusiast,2025-08-19,Regular
CUST08255,C006,36-45,Male,Germany,High,Young Professional,2020-08-10,New
CUST08256,C003,36-45,Female,Canada,Premium,Budget Buyer,2025-02-18,New
CUST08257,C005,56+,Female,India,Medium,Value Seeker,2021-12-27,VIP
CUST08258,C010,46-55,Other,Germany,High,Budget Buyer,2022-09-29,Regular
CUST08259,C002,18-25,Female,Japan,High,Technology Enthusiast,2021-05-19,New
CUST08260,C005,18-25,Female,Japan,Medium,Young Professional,2024-05-12,Regular
CUST08261,C001,46-55,Female,Germany,High,Technology Enthusiast,2024-09-28,New
CUST08262,C007,18-25,Female,Japan,Premium,Premium Customer,2024-03-19,Regular
CUST08263,C010,36-45,Female,Japan,High,Value Seeker,2020-06-12,VIP
CUST08264,C003,26-35,Male,Germany,Low,Value Seeker,2022-06-28,New
CUST08265,C001,18-25,Male,India,Medium,Technology Enthusiast,2026-03-24,VIP
CUST08266,C008,56+,Male,India,Premium,Premium Customer,2022-02-22,New
CUST08267,C010,56+,Female,India,Premium,Premium Customer,2024-07-08,VIP
CUST08268,C009,36-45,Male,Germany,Low,Premium Customer,2025-09-07,Loyal
CUST08269,C001,26-35,Male,USA,Medium,Premium Customer,2026-02-01,Regular
CUST08270,C005,18-25,Female,India,High,Young Professional,2020-07-01,Regular
CUST08271,C010,36-45,Female,Canada,Premium,Value Seeker,2022-07-31,Loyal
CUST08272,C004,26-35,Female,UK,High,Technology Enthusiast,2023-07-20,New
CUST08273,C002,26-35,Other,Japan,High,Technology Enthusiast,2023-10-09,VIP
CUST08274,C003,18-25,Male,UK,Medium,Budget Buyer,2020-03-13,Regular
CUST08275,C001,56+,Male,Singapore,Premium,Budget Buyer,2021-04-02,New
CUST08276,C008,56+,Female,Japan,High,Young Professional,2022-07-27,Loyal
CUST08277,C001,18-25,Other,USA,Premium,Premium Customer,2023-11-16,New
CUST08278,C005,46-55,Female,UK,High,Young Professional,2021-10-14,Regular
CUST08279,C007,46-55,Other,India,High,Budget Buyer,2025-07-18,New
CUST08280,C001,18-25,Male,UK,Premium,Young Professional,2025-08-15,New
CUST08281,C004,56+,Female,Canada,High,Premium Customer,2023-08-10,Loyal
CUST08282,C003,26-35,Female,Japan,Medium,Budget Buyer,2024-03-03,VIP
CUST08283,C008,18-25,Male,Japan,Medium,Premium Customer,2026-07-20,Regular
CUST08284,C006,36-45,Female,Germany,Medium,Premium Customer,2024-08-06,Regular
CUST08285,C005,36-45,Other,USA,Low,Budget Buyer,2022-02-23,New
CUST08286,C001,36-45,Male,India,Low,Value Seeker,2021-11-21,VIP
CUST08287,C008,18-25,Female,Singapore,Medium,Young Professional,2024-03-18,Loyal
CUST08288,C008,46-55,Female,Canada,Low,Budget Buyer,2026-02-06,Regular
CUST08289,C009,56+,Female,UK,Low,Premium Customer,2023-06-26,Regular
CUST08290,C008,26-35,Male,Canada,Low,Young Professional,2022-11-04,VIP
CUST08291,C009,18-25,Male,Singapore,Premium,Budget Buyer,2026-04-26,VIP
CUST08292,C002,56+,Female,USA,Medium,Premium Customer,2024-09-06,Regular
CUST08293,C009,46-55,Other,Canada,Low,Young Professional,2021-06-03,Loyal
CUST08294,C006,56+,Female,Germany,Medium,Value Seeker,2020-01-14,New
CUST08295,C010,46-55,Male,Germany,Medium,Young Professional,2025-11-05,Regular
CUST08296,C010,36-45,Other,UK,Premium,Budget Buyer,2026-02-17,Loyal
CUST08297,C010,26-35,Female,Canada,High,Premium Customer,2024-12-31,Regular
CUST08298,C005,36-45,Female,Canada,Premium,Young Professional,2024-04-17,New
CUST08299,C004,18-25,Male,USA,High,Value Seeker,2021-02-07,Regular
CUST08300,C002,18-25,Female,Japan,Low,Value Seeker,2025-12-15,Regular
CUST08301,C007,56+,Female,Singapore,Low,Technology Enthusiast,2026-04-16,Regular
CUST08302,C004,26-35,Female,USA,Low,Value Seeker,2021-08-29,Loyal
CUST08303,C003,36-45,Other,Canada,High,Young Professional,2021-12-08,VIP
CUST08304,C001,18-25,Female,Singapore,Low,Budget Buyer,2022-05-06,New
CUST08305,C004,36-45,Female,India,Premium,Value Seeker,2021-10-10,New
CUST08306,C009,36-45,Male,Canada,Medium,Value Seeker,2021-02-09,VIP
CUST08307,C006,36-45,Other,Japan,High,Young Professional,2024-11-29,New
CUST08308,C008,26-35,Male,USA,Premium,Young Professional,2022-08-07,Loyal
CUST08309,C009,46-55,Female,South Korea,Low,Young Professional,2025-02-08,New
CUST08310,C007,36-45,Female,USA,Premium,Value Seeker,2024-05-20,VIP
CUST08311,C005,18-25,Male,Singapore,Low,Budget Buyer,2021-09-23,VIP
CUST08312,C002,46-55,Male,UK,Medium,Technology Enthusiast,2023-05-30,Loyal
CUST08313,C006,18-25,Other,Singapore,High,Budget Buyer,2022-03-31,VIP
CUST08314,C005,18-25,Other,India,High,Young Professional,2023-04-05,New
CUST08315,C001,36-45,Other,Germany,Low,Technology Enthusiast,2025-10-26,Loyal
CUST08316,C003,46-55,Other,Singapore,Low,Technology Enthusiast,2020-03-18,New
CUST08317,C010,56+,Other,Singapore,High,Technology Enthusiast,2025-03-11,New
CUST08318,C004,18-25,Other,South Korea,Low,Technology Enthusiast,2021-02-16,VIP
CUST08319,C009,36-45,Female,Canada,Low,Premium Customer,2020-11-09,VIP
CUST08320,C002,36-45,Female,South Korea,Low,Technology Enthusiast,2024-10-01,VIP
CUST08321,C007,56+,Other,Japan,Low,Premium Customer,2025-07-09,Regular
CUST08322,C001,56+,Female,UK,High,Premium Customer,2022-04-04,Loyal
CUST08323,C001,36-45,Female,USA,High,Budget Buyer,2020-09-27,VIP
CUST08324,C009,56+,Female,USA,Low,Technology Enthusiast,2026-07-24,New
CUST08325,C002,46-55,Other,South Korea,Medium,Young Professional,2024-04-07,New
CUST08326,C009,18-25,Other,Canada,Premium,Premium Customer,2023-08-05,VIP
CUST08327,C006,18-25,Other,Singapore,High,Young Professional,2025-02-19,New
CUST08328,C003,18-25,Male,Canada,Medium,Premium Customer,2022-02-25,Regular
CUST08329,C010,56+,Other,Japan,Premium,Budget Buyer,2024-04-16,Regular
CUST08330,C010,46-55,Male,India,Low,Premium Customer,2023-12-17,Loyal
CUST08331,C006,26-35,Male,Canada,Low,Value Seeker,2020-09-26,Regular
CUST08332,C009,56+,Other,Germany,Low,Value Seeker,2024-12-28,New
CUST08333,C005,46-55,Male,Canada,Low,Technology Enthusiast,2025-03-21,VIP
CUST08334,C003,26-35,Other,UK,Medium,Young Professional,2024-09-26,Loyal
CUST08335,C004,46-55,Male,USA,Low,Technology Enthusiast,2024-12-16,Loyal
CUST08336,C004,46-55,Male,South Korea,Medium,Budget Buyer,2022-01-12,VIP
CUST08337,C007,36-45,Female,India,High,Technology Enthusiast,2025-03-11,VIP
CUST08338,C004,26-35,Female,Japan,Medium,Premium Customer,2020-03-08,Loyal
CUST08339,C006,56+,Other,Germany,Low,Premium Customer,2020-09-05,Regular
CUST08340,C010,56+,Male,South Korea,Low,Young Professional,2022-12-02,VIP
CUST08341,C008,56+,Female,UK,Premium,Technology Enthusiast,2021-09-02,New
CUST08342,C010,46-55,Male,South Korea,Low,Budget Buyer,2020-10-14,Loyal
CUST08343,C008,18-25,Male,UK,Medium,Technology Enthusiast,2021-08-21,VIP
CUST08344,C010,18-25,Other,South Korea,Premium,Budget Buyer,2025-06-22,New
CUST08345,C006,36-45,Other,UK,High,Young Professional,2021-11-19,Regular
CUST08346,C002,26-35,Other,Germany,Medium,Budget Buyer,2020-06-30,New
CUST08347,C004,46-55,Other,Canada,Low,Budget Buyer,2024-07-12,Regular
CUST08348,C006,26-35,Female,India,Medium,Budget Buyer,2022-12-15,New
CUST08349,C009,26-35,Female,Germany,Low,Premium Customer,2020-09-05,New
CUST08350,C005,56+,Other,Germany,Low,Young Professional,2026-01-25,Loyal
CUST08351,C006,56+,Male,South Korea,High,Technology Enthusiast,2020-04-12,VIP
CUST08352,C009,56+,Male,South Korea,High,Technology Enthusiast,2024-02-19,Loyal
CUST08353,C007,36-45,Other,UK,Medium,Value Seeker,2024-12-04,Regular
CUST08354,C009,36-45,Male,Japan,Low,Young Professional,2024-06-20,VIP
CUST08355,C005,18-25,Other,South Korea,High,Value Seeker,2025-03-06,VIP
CUST08356,C006,56+,Female,India,Premium,Premium Customer,2026-02-07,New
CUST08357,C003,36-45,Male,USA,Low,Premium Customer,2023-01-10,New
CUST08358,C002,36-45,Other,USA,Low,Budget Buyer,2021-10-04,VIP
CUST08359,C001,46-55,Male,USA,Low,Technology Enthusiast,2025-02-12,VIP
CUST08360,C010,46-55,Other,UK,Low,Premium Customer,2021-10-29,Loyal
CUST08361,C008,18-25,Male,India,Premium,Value Seeker,2022-01-09,New
CUST08362,C005,18-25,Other,UK,High,Young Professional,2020-10-04,Regular
CUST08363,C003,36-45,Other,Canada,Low,Young Professional,2026-07-24,VIP
CUST08364,C009,36-45,Male,Singapore,Low,Premium Customer,2024-05-18,Regular
CUST08365,C005,26-35,Female,Germany,Low,Technology Enthusiast,2025-02-18,VIP
CUST08366,C001,18-25,Female,Canada,Premium,Value Seeker,2024-11-13,New
CUST08367,C004,36-45,Female,Japan,Premium,Budget Buyer,2024-12-19,New
CUST08368,C007,26-35,Female,UK,Low,Young Professional,2025-05-07,Regular
CUST08369,C002,36-45,Male,South Korea,Low,Value Seeker,2021-02-10,VIP
CUST08370,C007,56+,Male,India,Premium,Budget Buyer,2023-07-03,Regular
CUST08371,C009,56+,Female,UK,Premium,Budget Buyer,2022-06-27,Regular
CUST08372,C005,36-45,Female,India,Premium,Young Professional,2021-08-08,Regular
CUST08373,C003,36-45,Other,South Korea,Low,Premium Customer,2021-06-07,Loyal
CUST08374,C001,36-45,Other,Japan,Medium,Young Professional,2020-04-25,New
CUST08375,C005,36-45,Other,Japan,Premium,Young Professional,2022-06-28,VIP
CUST08376,C007,56+,Female,USA,Low,Budget Buyer,2022-06-12,Regular
CUST08377,C001,26-35,Male,Japan,Premium,Young Professional,2024-04-28,VIP
CUST08378,C010,56+,Female,Japan,Premium,Premium Customer,2023-01-23,Loyal
CUST08379,C007,46-55,Other,Singapore,Premium,Premium Customer,2023-02-22,VIP
CUST08380,C008,56+,Other,USA,Medium,Young Professional,2022-11-12,New
CUST08381,C007,36-45,Male,Germany,Medium,Young Professional,2026-07-20,Regular
CUST08382,C003,46-55,Other,Canada,High,Value Seeker,2021-03-29,Regular
CUST08383,C005,26-35,Male,Canada,Premium,Budget Buyer,2023-03-21,New
CUST08384,C001,56+,Other,Germany,High,Technology Enthusiast,2023-03-09,New
CUST08385,C001,56+,Male,Germany,Premium,Young Professional,2023-10-01,New
CUST08386,C005,56+,Male,Japan,Low,Technology Enthusiast,2024-06-27,Regular
CUST08387,C008,36-45,Male,South Korea,Low,Budget Buyer,2024-08-17,Loyal
CUST08388,C008,26-35,Female,USA,Low,Technology Enthusiast,2026-01-16,New
CUST08389,C008,18-25,Other,Japan,Low,Value Seeker,2024-01-06,Loyal
CUST08390,C005,18-25,Male,Singapore,High,Budget Buyer,2024-03-05,Regular
CUST08391,C010,26-35,Other,UK,Low,Technology Enthusiast,2023-05-06,Loyal
CUST08392,C010,18-25,Male,USA,Medium,Budget Buyer,2023-08-09,Loyal
CUST08393,C006,36-45,Other,Japan,Medium,Young Professional,2026-06-06,New
CUST08394,C010,18-25,Female,Singapore,High,Young Professional,2024-12-04,Regular
CUST08395,C007,18-25,Other,USA,Low,Premium Customer,2020-07-07,New
CUST08396,C004,56+,Male,Germany,Medium,Young Professional,2021-06-15,Regular
CUST08397,C009,46-55,Male,Canada,High,Technology Enthusiast,2022-03-29,New
CUST08398,C008,26-35,Male,Singapore,High,Budget Buyer,2026-07-01,Loyal
CUST08399,C009,18-25,Male,Canada,Premium,Technology Enthusiast,2021-05-09,VIP
CUST08400,C003,18-25,Male,South Korea,Medium,Premium Customer,2024-04-02,New
CUST08401,C003,36-45,Male,Canada,High,Budget Buyer,2021-05-15,Regular
CUST08402,C006,56+,Other,Singapore,Premium,Value Seeker,2023-08-27,New
CUST08403,C004,26-35,Male,Germany,Low,Value Seeker,2021-03-15,Loyal
CUST08404,C004,46-55,Female,Singapore,Medium,Technology Enthusiast,2022-11-11,New
CUST08405,C004,26-35,Male,Japan,Medium,Technology Enthusiast,2024-03-24,Loyal
CUST08406,C005,46-55,Male,USA,High,Premium Customer,2020-02-29,New
CUST08407,C003,36-45,Other,Canada,High,Young Professional,2020-02-08,VIP
CUST08408,C006,56+,Male,Singapore,Low,Budget Buyer,2022-06-19,VIP
CUST08409,C005,18-25,Male,Germany,High,Value Seeker,2025-10-13,Regular
CUST08410,C004,56+,Female,USA,Premium,Young Professional,2024-10-21,New
CUST08411,C009,18-25,Female,Japan,Premium,Young Professional,2020-04-30,Regular
CUST08412,C006,36-45,Other,Germany,Premium,Technology Enthusiast,2023-09-05,VIP
CUST08413,C002,26-35,Other,Japan,Premium,Technology Enthusiast,2021-07-31,New
CUST08414,C006,46-55,Male,India,Low,Premium Customer,2020-01-19,Regular
CUST08415,C010,56+,Female,Singapore,Medium,Premium Customer,2022-10-21,VIP
CUST08416,C007,26-35,Male,Germany,Premium,Value Seeker,2024-12-15,VIP
CUST08417,C004,56+,Other,South Korea,High,Young Professional,2022-04-16,VIP
CUST08418,C001,18-25,Male,USA,High,Value Seeker,2021-04-28,Loyal
CUST08419,C010,56+,Male,Canada,Medium,Premium Customer,2022-02-20,Regular
CUST08420,C009,56+,Other,USA,High,Premium Customer,2021-09-02,Loyal
CUST08421,C010,18-25,Female,India,Medium,Technology Enthusiast,2024-04-13,VIP
CUST08422,C005,46-55,Female,India,Premium,Young Professional,2023-06-03,New
CUST08423,C004,36-45,Female,UK,Medium,Young Professional,2022-09-08,Loyal
CUST08424,C003,36-45,Male,Singapore,High,Value Seeker,2022-08-07,Regular
CUST08425,C010,56+,Female,India,Premium,Value Seeker,2022-07-02,VIP
CUST08426,C004,26-35,Male,USA,Medium,Technology Enthusiast,2026-02-01,Loyal
CUST08427,C008,46-55,Female,Japan,High,Young Professional,2025-08-19,VIP
CUST08428,C001,18-25,Other,Singapore,Premium,Young Professional,2022-02-25,Regular
CUST08429,C008,56+,Male,UK,Premium,Young Professional,2023-06-26,Loyal
CUST08430,C005,26-35,Female,South Korea,Low,Technology Enthusiast,2025-10-29,Loyal
CUST08431,C010,18-25,Other,Canada,Low,Value Seeker,2020-11-26,VIP
CUST08432,C005,46-55,Female,UK,Low,Budget Buyer,2023-06-24,Loyal
CUST08433,C005,18-25,Female,South Korea,Low,Technology Enthusiast,2020-06-26,Regular
CUST08434,C004,56+,Female,USA,Premium,Value Seeker,2020-12-26,Loyal
CUST08435,C009,26-35,Other,Canada,High,Value Seeker,2026-02-14,VIP
CUST08436,C002,18-25,Female,Japan,High,Technology Enthusiast,2025-09-07,New
CUST08437,C003,56+,Other,Japan,Low,Value Seeker,2026-01-31,New
CUST08438,C008,36-45,Female,Japan,Premium,Value Seeker,2023-06-06,VIP
CUST08439,C006,56+,Male,South Korea,Low,Young Professional,2021-05-23,VIP
CUST08440,C001,26-35,Female,USA,Medium,Young Professional,2021-11-02,New
CUST08441,C007,26-35,Male,UK,Low,Value Seeker,2025-09-18,Loyal
CUST08442,C009,26-35,Other,South Korea,High,Budget Buyer,2021-05-05,VIP
CUST08443,C003,36-45,Male,Canada,Low,Young Professional,2022-12-17,Loyal
CUST08444,C009,46-55,Male,Germany,High,Technology Enthusiast,2026-05-08,New
CUST08445,C010,56+,Female,Japan,Medium,Value Seeker,2025-10-01,Regular
CUST08446,C010,46-55,Male,UK,High,Technology Enthusiast,2024-12-02,Loyal
CUST08447,C006,36-45,Female,Canada,Medium,Value Seeker,2026-04-14,New
CUST08448,C006,56+,Other,South Korea,Medium,Technology Enthusiast,2023-04-20,New
CUST08449,C003,56+,Female,South Korea,Medium,Value Seeker,2025-08-26,Loyal
CUST08450,C004,18-25,Other,Singapore,Medium,Value Seeker,2025-02-10,Regular
CUST08451,C001,18-25,Female,USA,High,Young Professional,2020-01-15,VIP
CUST08452,C007,26-35,Other,Japan,Low,Premium Customer,2022-02-12,VIP
CUST08453,C003,36-45,Other,Singapore,Premium,Young Professional,2020-10-16,VIP
CUST08454,C004,36-45,Female,India,Medium,Budget Buyer,2025-07-27,Regular
CUST08455,C007,26-35,Other,Singapore,Low,Value Seeker,2024-05-29,VIP
CUST08456,C009,18-25,Other,South Korea,High,Technology Enthusiast,2025-02-06,Loyal
CUST08457,C001,26-35,Male,Singapore,High,Technology Enthusiast,2023-09-28,Loyal
CUST08458,C003,56+,Other,South Korea,Premium,Budget Buyer,2022-02-02,VIP
CUST08459,C003,36-45,Female,India,Low,Value Seeker,2025-03-07,Loyal
CUST08460,C002,36-45,Other,UK,Premium,Budget Buyer,2020-01-01,Regular
CUST08461,C006,46-55,Male,Canada,Premium,Young Professional,2020-12-29,Loyal
CUST08462,C001,56+,Female,India,Premium,Young Professional,2020-03-24,Loyal
CUST08463,C001,18-25,Other,UK,High,Value Seeker,2025-04-20,Loyal
CUST08464,C007,18-25,Female,Japan,High,Value Seeker,2021-03-11,Loyal
CUST08465,C001,46-55,Other,UK,Low,Budget Buyer,2021-07-17,Loyal
CUST08466,C009,18-25,Male,India,Medium,Technology Enthusiast,2020-09-18,Loyal
CUST08467,C004,18-25,Female,Japan,Low,Young Professional,2021-03-31,Regular
CUST08468,C003,36-45,Female,India,Premium,Budget Buyer,2022-04-20,VIP
CUST08469,C002,46-55,Female,Singapore,Premium,Budget Buyer,2022-06-07,New
CUST08470,C007,46-55,Male,Japan,Low,Premium Customer,2020-02-10,Loyal
CUST08471,C001,18-25,Male,Germany,Medium,Technology Enthusiast,2023-12-24,Loyal
CUST08472,C001,36-45,Other,Canada,Low,Premium Customer,2021-02-02,New
CUST08473,C005,56+,Other,Germany,High,Value Seeker,2022-04-07,New
CUST08474,C008,26-35,Female,Singapore,Low,Young Professional,2022-02-17,Loyal
CUST08475,C003,36-45,Other,USA,Low,Value Seeker,2021-09-27,Loyal
CUST08476,C002,56+,Male,UK,Premium,Technology Enthusiast,2023-04-17,Regular
CUST08477,C007,56+,Other,Germany,High,Value Seeker,2024-02-24,VIP
CUST08478,C004,26-35,Other,Singapore,High,Premium Customer,2026-01-07,New
CUST08479,C007,36-45,Female,Canada,Premium,Budget Buyer,2023-01-04,Regular
CUST08480,C002,46-55,Other,Singapore,High,Technology Enthusiast,2024-03-15,New
CUST08481,C003,56+,Other,Canada,High,Technology Enthusiast,2022-09-26,Loyal
CUST08482,C010,18-25,Female,Canada,High,Premium Customer,2022-06-10,Loyal
CUST08483,C005,26-35,Male,India,Premium,Premium Customer,2020-09-10,New
CUST08484,C005,36-45,Other,India,Medium,Technology Enthusiast,2024-04-30,VIP
CUST08485,C001,18-25,Other,Germany,Premium,Premium Customer,2020-11-03,New
CUST08486,C001,18-25,Other,USA,Medium,Premium Customer,2025-09-22,New
CUST08487,C002,18-25,Female,South Korea,Low,Technology Enthusiast,2021-03-29,Loyal
CUST08488,C005,36-45,Female,Germany,Medium,Young Professional,2022-11-02,VIP
CUST08489,C008,18-25,Other,USA,High,Budget Buyer,2021-07-02,New
CUST08490,C001,36-45,Female,UK,Premium,Young Professional,2026-05-16,Regular
CUST08491,C002,36-45,Female,USA,High,Premium Customer,2024-07-23,Regular
CUST08492,C001,18-25,Other,South Korea,Premium,Young Professional,2020-01-01,New
CUST08493,C005,46-55,Female,UK,Medium,Value Seeker,2022-09-09,Loyal
CUST08494,C006,56+,Other,Germany,Low,Young Professional,2024-10-25,Regular
CUST08495,C006,56+,Other,USA,Low,Premium Customer,2023-03-22,Regular
CUST08496,C003,46-55,Other,USA,Low,Value Seeker,2025-03-13,VIP
CUST08497,C008,26-35,Male,USA,Low,Value Seeker,2025-01-22,Loyal
CUST08498,C004,36-45,Other,Germany,Medium,Young Professional,2025-02-05,Loyal
CUST08499,C002,18-25,Other,Canada,High,Budget Buyer,2023-11-22,New
CUST08500,C008,46-55,Female,UK,Medium,Technology Enthusiast,2022-12-20,VIP
CUST08501,C010,56+,Male,USA,Medium,Budget Buyer,2025-11-07,New
CUST08502,C008,18-25,Female,Japan,High,Technology Enthusiast,2024-03-27,VIP
CUST08503,C001,26-35,Female,Germany,Premium,Premium Customer,2022-10-28,VIP
CUST08504,C010,46-55,Other,Germany,Medium,Young Professional,2024-07-22,Loyal
CUST08505,C010,46-55,Male,South Korea,Low,Value Seeker,2024-05-26,VIP
CUST08506,C004,26-35,Male,India,High,Premium Customer,2025-07-22,New
CUST08507,C003,46-55,Other,Singapore,Medium,Technology Enthusiast,2021-04-19,VIP
CUST08508,C007,26-35,Female,Germany,High,Value Seeker,2025-11-09,New
CUST08509,C005,46-55,Other,Japan,High,Young Professional,2021-11-27,VIP
CUST08510,C001,56+,Other,Japan,Medium,Value Seeker,2024-07-09,New
CUST08511,C010,26-35,Male,India,High,Young Professional,2020-11-11,Regular
CUST08512,C002,56+,Female,Germany,High,Technology Enthusiast,2025-05-13,Loyal
CUST08513,C007,36-45,Other,India,High,Young Professional,2022-10-28,VIP
CUST08514,C003,18-25,Female,Canada,Low,Premium Customer,2022-11-23,Regular
CUST08515,C002,46-55,Female,USA,Premium,Budget Buyer,2024-10-05,New
CUST08516,C001,26-35,Female,India,High,Premium Customer,2022-06-23,Loyal
CUST08517,C003,26-35,Other,India,Premium,Premium Customer,2021-04-23,New
CUST08518,C006,18-25,Other,Japan,Premium,Technology Enthusiast,2025-08-12,New
CUST08519,C003,56+,Male,South Korea,Low,Technology Enthusiast,2026-04-09,New
CUST08520,C008,36-45,Male,India,Premium,Young Professional,2021-07-30,Regular
CUST08521,C001,46-55,Female,UK,Medium,Premium Customer,2026-04-18,VIP
CUST08522,C007,26-35,Female,Japan,Premium,Budget Buyer,2024-12-27,New
CUST08523,C006,18-25,Other,Japan,High,Young Professional,2020-05-26,New
CUST08524,C005,36-45,Male,Singapore,Premium,Technology Enthusiast,2024-05-11,Regular
CUST08525,C002,46-55,Male,Japan,Medium,Premium Customer,2021-08-08,New
CUST08526,C008,56+,Female,South Korea,Low,Technology Enthusiast,2021-05-17,VIP
CUST08527,C009,46-55,Male,India,Low,Premium Customer,2022-09-11,Loyal
CUST08528,C009,36-45,Female,USA,Medium,Value Seeker,2023-07-14,Regular
CUST08529,C006,18-25,Other,Singapore,Medium,Young Professional,2026-03-18,New
CUST08530,C004,18-25,Female,Germany,Premium,Value Seeker,2020-03-15,Loyal
CUST08531,C007,18-25,Other,Japan,Medium,Technology Enthusiast,2026-05-11,Regular
CUST08532,C001,56+,Male,South Korea,Premium,Value Seeker,2023-11-08,Loyal
CUST08533,C001,46-55,Female,USA,Low,Budget Buyer,2023-02-23,New
CUST08534,C007,56+,Female,USA,Premium,Budget Buyer,2020-09-23,Regular
CUST08535,C003,56+,Female,Japan,Medium,Premium Customer,2026-06-08,VIP
CUST08536,C002,36-45,Male,USA,Low,Technology Enthusiast,2023-05-09,VIP
CUST08537,C009,18-25,Male,South Korea,High,Value Seeker,2024-01-27,VIP
CUST08538,C002,36-45,Male,Canada,Medium,Premium Customer,2021-12-25,New
CUST08539,C009,26-35,Female,USA,High,Value Seeker,2020-11-21,New
CUST08540,C003,56+,Male,Germany,Premium,Value Seeker,2020-11-26,New
CUST08541,C001,18-25,Male,UK,Premium,Technology Enthusiast,2024-05-01,Loyal
CUST08542,C008,46-55,Other,South Korea,High,Premium Customer,2022-07-19,Loyal
CUST08543,C002,56+,Other,Canada,High,Value Seeker,2020-03-29,New
CUST08544,C008,36-45,Other,Canada,Low,Value Seeker,2021-06-01,VIP
CUST08545,C007,56+,Female,USA,Medium,Value Seeker,2022-12-09,New
CUST08546,C010,36-45,Other,Japan,High,Value Seeker,2025-09-30,Regular
CUST08547,C006,36-45,Other,Canada,Medium,Value Seeker,2023-08-19,Loyal
CUST08548,C002,18-25,Male,Singapore,Medium,Value Seeker,2022-11-27,Loyal
CUST08549,C006,46-55,Male,Germany,Medium,Value Seeker,2025-12-02,Regular
CUST08550,C001,46-55,Male,Germany,Low,Budget Buyer,2023-11-25,New
CUST08551,C004,26-35,Male,Singapore,Premium,Technology Enthusiast,2025-07-10,New
CUST08552,C009,18-25,Male,Japan,Medium,Value Seeker,2022-01-08,New
CUST08553,C002,18-25,Other,India,Medium,Budget Buyer,2020-11-09,VIP
CUST08554,C010,26-35,Male,Germany,Low,Technology Enthusiast,2026-05-23,New
CUST08555,C004,56+,Male,Singapore,Low,Value Seeker,2025-10-15,New
CUST08556,C009,56+,Other,Singapore,Low,Technology Enthusiast,2021-09-19,New
CUST08557,C005,26-35,Female,Singapore,Medium,Technology Enthusiast,2022-08-25,Regular
CUST08558,C006,56+,Male,Japan,Premium,Premium Customer,2025-09-01,VIP
CUST08559,C009,46-55,Female,South Korea,Low,Value Seeker,2020-05-28,Loyal
CUST08560,C005,36-45,Female,UK,Medium,Young Professional,2024-09-11,VIP
CUST08561,C005,36-45,Male,UK,Premium,Budget Buyer,2025-10-07,Regular
CUST08562,C010,46-55,Female,Canada,Medium,Value Seeker,2020-06-14,Loyal
CUST08563,C009,56+,Male,USA,High,Premium Customer,2026-07-15,VIP
CUST08564,C009,56+,Male,Singapore,Medium,Technology Enthusiast,2026-06-19,New
CUST08565,C006,36-45,Other,Singapore,Premium,Technology Enthusiast,2024-05-23,New
CUST08566,C005,26-35,Female,Canada,High,Young Professional,2020-08-09,Loyal
CUST08567,C004,46-55,Other,Germany,Medium,Premium Customer,2024-09-21,Regular
CUST08568,C004,36-45,Other,South Korea,Low,Technology Enthusiast,2022-12-03,New
CUST08569,C002,36-45,Other,Singapore,Premium,Budget Buyer,2025-04-25,Loyal
CUST08570,C005,46-55,Female,Canada,Low,Technology Enthusiast,2024-10-02,Loyal
CUST08571,C008,18-25,Female,India,Premium,Budget Buyer,2021-05-18,New
CUST08572,C005,26-35,Male,Germany,High,Technology Enthusiast,2020-02-28,VIP
CUST08573,C001,36-45,Other,Japan,High,Value Seeker,2024-03-24,Regular
CUST08574,C010,18-25,Other,Canada,High,Value Seeker,2024-01-23,VIP
CUST08575,C001,56+,Other,Canada,Premium,Budget Buyer,2023-01-16,New
CUST08576,C008,36-45,Female,Japan,Premium,Premium Customer,2023-03-10,Regular
CUST08577,C007,46-55,Other,India,Low,Technology Enthusiast,2022-05-24,VIP
CUST08578,C004,26-35,Female,Japan,Low,Premium Customer,2020-07-12,VIP
CUST08579,C005,46-55,Female,Germany,Medium,Young Professional,2024-10-01,New
CUST08580,C010,18-25,Female,Japan,High,Budget Buyer,2025-02-12,New
CUST08581,C004,26-35,Female,Germany,Low,Premium Customer,2022-04-26,Regular
CUST08582,C008,56+,Female,Germany,Low,Technology Enthusiast,2023-03-28,Loyal
CUST08583,C004,18-25,Male,Singapore,Low,Budget Buyer,2022-11-20,New
CUST08584,C006,36-45,Male,Singapore,Medium,Value Seeker,2025-11-02,Regular
CUST08585,C002,46-55,Other,Japan,Premium,Premium Customer,2020-07-07,Loyal
CUST08586,C007,18-25,Female,Canada,Medium,Budget Buyer,2021-07-31,New
CUST08587,C002,46-55,Female,UK,Premium,Value Seeker,2025-10-24,VIP
CUST08588,C004,18-25,Male,USA,High,Technology Enthusiast,2023-05-27,VIP
CUST08589,C008,18-25,Other,USA,Medium,Premium Customer,2022-11-15,New
CUST08590,C006,26-35,Male,Canada,Medium,Technology Enthusiast,2021-02-26,Regular
CUST08591,C008,26-35,Female,Germany,High,Premium Customer,2024-08-26,Regular
CUST08592,C006,18-25,Other,Singapore,Medium,Young Professional,2025-01-03,Loyal
CUST08593,C008,46-55,Female,Japan,Premium,Budget Buyer,2022-08-03,Loyal
CUST08594,C008,46-55,Female,South Korea,Medium,Budget Buyer,2022-01-27,New
CUST08595,C008,26-35,Male,Germany,Premium,Premium Customer,2020-10-30,New
CUST08596,C003,36-45,Female,Canada,Medium,Value Seeker,2021-03-16,VIP
CUST08597,C004,46-55,Other,India,High,Budget Buyer,2025-01-24,Loyal
CUST08598,C006,56+,Female,USA,Medium,Premium Customer,2026-01-22,Loyal
CUST08599,C004,26-35,Female,India,Premium,Value Seeker,2021-09-09,Regular
CUST08600,C009,46-55,Female,Japan,High,Technology Enthusiast,2025-02-17,Loyal
CUST08601,C001,36-45,Male,USA,Low,Technology Enthusiast,2020-03-04,VIP
CUST08602,C010,56+,Female,South Korea,Premium,Budget Buyer,2025-10-30,New
CUST08603,C010,46-55,Other,Singapore,Premium,Technology Enthusiast,2024-07-20,Regular
CUST08604,C010,26-35,Female,Germany,Premium,Budget Buyer,2026-05-08,VIP
CUST08605,C010,56+,Male,South Korea,Medium,Budget Buyer,2025-10-27,VIP
CUST08606,C010,26-35,Other,Germany,Low,Budget Buyer,2025-09-26,New
CUST08607,C004,26-35,Female,India,Medium,Budget Buyer,2024-07-12,Loyal
CUST08608,C003,36-45,Female,South Korea,High,Young Professional,2024-03-30,Loyal
CUST08609,C007,26-35,Male,Japan,Low,Young Professional,2022-03-02,Loyal
CUST08610,C007,56+,Other,Canada,Low,Young Professional,2025-03-23,Loyal
CUST08611,C005,36-45,Male,India,Low,Value Seeker,2025-05-16,Regular
CUST08612,C004,26-35,Other,South Korea,Low,Young Professional,2023-05-29,Regular
CUST08613,C005,56+,Other,India,Low,Value Seeker,2022-02-27,VIP
CUST08614,C003,56+,Male,Canada,Low,Technology Enthusiast,2023-01-21,VIP
CUST08615,C010,36-45,Female,Germany,High,Value Seeker,2024-09-13,VIP
CUST08616,C006,26-35,Male,India,Premium,Value Seeker,2021-03-22,New
CUST08617,C006,56+,Other,India,High,Premium Customer,2026-05-25,New
CUST08618,C003,26-35,Female,South Korea,Low,Value Seeker,2022-01-23,Regular
CUST08619,C002,26-35,Female,India,Low,Premium Customer,2022-08-27,Loyal
CUST08620,C001,36-45,Male,Germany,High,Young Professional,2024-08-02,Loyal
CUST08621,C001,56+,Male,UK,Low,Budget Buyer,2024-12-02,Regular
CUST08622,C003,36-45,Other,USA,Medium,Budget Buyer,2023-05-12,VIP
CUST08623,C002,56+,Female,Japan,Premium,Budget Buyer,2020-01-01,Loyal
CUST08624,C002,26-35,Female,Canada,Low,Premium Customer,2026-06-28,Loyal
CUST08625,C002,18-25,Male,UK,Medium,Value Seeker,2024-03-14,Loyal
CUST08626,C002,26-35,Other,Japan,Low,Budget Buyer,2022-07-07,New
CUST08627,C003,26-35,Male,UK,Low,Value Seeker,2022-09-29,Regular
CUST08628,C009,56+,Male,Canada,Medium,Premium Customer,2023-07-12,Regular
CUST08629,C006,26-35,Male,USA,High,Technology Enthusiast,2020-05-28,New
CUST08630,C007,18-25,Other,USA,High,Value Seeker,2021-01-16,Regular
CUST08631,C002,36-45,Other,South Korea,High,Value Seeker,2020-01-01,New
CUST08632,C005,36-45,Male,Canada,Low,Technology Enthusiast,2022-10-07,VIP
CUST08633,C010,18-25,Female,Singapore,Medium,Budget Buyer,2026-01-09,New
CUST08634,C010,18-25,Female,Canada,Medium,Budget Buyer,2021-02-24,VIP
CUST08635,C008,18-25,Other,Canada,Low,Budget Buyer,2020-07-31,Loyal
CUST08636,C009,26-35,Male,Singapore,High,Young Professional,2025-11-07,VIP
CUST08637,C003,18-25,Other,Germany,Medium,Premium Customer,2020-05-01,Regular
CUST08638,C007,26-35,Other,Germany,Premium,Value Seeker,2024-02-16,Loyal
CUST08639,C003,36-45,Female,Japan,Premium,Premium Customer,2020-07-29,New
CUST08640,C007,18-25,Male,South Korea,High,Young Professional,2024-12-26,New
CUST08641,C002,18-25,Female,South Korea,Medium,Young Professional,2022-07-24,Regular
CUST08642,C004,36-45,Other,South Korea,Low,Premium Customer,2021-11-07,Regular
CUST08643,C001,56+,Female,South Korea,Premium,Budget Buyer,2024-06-10,Regular
CUST08644,C001,26-35,Other,Japan,High,Budget Buyer,2021-07-12,Loyal
CUST08645,C001,46-55,Male,Singapore,Premium,Technology Enthusiast,2021-08-02,Loyal
CUST08646,C006,18-25,Female,Singapore,Medium,Value Seeker,2020-09-05,Loyal
CUST08647,C009,56+,Male,India,Premium,Budget Buyer,2022-12-08,Loyal
CUST08648,C006,26-35,Other,South Korea,Low,Young Professional,2026-02-03,VIP
CUST08649,C001,46-55,Female,South Korea,Low,Premium Customer,2023-10-30,Regular
CUST08650,C010,26-35,Female,USA,High,Value Seeker,2021-05-22,Regular
CUST08651,C005,26-35,Male,Canada,Medium,Budget Buyer,2024-01-11,Regular
CUST08652,C007,56+,Other,Germany,Medium,Budget Buyer,2025-02-01,New
CUST08653,C003,56+,Female,UK,Low,Young Professional,2020-07-23,VIP
CUST08654,C005,56+,Other,India,Medium,Young Professional,2023-10-16,Loyal
CUST08655,C001,56+,Female,Singapore,High,Technology Enthusiast,2023-10-27,Loyal
CUST08656,C002,46-55,Other,Canada,Medium,Technology Enthusiast,2026-07-19,Loyal
CUST08657,C001,36-45,Other,Canada,Medium,Budget Buyer,2022-10-25,Loyal
CUST08658,C005,36-45,Female,USA,Medium,Technology Enthusiast,2023-08-04,Regular
CUST08659,C002,46-55,Other,Canada,High,Young Professional,2021-02-04,Regular
CUST08660,C003,26-35,Male,Japan,Premium,Young Professional,2025-10-04,Regular
CUST08661,C008,26-35,Male,Canada,High,Young Professional,2024-08-07,New
CUST08662,C010,46-55,Other,Singapore,High,Budget Buyer,2023-05-30,VIP
CUST08663,C004,56+,Male,USA,Low,Young Professional,2026-02-15,Regular
CUST08664,C006,26-35,Male,USA,High,Premium Customer,2021-02-22,Regular
CUST08665,C004,18-25,Female,Singapore,High,Young Professional,2021-03-07,VIP
CUST08666,C004,26-35,Male,India,High,Value Seeker,2024-10-10,Regular
CUST08667,C006,18-25,Male,Japan,Premium,Young Professional,2026-07-07,New
CUST08668,C008,36-45,Other,Singapore,High,Budget Buyer,2024-02-04,Loyal
CUST08669,C007,26-35,Female,UK,Medium,Technology Enthusiast,2024-12-19,VIP
CUST08670,C003,46-55,Female,Canada,Low,Premium Customer,2024-02-18,New
CUST08671,C007,46-55,Other,Singapore,High,Premium Customer,2024-01-30,VIP
CUST08672,C005,46-55,Male,Germany,Premium,Young Professional,2020-02-25,Loyal
CUST08673,C009,18-25,Female,USA,Low,Budget Buyer,2024-05-24,VIP
CUST08674,C010,46-55,Other,Singapore,Medium,Technology Enthusiast,2024-08-01,Regular
CUST08675,C005,46-55,Male,Germany,High,Young Professional,2026-07-22,Regular
CUST08676,C007,56+,Female,USA,High,Premium Customer,2021-12-06,Regular
CUST08677,C009,46-55,Other,Canada,Premium,Premium Customer,2022-04-24,Loyal
CUST08678,C002,26-35,Male,Germany,Premium,Budget Buyer,2025-08-08,New
CUST08679,C001,56+,Female,South Korea,Premium,Budget Buyer,2025-04-08,Loyal
CUST08680,C004,36-45,Male,Germany,High,Technology Enthusiast,2023-03-04,New
CUST08681,C007,36-45,Other,India,Premium,Budget Buyer,2024-01-24,Loyal
CUST08682,C007,56+,Female,Singapore,Low,Technology Enthusiast,2023-05-20,Loyal
CUST08683,C008,36-45,Female,India,Medium,Premium Customer,2024-05-21,Regular
CUST08684,C003,26-35,Other,Singapore,Premium,Value Seeker,2023-03-05,Regular
CUST08685,C008,56+,Other,UK,Low,Premium Customer,2021-02-07,Regular
CUST08686,C007,36-45,Female,Singapore,Premium,Value Seeker,2024-05-05,New
CUST08687,C007,46-55,Male,South Korea,Premium,Value Seeker,2020-06-30,Regular
CUST08688,C007,46-55,Female,USA,High,Premium Customer,2024-03-09,VIP
CUST08689,C007,46-55,Other,USA,Premium,Young Professional,2023-12-15,New
CUST08690,C003,46-55,Male,UK,Medium,Young Professional,2021-10-08,Loyal
CUST08691,C006,26-35,Female,Canada,Low,Premium Customer,2025-01-11,VIP
CUST08692,C005,26-35,Female,USA,High,Technology Enthusiast,2026-01-12,New
CUST08693,C001,56+,Female,South Korea,Low,Technology Enthusiast,2026-06-26,Regular
CUST08694,C004,18-25,Female,India,Medium,Value Seeker,2025-10-28,New
CUST08695,C006,46-55,Female,India,High,Value Seeker,2024-05-31,Regular
CUST08696,C001,36-45,Male,Germany,Premium,Budget Buyer,2025-12-22,VIP
CUST08697,C010,26-35,Female,Japan,Premium,Technology Enthusiast,2024-07-07,New
CUST08698,C002,26-35,Male,South Korea,High,Technology Enthusiast,2020-06-24,VIP
CUST08699,C004,18-25,Female,India,High,Young Professional,2026-03-24,New
CUST08700,C007,46-55,Female,USA,Medium,Budget Buyer,2020-10-31,VIP
CUST08701,C004,36-45,Other,Japan,Medium,Technology Enthusiast,2023-09-04,VIP
CUST08702,C002,36-45,Other,India,Low,Young Professional,2020-02-22,VIP
CUST08703,C005,56+,Other,South Korea,High,Technology Enthusiast,2026-07-14,Loyal
CUST08704,C001,36-45,Other,Germany,Premium,Budget Buyer,2021-11-24,Regular
CUST08705,C009,46-55,Other,Germany,High,Young Professional,2021-08-05,Loyal
CUST08706,C005,56+,Other,India,High,Premium Customer,2023-10-10,Regular
CUST08707,C001,56+,Other,Japan,Medium,Premium Customer,2021-05-26,New
CUST08708,C005,46-55,Other,UK,High,Young Professional,2023-12-15,VIP
CUST08709,C007,46-55,Male,India,High,Budget Buyer,2022-07-24,Regular
CUST08710,C009,46-55,Male,South Korea,Premium,Value Seeker,2020-12-09,New
CUST08711,C008,26-35,Male,Japan,Premium,Technology Enthusiast,2022-09-19,Regular
CUST08712,C007,36-45,Female,India,Low,Budget Buyer,2026-05-28,Loyal
CUST08713,C001,36-45,Male,USA,Premium,Value Seeker,2022-09-19,Regular
CUST08714,C004,46-55,Male,USA,Medium,Young Professional,2023-08-10,Regular
CUST08715,C004,46-55,Male,UK,Low,Young Professional,2024-02-23,VIP
CUST08716,C005,18-25,Male,Singapore,Low,Premium Customer,2021-06-11,Regular
CUST08717,C009,26-35,Other,South Korea,Low,Value Seeker,2025-01-20,Loyal
CUST08718,C006,36-45,Other,Japan,Medium,Budget Buyer,2024-07-02,New
CUST08719,C008,56+,Other,India,Premium,Budget Buyer,2024-06-19,New
CUST08720,C010,18-25,Other,Singapore,Premium,Young Professional,2024-04-28,Loyal
CUST08721,C004,56+,Male,Canada,High,Premium Customer,2023-08-15,New
CUST08722,C007,36-45,Other,Singapore,Medium,Value Seeker,2021-04-07,VIP
CUST08723,C001,18-25,Male,USA,Medium,Value Seeker,2024-07-28,Regular
CUST08724,C002,26-35,Male,Germany,Premium,Premium Customer,2022-01-06,Regular
CUST08725,C007,36-45,Female,Germany,Low,Technology Enthusiast,2025-08-25,New
CUST08726,C007,26-35,Female,India,Medium,Young Professional,2020-06-22,Regular
CUST08727,C001,26-35,Other,Japan,Low,Young Professional,2024-06-27,Regular
CUST08728,C005,36-45,Male,USA,Premium,Technology Enthusiast,2026-03-21,Regular
CUST08729,C010,18-25,Male,Canada,Medium,Premium Customer,2021-10-17,VIP
CUST08730,C009,56+,Female,Germany,Medium,Young Professional,2023-11-18,VIP
CUST08731,C007,46-55,Other,Singapore,Medium,Technology Enthusiast,2025-05-30,Regular
CUST08732,C001,46-55,Male,South Korea,Low,Value Seeker,2020-04-17,VIP
CUST08733,C008,46-55,Female,Germany,High,Budget Buyer,2023-04-05,Regular
CUST08734,C006,18-25,Female,Canada,High,Young Professional,2025-01-21,Loyal
CUST08735,C003,26-35,Female,South Korea,High,Value Seeker,2026-04-04,New
CUST08736,C001,36-45,Male,India,High,Young Professional,2026-07-09,VIP
CUST08737,C010,56+,Other,Germany,Low,Budget Buyer,2022-12-17,VIP
CUST08738,C001,18-25,Other,South Korea,High,Value Seeker,2026-01-03,Regular
CUST08739,C010,36-45,Female,South Korea,Premium,Budget Buyer,2026-03-12,New
CUST08740,C005,46-55,Male,Germany,Premium,Young Professional,2022-01-12,Loyal
CUST08741,C009,36-45,Other,Germany,Medium,Technology Enthusiast,2026-07-23,New
CUST08742,C006,46-55,Male,Canada,Premium,Budget Buyer,2022-06-08,VIP
CUST08743,C008,18-25,Female,South Korea,Low,Young Professional,2025-08-21,Loyal
CUST08744,C005,26-35,Other,UK,High,Technology Enthusiast,2023-11-26,Regular
CUST08745,C005,18-25,Female,India,Premium,Young Professional,2026-07-05,Loyal
CUST08746,C010,18-25,Other,Germany,Low,Budget Buyer,2021-12-09,Loyal
CUST08747,C009,46-55,Other,Singapore,High,Premium Customer,2025-05-22,New
CUST08748,C009,18-25,Female,Japan,Premium,Budget Buyer,2023-02-19,Loyal
CUST08749,C002,56+,Other,South Korea,High,Budget Buyer,2025-08-05,New
CUST08750,C006,46-55,Male,UK,Premium,Value Seeker,2024-07-01,Loyal
CUST08751,C007,18-25,Male,Japan,Premium,Technology Enthusiast,2022-06-12,VIP
CUST08752,C006,36-45,Female,Singapore,Premium,Premium Customer,2022-08-11,VIP
CUST08753,C004,18-25,Male,UK,Low,Budget Buyer,2024-10-13,Regular
CUST08754,C005,56+,Female,USA,High,Young Professional,2023-08-10,VIP
CUST08755,C010,56+,Female,Canada,Low,Technology Enthusiast,2026-06-25,Loyal
CUST08756,C002,56+,Male,UK,Premium,Premium Customer,2024-08-10,Regular
CUST08757,C009,56+,Male,Germany,Premium,Budget Buyer,2020-08-26,New
CUST08758,C006,18-25,Male,Germany,Medium,Technology Enthusiast,2024-09-11,New
CUST08759,C005,26-35,Male,South Korea,Medium,Value Seeker,2024-12-30,Loyal
CUST08760,C004,36-45,Other,USA,Low,Premium Customer,2025-06-27,Regular
CUST08761,C006,46-55,Other,South Korea,Low,Technology Enthusiast,2026-06-06,Loyal
CUST08762,C002,36-45,Other,South Korea,Premium,Premium Customer,2021-05-02,New
CUST08763,C007,18-25,Other,Japan,Medium,Technology Enthusiast,2022-04-09,New
CUST08764,C010,26-35,Other,South Korea,Premium,Budget Buyer,2024-07-02,New
CUST08765,C009,18-25,Other,UK,Medium,Young Professional,2026-06-08,Loyal
CUST08766,C001,46-55,Other,India,Medium,Young Professional,2021-06-18,VIP
CUST08767,C005,36-45,Other,Canada,Low,Technology Enthusiast,2022-05-19,Loyal
CUST08768,C009,26-35,Male,Canada,High,Young Professional,2023-04-03,Regular
CUST08769,C009,46-55,Female,Japan,Premium,Premium Customer,2025-07-22,Loyal
CUST08770,C004,46-55,Female,USA,High,Young Professional,2025-11-02,Regular
CUST08771,C010,36-45,Male,Germany,Medium,Premium Customer,2021-06-16,Regular
CUST08772,C004,46-55,Other,Canada,Low,Technology Enthusiast,2021-12-10,New
CUST08773,C010,36-45,Female,India,Medium,Budget Buyer,2023-05-10,Loyal
CUST08774,C003,26-35,Female,USA,Medium,Budget Buyer,2025-03-30,Loyal
CUST08775,C008,46-55,Female,Canada,Medium,Technology Enthusiast,2025-09-07,VIP
CUST08776,C002,18-25,Female,UK,Premium,Budget Buyer,2021-11-18,New
CUST08777,C002,18-25,Female,UK,High,Premium Customer,2026-06-12,Loyal
CUST08778,C003,26-35,Male,Japan,Premium,Value Seeker,2020-09-26,Loyal
CUST08779,C005,46-55,Female,UK,Medium,Budget Buyer,2022-06-15,VIP
CUST08780,C007,36-45,Female,Singapore,Premium,Premium Customer,2023-12-05,New
CUST08781,C004,18-25,Female,India,Low,Budget Buyer,2024-12-08,Loyal
CUST08782,C006,36-45,Male,UK,High,Premium Customer,2025-06-03,Loyal
CUST08783,C004,18-25,Male,South Korea,Low,Technology Enthusiast,2025-02-22,Loyal
CUST08784,C007,18-25,Other,South Korea,Low,Technology Enthusiast,2021-03-13,VIP
CUST08785,C006,18-25,Female,USA,Premium,Value Seeker,2025-08-30,Regular
CUST08786,C010,46-55,Other,Canada,Low,Technology Enthusiast,2022-04-21,VIP
CUST08787,C002,36-45,Female,USA,High,Premium Customer,2026-06-13,Regular
CUST08788,C002,18-25,Male,Canada,Premium,Budget Buyer,2020-02-09,Loyal
CUST08789,C001,36-45,Female,Japan,Low,Budget Buyer,2024-11-13,Regular
CUST08790,C008,56+,Female,USA,High,Premium Customer,2020-01-17,Regular
CUST08791,C010,18-25,Male,South Korea,High,Value Seeker,2020-12-03,Regular
CUST08792,C008,26-35,Female,Singapore,Medium,Value Seeker,2025-09-04,New
CUST08793,C005,18-25,Male,UK,Premium,Budget Buyer,2025-04-16,Loyal
CUST08794,C007,56+,Male,Singapore,Premium,Technology Enthusiast,2021-10-04,Regular
CUST08795,C004,26-35,Male,USA,Medium,Young Professional,2024-05-07,Regular
CUST08796,C002,56+,Female,Singapore,Medium,Budget Buyer,2022-10-27,Regular
CUST08797,C010,46-55,Male,USA,Low,Technology Enthusiast,2025-08-12,New
CUST08798,C004,56+,Female,Japan,Medium,Young Professional,2021-05-05,New
CUST08799,C004,56+,Male,Singapore,Medium,Premium Customer,2023-12-01,Loyal
CUST08800,C008,56+,Other,UK,High,Young Professional,2025-11-20,New
CUST08801,C010,46-55,Other,USA,Medium,Value Seeker,2025-11-02,New
CUST08802,C008,26-35,Male,UK,Medium,Technology Enthusiast,2021-08-31,Regular
CUST08803,C008,36-45,Male,Germany,Premium,Budget Buyer,2023-08-02,Loyal
CUST08804,C006,36-45,Male,Japan,High,Premium Customer,2023-03-15,Loyal
CUST08805,C006,26-35,Female,USA,Medium,Premium Customer,2022-02-26,New
CUST08806,C008,26-35,Other,Canada,Low,Young Professional,2020-05-20,New
CUST08807,C001,18-25,Female,South Korea,Premium,Premium Customer,2025-04-08,Loyal
CUST08808,C004,18-25,Male,Canada,High,Young Professional,2024-04-16,Loyal
CUST08809,C008,26-35,Female,Japan,Medium,Premium Customer,2023-02-28,Regular
CUST08810,C008,26-35,Female,Japan,Medium,Premium Customer,2022-04-30,Regular
CUST08811,C005,36-45,Other,South Korea,Low,Value Seeker,2023-07-03,Regular
CUST08812,C007,18-25,Female,Germany,Premium,Technology Enthusiast,2023-07-12,Regular
CUST08813,C001,56+,Male,UK,High,Technology Enthusiast,2020-09-03,Loyal
CUST08814,C004,18-25,Male,South Korea,Low,Technology Enthusiast,2023-07-01,Loyal
CUST08815,C004,56+,Female,India,Premium,Young Professional,2025-09-10,New
CUST08816,C002,46-55,Female,Singapore,Premium,Technology Enthusiast,2022-04-20,Regular
CUST08817,C007,46-55,Female,UK,High,Premium Customer,2022-06-30,New
CUST08818,C001,56+,Other,Germany,Low,Technology Enthusiast,2023-09-17,New
CUST08819,C005,46-55,Other,Canada,Low,Young Professional,2023-05-14,New
CUST08820,C006,36-45,Other,Canada,Low,Premium Customer,2021-02-27,New
CUST08821,C004,46-55,Other,UK,Premium,Budget Buyer,2023-09-14,VIP
CUST08822,C002,36-45,Male,India,Low,Premium Customer,2020-03-13,New
CUST08823,C010,26-35,Female,UK,Low,Premium Customer,2024-01-28,VIP
CUST08824,C005,56+,Other,Canada,Premium,Technology Enthusiast,2020-01-25,VIP
CUST08825,C006,18-25,Other,USA,High,Young Professional,2022-05-19,Loyal
CUST08826,C002,36-45,Male,Germany,Medium,Technology Enthusiast,2024-09-20,Regular
CUST08827,C007,18-25,Male,South Korea,High,Budget Buyer,2025-03-06,VIP
CUST08828,C009,56+,Other,South Korea,High,Premium Customer,2021-07-16,New
CUST08829,C010,56+,Female,UK,Medium,Budget Buyer,2026-01-28,VIP
CUST08830,C006,46-55,Other,Singapore,Low,Premium Customer,2023-11-22,Loyal
CUST08831,C009,18-25,Other,Germany,Low,Budget Buyer,2022-10-29,Regular
CUST08832,C003,18-25,Female,Canada,Premium,Value Seeker,2021-11-03,New
CUST08833,C007,46-55,Male,Germany,Premium,Budget Buyer,2024-10-19,Loyal
CUST08834,C002,26-35,Other,UK,Premium,Value Seeker,2020-04-28,New
CUST08835,C003,36-45,Other,UK,Low,Value Seeker,2024-11-19,New
CUST08836,C006,26-35,Male,Singapore,High,Technology Enthusiast,2021-03-15,New
CUST08837,C008,26-35,Other,UK,High,Premium Customer,2025-03-10,Regular
CUST08838,C007,46-55,Other,USA,Medium,Value Seeker,2022-08-16,New
CUST08839,C006,26-35,Female,UK,Premium,Budget Buyer,2022-06-20,New
CUST08840,C002,56+,Other,USA,Medium,Value Seeker,2020-12-29,New
CUST08841,C008,56+,Other,India,Low,Value Seeker,2022-05-20,Regular
CUST08842,C002,36-45,Other,Germany,Premium,Young Professional,2021-07-11,Regular
CUST08843,C002,18-25,Male,South Korea,High,Young Professional,2020-09-03,Regular
CUST08844,C001,18-25,Male,USA,Low,Technology Enthusiast,2023-11-26,VIP
CUST08845,C002,56+,Male,Japan,Low,Budget Buyer,2023-08-10,New
CUST08846,C006,36-45,Male,UK,Medium,Young Professional,2020-04-05,New
CUST08847,C002,26-35,Other,South Korea,High,Budget Buyer,2021-04-10,Regular
CUST08848,C007,18-25,Male,India,Premium,Value Seeker,2025-03-29,New
CUST08849,C008,36-45,Other,Germany,Premium,Budget Buyer,2021-01-22,New
CUST08850,C001,36-45,Male,Canada,Low,Young Professional,2023-02-03,VIP
CUST08851,C009,18-25,Female,Japan,Premium,Budget Buyer,2025-08-16,New
CUST08852,C010,56+,Male,Canada,Medium,Young Professional,2023-12-01,New
CUST08853,C003,36-45,Male,Singapore,Medium,Young Professional,2025-03-30,VIP
CUST08854,C010,36-45,Male,Germany,Medium,Young Professional,2020-08-17,VIP
CUST08855,C006,56+,Male,South Korea,Medium,Young Professional,2020-02-25,VIP
CUST08856,C004,36-45,Male,Japan,High,Technology Enthusiast,2024-03-24,New
CUST08857,C002,36-45,Female,South Korea,Premium,Budget Buyer,2026-02-11,VIP
CUST08858,C001,46-55,Female,South Korea,Premium,Premium Customer,2024-12-17,Regular
CUST08859,C008,18-25,Other,Singapore,Low,Budget Buyer,2020-10-19,Loyal
CUST08860,C003,26-35,Male,South Korea,Medium,Young Professional,2020-05-15,Regular
CUST08861,C009,56+,Male,USA,High,Technology Enthusiast,2024-05-18,VIP
CUST08862,C009,18-25,Other,South Korea,Premium,Budget Buyer,2020-03-27,VIP
CUST08863,C010,18-25,Other,Japan,Medium,Young Professional,2020-01-03,VIP
CUST08864,C006,18-25,Other,South Korea,High,Technology Enthusiast,2023-07-12,New
CUST08865,C005,36-45,Male,Canada,High,Premium Customer,2023-05-10,Regular
CUST08866,C007,26-35,Female,Germany,High,Budget Buyer,2024-06-21,New
CUST08867,C004,26-35,Male,Canada,High,Budget Buyer,2025-12-28,Loyal
CUST08868,C006,56+,Other,UK,Premium,Premium Customer,2022-01-08,VIP
CUST08869,C008,26-35,Female,Singapore,Low,Premium Customer,2020-12-30,New
CUST08870,C001,26-35,Male,USA,Medium,Premium Customer,2020-11-27,VIP
CUST08871,C002,46-55,Other,South Korea,Medium,Technology Enthusiast,2026-01-24,Regular
CUST08872,C001,18-25,Female,South Korea,Medium,Young Professional,2026-06-10,Loyal
CUST08873,C001,56+,Other,India,Premium,Value Seeker,2020-07-31,Loyal
CUST08874,C001,36-45,Female,Singapore,Premium,Budget Buyer,2026-07-26,Loyal
CUST08875,C001,56+,Other,India,Medium,Young Professional,2024-09-01,Loyal
CUST08876,C003,56+,Other,South Korea,Medium,Premium Customer,2025-09-01,Loyal
CUST08877,C001,18-25,Female,USA,Low,Value Seeker,2024-12-15,Loyal
CUST08878,C002,18-25,Female,South Korea,Medium,Value Seeker,2024-08-07,VIP
CUST08879,C010,26-35,Male,India,High,Value Seeker,2024-12-08,Regular
CUST08880,C001,56+,Male,Japan,Low,Technology Enthusiast,2021-04-19,VIP
CUST08881,C005,18-25,Female,Japan,High,Budget Buyer,2025-01-09,Regular
CUST08882,C004,26-35,Female,Canada,High,Premium Customer,2020-12-03,New
CUST08883,C006,36-45,Male,Germany,Premium,Budget Buyer,2024-03-29,Loyal
CUST08884,C001,46-55,Female,Germany,Medium,Premium Customer,2020-02-13,Regular
CUST08885,C001,26-35,Male,UK,Low,Young Professional,2020-12-01,Regular
CUST08886,C007,18-25,Female,Singapore,Premium,Technology Enthusiast,2021-12-11,Loyal
CUST08887,C008,46-55,Male,Singapore,Premium,Value Seeker,2023-07-06,Loyal
CUST08888,C001,46-55,Other,South Korea,Medium,Premium Customer,2020-04-21,Loyal
CUST08889,C009,56+,Female,UK,Medium,Budget Buyer,2025-01-10,Loyal
CUST08890,C002,18-25,Other,USA,Premium,Technology Enthusiast,2021-03-26,Regular
CUST08891,C002,36-45,Female,USA,Low,Technology Enthusiast,2022-07-23,Regular
CUST08892,C007,18-25,Female,Singapore,High,Technology Enthusiast,2024-10-07,New
CUST08893,C009,26-35,Female,Singapore,Low,Premium Customer,2025-09-20,New
CUST08894,C008,26-35,Female,Japan,Low,Premium Customer,2020-11-12,Loyal
CUST08895,C009,56+,Male,USA,Premium,Technology Enthusiast,2022-12-23,Regular
CUST08896,C007,18-25,Other,Germany,High,Young Professional,2022-12-25,Loyal
CUST08897,C004,18-25,Male,Japan,High,Technology Enthusiast,2023-01-29,New
CUST08898,C001,46-55,Female,USA,Premium,Young Professional,2025-09-24,VIP
CUST08899,C007,36-45,Female,India,Medium,Technology Enthusiast,2022-10-08,New
CUST08900,C009,56+,Male,UK,Low,Budget Buyer,2024-10-03,VIP
CUST08901,C004,46-55,Female,Canada,Medium,Premium Customer,2026-03-17,New
CUST08902,C002,26-35,Female,UK,Premium,Value Seeker,2021-05-16,Regular
CUST08903,C005,46-55,Female,USA,Medium,Young Professional,2026-06-01,VIP
CUST08904,C008,18-25,Male,Germany,Low,Budget Buyer,2024-04-11,VIP
CUST08905,C003,36-45,Male,USA,Low,Young Professional,2022-12-05,VIP
CUST08906,C002,26-35,Female,Japan,Medium,Value Seeker,2026-02-10,VIP
CUST08907,C002,46-55,Other,Canada,Premium,Premium Customer,2020-02-08,VIP
CUST08908,C006,36-45,Other,Canada,Low,Young Professional,2024-09-05,Regular
CUST08909,C010,18-25,Male,South Korea,High,Technology Enthusiast,2020-12-09,VIP
CUST08910,C004,36-45,Female,Singapore,Premium,Budget Buyer,2024-10-03,Regular
CUST08911,C002,36-45,Other,South Korea,Premium,Young Professional,2021-10-24,New
CUST08912,C006,46-55,Other,UK,Low,Value Seeker,2023-12-11,New
CUST08913,C010,26-35,Other,Singapore,Medium,Technology Enthusiast,2020-12-06,New
CUST08914,C003,26-35,Other,South Korea,Premium,Premium Customer,2025-08-16,Regular
CUST08915,C003,46-55,Male,USA,Medium,Young Professional,2020-03-07,New
CUST08916,C004,46-55,Female,Canada,High,Technology Enthusiast,2022-02-12,Regular
CUST08917,C008,26-35,Female,South Korea,Premium,Young Professional,2026-04-14,Loyal
CUST08918,C008,26-35,Female,Japan,Premium,Budget Buyer,2022-02-07,Loyal
CUST08919,C006,56+,Female,Canada,Premium,Value Seeker,2023-01-16,VIP
CUST08920,C007,36-45,Male,UK,Low,Premium Customer,2020-06-22,VIP
CUST08921,C002,18-25,Female,Canada,High,Young Professional,2025-06-13,Regular
CUST08922,C009,56+,Female,Germany,Medium,Young Professional,2022-02-09,VIP
CUST08923,C001,36-45,Male,Japan,High,Young Professional,2020-02-15,VIP
CUST08924,C002,18-25,Male,South Korea,Medium,Budget Buyer,2021-11-07,VIP
CUST08925,C009,56+,Male,Singapore,Medium,Young Professional,2020-06-23,Regular
CUST08926,C004,46-55,Female,South Korea,High,Value Seeker,2025-04-25,Regular
CUST08927,C010,56+,Other,Germany,Low,Technology Enthusiast,2026-05-14,VIP
CUST08928,C006,18-25,Female,Canada,Low,Technology Enthusiast,2026-06-07,Loyal
CUST08929,C009,36-45,Female,Canada,Low,Budget Buyer,2022-01-21,New
CUST08930,C004,46-55,Female,India,Low,Premium Customer,2023-01-09,New
CUST08931,C007,56+,Female,South Korea,Medium,Technology Enthusiast,2022-05-29,New
CUST08932,C001,26-35,Female,India,Premium,Value Seeker,2024-06-11,New
CUST08933,C009,18-25,Other,UK,Medium,Premium Customer,2024-03-04,New
CUST08934,C007,36-45,Male,Japan,High,Premium Customer,2022-10-13,Loyal
CUST08935,C010,36-45,Other,India,Low,Premium Customer,2025-09-09,Loyal
CUST08936,C003,18-25,Other,India,Low,Premium Customer,2023-06-21,Loyal
CUST08937,C006,36-45,Other,Germany,High,Premium Customer,2020-04-10,New
CUST08938,C005,26-35,Female,South Korea,Low,Budget Buyer,2021-01-18,Loyal
CUST08939,C004,56+,Female,UK,Medium,Technology Enthusiast,2022-03-03,Regular
CUST08940,C010,26-35,Male,USA,Low,Technology Enthusiast,2021-05-24,VIP
CUST08941,C005,18-25,Female,Canada,Medium,Value Seeker,2020-07-04,VIP
CUST08942,C003,36-45,Male,UK,Medium,Premium Customer,2026-01-06,VIP
CUST08943,C001,36-45,Female,South Korea,Medium,Technology Enthusiast,2022-05-22,Loyal
CUST08944,C005,36-45,Female,UK,Medium,Value Seeker,2021-08-19,VIP
CUST08945,C005,26-35,Other,Germany,Medium,Value Seeker,2025-05-15,Loyal
CUST08946,C004,46-55,Male,Germany,Medium,Value Seeker,2021-10-11,Regular
CUST08947,C008,46-55,Male,South Korea,High,Technology Enthusiast,2023-09-14,Regular
CUST08948,C005,18-25,Female,Germany,Low,Technology Enthusiast,2023-01-19,New
CUST08949,C009,56+,Other,UK,High,Value Seeker,2020-12-07,Loyal
CUST08950,C002,56+,Female,Germany,High,Technology Enthusiast,2021-11-29,VIP
CUST08951,C006,26-35,Other,Germany,Medium,Budget Buyer,2021-10-21,Regular
CUST08952,C010,36-45,Other,India,Low,Technology Enthusiast,2025-06-30,Regular
CUST08953,C010,46-55,Female,South Korea,High,Budget Buyer,2022-08-02,Loyal
CUST08954,C006,36-45,Other,Canada,High,Young Professional,2023-11-08,Loyal
CUST08955,C003,26-35,Female,UK,Premium,Technology Enthusiast,2025-03-12,Regular
CUST08956,C003,26-35,Female,Germany,Medium,Premium Customer,2022-08-04,Loyal
CUST08957,C006,26-35,Female,Japan,Low,Value Seeker,2025-01-06,Regular
CUST08958,C002,46-55,Female,Germany,Low,Value Seeker,2021-03-14,VIP
CUST08959,C005,46-55,Other,Singapore,Premium,Young Professional,2023-11-19,VIP
CUST08960,C001,46-55,Male,South Korea,Low,Young Professional,2023-12-22,New
CUST08961,C009,26-35,Male,Germany,High,Premium Customer,2022-07-02,Regular
CUST08962,C006,18-25,Male,Germany,High,Technology Enthusiast,2023-10-11,Loyal
CUST08963,C002,26-35,Other,Canada,Low,Budget Buyer,2020-08-13,Regular
CUST08964,C008,26-35,Male,UK,Medium,Budget Buyer,2022-02-27,New
CUST08965,C008,56+,Male,UK,Premium,Budget Buyer,2022-07-24,VIP
CUST08966,C009,56+,Other,Singapore,Premium,Value Seeker,2024-06-01,New
CUST08967,C008,56+,Other,Singapore,High,Technology Enthusiast,2020-03-08,VIP
CUST08968,C004,46-55,Female,Singapore,Low,Technology Enthusiast,2025-09-18,Regular
CUST08969,C010,36-45,Other,USA,Low,Budget Buyer,2026-05-20,Regular
CUST08970,C010,36-45,Other,Germany,Medium,Young Professional,2025-11-22,New
CUST08971,C010,26-35,Female,Japan,Medium,Value Seeker,2022-09-29,VIP
CUST08972,C010,56+,Other,Singapore,Medium,Value Seeker,2023-04-02,New
CUST08973,C002,18-25,Female,Japan,Medium,Value Seeker,2022-09-20,Regular
CUST08974,C004,56+,Male,USA,Premium,Premium Customer,2024-05-24,Loyal
CUST08975,C002,36-45,Male,Singapore,High,Young Professional,2020-10-29,VIP
CUST08976,C006,26-35,Other,Singapore,High,Technology Enthusiast,2021-08-26,VIP
CUST08977,C009,46-55,Other,India,Low,Technology Enthusiast,2021-09-11,New
CUST08978,C001,46-55,Male,Germany,Medium,Value Seeker,2023-02-28,VIP
CUST08979,C001,56+,Other,Canada,Medium,Technology Enthusiast,2020-02-22,New
CUST08980,C004,56+,Female,Germany,Low,Budget Buyer,2022-12-31,Loyal
CUST08981,C004,56+,Other,Germany,Low,Value Seeker,2026-04-21,New
CUST08982,C005,26-35,Other,UK,Medium,Premium Customer,2023-01-20,New
CUST08983,C007,18-25,Male,South Korea,Medium,Technology Enthusiast,2020-05-16,Regular
CUST08984,C009,18-25,Male,USA,Low,Budget Buyer,2021-12-03,Loyal
CUST08985,C002,46-55,Male,South Korea,High,Technology Enthusiast,2020-01-24,VIP
CUST08986,C001,26-35,Other,India,Premium,Premium Customer,2023-02-27,VIP
CUST08987,C007,18-25,Male,India,High,Young Professional,2022-09-14,Regular
CUST08988,C002,26-35,Male,Germany,Premium,Young Professional,2023-02-14,Regular
CUST08989,C003,18-25,Female,South Korea,Medium,Young Professional,2025-04-20,New
CUST08990,C008,26-35,Male,Germany,Medium,Premium Customer,2024-03-28,Loyal
CUST08991,C001,36-45,Female,Canada,Medium,Budget Buyer,2026-07-10,VIP
CUST08992,C005,26-35,Female,India,Low,Premium Customer,2026-07-08,New
CUST08993,C007,46-55,Other,Singapore,Medium,Budget Buyer,2025-09-30,VIP
CUST08994,C004,26-35,Male,Japan,Premium,Young Professional,2025-03-20,Loyal
CUST08995,C009,46-55,Male,USA,Premium,Budget Buyer,2022-09-14,New
CUST08996,C004,56+,Other,USA,Low,Value Seeker,2025-10-03,Loyal
CUST08997,C008,56+,Male,UK,Medium,Value Seeker,2026-03-24,Loyal
CUST08998,C009,26-35,Male,Canada,Medium,Value Seeker,2024-10-24,Regular
CUST08999,C005,26-35,Female,Canada,Low,Budget Buyer,2021-06-21,New
CUST09000,C005,26-35,Male,India,High,Premium Customer,2023-01-30,VIP
CUST09001,C006,46-55,Female,India,Premium,Budget Buyer,2024-11-28,Regular
CUST09002,C006,46-55,Female,Germany,High,Value Seeker,2021-05-23,New
CUST09003,C001,36-45,Male,Germany,Low,Value Seeker,2026-01-26,New
CUST09004,C007,36-45,Female,Singapore,Low,Value Seeker,2024-08-14,VIP
CUST09005,C009,36-45,Other,Japan,Low,Budget Buyer,2025-05-01,VIP
CUST09006,C007,18-25,Male,Canada,Premium,Premium Customer,2024-10-15,Loyal
CUST09007,C010,46-55,Female,Canada,Premium,Technology Enthusiast,2025-02-11,Regular
CUST09008,C007,56+,Other,India,Medium,Technology Enthusiast,2024-02-14,Regular
CUST09009,C008,36-45,Female,Canada,Medium,Young Professional,2025-02-06,Loyal
CUST09010,C006,46-55,Male,Canada,High,Premium Customer,2025-03-31,Regular
CUST09011,C001,18-25,Male,South Korea,Premium,Technology Enthusiast,2020-07-14,Regular
CUST09012,C006,56+,Male,Germany,Premium,Value Seeker,2021-10-14,Loyal
CUST09013,C003,36-45,Female,Japan,Medium,Young Professional,2020-07-08,Regular
CUST09014,C002,18-25,Female,South Korea,Medium,Premium Customer,2025-07-10,VIP
CUST09015,C008,56+,Male,India,Low,Value Seeker,2026-06-02,New
CUST09016,C004,36-45,Male,Germany,Low,Premium Customer,2020-06-06,VIP
CUST09017,C010,18-25,Other,USA,Medium,Budget Buyer,2020-03-13,Loyal
CUST09018,C004,26-35,Other,Canada,Low,Technology Enthusiast,2022-01-09,Loyal
CUST09019,C006,18-25,Female,UK,Premium,Budget Buyer,2023-10-18,New
CUST09020,C001,26-35,Male,Japan,High,Young Professional,2024-04-22,New
CUST09021,C007,46-55,Other,Singapore,High,Premium Customer,2024-05-12,Regular
CUST09022,C010,46-55,Female,USA,Premium,Young Professional,2020-05-14,New
CUST09023,C003,36-45,Female,South Korea,Medium,Premium Customer,2024-07-01,New
CUST09024,C005,18-25,Female,USA,High,Value Seeker,2021-11-03,Regular
CUST09025,C009,46-55,Other,South Korea,Low,Budget Buyer,2025-01-16,New
CUST09026,C010,36-45,Female,Japan,Low,Premium Customer,2025-12-09,Regular
CUST09027,C006,46-55,Male,Germany,Low,Value Seeker,2025-04-28,Regular
CUST09028,C006,26-35,Other,Germany,Premium,Budget Buyer,2023-05-01,VIP
CUST09029,C003,26-35,Female,Singapore,Low,Value Seeker,2020-01-24,New
CUST09030,C008,46-55,Male,South Korea,Medium,Premium Customer,2020-05-11,VIP
CUST09031,C009,26-35,Male,Singapore,Premium,Premium Customer,2020-06-26,New
CUST09032,C008,36-45,Female,Singapore,Low,Budget Buyer,2020-02-27,Loyal
CUST09033,C006,18-25,Other,Canada,Medium,Young Professional,2022-08-26,Loyal
CUST09034,C010,46-55,Male,Japan,Low,Value Seeker,2020-10-03,VIP
CUST09035,C010,26-35,Female,UK,Medium,Young Professional,2026-04-18,Loyal
CUST09036,C006,36-45,Male,Canada,High,Budget Buyer,2024-12-29,New
CUST09037,C007,18-25,Male,Singapore,Medium,Young Professional,2024-04-21,New
CUST09038,C010,46-55,Male,Singapore,Medium,Budget Buyer,2020-12-26,Regular
CUST09039,C004,46-55,Male,Canada,High,Value Seeker,2022-10-14,New
CUST09040,C005,26-35,Male,Singapore,High,Young Professional,2022-06-18,Loyal
CUST09041,C006,18-25,Female,Canada,High,Premium Customer,2025-09-22,New
CUST09042,C006,56+,Female,USA,High,Technology Enthusiast,2021-10-09,New
CUST09043,C006,46-55,Female,India,Premium,Technology Enthusiast,2024-08-17,Loyal
CUST09044,C010,46-55,Other,India,Premium,Budget Buyer,2021-01-26,New
CUST09045,C003,46-55,Male,Singapore,Low,Value Seeker,2023-11-09,Regular
CUST09046,C003,56+,Other,South Korea,Low,Young Professional,2022-12-23,VIP
CUST09047,C001,46-55,Female,Singapore,High,Budget Buyer,2024-08-05,New
CUST09048,C001,18-25,Other,South Korea,Premium,Premium Customer,2022-01-17,Loyal
CUST09049,C008,36-45,Other,Singapore,Low,Budget Buyer,2020-01-29,VIP
CUST09050,C006,18-25,Male,Canada,Premium,Premium Customer,2024-06-19,Regular
CUST09051,C006,56+,Female,USA,Medium,Young Professional,2024-08-15,New
CUST09052,C007,56+,Other,India,Medium,Premium Customer,2021-07-08,New
CUST09053,C005,26-35,Other,Canada,Premium,Young Professional,2022-01-03,VIP
CUST09054,C010,56+,Female,USA,Medium,Premium Customer,2025-06-16,New
CUST09055,C010,56+,Male,Canada,High,Premium Customer,2023-01-27,Regular
CUST09056,C006,18-25,Male,UK,Premium,Value Seeker,2026-03-03,New
CUST09057,C008,36-45,Male,USA,Medium,Budget Buyer,2021-02-20,Regular
CUST09058,C010,36-45,Other,Canada,Low,Technology Enthusiast,2020-06-15,Regular
CUST09059,C007,46-55,Other,Germany,Low,Value Seeker,2021-11-20,Loyal
CUST09060,C010,46-55,Male,South Korea,Low,Technology Enthusiast,2022-11-11,Regular
CUST09061,C010,26-35,Male,Germany,High,Value Seeker,2023-10-14,Regular
CUST09062,C003,18-25,Male,Canada,Medium,Value Seeker,2022-06-12,New
CUST09063,C002,36-45,Female,South Korea,Low,Young Professional,2024-01-24,Regular
CUST09064,C002,18-25,Female,India,High,Value Seeker,2021-12-13,Loyal
CUST09065,C005,26-35,Other,Canada,High,Budget Buyer,2022-09-28,Regular
CUST09066,C010,26-35,Other,South Korea,High,Value Seeker,2026-04-27,New
CUST09067,C001,36-45,Other,USA,High,Technology Enthusiast,2024-11-29,VIP
CUST09068,C007,26-35,Female,Germany,Low,Budget Buyer,2023-02-25,Regular
CUST09069,C001,56+,Other,South Korea,Low,Premium Customer,2021-02-19,Regular
CUST09070,C003,26-35,Female,India,Low,Budget Buyer,2026-05-26,VIP
CUST09071,C003,18-25,Male,Singapore,Low,Premium Customer,2025-09-19,Regular
CUST09072,C003,18-25,Other,South Korea,High,Budget Buyer,2025-10-25,VIP
CUST09073,C008,18-25,Other,India,Premium,Premium Customer,2021-09-07,Loyal
CUST09074,C001,46-55,Female,Japan,Medium,Young Professional,2023-10-01,New
CUST09075,C001,46-55,Other,South Korea,Low,Premium Customer,2021-09-06,New
CUST09076,C008,46-55,Female,Japan,Medium,Technology Enthusiast,2021-07-06,Loyal
CUST09077,C005,18-25,Other,Singapore,Low,Budget Buyer,2022-05-10,VIP
CUST09078,C010,18-25,Female,UK,Low,Technology Enthusiast,2025-10-19,Loyal
CUST09079,C010,56+,Male,India,Low,Young Professional,2022-01-08,Loyal
CUST09080,C010,26-35,Other,Canada,Premium,Technology Enthusiast,2021-08-16,VIP
CUST09081,C007,46-55,Female,USA,Low,Technology Enthusiast,2021-02-21,Loyal
CUST09082,C008,18-25,Male,India,Medium,Budget Buyer,2020-05-28,VIP
CUST09083,C004,56+,Other,Singapore,Premium,Young Professional,2024-12-19,Loyal
CUST09084,C008,56+,Female,Japan,Premium,Value Seeker,2021-04-17,New
CUST09085,C004,18-25,Other,Germany,Premium,Young Professional,2022-12-22,New
CUST09086,C008,46-55,Other,Germany,Premium,Value Seeker,2024-04-24,VIP
CUST09087,C003,56+,Other,India,Premium,Value Seeker,2023-11-12,Loyal
CUST09088,C010,18-25,Male,USA,High,Budget Buyer,2022-06-16,New
CUST09089,C001,26-35,Other,UK,High,Technology Enthusiast,2021-03-19,VIP
CUST09090,C002,18-25,Male,India,Medium,Young Professional,2022-06-11,New
CUST09091,C008,18-25,Male,USA,Medium,Budget Buyer,2025-03-20,Loyal
CUST09092,C006,26-35,Other,South Korea,High,Technology Enthusiast,2026-07-05,VIP
CUST09093,C004,36-45,Female,Germany,High,Young Professional,2025-11-06,VIP
CUST09094,C009,56+,Female,Singapore,Medium,Value Seeker,2021-04-09,New
CUST09095,C001,46-55,Male,Singapore,Medium,Premium Customer,2022-02-19,Loyal
CUST09096,C008,56+,Male,Japan,Low,Technology Enthusiast,2020-05-26,New
CUST09097,C008,56+,Male,Germany,Premium,Technology Enthusiast,2025-07-20,Regular
CUST09098,C007,36-45,Other,Canada,Premium,Young Professional,2020-09-18,Loyal
CUST09099,C006,36-45,Male,USA,Low,Budget Buyer,2025-01-09,Regular
CUST09100,C007,56+,Other,South Korea,High,Value Seeker,2024-10-18,VIP
CUST09101,C006,18-25,Female,USA,Medium,Young Professional,2024-12-25,Loyal
CUST09102,C003,46-55,Female,Germany,Premium,Technology Enthusiast,2021-02-04,Loyal
CUST09103,C005,36-45,Male,USA,High,Technology Enthusiast,2025-01-23,VIP
CUST09104,C007,36-45,Other,UK,Premium,Value Seeker,2025-11-25,Loyal
CUST09105,C005,26-35,Other,Germany,Medium,Young Professional,2023-09-17,New
CUST09106,C003,18-25,Other,USA,Medium,Value Seeker,2022-02-10,Loyal
CUST09107,C004,18-25,Other,Japan,Low,Budget Buyer,2024-12-07,New
CUST09108,C003,56+,Female,USA,High,Value Seeker,2022-10-08,New
CUST09109,C001,36-45,Male,USA,Premium,Premium Customer,2026-05-17,Loyal
CUST09110,C010,56+,Male,Germany,Medium,Young Professional,2021-02-03,Loyal
CUST09111,C002,18-25,Other,Singapore,Premium,Budget Buyer,2021-04-03,Regular
CUST09112,C005,18-25,Female,Germany,High,Premium Customer,2020-09-18,VIP
CUST09113,C008,26-35,Other,South Korea,High,Premium Customer,2024-08-23,VIP
CUST09114,C010,18-25,Other,South Korea,Medium,Budget Buyer,2022-05-05,VIP
CUST09115,C009,18-25,Other,UK,Premium,Technology Enthusiast,2021-12-20,New
CUST09116,C001,56+,Other,Canada,Premium,Young Professional,2024-07-14,Regular
CUST09117,C009,26-35,Female,Japan,Premium,Premium Customer,2025-08-08,Regular
CUST09118,C006,46-55,Male,USA,Low,Budget Buyer,2025-10-01,Regular
CUST09119,C006,56+,Male,Japan,Premium,Premium Customer,2023-03-27,Loyal
CUST09120,C006,36-45,Female,Germany,Low,Value Seeker,2024-07-28,Regular
CUST09121,C009,36-45,Female,USA,Medium,Premium Customer,2021-03-28,Regular
CUST09122,C004,26-35,Other,India,High,Premium Customer,2022-08-22,New
CUST09123,C009,46-55,Other,South Korea,High,Budget Buyer,2023-04-14,VIP
CUST09124,C003,56+,Male,USA,Premium,Technology Enthusiast,2023-03-24,VIP
CUST09125,C002,56+,Male,Canada,Low,Young Professional,2025-06-22,Regular
CUST09126,C008,18-25,Male,Japan,Medium,Premium Customer,2025-01-24,Loyal
CUST09127,C001,26-35,Female,USA,Medium,Value Seeker,2025-03-22,New
CUST09128,C005,46-55,Male,UK,Medium,Value Seeker,2020-08-20,VIP
CUST09129,C003,18-25,Other,South Korea,Low,Budget Buyer,2025-09-05,New
CUST09130,C004,46-55,Male,Singapore,Premium,Budget Buyer,2020-04-17,VIP
CUST09131,C008,56+,Female,Singapore,Premium,Technology Enthusiast,2021-03-25,New
CUST09132,C007,46-55,Female,South Korea,Low,Young Professional,2021-12-10,New
CUST09133,C007,26-35,Female,Japan,Premium,Budget Buyer,2026-02-13,New
CUST09134,C008,26-35,Male,UK,Premium,Budget Buyer,2022-05-31,Regular
CUST09135,C002,18-25,Other,South Korea,Low,Technology Enthusiast,2023-12-22,VIP
CUST09136,C003,26-35,Male,Singapore,Premium,Value Seeker,2025-02-21,Loyal
CUST09137,C010,56+,Female,UK,Premium,Premium Customer,2021-09-05,VIP
CUST09138,C002,56+,Female,India,High,Young Professional,2025-01-06,Loyal
CUST09139,C002,18-25,Female,USA,Medium,Premium Customer,2021-06-08,VIP
CUST09140,C004,18-25,Male,Canada,High,Technology Enthusiast,2025-04-08,VIP
CUST09141,C008,36-45,Other,UK,Premium,Technology Enthusiast,2021-02-18,New
CUST09142,C003,56+,Other,Germany,Medium,Technology Enthusiast,2024-01-04,New
CUST09143,C010,56+,Male,Singapore,Premium,Young Professional,2025-07-06,Regular
CUST09144,C002,18-25,Male,UK,Premium,Budget Buyer,2023-07-18,New
CUST09145,C010,26-35,Other,UK,Premium,Premium Customer,2020-09-28,Loyal
CUST09146,C007,26-35,Other,Germany,Premium,Premium Customer,2023-12-10,VIP
CUST09147,C004,46-55,Female,UK,Premium,Premium Customer,2021-10-04,VIP
CUST09148,C008,18-25,Male,Canada,Medium,Value Seeker,2022-05-17,Loyal
CUST09149,C003,56+,Other,Canada,Medium,Young Professional,2025-06-12,New
CUST09150,C008,46-55,Male,South Korea,Premium,Premium Customer,2020-10-23,Loyal
CUST09151,C008,36-45,Other,Singapore,Low,Young Professional,2025-12-04,VIP
CUST09152,C005,26-35,Male,India,Premium,Premium Customer,2021-04-27,VIP
CUST09153,C001,56+,Other,South Korea,Medium,Technology Enthusiast,2021-09-20,Loyal
CUST09154,C006,26-35,Other,Japan,Premium,Budget Buyer,2021-04-26,New
CUST09155,C002,56+,Male,Singapore,Low,Budget Buyer,2022-12-02,VIP
CUST09156,C006,18-25,Male,Singapore,Medium,Value Seeker,2024-02-01,VIP
CUST09157,C003,46-55,Female,India,High,Young Professional,2022-07-17,Regular
CUST09158,C003,46-55,Male,UK,Premium,Technology Enthusiast,2022-01-27,Loyal
CUST09159,C007,36-45,Male,Singapore,Medium,Premium Customer,2022-01-16,Loyal
CUST09160,C010,36-45,Other,South Korea,Low,Value Seeker,2022-11-26,Regular
CUST09161,C001,18-25,Male,Japan,Premium,Young Professional,2025-04-13,New
CUST09162,C001,46-55,Female,USA,High,Technology Enthusiast,2024-08-17,VIP
CUST09163,C008,26-35,Female,India,Premium,Young Professional,2023-07-27,New
CUST09164,C006,18-25,Female,Japan,Premium,Premium Customer,2024-02-23,Loyal
CUST09165,C005,46-55,Other,Germany,Medium,Budget Buyer,2026-06-25,Loyal
CUST09166,C009,56+,Female,Canada,Medium,Young Professional,2021-05-06,New
CUST09167,C005,46-55,Female,Canada,High,Budget Buyer,2022-03-11,New
CUST09168,C007,18-25,Other,UK,Medium,Value Seeker,2020-07-25,VIP
CUST09169,C006,46-55,Other,UK,Premium,Premium Customer,2024-09-24,Regular
CUST09170,C005,36-45,Other,USA,Premium,Technology Enthusiast,2022-07-28,New
CUST09171,C005,18-25,Other,Singapore,High,Technology Enthusiast,2025-11-11,VIP
CUST09172,C002,46-55,Other,UK,Low,Budget Buyer,2023-05-08,Regular
CUST09173,C007,46-55,Female,South Korea,High,Budget Buyer,2026-01-13,Regular
CUST09174,C003,46-55,Female,South Korea,Low,Young Professional,2025-09-12,Loyal
CUST09175,C005,18-25,Other,Singapore,High,Budget Buyer,2025-04-26,Regular
CUST09176,C010,36-45,Male,India,Premium,Value Seeker,2020-07-31,Regular
CUST09177,C006,46-55,Male,Canada,Medium,Premium Customer,2023-09-03,New
CUST09178,C010,18-25,Other,USA,Medium,Budget Buyer,2022-06-11,Regular
CUST09179,C006,36-45,Male,Japan,Medium,Value Seeker,2026-07-15,Loyal
CUST09180,C002,46-55,Female,Singapore,Medium,Budget Buyer,2021-11-05,VIP
CUST09181,C009,46-55,Female,India,Low,Value Seeker,2023-08-30,Loyal
CUST09182,C005,18-25,Male,USA,Medium,Budget Buyer,2020-10-08,New
CUST09183,C006,26-35,Female,USA,High,Young Professional,2020-05-18,Loyal
CUST09184,C003,46-55,Other,USA,High,Budget Buyer,2025-03-14,New
CUST09185,C005,26-35,Other,South Korea,Premium,Young Professional,2024-01-05,VIP
CUST09186,C009,18-25,Other,India,High,Technology Enthusiast,2025-09-23,Loyal
CUST09187,C003,18-25,Female,USA,High,Young Professional,2024-04-08,VIP
CUST09188,C005,26-35,Female,UK,Low,Budget Buyer,2021-01-19,Regular
CUST09189,C003,18-25,Female,Canada,Premium,Value Seeker,2022-05-05,VIP
CUST09190,C007,18-25,Male,Japan,High,Young Professional,2025-08-27,Loyal
CUST09191,C010,36-45,Male,Singapore,High,Premium Customer,2025-01-05,New
CUST09192,C001,46-55,Male,Canada,High,Value Seeker,2023-11-19,Regular
CUST09193,C010,56+,Male,USA,Premium,Budget Buyer,2020-05-13,VIP
CUST09194,C003,56+,Other,Japan,Premium,Budget Buyer,2022-10-05,Regular
CUST09195,C007,36-45,Male,India,Low,Value Seeker,2021-01-16,VIP
CUST09196,C005,26-35,Male,UK,Low,Technology Enthusiast,2026-05-31,VIP
CUST09197,C010,46-55,Male,India,Premium,Premium Customer,2025-09-30,Loyal
CUST09198,C008,36-45,Female,Japan,Premium,Value Seeker,2021-01-16,Regular
CUST09199,C010,46-55,Female,Canada,Premium,Technology Enthusiast,2023-03-09,New
CUST09200,C005,46-55,Other,Japan,Low,Technology Enthusiast,2023-10-13,Loyal
CUST09201,C002,18-25,Other,Japan,Low,Young Professional,2026-03-05,VIP
CUST09202,C001,26-35,Female,Singapore,Medium,Young Professional,2022-05-31,New
CUST09203,C001,18-25,Female,Germany,Low,Technology Enthusiast,2022-08-11,VIP
CUST09204,C001,26-35,Male,UK,High,Premium Customer,2022-09-05,VIP
CUST09205,C008,56+,Other,Singapore,Premium,Budget Buyer,2024-09-11,VIP
CUST09206,C005,18-25,Other,India,Low,Budget Buyer,2021-01-02,VIP
CUST09207,C003,56+,Other,Singapore,Premium,Value Seeker,2026-04-26,Regular
CUST09208,C005,36-45,Female,USA,High,Premium Customer,2025-11-29,New
CUST09209,C004,26-35,Female,USA,Premium,Budget Buyer,2022-11-23,New
CUST09210,C001,36-45,Female,India,High,Technology Enthusiast,2022-08-13,Regular
CUST09211,C004,56+,Female,Germany,Premium,Young Professional,2023-06-15,VIP
CUST09212,C006,46-55,Male,Singapore,High,Value Seeker,2020-08-29,Regular
CUST09213,C009,26-35,Female,Germany,High,Budget Buyer,2024-06-22,New
CUST09214,C006,36-45,Female,Canada,Low,Premium Customer,2021-07-14,Loyal
CUST09215,C001,36-45,Male,Germany,Low,Young Professional,2024-11-02,Loyal
CUST09216,C001,56+,Female,Japan,Low,Young Professional,2024-07-13,Regular
CUST09217,C007,26-35,Female,UK,High,Premium Customer,2026-04-04,Regular
CUST09218,C010,18-25,Male,UK,Medium,Young Professional,2022-10-11,New
CUST09219,C002,46-55,Male,Japan,High,Value Seeker,2025-04-26,VIP
CUST09220,C008,18-25,Other,South Korea,High,Value Seeker,2022-09-18,New
CUST09221,C002,26-35,Male,UK,Premium,Technology Enthusiast,2023-11-02,Regular
CUST09222,C007,56+,Other,South Korea,Low,Premium Customer,2020-01-30,Regular
CUST09223,C010,36-45,Male,Germany,Low,Budget Buyer,2024-02-28,Regular
CUST09224,C010,46-55,Other,Singapore,Medium,Young Professional,2026-01-14,Loyal
CUST09225,C002,26-35,Male,South Korea,High,Premium Customer,2021-07-30,VIP
CUST09226,C005,26-35,Female,South Korea,Low,Technology Enthusiast,2023-07-04,VIP
CUST09227,C005,26-35,Female,Singapore,Medium,Technology Enthusiast,2021-09-29,Loyal
CUST09228,C002,18-25,Male,USA,Medium,Budget Buyer,2024-11-15,New
CUST09229,C005,26-35,Other,Germany,Low,Young Professional,2022-12-20,Loyal
CUST09230,C005,26-35,Male,South Korea,High,Budget Buyer,2020-08-20,Loyal
CUST09231,C005,36-45,Male,UK,High,Young Professional,2024-11-09,Regular
CUST09232,C003,18-25,Other,UK,Low,Premium Customer,2025-08-07,Loyal
CUST09233,C005,18-25,Female,Singapore,Medium,Technology Enthusiast,2020-11-16,VIP
CUST09234,C009,26-35,Other,Canada,High,Value Seeker,2022-02-13,New
CUST09235,C003,18-25,Other,Singapore,Premium,Budget Buyer,2026-06-01,Loyal
CUST09236,C001,56+,Other,Germany,Premium,Technology Enthusiast,2020-04-22,VIP
CUST09237,C001,46-55,Male,USA,High,Budget Buyer,2020-09-28,Loyal
CUST09238,C008,36-45,Male,India,Low,Young Professional,2023-03-05,Loyal
CUST09239,C004,26-35,Male,UK,Premium,Young Professional,2021-01-04,Regular
CUST09240,C004,46-55,Male,Canada,High,Young Professional,2021-09-29,New
CUST09241,C004,56+,Male,Canada,Premium,Premium Customer,2025-08-24,Loyal
CUST09242,C010,36-45,Male,Germany,Medium,Young Professional,2026-07-22,Regular
CUST09243,C008,36-45,Male,UK,Premium,Premium Customer,2025-05-01,New
CUST09244,C007,56+,Female,Germany,High,Budget Buyer,2023-03-25,Loyal
CUST09245,C006,46-55,Male,Singapore,Low,Young Professional,2023-03-19,Loyal
CUST09246,C004,36-45,Female,Japan,High,Technology Enthusiast,2025-08-23,New
CUST09247,C009,18-25,Male,Canada,Premium,Premium Customer,2026-05-08,Loyal
CUST09248,C005,36-45,Other,Japan,Medium,Technology Enthusiast,2026-06-22,New
CUST09249,C002,26-35,Male,Germany,Medium,Budget Buyer,2020-10-14,Regular
CUST09250,C002,18-25,Other,South Korea,Premium,Value Seeker,2024-10-14,Loyal
CUST09251,C002,46-55,Male,USA,Low,Value Seeker,2026-06-11,Regular
CUST09252,C004,26-35,Female,Japan,Medium,Technology Enthusiast,2021-01-20,New
CUST09253,C001,46-55,Female,South Korea,Low,Budget Buyer,2020-08-14,Loyal
CUST09254,C005,36-45,Male,Canada,Medium,Technology Enthusiast,2025-11-11,New
CUST09255,C001,46-55,Female,Singapore,High,Technology Enthusiast,2026-01-28,New
CUST09256,C006,56+,Male,Singapore,Medium,Value Seeker,2022-05-05,Regular
CUST09257,C004,46-55,Female,Singapore,High,Young Professional,2022-05-13,Loyal
CUST09258,C007,56+,Male,India,High,Young Professional,2024-01-13,Loyal
CUST09259,C001,26-35,Male,Japan,Premium,Technology Enthusiast,2025-03-29,New
CUST09260,C007,56+,Other,India,Premium,Premium Customer,2022-01-26,Regular
CUST09261,C007,36-45,Male,Germany,Medium,Budget Buyer,2021-06-10,VIP
CUST09262,C007,46-55,Male,Japan,Low,Premium Customer,2021-08-22,New
CUST09263,C002,18-25,Male,Canada,Low,Premium Customer,2021-07-08,Loyal
CUST09264,C009,26-35,Male,UK,Premium,Value Seeker,2025-09-27,Loyal
CUST09265,C009,56+,Other,Germany,Low,Premium Customer,2023-08-07,Loyal
CUST09266,C009,56+,Other,South Korea,Medium,Young Professional,2025-04-12,New
CUST09267,C006,56+,Female,South Korea,Premium,Premium Customer,2022-08-11,VIP
CUST09268,C001,46-55,Other,Germany,Premium,Technology Enthusiast,2022-02-10,VIP
CUST09269,C008,56+,Male,Germany,Premium,Premium Customer,2021-08-02,New
CUST09270,C010,56+,Female,Singapore,High,Budget Buyer,2026-06-20,New
CUST09271,C003,36-45,Female,UK,Medium,Value Seeker,2022-03-02,Loyal
CUST09272,C010,18-25,Other,Germany,High,Budget Buyer,2025-03-03,VIP
CUST09273,C003,26-35,Other,Japan,Medium,Premium Customer,2024-03-20,Loyal
CUST09274,C005,36-45,Other,South Korea,Premium,Premium Customer,2020-10-26,Loyal
CUST09275,C006,56+,Female,USA,Medium,Premium Customer,2026-05-24,New
CUST09276,C009,56+,Other,India,Medium,Value Seeker,2026-07-04,New
CUST09277,C008,36-45,Female,USA,Premium,Young Professional,2024-05-16,Loyal
CUST09278,C003,26-35,Other,USA,Medium,Young Professional,2023-10-06,Loyal
CUST09279,C003,18-25,Male,Germany,Low,Technology Enthusiast,2023-08-07,VIP
CUST09280,C004,46-55,Male,UK,Premium,Technology Enthusiast,2025-05-02,VIP
CUST09281,C001,26-35,Male,USA,High,Technology Enthusiast,2022-03-25,Regular
CUST09282,C007,18-25,Male,UK,High,Technology Enthusiast,2022-05-02,VIP
CUST09283,C008,26-35,Other,Singapore,Low,Young Professional,2023-01-16,Regular
CUST09284,C004,26-35,Other,USA,Premium,Young Professional,2024-05-25,New
CUST09285,C007,56+,Female,South Korea,Low,Technology Enthusiast,2020-06-11,New
CUST09286,C007,18-25,Male,USA,Low,Young Professional,2023-11-15,Regular
CUST09287,C010,46-55,Male,India,Premium,Young Professional,2024-07-22,VIP
CUST09288,C009,26-35,Other,Singapore,High,Premium Customer,2024-05-12,New
CUST09289,C001,56+,Other,USA,Medium,Premium Customer,2025-02-09,VIP
CUST09290,C010,56+,Male,South Korea,Premium,Young Professional,2022-11-18,Loyal
CUST09291,C009,56+,Male,Germany,Low,Premium Customer,2026-03-13,Regular
CUST09292,C008,36-45,Other,USA,High,Budget Buyer,2020-05-20,Loyal
CUST09293,C007,26-35,Male,Germany,Medium,Budget Buyer,2021-06-07,VIP
CUST09294,C008,56+,Male,India,Medium,Premium Customer,2022-01-05,Regular
CUST09295,C005,18-25,Other,Canada,Low,Technology Enthusiast,2025-07-05,Loyal
CUST09296,C002,18-25,Female,Canada,High,Young Professional,2022-03-12,Regular
CUST09297,C010,18-25,Male,Japan,Medium,Budget Buyer,2020-05-21,Loyal
CUST09298,C008,56+,Male,UK,Medium,Premium Customer,2020-05-19,Regular
CUST09299,C001,18-25,Female,Germany,Premium,Budget Buyer,2022-04-22,VIP
CUST09300,C005,56+,Female,Singapore,Low,Value Seeker,2021-08-27,Loyal
CUST09301,C008,18-25,Other,UK,Medium,Value Seeker,2026-01-02,New
CUST09302,C007,26-35,Male,UK,High,Premium Customer,2020-04-28,Regular
CUST09303,C002,36-45,Male,UK,Low,Young Professional,2020-12-23,Regular
CUST09304,C001,18-25,Female,India,Medium,Premium Customer,2025-09-15,VIP
CUST09305,C002,46-55,Other,USA,Medium,Technology Enthusiast,2025-03-26,Regular
CUST09306,C004,26-35,Female,Japan,High,Value Seeker,2021-06-24,Regular
CUST09307,C004,46-55,Other,South Korea,Low,Premium Customer,2020-12-15,Regular
CUST09308,C002,26-35,Female,Singapore,High,Premium Customer,2023-01-28,Loyal
CUST09309,C008,46-55,Female,UK,Low,Young Professional,2020-03-29,New
CUST09310,C007,36-45,Male,UK,Low,Young Professional,2022-06-14,Regular
CUST09311,C002,46-55,Other,USA,Low,Young Professional,2020-04-03,New
CUST09312,C001,36-45,Female,Japan,Medium,Budget Buyer,2024-05-15,New
CUST09313,C010,18-25,Other,UK,High,Young Professional,2022-11-09,Loyal
CUST09314,C002,18-25,Other,Canada,Premium,Young Professional,2024-03-17,Regular
CUST09315,C008,56+,Male,Germany,Premium,Technology Enthusiast,2020-01-11,Regular
CUST09316,C003,26-35,Other,Germany,Premium,Premium Customer,2022-07-02,VIP
CUST09317,C001,56+,Female,Germany,High,Value Seeker,2026-03-07,Loyal
CUST09318,C002,18-25,Male,Germany,High,Technology Enthusiast,2025-07-25,New
CUST09319,C003,36-45,Female,Japan,Medium,Young Professional,2021-05-09,Regular
CUST09320,C001,46-55,Male,Germany,Low,Budget Buyer,2025-08-30,VIP
CUST09321,C002,56+,Male,Canada,Low,Budget Buyer,2026-03-26,Regular
CUST09322,C002,46-55,Male,India,Low,Premium Customer,2021-06-18,New
CUST09323,C001,56+,Female,South Korea,High,Premium Customer,2021-07-14,VIP
CUST09324,C008,18-25,Male,Canada,Medium,Budget Buyer,2025-09-25,VIP
CUST09325,C004,36-45,Other,Germany,High,Young Professional,2022-05-31,VIP
CUST09326,C005,18-25,Other,Japan,Premium,Young Professional,2026-06-18,VIP
CUST09327,C002,46-55,Male,Japan,High,Premium Customer,2025-07-04,Loyal
CUST09328,C009,46-55,Female,Germany,Medium,Value Seeker,2026-06-14,Loyal
CUST09329,C007,26-35,Male,USA,High,Technology Enthusiast,2024-05-01,VIP
CUST09330,C001,26-35,Female,Germany,High,Value Seeker,2022-03-17,New
CUST09331,C010,46-55,Male,India,High,Technology Enthusiast,2021-09-05,Regular
CUST09332,C005,18-25,Female,UK,Low,Premium Customer,2020-03-22,Regular
CUST09333,C009,18-25,Male,South Korea,Medium,Value Seeker,2021-03-27,Regular
CUST09334,C005,18-25,Female,UK,High,Technology Enthusiast,2025-05-08,VIP
CUST09335,C008,56+,Male,Germany,Low,Premium Customer,2022-08-16,VIP
CUST09336,C003,18-25,Other,Japan,High,Budget Buyer,2025-10-31,VIP
CUST09337,C004,26-35,Male,India,High,Premium Customer,2023-03-30,Regular
CUST09338,C005,56+,Other,Singapore,Premium,Young Professional,2024-06-03,VIP
CUST09339,C001,36-45,Other,Canada,Medium,Value Seeker,2021-01-16,VIP
CUST09340,C001,36-45,Female,South Korea,Medium,Budget Buyer,2024-02-15,New
CUST09341,C006,46-55,Other,India,Premium,Young Professional,2022-08-17,Regular
CUST09342,C006,56+,Male,India,Low,Technology Enthusiast,2022-10-04,VIP
CUST09343,C008,46-55,Other,USA,Medium,Technology Enthusiast,2024-08-18,Loyal
CUST09344,C005,18-25,Female,Germany,Low,Technology Enthusiast,2020-11-11,New
CUST09345,C003,18-25,Female,Germany,Premium,Premium Customer,2025-07-15,Regular
CUST09346,C001,26-35,Female,UK,High,Young Professional,2024-08-04,VIP
CUST09347,C001,56+,Female,South Korea,High,Young Professional,2026-05-10,New
CUST09348,C008,46-55,Male,Germany,Medium,Young Professional,2020-09-22,Regular
CUST09349,C007,36-45,Female,South Korea,High,Premium Customer,2023-11-23,VIP
CUST09350,C009,18-25,Male,India,Low,Young Professional,2021-05-17,VIP
CUST09351,C006,36-45,Male,India,High,Budget Buyer,2023-07-20,VIP
CUST09352,C005,56+,Male,South Korea,Medium,Premium Customer,2022-03-26,New
CUST09353,C008,56+,Other,Germany,Medium,Young Professional,2024-01-20,Regular
CUST09354,C005,26-35,Other,Canada,High,Technology Enthusiast,2021-11-15,Regular
CUST09355,C004,56+,Other,India,Low,Premium Customer,2021-09-08,New
CUST09356,C001,26-35,Female,USA,Low,Technology Enthusiast,2024-06-12,VIP
CUST09357,C009,56+,Male,Japan,High,Value Seeker,2022-09-21,Loyal
CUST09358,C006,18-25,Male,Canada,Low,Value Seeker,2025-08-06,Loyal
CUST09359,C001,56+,Other,South Korea,Low,Young Professional,2024-02-16,New
CUST09360,C010,18-25,Other,South Korea,Medium,Value Seeker,2022-03-24,Regular
CUST09361,C004,18-25,Other,Japan,Low,Technology Enthusiast,2023-08-31,VIP
CUST09362,C003,26-35,Female,Canada,Low,Young Professional,2022-02-13,Regular
CUST09363,C009,26-35,Male,Germany,Medium,Premium Customer,2026-02-06,VIP
CUST09364,C004,36-45,Other,India,High,Technology Enthusiast,2022-07-30,Regular
CUST09365,C010,56+,Other,Japan,Low,Young Professional,2026-07-27,New
CUST09366,C006,18-25,Female,Japan,Premium,Premium Customer,2023-10-01,Loyal
CUST09367,C007,26-35,Male,South Korea,Medium,Budget Buyer,2023-05-17,New
CUST09368,C007,46-55,Female,South Korea,Low,Young Professional,2022-09-08,VIP
CUST09369,C001,26-35,Other,India,High,Technology Enthusiast,2023-04-18,New
CUST09370,C010,56+,Female,Canada,Premium,Premium Customer,2021-07-31,Regular
CUST09371,C004,46-55,Other,Germany,Low,Young Professional,2025-02-08,VIP
CUST09372,C001,26-35,Male,Germany,Premium,Premium Customer,2021-04-09,New
CUST09373,C005,56+,Male,South Korea,Premium,Budget Buyer,2021-03-20,Loyal
CUST09374,C008,46-55,Male,USA,Low,Technology Enthusiast,2026-07-01,New
CUST09375,C003,18-25,Male,Singapore,Medium,Value Seeker,2025-06-21,Loyal
CUST09376,C006,56+,Female,USA,Low,Value Seeker,2025-06-14,Regular
CUST09377,C003,18-25,Male,Germany,Premium,Technology Enthusiast,2021-07-02,New
CUST09378,C009,46-55,Male,South Korea,Low,Technology Enthusiast,2024-07-16,Loyal
CUST09379,C002,36-45,Female,UK,High,Budget Buyer,2026-07-10,VIP
CUST09380,C009,56+,Other,Canada,High,Value Seeker,2023-10-27,VIP
CUST09381,C010,18-25,Other,India,High,Value Seeker,2025-09-14,Loyal
CUST09382,C001,26-35,Female,South Korea,High,Technology Enthusiast,2024-01-29,Regular
CUST09383,C004,56+,Male,India,Premium,Technology Enthusiast,2020-06-19,Regular
CUST09384,C005,46-55,Female,USA,Medium,Technology Enthusiast,2023-12-21,New
CUST09385,C008,46-55,Female,Canada,High,Value Seeker,2021-11-21,Regular
CUST09386,C010,26-35,Female,USA,Premium,Technology Enthusiast,2024-03-17,New
CUST09387,C003,18-25,Female,UK,Medium,Premium Customer,2025-05-23,Regular
CUST09388,C008,26-35,Female,Germany,Premium,Budget Buyer,2021-10-22,VIP
CUST09389,C002,56+,Male,Germany,Medium,Young Professional,2024-04-06,New
CUST09390,C008,18-25,Male,Japan,Medium,Young Professional,2025-09-07,Loyal
CUST09391,C001,36-45,Female,Germany,High,Young Professional,2022-02-08,Regular
CUST09392,C002,26-35,Other,Japan,Premium,Technology Enthusiast,2021-04-22,VIP
CUST09393,C002,36-45,Female,India,Low,Young Professional,2023-06-23,VIP
CUST09394,C010,46-55,Other,Canada,Medium,Budget Buyer,2026-05-19,Loyal
CUST09395,C003,46-55,Other,USA,Low,Budget Buyer,2021-10-28,VIP
CUST09396,C005,36-45,Female,India,Premium,Young Professional,2024-11-16,Regular
CUST09397,C001,18-25,Male,Singapore,Premium,Young Professional,2022-01-05,Regular
CUST09398,C004,18-25,Female,UK,Low,Young Professional,2021-10-02,Regular
CUST09399,C003,46-55,Male,Canada,Medium,Technology Enthusiast,2023-02-14,Loyal
CUST09400,C009,18-25,Male,Germany,Premium,Premium Customer,2023-07-19,Regular
CUST09401,C005,18-25,Other,Germany,Medium,Budget Buyer,2023-10-09,New
CUST09402,C009,56+,Other,South Korea,High,Value Seeker,2023-07-23,New
CUST09403,C010,26-35,Female,Canada,High,Premium Customer,2022-07-15,Loyal
CUST09404,C004,18-25,Male,USA,Medium,Budget Buyer,2021-02-09,VIP
CUST09405,C007,56+,Male,Japan,Premium,Budget Buyer,2023-10-30,VIP
CUST09406,C009,26-35,Male,UK,Premium,Technology Enthusiast,2024-09-30,VIP
CUST09407,C010,36-45,Other,Germany,Medium,Technology Enthusiast,2022-02-25,Loyal
CUST09408,C009,46-55,Female,UK,Premium,Technology Enthusiast,2020-03-08,New
CUST09409,C002,36-45,Male,USA,Premium,Premium Customer,2025-01-06,Loyal
CUST09410,C005,36-45,Male,Germany,Low,Premium Customer,2025-01-23,New
CUST09411,C006,26-35,Female,Singapore,High,Budget Buyer,2025-02-17,VIP
CUST09412,C009,18-25,Male,India,Low,Value Seeker,2020-01-28,New
CUST09413,C009,56+,Female,India,High,Premium Customer,2021-05-14,VIP
CUST09414,C006,36-45,Female,India,High,Budget Buyer,2023-09-22,Regular
CUST09415,C008,18-25,Other,Germany,Low,Young Professional,2021-10-27,New
CUST09416,C009,56+,Other,Canada,Medium,Technology Enthusiast,2020-03-10,VIP
CUST09417,C001,46-55,Male,India,Premium,Value Seeker,2023-03-13,Loyal
CUST09418,C004,26-35,Male,Japan,Premium,Value Seeker,2021-07-22,Loyal
CUST09419,C004,46-55,Other,UK,High,Value Seeker,2025-06-14,Regular
CUST09420,C009,36-45,Female,South Korea,High,Value Seeker,2021-01-26,Regular
CUST09421,C010,36-45,Female,Japan,High,Value Seeker,2023-12-30,Regular
CUST09422,C006,46-55,Female,Canada,Low,Value Seeker,2020-05-07,New
CUST09423,C008,36-45,Male,UK,Premium,Technology Enthusiast,2023-01-27,Regular
CUST09424,C001,26-35,Male,USA,Medium,Value Seeker,2022-01-30,VIP
CUST09425,C001,26-35,Other,UK,Premium,Budget Buyer,2022-07-29,Regular
CUST09426,C007,18-25,Other,Japan,Medium,Budget Buyer,2020-05-04,VIP
CUST09427,C002,56+,Female,USA,Low,Premium Customer,2020-05-04,VIP
CUST09428,C008,36-45,Male,UK,Medium,Technology Enthusiast,2025-03-07,VIP
CUST09429,C004,46-55,Male,Singapore,High,Value Seeker,2025-06-06,New
CUST09430,C008,36-45,Other,South Korea,Medium,Value Seeker,2026-02-16,New
CUST09431,C005,46-55,Other,USA,Premium,Young Professional,2022-07-04,Regular
CUST09432,C004,18-25,Other,Singapore,Low,Technology Enthusiast,2026-03-20,New
CUST09433,C009,56+,Other,USA,Premium,Young Professional,2020-08-07,Loyal
CUST09434,C006,46-55,Female,Germany,Premium,Budget Buyer,2021-06-20,New
CUST09435,C005,18-25,Male,Germany,Medium,Premium Customer,2021-03-30,Regular
CUST09436,C009,36-45,Male,USA,Premium,Technology Enthusiast,2024-03-29,Regular
CUST09437,C008,18-25,Male,Germany,Low,Value Seeker,2025-04-15,VIP
CUST09438,C005,18-25,Male,Singapore,High,Premium Customer,2026-07-11,New
CUST09439,C007,56+,Other,South Korea,Medium,Technology Enthusiast,2025-12-01,Regular
CUST09440,C002,18-25,Male,USA,High,Young Professional,2020-05-03,Loyal
CUST09441,C001,46-55,Female,Canada,Premium,Budget Buyer,2024-03-15,Regular
CUST09442,C009,46-55,Male,South Korea,High,Premium Customer,2020-12-17,Loyal
CUST09443,C010,46-55,Other,UK,Medium,Value Seeker,2020-04-01,Loyal
CUST09444,C004,46-55,Male,Singapore,Medium,Value Seeker,2022-08-19,New
CUST09445,C006,46-55,Male,India,Premium,Value Seeker,2024-12-26,VIP
CUST09446,C007,18-25,Other,Japan,High,Value Seeker,2022-09-20,New
CUST09447,C009,26-35,Female,Germany,High,Premium Customer,2024-11-18,Regular
CUST09448,C010,56+,Female,Canada,Medium,Value Seeker,2022-12-16,Loyal
CUST09449,C004,56+,Male,Germany,High,Value Seeker,2023-04-11,VIP
CUST09450,C010,46-55,Male,Canada,High,Young Professional,2021-10-02,Regular
CUST09451,C001,18-25,Male,Japan,High,Young Professional,2022-10-25,VIP
CUST09452,C001,56+,Male,South Korea,Premium,Value Seeker,2020-10-14,VIP
CUST09453,C008,46-55,Female,India,Premium,Value Seeker,2023-07-22,Loyal
CUST09454,C006,18-25,Male,South Korea,Low,Premium Customer,2025-02-24,New
CUST09455,C007,36-45,Male,UK,Premium,Young Professional,2023-12-11,VIP
CUST09456,C003,26-35,Male,Canada,Premium,Young Professional,2021-06-30,Regular
CUST09457,C001,18-25,Female,Singapore,High,Premium Customer,2021-09-13,VIP
CUST09458,C007,36-45,Other,USA,Medium,Young Professional,2025-02-07,Regular
CUST09459,C005,46-55,Female,Singapore,Medium,Value Seeker,2023-01-15,VIP
CUST09460,C010,46-55,Other,Germany,Premium,Technology Enthusiast,2024-04-25,VIP
CUST09461,C002,18-25,Female,Japan,Premium,Premium Customer,2022-01-14,VIP
CUST09462,C008,18-25,Female,Japan,Low,Premium Customer,2022-10-31,Regular
CUST09463,C006,56+,Other,USA,Low,Young Professional,2020-12-14,Loyal
CUST09464,C007,26-35,Other,UK,Premium,Technology Enthusiast,2023-11-07,New
CUST09465,C004,26-35,Female,India,High,Premium Customer,2024-07-17,VIP
CUST09466,C008,26-35,Other,Germany,High,Budget Buyer,2022-06-15,Regular
CUST09467,C008,46-55,Other,UK,Premium,Value Seeker,2026-04-14,New
CUST09468,C005,26-35,Female,India,Medium,Technology Enthusiast,2021-01-02,VIP
CUST09469,C009,18-25,Female,USA,Medium,Budget Buyer,2023-07-07,New
CUST09470,C002,18-25,Female,South Korea,Premium,Value Seeker,2026-07-11,VIP
CUST09471,C009,26-35,Other,Germany,Premium,Young Professional,2023-07-31,VIP
CUST09472,C007,18-25,Female,Japan,High,Technology Enthusiast,2021-05-14,VIP
CUST09473,C004,36-45,Male,India,Low,Budget Buyer,2025-09-08,New
CUST09474,C006,18-25,Male,Canada,Low,Premium Customer,2021-08-01,VIP
CUST09475,C007,56+,Female,USA,Premium,Premium Customer,2025-05-27,Loyal
CUST09476,C006,26-35,Other,Germany,Premium,Value Seeker,2022-04-05,Regular
CUST09477,C002,46-55,Other,Canada,Premium,Premium Customer,2020-07-06,New
CUST09478,C004,18-25,Female,South Korea,Premium,Value Seeker,2020-12-19,Loyal
CUST09479,C004,56+,Female,Canada,Low,Young Professional,2022-08-23,Loyal
CUST09480,C002,46-55,Female,South Korea,Low,Value Seeker,2021-11-05,VIP
CUST09481,C003,56+,Other,Germany,High,Value Seeker,2020-08-21,Loyal
CUST09482,C002,18-25,Other,South Korea,High,Young Professional,2021-09-24,Loyal
CUST09483,C007,18-25,Male,Canada,Premium,Young Professional,2025-08-04,VIP
CUST09484,C001,26-35,Other,India,Premium,Budget Buyer,2021-02-10,Regular
CUST09485,C005,18-25,Female,Germany,Premium,Budget Buyer,2021-02-12,New
CUST09486,C002,56+,Male,India,Low,Young Professional,2020-02-06,Regular
CUST09487,C006,46-55,Other,India,Low,Young Professional,2021-07-19,VIP
CUST09488,C001,56+,Female,Germany,High,Budget Buyer,2025-09-15,VIP
CUST09489,C003,36-45,Male,Canada,High,Premium Customer,2026-02-08,Loyal
CUST09490,C007,36-45,Female,UK,Medium,Value Seeker,2020-04-28,New
CUST09491,C009,56+,Female,South Korea,Premium,Technology Enthusiast,2022-03-21,Loyal
CUST09492,C004,56+,Male,Germany,High,Premium Customer,2025-12-06,Regular
CUST09493,C005,56+,Female,USA,Premium,Technology Enthusiast,2021-04-06,VIP
CUST09494,C004,56+,Other,UK,Premium,Technology Enthusiast,2021-02-10,VIP
CUST09495,C010,36-45,Female,South Korea,Premium,Premium Customer,2026-04-09,Regular
CUST09496,C008,46-55,Other,India,High,Technology Enthusiast,2024-01-24,VIP
CUST09497,C007,26-35,Male,Singapore,Medium,Young Professional,2023-11-29,VIP
CUST09498,C009,36-45,Other,India,Low,Budget Buyer,2024-03-30,Loyal
CUST09499,C002,56+,Female,UK,Premium,Young Professional,2021-01-15,New
CUST09500,C001,26-35,Male,Japan,Medium,Young Professional,2021-10-04,Loyal
CUST09501,C008,56+,Male,Germany,High,Value Seeker,2026-03-14,VIP
CUST09502,C003,26-35,Other,UK,Premium,Premium Customer,2025-01-07,New
CUST09503,C007,18-25,Female,UK,High,Budget Buyer,2025-02-10,New
CUST09504,C008,46-55,Male,USA,Low,Technology Enthusiast,2021-11-18,Loyal
CUST09505,C007,46-55,Other,Germany,Medium,Value Seeker,2020-09-03,Regular
CUST09506,C004,46-55,Other,Germany,Premium,Young Professional,2024-11-01,Loyal
CUST09507,C001,56+,Other,South Korea,Medium,Budget Buyer,2020-12-01,New
CUST09508,C002,18-25,Other,UK,Premium,Value Seeker,2021-11-27,Regular
CUST09509,C002,26-35,Male,South Korea,High,Budget Buyer,2024-06-03,Regular
CUST09510,C009,26-35,Other,South Korea,Medium,Value Seeker,2026-05-18,Loyal
CUST09511,C001,56+,Female,Germany,High,Young Professional,2023-10-06,VIP
CUST09512,C010,26-35,Male,Singapore,Premium,Value Seeker,2022-01-28,Loyal
CUST09513,C003,56+,Other,Singapore,Premium,Value Seeker,2026-07-09,New
CUST09514,C008,26-35,Other,Singapore,Premium,Value Seeker,2023-02-09,Regular
CUST09515,C009,26-35,Male,India,Low,Value Seeker,2020-12-10,Regular
CUST09516,C008,46-55,Male,Germany,Low,Young Professional,2020-08-13,New
CUST09517,C008,26-35,Female,USA,Medium,Value Seeker,2022-10-01,Regular
CUST09518,C004,18-25,Other,Canada,High,Young Professional,2026-02-20,VIP
CUST09519,C006,36-45,Male,Germany,High,Technology Enthusiast,2020-11-28,VIP
CUST09520,C003,18-25,Female,South Korea,Low,Value Seeker,2023-11-26,Regular
CUST09521,C003,46-55,Other,India,Low,Value Seeker,2022-06-20,New
CUST09522,C004,46-55,Female,Canada,Medium,Technology Enthusiast,2023-06-19,New
CUST09523,C002,26-35,Male,Japan,Medium,Value Seeker,2023-09-09,Regular
CUST09524,C007,18-25,Other,India,Low,Value Seeker,2024-01-17,New
CUST09525,C009,56+,Other,Germany,Premium,Young Professional,2023-06-16,Loyal
CUST09526,C010,26-35,Other,India,Low,Premium Customer,2020-09-12,VIP
CUST09527,C010,26-35,Female,Singapore,Low,Premium Customer,2020-10-05,New
CUST09528,C007,46-55,Male,UK,Low,Premium Customer,2023-11-21,Loyal
CUST09529,C008,46-55,Female,UK,Medium,Young Professional,2021-07-22,New
CUST09530,C007,56+,Other,South Korea,Premium,Value Seeker,2026-01-18,VIP
CUST09531,C006,56+,Female,Singapore,Premium,Budget Buyer,2022-03-23,VIP
CUST09532,C004,26-35,Male,India,Medium,Budget Buyer,2023-05-11,VIP
CUST09533,C010,26-35,Male,South Korea,High,Value Seeker,2025-08-30,Loyal
CUST09534,C003,36-45,Female,Singapore,Low,Premium Customer,2020-04-29,Regular
CUST09535,C006,46-55,Female,Japan,Premium,Young Professional,2021-12-04,Regular
CUST09536,C010,18-25,Female,Germany,Low,Value Seeker,2026-01-17,VIP
CUST09537,C002,18-25,Female,Singapore,Low,Young Professional,2020-02-06,New
CUST09538,C001,18-25,Other,Japan,Low,Budget Buyer,2020-04-04,VIP
CUST09539,C003,36-45,Female,UK,Premium,Budget Buyer,2024-06-07,VIP
CUST09540,C008,26-35,Male,Japan,Medium,Young Professional,2023-12-08,Loyal
CUST09541,C002,46-55,Other,UK,Medium,Technology Enthusiast,2024-02-21,VIP
CUST09542,C005,36-45,Female,Canada,Medium,Young Professional,2022-01-28,New
CUST09543,C010,36-45,Other,South Korea,High,Premium Customer,2026-07-08,Loyal
CUST09544,C002,56+,Female,Singapore,High,Premium Customer,2026-06-10,Regular
CUST09545,C002,18-25,Male,UK,High,Technology Enthusiast,2024-06-09,VIP
CUST09546,C009,18-25,Other,South Korea,Medium,Premium Customer,2023-05-25,Regular
CUST09547,C006,56+,Other,UK,Low,Technology Enthusiast,2021-07-01,Regular
CUST09548,C004,36-45,Male,India,Medium,Young Professional,2021-02-02,Regular
CUST09549,C001,26-35,Other,India,High,Value Seeker,2020-02-17,VIP
CUST09550,C010,18-25,Other,South Korea,Medium,Young Professional,2026-02-19,Regular
CUST09551,C005,46-55,Other,India,Premium,Technology Enthusiast,2024-03-24,Loyal
CUST09552,C001,18-25,Female,USA,Medium,Budget Buyer,2024-11-18,Regular
CUST09553,C002,56+,Other,USA,Premium,Value Seeker,2025-02-24,VIP
CUST09554,C007,56+,Other,South Korea,High,Value Seeker,2024-07-06,Regular
CUST09555,C004,56+,Female,Canada,High,Premium Customer,2022-07-21,New
CUST09556,C002,56+,Other,Japan,High,Technology Enthusiast,2025-03-01,Loyal
CUST09557,C008,18-25,Female,India,High,Technology Enthusiast,2020-10-02,Loyal
CUST09558,C005,36-45,Male,Singapore,Low,Young Professional,2020-10-18,Loyal
CUST09559,C002,26-35,Male,Germany,Medium,Budget Buyer,2026-01-27,New
CUST09560,C007,18-25,Female,USA,High,Premium Customer,2025-04-22,New
CUST09561,C001,46-55,Male,Singapore,Low,Premium Customer,2020-08-27,VIP
CUST09562,C009,18-25,Female,Canada,Low,Premium Customer,2023-12-11,Loyal
CUST09563,C001,36-45,Other,Canada,High,Young Professional,2020-07-29,New
CUST09564,C003,26-35,Female,UK,High,Value Seeker,2025-08-20,New
CUST09565,C002,46-55,Female,South Korea,Medium,Young Professional,2024-09-27,Regular
CUST09566,C003,56+,Female,South Korea,High,Technology Enthusiast,2023-07-16,Loyal
CUST09567,C010,26-35,Male,South Korea,High,Technology Enthusiast,2021-03-20,Regular
CUST09568,C004,36-45,Other,UK,Medium,Technology Enthusiast,2022-11-13,New
CUST09569,C009,18-25,Female,Canada,Premium,Premium Customer,2025-06-24,Loyal
CUST09570,C007,56+,Other,UK,Medium,Young Professional,2026-04-20,VIP
CUST09571,C007,18-25,Female,UK,High,Premium Customer,2025-10-27,VIP
CUST09572,C006,26-35,Male,Japan,High,Premium Customer,2020-10-25,Regular
CUST09573,C007,46-55,Male,USA,Medium,Premium Customer,2025-08-04,New
CUST09574,C007,56+,Female,Canada,High,Premium Customer,2021-08-27,Regular
CUST09575,C008,36-45,Female,Japan,Premium,Premium Customer,2021-07-07,VIP
CUST09576,C006,18-25,Other,Canada,Medium,Value Seeker,2020-10-02,Regular
CUST09577,C007,56+,Other,Singapore,Low,Budget Buyer,2022-05-08,Loyal
CUST09578,C005,18-25,Female,South Korea,Premium,Budget Buyer,2025-07-10,Loyal
CUST09579,C005,56+,Female,Singapore,Low,Young Professional,2023-09-06,New
CUST09580,C010,46-55,Female,USA,High,Budget Buyer,2025-02-03,Regular
CUST09581,C007,18-25,Female,Germany,High,Value Seeker,2022-10-29,Regular
CUST09582,C003,46-55,Female,South Korea,Medium,Budget Buyer,2021-07-06,Loyal
CUST09583,C008,18-25,Other,Singapore,High,Young Professional,2022-01-09,Regular
CUST09584,C003,18-25,Female,USA,Premium,Young Professional,2024-11-18,Regular
CUST09585,C010,36-45,Other,UK,Medium,Premium Customer,2023-02-12,New
CUST09586,C009,36-45,Female,Canada,Premium,Budget Buyer,2020-02-14,New
CUST09587,C007,56+,Female,Germany,Low,Value Seeker,2026-04-07,VIP
CUST09588,C003,36-45,Other,Singapore,Medium,Value Seeker,2020-04-11,VIP
CUST09589,C005,56+,Female,Singapore,Medium,Technology Enthusiast,2020-07-15,Regular
CUST09590,C008,26-35,Other,UK,Premium,Value Seeker,2020-12-14,New
CUST09591,C001,46-55,Other,South Korea,Medium,Young Professional,2026-05-16,Loyal
CUST09592,C001,46-55,Other,Canada,Low,Premium Customer,2024-12-07,Regular
CUST09593,C001,26-35,Male,USA,Medium,Premium Customer,2023-02-16,VIP
CUST09594,C004,46-55,Female,Canada,Medium,Premium Customer,2021-04-08,Loyal
CUST09595,C004,56+,Other,South Korea,Medium,Young Professional,2025-05-12,Regular
CUST09596,C008,56+,Male,Canada,Low,Premium Customer,2023-12-01,Loyal
CUST09597,C001,56+,Male,Japan,Medium,Budget Buyer,2023-09-19,VIP
CUST09598,C005,18-25,Female,Canada,Premium,Young Professional,2024-12-12,Regular
CUST09599,C005,46-55,Other,Germany,Medium,Technology Enthusiast,2020-05-27,Loyal
CUST09600,C006,56+,Other,Germany,Medium,Value Seeker,2024-03-20,New
CUST09601,C008,18-25,Other,UK,Medium,Technology Enthusiast,2020-12-22,New
CUST09602,C010,18-25,Male,Germany,High,Technology Enthusiast,2023-01-02,VIP
CUST09603,C008,56+,Male,Germany,Premium,Premium Customer,2024-01-09,Regular
CUST09604,C006,56+,Female,Japan,High,Technology Enthusiast,2025-10-06,New
CUST09605,C009,46-55,Other,USA,Medium,Technology Enthusiast,2024-08-06,Regular
CUST09606,C004,18-25,Other,Singapore,Premium,Premium Customer,2021-03-04,Loyal
CUST09607,C008,56+,Other,Germany,Medium,Young Professional,2023-07-15,VIP
CUST09608,C007,56+,Other,UK,Medium,Value Seeker,2022-10-05,VIP
CUST09609,C001,56+,Female,South Korea,Premium,Premium Customer,2024-06-22,Regular
CUST09610,C001,36-45,Male,Japan,Low,Premium Customer,2025-12-21,VIP
CUST09611,C001,26-35,Female,USA,Low,Young Professional,2021-07-27,VIP
CUST09612,C004,26-35,Male,India,Low,Young Professional,2024-05-04,Loyal
CUST09613,C007,26-35,Male,Canada,Low,Value Seeker,2020-10-18,Regular
CUST09614,C009,46-55,Male,USA,High,Budget Buyer,2024-08-25,Loyal
CUST09615,C010,46-55,Other,Japan,Low,Budget Buyer,2021-09-02,Loyal
CUST09616,C009,26-35,Male,UK,Medium,Budget Buyer,2020-08-15,Loyal
CUST09617,C003,56+,Male,Singapore,Low,Value Seeker,2021-02-19,Loyal
CUST09618,C010,18-25,Male,Canada,Medium,Young Professional,2021-09-24,VIP
CUST09619,C004,56+,Other,India,Premium,Young Professional,2020-02-19,VIP
CUST09620,C003,26-35,Other,India,Low,Premium Customer,2025-05-31,Loyal
CUST09621,C009,36-45,Female,Germany,Medium,Young Professional,2023-06-10,Loyal
CUST09622,C005,36-45,Male,Singapore,Low,Premium Customer,2020-01-29,Loyal
CUST09623,C007,18-25,Female,Canada,Low,Technology Enthusiast,2025-09-05,Loyal
CUST09624,C003,46-55,Other,South Korea,Medium,Technology Enthusiast,2021-01-30,VIP
CUST09625,C003,56+,Male,Germany,High,Premium Customer,2021-09-02,VIP
CUST09626,C002,36-45,Female,Singapore,Low,Premium Customer,2026-01-18,Regular
CUST09627,C003,36-45,Male,India,Premium,Premium Customer,2025-01-27,VIP
CUST09628,C008,18-25,Male,USA,High,Premium Customer,2022-10-29,VIP
CUST09629,C007,56+,Other,Japan,Medium,Young Professional,2026-07-27,VIP
CUST09630,C001,18-25,Male,Canada,Low,Technology Enthusiast,2024-12-22,Loyal
CUST09631,C008,36-45,Other,UK,Low,Young Professional,2024-04-16,VIP
CUST09632,C003,36-45,Female,USA,Low,Value Seeker,2022-01-25,New
CUST09633,C005,46-55,Male,India,High,Young Professional,2022-09-07,Regular
CUST09634,C007,56+,Female,India,Low,Premium Customer,2020-09-02,Loyal
CUST09635,C001,56+,Female,Japan,Medium,Value Seeker,2025-02-25,New
CUST09636,C008,18-25,Female,Singapore,Premium,Premium Customer,2025-09-05,Loyal
CUST09637,C009,56+,Other,Germany,Low,Budget Buyer,2020-10-14,VIP
CUST09638,C004,56+,Female,UK,Premium,Value Seeker,2024-10-30,Regular
CUST09639,C007,56+,Other,USA,Medium,Young Professional,2020-12-01,Loyal
CUST09640,C010,36-45,Female,UK,Premium,Value Seeker,2024-11-18,VIP
CUST09641,C009,56+,Female,USA,High,Premium Customer,2021-04-05,VIP
CUST09642,C003,56+,Male,UK,Premium,Premium Customer,2022-08-29,New
CUST09643,C010,46-55,Male,Singapore,Premium,Premium Customer,2023-03-31,New
CUST09644,C007,18-25,Other,USA,High,Premium Customer,2023-02-14,New
CUST09645,C005,56+,Male,UK,Medium,Premium Customer,2026-06-17,Regular
CUST09646,C003,56+,Male,UK,Premium,Technology Enthusiast,2021-08-25,New
CUST09647,C002,36-45,Female,UK,Low,Technology Enthusiast,2022-05-20,VIP
CUST09648,C008,56+,Other,Singapore,Premium,Premium Customer,2022-09-28,Loyal
CUST09649,C002,36-45,Male,South Korea,Premium,Premium Customer,2024-10-31,New
CUST09650,C004,46-55,Female,USA,High,Value Seeker,2021-12-09,Regular
CUST09651,C010,36-45,Male,Japan,Medium,Budget Buyer,2024-12-17,Regular
CUST09652,C004,18-25,Male,Canada,Premium,Premium Customer,2024-03-19,New
CUST09653,C006,18-25,Other,UK,Premium,Budget Buyer,2020-11-06,Regular
CUST09654,C003,36-45,Other,USA,Medium,Premium Customer,2021-11-26,New
CUST09655,C005,46-55,Female,Japan,High,Premium Customer,2022-03-10,VIP
CUST09656,C007,56+,Female,India,Low,Technology Enthusiast,2022-10-09,Regular
CUST09657,C008,56+,Female,UK,Premium,Premium Customer,2023-09-20,Loyal
CUST09658,C010,46-55,Other,UK,Medium,Premium Customer,2023-05-27,New
CUST09659,C002,36-45,Other,Singapore,Premium,Young Professional,2021-09-09,Loyal
CUST09660,C008,26-35,Male,South Korea,Low,Budget Buyer,2024-04-17,Regular
CUST09661,C006,46-55,Male,South Korea,Low,Premium Customer,2021-04-29,Loyal
CUST09662,C001,18-25,Female,India,Medium,Premium Customer,2025-12-03,VIP
CUST09663,C002,36-45,Male,Canada,Medium,Technology Enthusiast,2022-06-07,New
CUST09664,C007,36-45,Female,Germany,High,Young Professional,2026-07-04,Loyal
CUST09665,C005,46-55,Male,Canada,High,Premium Customer,2021-10-26,Loyal
CUST09666,C004,46-55,Other,UK,Low,Budget Buyer,2026-03-21,Loyal
CUST09667,C009,56+,Male,Germany,Premium,Technology Enthusiast,2021-08-29,Regular
CUST09668,C006,56+,Female,Singapore,High,Budget Buyer,2026-06-03,VIP
CUST09669,C007,18-25,Male,Singapore,High,Young Professional,2020-04-14,VIP
CUST09670,C006,18-25,Female,India,Medium,Young Professional,2021-01-22,Loyal
CUST09671,C006,18-25,Other,India,Low,Premium Customer,2026-03-13,VIP
CUST09672,C001,46-55,Other,South Korea,Premium,Value Seeker,2023-12-27,New
CUST09673,C004,18-25,Male,Canada,Medium,Technology Enthusiast,2024-11-22,New
CUST09674,C001,26-35,Other,Germany,Premium,Technology Enthusiast,2024-10-07,Regular
CUST09675,C004,56+,Other,USA,Low,Technology Enthusiast,2024-09-24,VIP
CUST09676,C009,26-35,Male,USA,Premium,Value Seeker,2025-01-29,New
CUST09677,C010,46-55,Female,USA,Premium,Technology Enthusiast,2021-03-27,New
CUST09678,C001,46-55,Male,USA,High,Value Seeker,2023-01-10,Loyal
CUST09679,C008,18-25,Other,Germany,High,Technology Enthusiast,2020-05-10,VIP
CUST09680,C002,18-25,Male,India,Low,Young Professional,2025-06-08,Loyal
CUST09681,C006,18-25,Other,South Korea,Low,Budget Buyer,2020-02-28,Loyal
CUST09682,C003,26-35,Male,UK,High,Young Professional,2022-12-15,Loyal
CUST09683,C004,36-45,Other,UK,Medium,Value Seeker,2022-03-17,New
CUST09684,C003,26-35,Male,UK,High,Technology Enthusiast,2023-05-23,Regular
CUST09685,C004,26-35,Female,USA,Medium,Value Seeker,2020-03-08,Regular
CUST09686,C008,56+,Male,Canada,Premium,Young Professional,2024-09-26,Loyal
CUST09687,C008,18-25,Other,USA,Low,Budget Buyer,2022-07-30,VIP
CUST09688,C009,56+,Female,Singapore,Premium,Premium Customer,2020-02-24,Loyal
CUST09689,C006,26-35,Female,Germany,Medium,Young Professional,2022-04-24,VIP
CUST09690,C009,26-35,Female,India,Low,Budget Buyer,2023-05-02,New
CUST09691,C004,46-55,Male,Germany,Premium,Value Seeker,2022-03-21,VIP
CUST09692,C006,46-55,Male,Japan,Low,Value Seeker,2020-04-08,Regular
CUST09693,C006,18-25,Female,Germany,Premium,Technology Enthusiast,2021-02-03,Loyal
CUST09694,C006,26-35,Female,UK,High,Value Seeker,2025-01-21,New
CUST09695,C004,26-35,Female,India,Medium,Premium Customer,2022-12-31,Regular
CUST09696,C003,46-55,Other,UK,Premium,Value Seeker,2021-06-09,VIP
CUST09697,C001,26-35,Other,Canada,Low,Budget Buyer,2021-06-16,VIP
CUST09698,C006,18-25,Male,UK,Medium,Technology Enthusiast,2020-11-28,Loyal
CUST09699,C001,56+,Female,Japan,Premium,Premium Customer,2026-06-12,Loyal
CUST09700,C007,36-45,Other,USA,Premium,Budget Buyer,2023-01-29,Regular
CUST09701,C001,26-35,Other,UK,High,Young Professional,2022-06-29,Regular
CUST09702,C003,26-35,Other,Canada,Medium,Value Seeker,2021-03-15,Regular
CUST09703,C002,26-35,Male,India,Low,Young Professional,2022-09-21,Regular
CUST09704,C010,46-55,Male,Germany,Low,Value Seeker,2023-09-17,Regular
CUST09705,C001,36-45,Other,South Korea,Medium,Budget Buyer,2026-07-09,Regular
CUST09706,C001,36-45,Male,India,Low,Value Seeker,2025-01-29,Loyal
CUST09707,C006,56+,Male,USA,Premium,Budget Buyer,2024-05-28,VIP
CUST09708,C003,18-25,Female,Germany,Premium,Young Professional,2022-07-01,Loyal
CUST09709,C004,26-35,Male,Japan,Medium,Young Professional,2025-07-14,VIP
CUST09710,C003,46-55,Male,India,Low,Technology Enthusiast,2025-06-21,VIP
CUST09711,C007,26-35,Female,UK,Premium,Value Seeker,2022-07-28,VIP
CUST09712,C007,36-45,Other,USA,Medium,Technology Enthusiast,2025-06-12,New
CUST09713,C005,18-25,Male,South Korea,High,Premium Customer,2021-08-22,Loyal
CUST09714,C002,26-35,Male,Canada,Low,Budget Buyer,2023-06-20,Regular
CUST09715,C010,56+,Female,Canada,Medium,Technology Enthusiast,2025-12-03,Loyal
CUST09716,C004,46-55,Male,Canada,Medium,Technology Enthusiast,2022-04-07,Loyal
CUST09717,C001,56+,Other,Japan,Premium,Value Seeker,2026-01-07,New
CUST09718,C003,36-45,Male,USA,Medium,Budget Buyer,2026-02-10,New
CUST09719,C005,46-55,Female,Japan,Low,Young Professional,2021-01-06,Loyal
CUST09720,C010,36-45,Other,South Korea,Low,Value Seeker,2024-07-18,Regular
CUST09721,C002,46-55,Male,Germany,High,Budget Buyer,2025-10-21,Loyal
CUST09722,C003,36-45,Other,Canada,Low,Value Seeker,2022-08-07,New
CUST09723,C007,56+,Other,India,Premium,Technology Enthusiast,2026-06-14,New
CUST09724,C004,46-55,Male,Singapore,Medium,Value Seeker,2023-11-03,Loyal
CUST09725,C005,26-35,Female,Japan,High,Premium Customer,2024-11-07,New
CUST09726,C006,46-55,Male,Germany,High,Young Professional,2025-07-04,New
CUST09727,C008,46-55,Female,Canada,Premium,Technology Enthusiast,2021-06-25,Regular
CUST09728,C008,36-45,Other,Canada,High,Premium Customer,2020-06-24,New
CUST09729,C008,36-45,Male,Singapore,Low,Premium Customer,2022-07-05,Loyal
CUST09730,C005,18-25,Female,South Korea,High,Budget Buyer,2025-08-03,New
CUST09731,C003,18-25,Male,South Korea,Low,Budget Buyer,2024-04-28,VIP
CUST09732,C002,18-25,Female,Canada,Low,Value Seeker,2021-03-16,Regular
CUST09733,C003,56+,Female,India,Low,Technology Enthusiast,2024-01-01,New
CUST09734,C005,36-45,Other,Canada,Premium,Young Professional,2025-11-20,Loyal
CUST09735,C002,26-35,Female,UK,Medium,Technology Enthusiast,2020-10-05,VIP
CUST09736,C001,56+,Male,Germany,Medium,Budget Buyer,2024-10-04,VIP
CUST09737,C003,26-35,Other,USA,Premium,Premium Customer,2023-07-05,VIP
CUST09738,C009,26-35,Other,Singapore,Premium,Young Professional,2021-08-10,VIP
CUST09739,C008,36-45,Other,Canada,Premium,Value Seeker,2024-08-14,VIP
CUST09740,C009,56+,Female,Japan,Premium,Budget Buyer,2025-04-18,New
CUST09741,C009,26-35,Female,USA,Premium,Budget Buyer,2025-05-25,VIP
CUST09742,C004,46-55,Other,South Korea,High,Premium Customer,2022-06-10,Regular
CUST09743,C007,26-35,Male,Singapore,Low,Value Seeker,2024-12-18,VIP
CUST09744,C002,56+,Male,Singapore,High,Budget Buyer,2023-10-11,VIP
CUST09745,C007,18-25,Other,UK,Medium,Budget Buyer,2021-06-30,VIP
CUST09746,C005,56+,Female,UK,High,Budget Buyer,2023-08-11,Regular
CUST09747,C003,36-45,Other,USA,Medium,Value Seeker,2023-02-19,New
CUST09748,C005,36-45,Male,USA,High,Technology Enthusiast,2020-12-09,Regular
CUST09749,C006,36-45,Other,USA,High,Value Seeker,2022-11-11,Loyal
CUST09750,C004,26-35,Female,India,Low,Technology Enthusiast,2026-01-28,VIP
CUST09751,C010,18-25,Female,USA,Low,Value Seeker,2021-06-03,Loyal
CUST09752,C002,56+,Female,UK,Medium,Young Professional,2024-01-13,Loyal
CUST09753,C003,26-35,Female,UK,Premium,Budget Buyer,2025-10-19,VIP
CUST09754,C001,46-55,Other,USA,High,Technology Enthusiast,2025-01-01,VIP
CUST09755,C007,26-35,Male,Singapore,Low,Premium Customer,2023-04-08,New
CUST09756,C004,36-45,Male,UK,Medium,Young Professional,2021-06-23,New
CUST09757,C008,56+,Other,UK,Low,Budget Buyer,2025-02-15,VIP
CUST09758,C001,36-45,Male,Canada,High,Technology Enthusiast,2020-05-27,VIP
CUST09759,C001,18-25,Male,South Korea,Low,Premium Customer,2020-04-08,Regular
CUST09760,C001,56+,Female,India,Medium,Premium Customer,2026-04-25,New
CUST09761,C010,26-35,Male,Japan,Medium,Budget Buyer,2023-01-15,New
CUST09762,C010,18-25,Female,Singapore,Medium,Young Professional,2025-06-29,VIP
CUST09763,C002,46-55,Male,Singapore,Premium,Young Professional,2024-02-16,VIP
CUST09764,C006,36-45,Female,Singapore,Premium,Budget Buyer,2020-03-13,VIP
CUST09765,C003,36-45,Male,Singapore,Premium,Young Professional,2025-10-21,Regular
CUST09766,C009,56+,Female,USA,Low,Value Seeker,2020-10-02,VIP
CUST09767,C004,36-45,Male,USA,Medium,Value Seeker,2023-12-07,New
CUST09768,C002,46-55,Other,India,Premium,Young Professional,2021-08-02,Loyal
CUST09769,C005,56+,Male,India,High,Technology Enthusiast,2025-05-20,VIP
CUST09770,C010,18-25,Male,India,Medium,Value Seeker,2021-01-01,VIP
CUST09771,C010,46-55,Male,Japan,Low,Value Seeker,2021-04-18,VIP
CUST09772,C007,18-25,Female,Canada,High,Budget Buyer,2024-12-03,Regular
CUST09773,C001,46-55,Female,Singapore,Low,Young Professional,2023-08-04,New
CUST09774,C007,26-35,Female,India,Low,Young Professional,2026-07-27,Loyal
CUST09775,C003,46-55,Male,Japan,Premium,Young Professional,2026-04-04,New
CUST09776,C009,36-45,Male,South Korea,High,Young Professional,2025-08-24,Loyal
CUST09777,C005,26-35,Other,UK,High,Technology Enthusiast,2020-11-02,Regular
CUST09778,C004,36-45,Male,Singapore,Medium,Premium Customer,2023-12-10,Regular
CUST09779,C004,18-25,Female,USA,Premium,Premium Customer,2026-01-01,New
CUST09780,C005,56+,Other,USA,Low,Budget Buyer,2022-05-05,VIP
CUST09781,C004,18-25,Female,Japan,Low,Premium Customer,2021-03-16,VIP
CUST09782,C002,18-25,Other,Canada,Premium,Technology Enthusiast,2022-11-11,VIP
CUST09783,C002,56+,Male,South Korea,Medium,Value Seeker,2024-11-11,Regular
CUST09784,C002,56+,Male,India,Low,Technology Enthusiast,2020-08-21,New
CUST09785,C002,56+,Other,UK,Low,Premium Customer,2023-02-16,Loyal
CUST09786,C001,56+,Other,Canada,Premium,Technology Enthusiast,2026-06-08,Regular
CUST09787,C010,26-35,Other,Singapore,High,Premium Customer,2025-11-03,New
CUST09788,C007,18-25,Other,Singapore,Low,Value Seeker,2021-04-07,Regular
CUST09789,C009,26-35,Other,Germany,Medium,Value Seeker,2021-09-27,Regular
CUST09790,C006,46-55,Female,Japan,Premium,Value Seeker,2022-05-17,VIP
CUST09791,C001,56+,Male,Japan,Low,Budget Buyer,2023-09-26,VIP
CUST09792,C003,46-55,Other,Singapore,High,Premium Customer,2020-07-08,VIP
CUST09793,C007,46-55,Other,South Korea,Low,Value Seeker,2025-06-17,New
CUST09794,C009,56+,Male,South Korea,Medium,Budget Buyer,2022-11-07,New
CUST09795,C007,26-35,Male,Japan,Premium,Technology Enthusiast,2024-10-07,VIP
CUST09796,C006,36-45,Other,Germany,Premium,Premium Customer,2024-12-04,New
CUST09797,C007,56+,Other,South Korea,High,Budget Buyer,2020-09-25,New
CUST09798,C004,18-25,Other,Canada,Low,Young Professional,2025-11-16,Regular
CUST09799,C009,18-25,Male,Japan,Medium,Budget Buyer,2026-01-24,Loyal
CUST09800,C001,36-45,Other,Germany,High,Value Seeker,2020-02-12,Loyal
CUST09801,C009,56+,Female,UK,High,Young Professional,2023-08-07,VIP
CUST09802,C002,18-25,Other,South Korea,High,Value Seeker,2023-02-02,VIP
CUST09803,C007,18-25,Other,Germany,Medium,Young Professional,2020-04-25,VIP
CUST09804,C010,18-25,Other,Singapore,High,Value Seeker,2025-09-26,Loyal
CUST09805,C003,46-55,Other,Germany,Premium,Budget Buyer,2022-12-05,Loyal
CUST09806,C003,56+,Other,India,High,Budget Buyer,2023-09-05,New
CUST09807,C010,56+,Female,USA,High,Value Seeker,2022-09-17,Regular
CUST09808,C005,36-45,Female,Canada,Medium,Young Professional,2023-06-13,Regular
CUST09809,C006,18-25,Male,UK,Premium,Technology Enthusiast,2023-12-24,Loyal
CUST09810,C003,26-35,Other,UK,Low,Budget Buyer,2026-07-21,VIP
CUST09811,C003,46-55,Other,Japan,Medium,Budget Buyer,2026-01-15,New
CUST09812,C001,26-35,Female,India,Low,Value Seeker,2025-02-15,Regular
CUST09813,C006,18-25,Other,Canada,High,Budget Buyer,2025-03-05,Loyal
CUST09814,C009,26-35,Female,Germany,Low,Value Seeker,2021-08-09,Loyal
CUST09815,C010,56+,Other,Japan,High,Premium Customer,2023-08-21,Regular
CUST09816,C010,56+,Female,Canada,Medium,Premium Customer,2022-06-20,New
CUST09817,C009,36-45,Male,UK,Premium,Value Seeker,2024-01-10,Loyal
CUST09818,C010,36-45,Other,Germany,High,Value Seeker,2021-03-24,Loyal
CUST09819,C010,46-55,Other,USA,Premium,Value Seeker,2023-07-28,New
CUST09820,C008,26-35,Female,South Korea,Medium,Premium Customer,2020-09-09,Regular
CUST09821,C007,18-25,Male,Japan,Medium,Premium Customer,2022-06-20,VIP
CUST09822,C004,36-45,Other,USA,Low,Technology Enthusiast,2025-04-01,Loyal
CUST09823,C005,46-55,Other,India,High,Value Seeker,2026-02-15,New
CUST09824,C009,36-45,Male,India,Low,Value Seeker,2023-03-09,Loyal
CUST09825,C006,46-55,Other,UK,High,Premium Customer,2025-10-14,Regular
CUST09826,C002,18-25,Male,UK,Low,Value Seeker,2022-05-17,VIP
CUST09827,C004,36-45,Male,Japan,Medium,Value Seeker,2023-11-18,Loyal
CUST09828,C001,46-55,Female,South Korea,High,Budget Buyer,2021-01-27,VIP
CUST09829,C001,26-35,Female,USA,Premium,Young Professional,2022-07-26,Loyal
CUST09830,C002,26-35,Other,USA,High,Premium Customer,2020-03-27,Loyal
CUST09831,C005,18-25,Other,Germany,Medium,Value Seeker,2026-01-11,New
CUST09832,C007,36-45,Male,Japan,Low,Budget Buyer,2020-10-01,New
CUST09833,C008,56+,Other,South Korea,High,Budget Buyer,2025-05-29,Loyal
CUST09834,C008,18-25,Female,UK,Medium,Young Professional,2020-05-09,New
CUST09835,C002,46-55,Female,USA,Premium,Young Professional,2025-01-23,New
CUST09836,C010,26-35,Other,Germany,Premium,Budget Buyer,2021-12-29,Loyal
CUST09837,C005,18-25,Female,India,Premium,Premium Customer,2025-06-08,New
CUST09838,C006,56+,Female,Japan,Medium,Premium Customer,2025-07-12,Regular
CUST09839,C010,26-35,Male,USA,Medium,Young Professional,2026-04-02,Regular
CUST09840,C003,56+,Other,South Korea,Low,Budget Buyer,2020-12-16,VIP
CUST09841,C003,36-45,Female,Japan,Low,Premium Customer,2023-04-07,VIP
CUST09842,C002,46-55,Male,Germany,High,Budget Buyer,2022-05-31,Loyal
CUST09843,C010,56+,Female,Germany,Low,Young Professional,2025-04-29,New
CUST09844,C003,36-45,Male,Germany,Low,Technology Enthusiast,2025-02-08,New
CUST09845,C007,36-45,Female,Canada,Low,Premium Customer,2023-12-14,Regular
CUST09846,C001,36-45,Male,South Korea,High,Technology Enthusiast,2026-06-25,VIP
CUST09847,C001,26-35,Female,India,Medium,Value Seeker,2025-01-13,Regular
CUST09848,C001,18-25,Female,UK,Medium,Budget Buyer,2021-08-30,Loyal
CUST09849,C004,36-45,Female,UK,Low,Value Seeker,2025-09-20,Loyal
CUST09850,C010,56+,Female,South Korea,High,Value Seeker,2025-04-02,Regular
CUST09851,C003,46-55,Male,India,Medium,Technology Enthusiast,2024-03-25,Regular
CUST09852,C002,56+,Female,UK,Low,Young Professional,2021-05-02,New
CUST09853,C003,36-45,Male,Germany,Low,Technology Enthusiast,2024-03-03,VIP
CUST09854,C003,26-35,Other,Singapore,High,Technology Enthusiast,2023-05-02,VIP
CUST09855,C008,46-55,Male,Germany,High,Young Professional,2020-03-08,VIP
CUST09856,C003,36-45,Female,Japan,Medium,Premium Customer,2020-10-22,Loyal
CUST09857,C003,46-55,Other,USA,High,Premium Customer,2021-03-26,Loyal
CUST09858,C010,18-25,Other,India,High,Young Professional,2023-06-01,Loyal
CUST09859,C010,46-55,Female,Canada,Premium,Technology Enthusiast,2020-07-20,Regular
CUST09860,C010,36-45,Male,Singapore,Premium,Premium Customer,2021-08-24,New
CUST09861,C002,46-55,Male,India,Premium,Young Professional,2025-12-03,New
CUST09862,C001,18-25,Other,India,Medium,Budget Buyer,2024-08-29,Regular
CUST09863,C002,36-45,Female,South Korea,Premium,Young Professional,2024-03-10,Regular
CUST09864,C002,26-35,Female,UK,High,Young Professional,2024-08-09,Loyal
CUST09865,C006,46-55,Female,Japan,High,Premium Customer,2020-04-28,New
CUST09866,C006,56+,Male,South Korea,Premium,Young Professional,2024-03-01,New
CUST09867,C005,36-45,Other,India,Premium,Young Professional,2021-06-30,Regular
CUST09868,C003,26-35,Male,Germany,Premium,Value Seeker,2021-04-12,VIP
CUST09869,C001,18-25,Female,Japan,Medium,Value Seeker,2020-02-15,Regular
CUST09870,C004,56+,Male,Canada,Medium,Budget Buyer,2021-06-20,Loyal
CUST09871,C002,56+,Male,Japan,Medium,Technology Enthusiast,2025-06-19,Loyal
CUST09872,C004,46-55,Male,Canada,Premium,Premium Customer,2020-03-02,New
CUST09873,C010,26-35,Other,Japan,Low,Young Professional,2020-04-14,New
CUST09874,C004,26-35,Male,Germany,Medium,Premium Customer,2022-06-13,New
CUST09875,C006,26-35,Other,India,Premium,Value Seeker,2025-04-22,New
CUST09876,C002,46-55,Female,Singapore,Medium,Value Seeker,2024-01-19,VIP
CUST09877,C006,26-35,Female,Germany,Low,Budget Buyer,2025-12-18,VIP
CUST09878,C002,18-25,Male,India,Medium,Technology Enthusiast,2025-08-25,VIP
CUST09879,C010,26-35,Female,Germany,High,Budget Buyer,2023-01-29,Loyal
CUST09880,C005,36-45,Female,USA,High,Premium Customer,2025-07-12,Regular
CUST09881,C003,56+,Other,USA,Low,Value Seeker,2022-02-06,New
CUST09882,C010,56+,Male,South Korea,Premium,Budget Buyer,2020-10-06,New
CUST09883,C010,26-35,Female,South Korea,Low,Premium Customer,2025-11-24,Loyal
CUST09884,C007,56+,Female,South Korea,Premium,Premium Customer,2025-07-25,New
CUST09885,C003,46-55,Female,Canada,High,Young Professional,2020-11-24,New
CUST09886,C006,36-45,Female,Canada,Medium,Premium Customer,2024-03-26,Loyal
CUST09887,C010,26-35,Female,USA,Medium,Value Seeker,2025-12-02,New
CUST09888,C009,18-25,Male,Japan,High,Technology Enthusiast,2020-02-27,Loyal
CUST09889,C005,46-55,Male,Japan,Medium,Premium Customer,2023-07-21,Loyal
CUST09890,C001,18-25,Other,Canada,Low,Value Seeker,2025-01-05,New
CUST09891,C001,46-55,Other,Japan,Medium,Premium Customer,2022-12-20,Loyal
CUST09892,C001,36-45,Female,Canada,High,Young Professional,2022-12-10,Regular
CUST09893,C002,56+,Male,Germany,Medium,Premium Customer,2021-12-29,Loyal
CUST09894,C002,56+,Female,South Korea,Medium,Technology Enthusiast,2021-09-19,Regular
CUST09895,C007,26-35,Female,India,Low,Technology Enthusiast,2022-07-06,Loyal
CUST09896,C002,26-35,Other,USA,Medium,Value Seeker,2020-10-11,Regular
CUST09897,C008,18-25,Female,Canada,Medium,Young Professional,2024-11-09,New
CUST09898,C002,46-55,Other,Canada,Medium,Value Seeker,2026-01-26,Regular
CUST09899,C002,36-45,Other,Germany,Low,Value Seeker,2026-04-14,Regular
CUST09900,C010,36-45,Female,India,Medium,Young Professional,2025-05-30,New
CUST09901,C010,18-25,Other,USA,High,Technology Enthusiast,2024-12-17,Loyal
CUST09902,C005,46-55,Male,South Korea,High,Technology Enthusiast,2022-07-26,New
CUST09903,C009,26-35,Male,South Korea,High,Value Seeker,2025-03-17,VIP
CUST09904,C007,26-35,Other,Canada,Premium,Technology Enthusiast,2023-04-05,Loyal
CUST09905,C002,46-55,Male,South Korea,High,Technology Enthusiast,2021-09-18,VIP
CUST09906,C010,46-55,Other,Canada,Medium,Technology Enthusiast,2021-08-31,New
CUST09907,C001,56+,Male,Singapore,Low,Budget Buyer,2022-07-08,Regular
CUST09908,C009,18-25,Male,USA,Premium,Budget Buyer,2020-12-01,Loyal
CUST09909,C001,46-55,Other,South Korea,Medium,Premium Customer,2023-04-01,Loyal
CUST09910,C009,36-45,Male,USA,Premium,Budget Buyer,2020-07-20,Regular
CUST09911,C001,26-35,Other,South Korea,Low,Budget Buyer,2025-08-08,VIP
CUST09912,C004,46-55,Male,Japan,Low,Budget Buyer,2021-05-25,VIP
CUST09913,C008,56+,Female,South Korea,Premium,Premium Customer,2021-04-03,Loyal
CUST09914,C002,46-55,Male,Singapore,High,Technology Enthusiast,2024-07-06,Loyal
CUST09915,C009,56+,Other,Canada,High,Young Professional,2025-11-14,Regular
CUST09916,C005,18-25,Female,Singapore,High,Young Professional,2023-10-29,Regular
CUST09917,C009,56+,Other,Canada,High,Budget Buyer,2024-09-28,Regular
CUST09918,C007,26-35,Female,Singapore,Premium,Premium Customer,2023-09-13,Regular
CUST09919,C002,36-45,Male,Japan,High,Budget Buyer,2023-11-06,VIP
CUST09920,C009,26-35,Male,USA,Medium,Premium Customer,2022-05-21,New
CUST09921,C009,56+,Female,India,Premium,Value Seeker,2024-08-16,Loyal
CUST09922,C006,36-45,Female,South Korea,Premium,Budget Buyer,2025-11-29,New
CUST09923,C005,46-55,Other,UK,Premium,Value Seeker,2024-02-13,Loyal
CUST09924,C003,26-35,Male,Japan,Medium,Technology Enthusiast,2023-05-29,VIP
CUST09925,C001,36-45,Male,Japan,Low,Value Seeker,2020-03-08,VIP
CUST09926,C003,26-35,Female,Singapore,Low,Technology Enthusiast,2025-05-04,Regular
CUST09927,C002,36-45,Male,Canada,Premium,Young Professional,2020-09-23,Regular
CUST09928,C007,36-45,Other,Canada,Premium,Budget Buyer,2021-04-10,Regular
CUST09929,C002,26-35,Female,Japan,Premium,Value Seeker,2024-03-18,Regular
CUST09930,C003,18-25,Female,USA,Low,Technology Enthusiast,2020-05-15,Regular
CUST09931,C007,56+,Female,UK,Premium,Young Professional,2026-03-17,New
CUST09932,C003,26-35,Other,Japan,Medium,Value Seeker,2022-03-06,Loyal
CUST09933,C009,36-45,Other,Singapore,Medium,Technology Enthusiast,2022-11-05,Regular
CUST09934,C009,46-55,Male,South Korea,High,Technology Enthusiast,2023-06-15,New
CUST09935,C007,18-25,Female,Japan,High,Premium Customer,2025-11-09,New
CUST09936,C004,18-25,Other,Canada,Premium,Young Professional,2024-10-21,New
CUST09937,C001,26-35,Female,UK,High,Technology Enthusiast,2023-04-04,Loyal
CUST09938,C007,56+,Other,Germany,Medium,Value Seeker,2024-03-13,Loyal
CUST09939,C008,46-55,Female,Japan,Medium,Technology Enthusiast,2021-01-13,Loyal
CUST09940,C010,18-25,Other,Canada,Premium,Premium Customer,2023-01-12,Regular
CUST09941,C008,26-35,Other,India,Medium,Premium Customer,2025-01-28,VIP
CUST09942,C002,18-25,Male,Canada,Premium,Young Professional,2023-05-01,New
CUST09943,C009,56+,Other,USA,Premium,Value Seeker,2025-07-29,VIP
CUST09944,C002,56+,Female,South Korea,High,Value Seeker,2025-09-15,Loyal
CUST09945,C006,18-25,Female,Canada,Medium,Budget Buyer,2021-10-22,New
CUST09946,C002,18-25,Other,UK,High,Young Professional,2025-10-19,Loyal
CUST09947,C003,18-25,Other,UK,Low,Young Professional,2020-12-09,Loyal
CUST09948,C007,26-35,Male,USA,Premium,Technology Enthusiast,2022-10-04,Loyal
CUST09949,C003,46-55,Other,India,Low,Premium Customer,2024-11-28,VIP
CUST09950,C001,56+,Other,India,High,Value Seeker,2024-03-17,Regular
CUST09951,C008,18-25,Other,Germany,Premium,Value Seeker,2020-09-08,VIP
CUST09952,C006,36-45,Other,Germany,Premium,Young Professional,2020-09-14,VIP
CUST09953,C003,46-55,Other,India,High,Young Professional,2026-05-17,Loyal
CUST09954,C003,56+,Male,UK,Premium,Premium Customer,2020-11-01,New
CUST09955,C003,56+,Female,India,High,Premium Customer,2023-07-30,VIP
CUST09956,C001,26-35,Other,India,Premium,Value Seeker,2025-09-08,Loyal
CUST09957,C005,18-25,Male,South Korea,Premium,Young Professional,2024-09-17,New
CUST09958,C008,56+,Female,Singapore,High,Young Professional,2024-11-25,Regular
CUST09959,C006,56+,Male,Germany,High,Technology Enthusiast,2023-10-23,VIP
CUST09960,C010,36-45,Female,India,Low,Value Seeker,2023-07-31,Regular
CUST09961,C001,46-55,Female,Singapore,High,Value Seeker,2024-12-20,New
CUST09962,C008,56+,Female,Singapore,Medium,Premium Customer,2024-03-11,Loyal
CUST09963,C003,26-35,Female,USA,Medium,Technology Enthusiast,2022-06-04,Regular
CUST09964,C005,46-55,Male,Germany,Premium,Young Professional,2022-09-02,Regular
CUST09965,C007,56+,Female,South Korea,High,Value Seeker,2024-09-03,New
CUST09966,C007,26-35,Other,Canada,Premium,Technology Enthusiast,2021-02-28,Regular
CUST09967,C004,46-55,Female,Singapore,Low,Premium Customer,2021-06-06,Regular
CUST09968,C010,36-45,Other,USA,Low,Premium Customer,2025-08-17,Regular
CUST09969,C003,18-25,Male,Japan,Premium,Young Professional,2023-10-17,New
CUST09970,C006,26-35,Female,Singapore,Low,Premium Customer,2022-05-05,Regular
CUST09971,C010,18-25,Other,India,High,Young Professional,2025-10-05,Loyal
CUST09972,C003,46-55,Male,Germany,Premium,Budget Buyer,2020-05-23,New
CUST09973,C008,56+,Other,Canada,Medium,Young Professional,2026-02-21,New
CUST09974,C007,46-55,Female,UK,Medium,Technology Enthusiast,2021-02-05,Regular
CUST09975,C001,36-45,Male,USA,Medium,Young Professional,2025-02-10,VIP
CUST09976,C006,56+,Female,USA,Low,Value Seeker,2025-01-20,Regular
CUST09977,C001,26-35,Female,India,Low,Premium Customer,2021-07-16,Regular
CUST09978,C003,18-25,Female,Japan,High,Value Seeker,2026-04-09,New
CUST09979,C003,46-55,Female,Canada,Low,Budget Buyer,2022-11-30,Loyal
CUST09980,C001,26-35,Female,USA,High,Budget Buyer,2023-05-16,New
CUST09981,C010,56+,Female,Germany,Premium,Budget Buyer,2024-03-13,VIP
CUST09982,C004,18-25,Female,USA,Medium,Budget Buyer,2022-12-18,New
CUST09983,C006,26-35,Male,Japan,Medium,Value Seeker,2025-03-10,VIP
CUST09984,C010,56+,Male,Germany,Medium,Budget Buyer,2021-04-12,VIP
CUST09985,C008,46-55,Male,Singapore,Low,Premium Customer,2021-05-01,Loyal
CUST09986,C005,18-25,Female,Canada,Medium,Value Seeker,2026-03-26,Regular
CUST09987,C006,18-25,Female,Singapore,Low,Value Seeker,2021-09-29,Regular
CUST09988,C003,46-55,Female,Singapore,Premium,Technology Enthusiast,2023-05-17,Regular
CUST09989,C008,56+,Female,Japan,Low,Value Seeker,2020-12-16,VIP
CUST09990,C001,36-45,Other,South Korea,Premium,Technology Enthusiast,2022-05-04,New
CUST09991,C009,56+,Other,Canada,Low,Premium Customer,2025-07-17,VIP
CUST09992,C008,56+,Male,Singapore,Medium,Technology Enthusiast,2022-07-05,Loyal
CUST09993,C010,46-55,Male,India,Medium,Budget Buyer,2023-09-10,Regular
CUST09994,C006,18-25,Male,Canada,Low,Budget Buyer,2021-10-31,Loyal
CUST09995,C007,18-25,Male,Germany,Medium,Budget Buyer,2025-12-06,Regular
CUST09996,C009,26-35,Other,Canada,Medium,Value Seeker,2024-10-29,Loyal
CUST09997,C003,56+,Male,South Korea,Low,Budget Buyer,2023-02-15,Loyal
CUST09998,C002,46-55,Male,Japan,Low,Budget Buyer,2025-03-18,Regular
CUST09999,C001,46-55,Female,India,High,Budget Buyer,2020-10-16,Regular
CUST10000,C010,46-55,Male,USA,Low,Technology Enthusiast,2025-04-01,New
