product_id,product_name,category,subcategory,complaint_category,complaint_count,product_pain_score,demand_problem_score,market_gap_score,market_gap_level,opportunity_score,opportunity_level,opportunity_statement,opportunity_rank
P0473,Analog Watch 473,Watches,Analog Watch,battery,38,95.0,75.14,36.86,Moderate Market Gap,70.61,Strong Opportunity,Improve Watches products by addressing battery problems,1
P0341,Smart Watch 341,Watches,Smart Watch,battery,39,97.5,66.93,36.86,Moderate Market Gap,68.61,Strong Opportunity,Improve Watches products by addressing battery problems,2
P0273,Smart Ring 273,Wearables,Smart Ring,battery,35,87.5,76.86,35.35,Moderate Market Gap,68.13,Strong Opportunity,Improve Wearables products by addressing battery problems,3
P0239,Tablet 239,Mobile,Tablet,battery,40,100.0,61.06,36.43,Moderate Market Gap,67.3,Strong Opportunity,Improve Mobile products by addressing battery problems,4
P0198,Smart Ring 198,Wearables,Smart Ring,battery,36,90.0,71.82,35.35,Moderate Market Gap,67.24,Strong Opportunity,Improve Wearables products by addressing battery problems,5
P0111,Smartphone 111,Mobile,Smartphone,quality,37,92.5,67.48,36.43,Moderate Market Gap,66.92,Strong Opportunity,Improve Mobile products by addressing quality problems,6
P0477,Fitness Watch 477,Watches,Fitness Watch,battery,37,92.5,66.47,36.86,Moderate Market Gap,66.7,Strong Opportunity,Improve Watches products by addressing battery problems,7
P0293,Smart Fan 293,Home Appliances,Smart Fan,battery,33,82.5,76.51,36.23,Moderate Market Gap,66.52,Strong Opportunity,Improve Home Appliances products by addressing battery problems,8
P0419,Fitness Band 419,Wearables,Fitness Band,battery,33,82.5,76.83,35.35,Moderate Market Gap,66.37,Strong Opportunity,Improve Wearables products by addressing battery problems,9
P0051,Air Purifier 51,Home Appliances,Air Purifier,battery,36,90.0,68.27,36.23,Moderate Market Gap,66.26,Strong Opportunity,Improve Home Appliances products by addressing battery problems,10
P0225,Smart Fan 225,Home Appliances,Smart Fan,quality,34,85.0,72.85,36.23,Moderate Market Gap,66.12,Strong Opportunity,Improve Home Appliances products by addressing quality problems,11
P0492,Smart Ring 492,Wearables,Smart Ring,battery,33,82.5,74.93,35.35,Moderate Market Gap,65.71,Strong Opportunity,Improve Wearables products by addressing battery problems,12
P0235,Smartphone 235,Mobile,Smartphone,battery,31,77.5,78.93,36.43,Moderate Market Gap,65.68,Strong Opportunity,Improve Mobile products by addressing battery problems,13
P0263,Smart Light 263,Home Appliances,Smart Light,battery,34,85.0,70.47,36.23,Moderate Market Gap,65.28,Strong Opportunity,Improve Home Appliances products by addressing battery problems,14
P0308,Smart Watch 308,Watches,Smart Watch,battery,36,90.0,64.13,36.86,Moderate Market Gap,65.0,Strong Opportunity,Improve Watches products by addressing battery problems,15
P0338,Wireless Earbuds 338,Audio,Wireless Earbuds,battery,31,77.5,77.17,35.19,Moderate Market Gap,64.69,Strong Opportunity,Improve Audio products by addressing battery problems,16
P0276,Fitness Watch 276,Watches,Fitness Watch,battery,38,95.0,57.88,36.86,Moderate Market Gap,64.57,Strong Opportunity,Improve Watches products by addressing battery problems,17
P0411,Smart Fan 411,Home Appliances,Smart Fan,battery,38,95.0,58.11,36.23,Moderate Market Gap,64.46,Strong Opportunity,Improve Home Appliances products by addressing battery problems,18
P0150,Tablet 150,Mobile,Tablet,battery,32,80.0,71.05,36.43,Moderate Market Gap,63.8,Strong Opportunity,Improve Mobile products by addressing battery problems,19
P0099,Bluetooth Speaker 99,Audio,Bluetooth Speaker,quality,30,75.0,77.04,35.19,Moderate Market Gap,63.77,Strong Opportunity,Improve Audio products by addressing quality problems,20
P0124,Smart Ring 124,Wearables,Smart Ring,battery,32,80.0,71.44,35.35,Moderate Market Gap,63.61,Strong Opportunity,Improve Wearables products by addressing battery problems,21
P0217,Fitness Watch 217,Watches,Fitness Watch,battery,32,80.0,69.85,36.86,Moderate Market Gap,63.51,Strong Opportunity,Improve Watches products by addressing battery problems,22
P0363,Tablet 363,Mobile,Tablet,battery,35,87.5,62.14,36.43,Moderate Market Gap,63.3,Strong Opportunity,Improve Mobile products by addressing battery problems,23
P0020,Air Purifier 20,Home Appliances,Air Purifier,battery,34,85.0,64.51,36.23,Moderate Market Gap,63.2,Strong Opportunity,Improve Home Appliances products by addressing battery problems,24
P0269,Smartphone 269,Mobile,Smartphone,battery,31,77.5,71.85,36.43,Moderate Market Gap,63.2,Strong Opportunity,Improve Mobile products by addressing battery problems,25
P0075,Fitness Watch 75,Watches,Fitness Watch,battery,28,70.0,78.79,36.86,Moderate Market Gap,63.13,Strong Opportunity,Improve Watches products by addressing battery problems,26
P0032,Smartphone 32,Mobile,Smartphone,battery,31,77.5,70.5,36.43,Moderate Market Gap,62.73,Strong Opportunity,Improve Mobile products by addressing battery problems,27
P0211,Air Purifier 211,Home Appliances,Air Purifier,battery,34,85.0,62.77,36.23,Moderate Market Gap,62.59,Strong Opportunity,Improve Home Appliances products by addressing battery problems,28
P0326,Smart Watch 326,Watches,Smart Watch,battery,34,85.0,62.16,36.86,Moderate Market Gap,62.56,Strong Opportunity,Improve Watches products by addressing battery problems,29
P0105,Fitness Watch 105,Watches,Fitness Watch,quality,29,72.5,74.12,36.86,Moderate Market Gap,62.38,Strong Opportunity,Improve Watches products by addressing quality problems,30
P0297,Smartphone 297,Mobile,Smartphone,quality,29,72.5,73.51,36.43,Moderate Market Gap,62.03,Strong Opportunity,Improve Mobile products by addressing quality problems,31
P0466,Smart Fan 466,Home Appliances,Smart Fan,battery,29,72.5,73.63,36.23,Moderate Market Gap,62.01,Strong Opportunity,Improve Home Appliances products by addressing battery problems,32
P0123,Smart Watch 123,Watches,Smart Watch,battery,28,70.0,75.47,36.86,Moderate Market Gap,61.97,Strong Opportunity,Improve Watches products by addressing battery problems,33
P0312,Smart Watch 312,Watches,Smart Watch,battery,28,70.0,74.89,36.86,Moderate Market Gap,61.77,Strong Opportunity,Improve Watches products by addressing battery problems,34
P0110,Smart Ring 110,Wearables,Smart Ring,battery,30,75.0,70.92,35.35,Moderate Market Gap,61.68,Strong Opportunity,Improve Wearables products by addressing battery problems,35
P0155,Tablet 155,Mobile,Tablet,quality,34,85.0,59.26,36.43,Moderate Market Gap,61.42,Strong Opportunity,Improve Mobile products by addressing quality problems,36
P0283,Headphones 283,Audio,Headphones,battery,29,72.5,72.42,35.19,Moderate Market Gap,61.28,Strong Opportunity,Improve Audio products by addressing battery problems,37
P0242,Smart Light 242,Home Appliances,Smart Light,quality,27,67.5,76.46,36.23,Moderate Market Gap,61.26,Strong Opportunity,Improve Home Appliances products by addressing quality problems,38
P0047,Smart Fan 47,Home Appliances,Smart Fan,battery,27,67.5,76.37,36.23,Moderate Market Gap,61.22,Strong Opportunity,Improve Home Appliances products by addressing battery problems,39
P0372,Smart Watch 372,Watches,Smart Watch,battery,33,82.5,60.78,36.86,Moderate Market Gap,61.21,Strong Opportunity,Improve Watches products by addressing battery problems,40
P0297,Smartphone 297,Mobile,Smartphone,battery,28,70.0,73.51,36.43,Moderate Market Gap,61.16,Strong Opportunity,Improve Mobile products by addressing battery problems,41
P0347,Smartphone 347,Mobile,Smartphone,battery,26,65.0,78.35,36.43,Moderate Market Gap,61.1,Strong Opportunity,Improve Mobile products by addressing battery problems,42
P0118,Bluetooth Speaker 118,Audio,Bluetooth Speaker,battery,40,100.0,44.34,35.19,Moderate Market Gap,61.08,Strong Opportunity,Improve Audio products by addressing battery problems,43
P0250,Fitness Band 250,Wearables,Fitness Band,battery,31,77.5,66.68,35.35,Moderate Market Gap,61.07,Strong Opportunity,Improve Wearables products by addressing battery problems,44
P0111,Smartphone 111,Mobile,Smartphone,battery,30,75.0,67.48,36.43,Moderate Market Gap,60.8,Strong Opportunity,Improve Mobile products by addressing battery problems,45
P0110,Smart Ring 110,Wearables,Smart Ring,performance,29,72.5,70.92,35.35,Moderate Market Gap,60.8,Strong Opportunity,Improve Wearables products by addressing performance problems,46
P0001,Smart Watch 1,Watches,Smart Watch,battery,28,70.0,72.08,36.86,Moderate Market Gap,60.79,Strong Opportunity,Improve Watches products by addressing battery problems,47
P0165,Bluetooth Speaker 165,Audio,Bluetooth Speaker,battery,27,67.5,75.94,35.19,Moderate Market Gap,60.76,Strong Opportunity,Improve Audio products by addressing battery problems,48
P0039,Bluetooth Speaker 39,Audio,Bluetooth Speaker,battery,29,72.5,70.91,35.19,Moderate Market Gap,60.75,Strong Opportunity,Improve Audio products by addressing battery problems,49
P0304,Bluetooth Speaker 304,Audio,Bluetooth Speaker,battery,29,72.5,70.79,35.19,Moderate Market Gap,60.71,Strong Opportunity,Improve Audio products by addressing battery problems,50
P0094,Smart Ring 94,Wearables,Smart Ring,performance,27,67.5,75.53,35.35,Moderate Market Gap,60.67,Strong Opportunity,Improve Wearables products by addressing performance problems,51
P0479,Fitness Watch 479,Watches,Fitness Watch,quality,29,72.5,69.04,36.86,Moderate Market Gap,60.6,Strong Opportunity,Improve Watches products by addressing quality problems,52
P0139,Analog Watch 139,Watches,Analog Watch,battery,30,75.0,66.4,36.86,Moderate Market Gap,60.55,Strong Opportunity,Improve Watches products by addressing battery problems,53
P0375,Headphones 375,Audio,Headphones,battery,28,70.0,72.77,35.19,Moderate Market Gap,60.53,Strong Opportunity,Improve Audio products by addressing battery problems,54
P0075,Fitness Watch 75,Watches,Fitness Watch,quality,25,62.5,78.79,36.86,Moderate Market Gap,60.51,Strong Opportunity,Improve Watches products by addressing quality problems,55
P0192,Bluetooth Speaker 192,Audio,Bluetooth Speaker,battery,29,72.5,69.68,35.19,Moderate Market Gap,60.32,Strong Opportunity,Improve Audio products by addressing battery problems,56
P0117,Smartphone 117,Mobile,Smartphone,battery,30,75.0,66.12,36.43,Moderate Market Gap,60.32,Strong Opportunity,Improve Mobile products by addressing battery problems,57
P0010,Smart Light 10,Home Appliances,Smart Light,battery,25,62.5,78.49,36.23,Moderate Market Gap,60.22,Strong Opportunity,Improve Home Appliances products by addressing battery problems,58
P0199,Smart Ring 199,Wearables,Smart Ring,battery,31,77.5,64.24,35.35,Moderate Market Gap,60.21,Strong Opportunity,Improve Wearables products by addressing battery problems,59
P0481,Bluetooth Speaker 481,Audio,Bluetooth Speaker,battery,34,85.0,56.46,35.19,Moderate Market Gap,60.07,Strong Opportunity,Improve Audio products by addressing battery problems,60
P0055,Smart Watch 55,Watches,Smart Watch,battery,26,65.0,74.59,36.86,Moderate Market Gap,59.91,Strong Opportunity,Improve Watches products by addressing battery problems,61
P0374,Headphones 374,Audio,Headphones,quality,27,67.5,73.48,35.19,Moderate Market Gap,59.9,Strong Opportunity,Improve Audio products by addressing quality problems,62
P0318,Bluetooth Speaker 318,Audio,Bluetooth Speaker,battery,31,77.5,63.38,35.19,Moderate Market Gap,59.86,Strong Opportunity,Improve Audio products by addressing battery problems,63
P0237,Tablet 237,Mobile,Tablet,battery,26,65.0,74.81,36.43,Moderate Market Gap,59.86,Strong Opportunity,Improve Mobile products by addressing battery problems,64
P0219,Smart Ring 219,Wearables,Smart Ring,battery,36,90.0,50.65,35.35,Moderate Market Gap,59.83,Strong Opportunity,Improve Wearables products by addressing battery problems,65
P0470,Smart Light 470,Home Appliances,Smart Light,battery,29,72.5,67.01,36.23,Moderate Market Gap,59.7,Strong Opportunity,Improve Home Appliances products by addressing battery problems,66
P0485,Smart Watch 485,Watches,Smart Watch,battery,26,65.0,73.94,36.86,Moderate Market Gap,59.69,Strong Opportunity,Improve Watches products by addressing battery problems,67
P0485,Smart Watch 485,Watches,Smart Watch,quality,26,65.0,73.94,36.86,Moderate Market Gap,59.69,Strong Opportunity,Improve Watches products by addressing quality problems,68
P0455,Fitness Band 455,Wearables,Fitness Band,battery,29,72.5,67.7,35.35,Moderate Market Gap,59.68,Strong Opportunity,Improve Wearables products by addressing battery problems,69
P0149,Fitness Watch 149,Watches,Fitness Watch,battery,27,67.5,70.89,36.86,Moderate Market Gap,59.49,Strong Opportunity,Improve Watches products by addressing battery problems,70
P0097,Fitness Watch 97,Watches,Fitness Watch,battery,37,92.5,45.42,36.86,Moderate Market Gap,59.33,Strong Opportunity,Improve Watches products by addressing battery problems,71
P0202,Fitness Watch 202,Watches,Fitness Watch,battery,27,67.5,70.42,36.86,Moderate Market Gap,59.33,Strong Opportunity,Improve Watches products by addressing battery problems,72
P0383,Smart Ring 383,Wearables,Smart Ring,battery,28,70.0,68.97,35.35,Moderate Market Gap,59.24,Strong Opportunity,Improve Wearables products by addressing battery problems,73
P0191,Headphones 191,Audio,Headphones,battery,30,75.0,63.82,35.19,Moderate Market Gap,59.14,Strong Opportunity,Improve Audio products by addressing battery problems,74
P0394,Fitness Watch 394,Watches,Fitness Watch,battery,30,75.0,62.27,36.86,Moderate Market Gap,59.1,Strong Opportunity,Improve Watches products by addressing battery problems,75
P0291,Wireless Earbuds 291,Audio,Wireless Earbuds,quality,26,65.0,73.57,35.19,Moderate Market Gap,59.06,Strong Opportunity,Improve Audio products by addressing quality problems,76
P0055,Smart Watch 55,Watches,Smart Watch,quality,25,62.5,74.59,36.86,Moderate Market Gap,59.04,Strong Opportunity,Improve Watches products by addressing quality problems,77
P0468,Fitness Band 468,Wearables,Fitness Band,battery,34,85.0,53.34,35.35,Moderate Market Gap,59.02,Strong Opportunity,Improve Wearables products by addressing battery problems,78
P0039,Bluetooth Speaker 39,Audio,Bluetooth Speaker,quality,27,67.5,70.91,35.19,Moderate Market Gap,59.0,Strong Opportunity,Improve Audio products by addressing quality problems,79
P0094,Smart Ring 94,Wearables,Smart Ring,battery,25,62.5,75.53,35.35,Moderate Market Gap,58.92,Strong Opportunity,Improve Wearables products by addressing battery problems,80
P0056,Analog Watch 56,Watches,Analog Watch,quality,30,75.0,61.72,36.86,Moderate Market Gap,58.91,Strong Opportunity,Improve Watches products by addressing quality problems,81
P0479,Fitness Watch 479,Watches,Fitness Watch,battery,27,67.5,69.04,36.86,Moderate Market Gap,58.85,Strong Opportunity,Improve Watches products by addressing battery problems,82
P0348,Analog Watch 348,Watches,Analog Watch,battery,35,87.5,48.9,36.86,Moderate Market Gap,58.8,Strong Opportunity,Improve Watches products by addressing battery problems,83
P0275,Tablet 275,Mobile,Tablet,battery,36,90.0,46.77,36.43,Moderate Market Gap,58.8,Strong Opportunity,Improve Mobile products by addressing battery problems,84
P0139,Analog Watch 139,Watches,Analog Watch,quality,28,70.0,66.4,36.86,Moderate Market Gap,58.8,Strong Opportunity,Improve Watches products by addressing quality problems,85
P0365,Smart Ring 365,Wearables,Smart Ring,battery,29,72.5,65.13,35.35,Moderate Market Gap,58.78,Strong Opportunity,Improve Wearables products by addressing battery problems,86
P0200,Bluetooth Speaker 200,Audio,Bluetooth Speaker,quality,32,80.0,57.33,35.19,Moderate Market Gap,58.62,Strong Opportunity,Improve Audio products by addressing quality problems,87
P0258,Smart Watch 258,Watches,Smart Watch,battery,28,70.0,65.83,36.86,Moderate Market Gap,58.6,Strong Opportunity,Improve Watches products by addressing battery problems,88
P0398,Wireless Earbuds 398,Audio,Wireless Earbuds,battery,29,72.5,64.63,35.19,Moderate Market Gap,58.55,Strong Opportunity,Improve Audio products by addressing battery problems,89
P0121,Fitness Band 121,Wearables,Fitness Band,battery,30,75.0,61.96,35.35,Moderate Market Gap,58.54,Strong Opportunity,Improve Wearables products by addressing battery problems,90
P0347,Smartphone 347,Mobile,Smartphone,quality,23,57.5,78.35,36.43,Moderate Market Gap,58.48,Strong Opportunity,Improve Mobile products by addressing quality problems,91
P0373,Smartphone 373,Mobile,Smartphone,battery,29,72.5,63.2,36.43,Moderate Market Gap,58.42,Strong Opportunity,Improve Mobile products by addressing battery problems,92
P0033,Smart Watch 33,Watches,Smart Watch,battery,27,67.5,67.78,36.86,Moderate Market Gap,58.41,Strong Opportunity,Improve Watches products by addressing battery problems,93
P0294,Smart Ring 294,Wearables,Smart Ring,battery,31,77.5,58.98,35.35,Moderate Market Gap,58.37,Strong Opportunity,Improve Wearables products by addressing battery problems,94
P0092,Fitness Band 92,Wearables,Fitness Band,battery,31,77.5,58.71,35.35,Moderate Market Gap,58.28,Strong Opportunity,Improve Wearables products by addressing battery problems,95
P0225,Smart Fan 225,Home Appliances,Smart Fan,battery,25,62.5,72.85,36.23,Moderate Market Gap,58.24,Strong Opportunity,Improve Home Appliances products by addressing battery problems,96
P0291,Wireless Earbuds 291,Audio,Wireless Earbuds,performance,25,62.5,73.57,35.19,Moderate Market Gap,58.18,Strong Opportunity,Improve Audio products by addressing performance problems,97
P0497,Smart Ring 497,Wearables,Smart Ring,battery,27,67.5,68.43,35.35,Moderate Market Gap,58.18,Strong Opportunity,Improve Wearables products by addressing battery problems,98
P0451,Bluetooth Speaker 451,Audio,Bluetooth Speaker,battery,29,72.5,63.56,35.19,Moderate Market Gap,58.18,Strong Opportunity,Improve Audio products by addressing battery problems,99
P0266,Headphones 266,Audio,Headphones,battery,30,75.0,61.02,35.19,Moderate Market Gap,58.16,Strong Opportunity,Improve Audio products by addressing battery problems,100
P0055,Smart Watch 55,Watches,Smart Watch,performance,24,60.0,74.59,36.86,Moderate Market Gap,58.16,Strong Opportunity,Improve Watches products by addressing performance problems,101
P0237,Tablet 237,Mobile,Tablet,quality,24,60.0,74.81,36.43,Moderate Market Gap,58.11,Strong Opportunity,Improve Mobile products by addressing quality problems,102
P0017,Bluetooth Speaker 17,Audio,Bluetooth Speaker,battery,31,77.5,58.19,35.19,Moderate Market Gap,58.05,Strong Opportunity,Improve Audio products by addressing battery problems,103
P0483,Smartphone 483,Mobile,Smartphone,battery,23,57.5,77.06,36.43,Moderate Market Gap,58.03,Strong Opportunity,Improve Mobile products by addressing battery problems,104
P0483,Smartphone 483,Mobile,Smartphone,quality,23,57.5,77.06,36.43,Moderate Market Gap,58.03,Strong Opportunity,Improve Mobile products by addressing quality problems,105
P0413,Smart Watch 413,Watches,Smart Watch,battery,24,60.0,73.99,36.86,Moderate Market Gap,57.95,Strong Opportunity,Improve Watches products by addressing battery problems,106
P0043,Tablet 43,Mobile,Tablet,battery,27,67.5,66.77,36.43,Moderate Market Gap,57.92,Strong Opportunity,Improve Mobile products by addressing battery problems,107
P0148,Analog Watch 148,Watches,Analog Watch,battery,34,85.0,48.76,36.86,Moderate Market Gap,57.87,Strong Opportunity,Improve Watches products by addressing battery problems,108
P0316,Wireless Earbuds 316,Audio,Wireless Earbuds,battery,22,55.0,80.09,35.19,Moderate Market Gap,57.84,Strong Opportunity,Improve Audio products by addressing battery problems,109
P0125,Air Purifier 125,Home Appliances,Air Purifier,battery,29,72.5,61.54,36.23,Moderate Market Gap,57.78,Strong Opportunity,Improve Home Appliances products by addressing battery problems,110
P0293,Smart Fan 293,Home Appliances,Smart Fan,quality,23,57.5,76.51,36.23,Moderate Market Gap,57.77,Strong Opportunity,Improve Home Appliances products by addressing quality problems,111
P0474,Bluetooth Speaker 474,Audio,Bluetooth Speaker,performance,24,60.0,74.89,35.19,Moderate Market Gap,57.77,Strong Opportunity,Improve Audio products by addressing performance problems,112
P0058,Bluetooth Speaker 58,Audio,Bluetooth Speaker,battery,27,67.5,67.21,35.19,Moderate Market Gap,57.71,Strong Opportunity,Improve Audio products by addressing battery problems,113
P0471,Bluetooth Speaker 471,Audio,Bluetooth Speaker,battery,25,62.5,72.23,35.19,Moderate Market Gap,57.71,Strong Opportunity,Improve Audio products by addressing battery problems,114
P0256,Smartphone 256,Mobile,Smartphone,battery,23,57.5,76.08,36.43,Moderate Market Gap,57.68,Strong Opportunity,Improve Mobile products by addressing battery problems,115
P0203,Smart Light 203,Home Appliances,Smart Light,battery,25,62.5,71.18,36.23,Moderate Market Gap,57.66,Strong Opportunity,Improve Home Appliances products by addressing battery problems,116
P0419,Fitness Band 419,Wearables,Fitness Band,quality,23,57.5,76.83,35.35,Moderate Market Gap,57.62,Strong Opportunity,Improve Wearables products by addressing quality problems,117
P0057,Headphones 57,Audio,Headphones,quality,26,65.0,69.4,35.19,Moderate Market Gap,57.6,Strong Opportunity,Improve Audio products by addressing quality problems,118
P0008,Headphones 8,Audio,Headphones,battery,25,62.5,71.78,35.19,Moderate Market Gap,57.55,Strong Opportunity,Improve Audio products by addressing battery problems,119
P0214,Fitness Band 214,Wearables,Fitness Band,battery,31,77.5,56.44,35.35,Moderate Market Gap,57.48,Strong Opportunity,Improve Wearables products by addressing battery problems,120
P0222,Air Purifier 222,Home Appliances,Air Purifier,quality,27,67.5,65.63,36.23,Moderate Market Gap,57.46,Strong Opportunity,Improve Home Appliances products by addressing quality problems,121
P0491,Tablet 491,Mobile,Tablet,quality,24,60.0,72.73,36.43,Moderate Market Gap,57.38,Strong Opportunity,Improve Mobile products by addressing quality problems,122
P0142,Smart Fan 142,Home Appliances,Smart Fan,battery,25,62.5,70.25,36.23,Moderate Market Gap,57.33,Strong Opportunity,Improve Home Appliances products by addressing battery problems,123
P0374,Headphones 374,Audio,Headphones,battery,24,60.0,73.48,35.19,Moderate Market Gap,57.28,Strong Opportunity,Improve Audio products by addressing battery problems,124
P0230,Smart Watch 230,Watches,Smart Watch,performance,22,55.0,77.04,36.86,Moderate Market Gap,57.27,Strong Opportunity,Improve Watches products by addressing performance problems,125
P0230,Smart Watch 230,Watches,Smart Watch,quality,22,55.0,77.04,36.86,Moderate Market Gap,57.27,Strong Opportunity,Improve Watches products by addressing quality problems,126
P0165,Bluetooth Speaker 165,Audio,Bluetooth Speaker,quality,23,57.5,75.94,35.19,Moderate Market Gap,57.26,Strong Opportunity,Improve Audio products by addressing quality problems,127
P0323,Smart Watch 323,Watches,Smart Watch,battery,30,75.0,56.94,36.86,Moderate Market Gap,57.24,Strong Opportunity,Improve Watches products by addressing battery problems,128
P0095,Analog Watch 95,Watches,Analog Watch,battery,31,77.5,54.25,36.86,Moderate Market Gap,57.17,Strong Opportunity,Improve Watches products by addressing battery problems,129
P0056,Analog Watch 56,Watches,Analog Watch,battery,28,70.0,61.72,36.86,Moderate Market Gap,57.16,Strong Opportunity,Improve Watches products by addressing battery problems,130
P0109,Smart Fan 109,Home Appliances,Smart Fan,battery,31,77.5,54.68,36.23,Moderate Market Gap,57.13,Strong Opportunity,Improve Home Appliances products by addressing battery problems,131
P0389,Fitness Watch 389,Watches,Fitness Watch,quality,24,60.0,71.47,36.86,Moderate Market Gap,57.07,Strong Opportunity,Improve Watches products by addressing quality problems,132
P0281,Smart Ring 281,Wearables,Smart Ring,battery,25,62.5,70.25,35.35,Moderate Market Gap,57.07,Strong Opportunity,Improve Wearables products by addressing battery problems,133
P0248,Headphones 248,Audio,Headphones,battery,26,65.0,67.87,35.19,Moderate Market Gap,57.06,Strong Opportunity,Improve Audio products by addressing battery problems,134
P0288,Smart Ring 288,Wearables,Smart Ring,battery,26,65.0,67.62,35.35,Moderate Market Gap,57.02,Strong Opportunity,Improve Wearables products by addressing battery problems,135
P0235,Smartphone 235,Mobile,Smartphone,quality,21,52.5,78.93,36.43,Moderate Market Gap,56.93,Strong Opportunity,Improve Mobile products by addressing quality problems,136
P0188,Headphones 188,Audio,Headphones,battery,31,77.5,54.98,35.19,Moderate Market Gap,56.92,Strong Opportunity,Improve Audio products by addressing battery problems,137
P0009,Wireless Earbuds 9,Audio,Wireless Earbuds,battery,25,62.5,69.97,35.19,Moderate Market Gap,56.92,Strong Opportunity,Improve Audio products by addressing battery problems,138
P0078,Smart Ring 78,Wearables,Smart Ring,quality,28,70.0,62.24,35.35,Moderate Market Gap,56.89,Strong Opportunity,Improve Wearables products by addressing quality problems,139
P0474,Bluetooth Speaker 474,Audio,Bluetooth Speaker,battery,23,57.5,74.89,35.19,Moderate Market Gap,56.89,Strong Opportunity,Improve Audio products by addressing battery problems,140
P0028,Fitness Band 28,Wearables,Fitness Band,battery,26,65.0,67.1,35.35,Moderate Market Gap,56.84,Strong Opportunity,Improve Wearables products by addressing battery problems,141
P0338,Wireless Earbuds 338,Audio,Wireless Earbuds,quality,22,55.0,77.17,35.19,Moderate Market Gap,56.82,Strong Opportunity,Improve Audio products by addressing quality problems,142
P0216,Headphones 216,Audio,Headphones,battery,25,62.5,69.4,35.19,Moderate Market Gap,56.72,Strong Opportunity,Improve Audio products by addressing battery problems,143
P0010,Smart Light 10,Home Appliances,Smart Light,performance,21,52.5,78.49,36.23,Moderate Market Gap,56.72,Strong Opportunity,Improve Home Appliances products by addressing performance problems,144
P0005,Air Purifier 5,Home Appliances,Air Purifier,battery,30,75.0,56.0,36.23,Moderate Market Gap,56.72,Strong Opportunity,Improve Home Appliances products by addressing battery problems,145
P0127,Smartphone 127,Mobile,Smartphone,quality,26,65.0,65.78,36.43,Moderate Market Gap,56.7,Strong Opportunity,Improve Mobile products by addressing quality problems,146
P0008,Headphones 8,Audio,Headphones,quality,24,60.0,71.78,35.19,Moderate Market Gap,56.68,Strong Opportunity,Improve Audio products by addressing quality problems,147
P0405,Air Purifier 405,Home Appliances,Air Purifier,quality,25,62.5,68.21,36.23,Moderate Market Gap,56.62,Strong Opportunity,Improve Home Appliances products by addressing quality problems,148
P0305,Fitness Band 305,Wearables,Fitness Band,battery,33,82.5,48.85,35.35,Moderate Market Gap,56.58,Strong Opportunity,Improve Wearables products by addressing battery problems,149
P0048,Smart Watch 48,Watches,Smart Watch,battery,35,87.5,42.55,36.86,Moderate Market Gap,56.58,Strong Opportunity,Improve Watches products by addressing battery problems,150
P0156,Wireless Earbuds 156,Audio,Wireless Earbuds,battery,26,65.0,66.39,35.19,Moderate Market Gap,56.54,Strong Opportunity,Improve Audio products by addressing battery problems,151
P0345,Tablet 345,Mobile,Tablet,battery,22,55.0,75.09,36.43,Moderate Market Gap,56.46,Strong Opportunity,Improve Mobile products by addressing battery problems,152
P0345,Tablet 345,Mobile,Tablet,quality,22,55.0,75.09,36.43,Moderate Market Gap,56.46,Strong Opportunity,Improve Mobile products by addressing quality problems,153
P0266,Headphones 266,Audio,Headphones,quality,28,70.0,61.02,35.19,Moderate Market Gap,56.41,Strong Opportunity,Improve Audio products by addressing quality problems,154
P0176,Smart Light 176,Home Appliances,Smart Light,battery,33,82.5,47.62,36.23,Moderate Market Gap,56.41,Strong Opportunity,Improve Home Appliances products by addressing battery problems,155
P0194,Air Purifier 194,Home Appliances,Air Purifier,battery,33,82.5,47.47,36.23,Moderate Market Gap,56.36,Strong Opportunity,Improve Home Appliances products by addressing battery problems,156
P0483,Smartphone 483,Mobile,Smartphone,performance,21,52.5,77.06,36.43,Moderate Market Gap,56.28,Strong Opportunity,Improve Mobile products by addressing performance problems,157
P0177,Wireless Earbuds 177,Audio,Wireless Earbuds,battery,23,57.5,73.15,35.19,Moderate Market Gap,56.28,Strong Opportunity,Improve Audio products by addressing battery problems,158
P0302,Bluetooth Speaker 302,Audio,Bluetooth Speaker,battery,29,72.5,58.13,35.19,Moderate Market Gap,56.28,Strong Opportunity,Improve Audio products by addressing battery problems,159
P0196,Smart Ring 196,Wearables,Smart Ring,battery,24,60.0,70.43,35.35,Moderate Market Gap,56.26,Strong Opportunity,Improve Wearables products by addressing battery problems,160
P0088,Air Purifier 88,Home Appliances,Air Purifier,battery,28,70.0,59.64,36.23,Moderate Market Gap,56.24,Strong Opportunity,Improve Home Appliances products by addressing battery problems,161
P0234,Air Purifier 234,Home Appliances,Air Purifier,battery,27,67.5,62.11,36.23,Moderate Market Gap,56.23,Strong Opportunity,Improve Home Appliances products by addressing battery problems,162
P0409,Analog Watch 409,Watches,Analog Watch,battery,27,67.5,61.53,36.86,Moderate Market Gap,56.22,Strong Opportunity,Improve Watches products by addressing battery problems,163
P0069,Headphones 69,Audio,Headphones,battery,23,57.5,72.94,35.19,Moderate Market Gap,56.21,Strong Opportunity,Improve Audio products by addressing battery problems,164
P0484,Bluetooth Speaker 484,Audio,Bluetooth Speaker,battery,35,87.5,42.91,35.19,Moderate Market Gap,56.2,Strong Opportunity,Improve Audio products by addressing battery problems,165
P0329,Wireless Earbuds 329,Audio,Wireless Earbuds,battery,27,67.5,62.56,35.19,Moderate Market Gap,56.08,Strong Opportunity,Improve Audio products by addressing battery problems,166
P0113,Smart Watch 113,Watches,Smart Watch,quality,23,57.5,71.1,36.86,Moderate Market Gap,56.07,Strong Opportunity,Improve Watches products by addressing quality problems,167
P0428,Wireless Earbuds 428,Audio,Wireless Earbuds,quality,25,62.5,67.52,35.19,Moderate Market Gap,56.06,Strong Opportunity,Improve Audio products by addressing quality problems,168
P0009,Wireless Earbuds 9,Audio,Wireless Earbuds,quality,24,60.0,69.97,35.19,Moderate Market Gap,56.05,Strong Opportunity,Improve Audio products by addressing quality problems,169
P0009,Wireless Earbuds 9,Audio,Wireless Earbuds,software,24,60.0,69.97,35.19,Moderate Market Gap,56.05,Strong Opportunity,Improve Audio products by addressing software problems,170
P0153,Fitness Band 153,Wearables,Fitness Band,battery,24,60.0,69.77,35.35,Moderate Market Gap,56.02,Strong Opportunity,Improve Wearables products by addressing battery problems,171
P0474,Bluetooth Speaker 474,Audio,Bluetooth Speaker,quality,22,55.0,74.89,35.19,Moderate Market Gap,56.02,Strong Opportunity,Improve Audio products by addressing quality problems,172
P0496,Fitness Band 496,Wearables,Fitness Band,battery,34,85.0,44.73,35.35,Moderate Market Gap,56.01,Strong Opportunity,Improve Wearables products by addressing battery problems,173
P0040,Analog Watch 40,Watches,Analog Watch,battery,29,72.5,55.87,36.86,Moderate Market Gap,55.99,Strong Opportunity,Improve Watches products by addressing battery problems,174
P0356,Air Purifier 356,Home Appliances,Air Purifier,quality,23,57.5,71.4,36.23,Moderate Market Gap,55.98,Strong Opportunity,Improve Home Appliances products by addressing quality problems,175
P0488,Smart Light 488,Home Appliances,Smart Light,battery,26,65.0,63.84,36.23,Moderate Market Gap,55.96,Strong Opportunity,Improve Home Appliances products by addressing battery problems,176
P0256,Smartphone 256,Mobile,Smartphone,performance,21,52.5,76.08,36.43,Moderate Market Gap,55.93,Strong Opportunity,Improve Mobile products by addressing performance problems,177
P0376,Smart Fan 376,Home Appliances,Smart Fan,battery,25,62.5,66.23,36.23,Moderate Market Gap,55.92,Strong Opportunity,Improve Home Appliances products by addressing battery problems,178
P0353,Analog Watch 353,Watches,Analog Watch,battery,27,67.5,60.67,36.86,Moderate Market Gap,55.92,Strong Opportunity,Improve Watches products by addressing battery problems,179
P0099,Bluetooth Speaker 99,Audio,Bluetooth Speaker,performance,21,52.5,77.04,35.19,Moderate Market Gap,55.9,Strong Opportunity,Improve Audio products by addressing performance problems,180
P0080,Wireless Earbuds 80,Audio,Wireless Earbuds,battery,29,72.5,56.98,35.19,Moderate Market Gap,55.88,Strong Opportunity,Improve Audio products by addressing battery problems,181
P0076,Smart Fan 76,Home Appliances,Smart Fan,battery,28,70.0,58.56,36.23,Moderate Market Gap,55.86,Strong Opportunity,Improve Home Appliances products by addressing battery problems,182
P0123,Smart Watch 123,Watches,Smart Watch,quality,21,52.5,75.47,36.86,Moderate Market Gap,55.85,Strong Opportunity,Improve Watches products by addressing quality problems,183
P0127,Smartphone 127,Mobile,Smartphone,battery,25,62.5,65.78,36.43,Moderate Market Gap,55.83,Strong Opportunity,Improve Mobile products by addressing battery problems,184
P0146,Air Purifier 146,Home Appliances,Air Purifier,performance,23,57.5,70.93,36.23,Moderate Market Gap,55.82,Strong Opportunity,Improve Home Appliances products by addressing performance problems,185
P0218,Tablet 218,Mobile,Tablet,battery,28,70.0,58.21,36.43,Moderate Market Gap,55.8,Strong Opportunity,Improve Mobile products by addressing battery problems,186
P0115,Air Purifier 115,Home Appliances,Air Purifier,performance,24,60.0,68.23,36.23,Moderate Market Gap,55.75,Strong Opportunity,Improve Home Appliances products by addressing performance problems,187
P0108,Wireless Earbuds 108,Audio,Wireless Earbuds,battery,30,75.0,54.05,35.19,Moderate Market Gap,55.72,Strong Opportunity,Improve Audio products by addressing battery problems,188
P0311,Smart Light 311,Home Appliances,Smart Light,quality,24,60.0,68.11,36.23,Moderate Market Gap,55.71,Strong Opportunity,Improve Home Appliances products by addressing quality problems,189
P0463,Air Purifier 463,Home Appliances,Air Purifier,battery,26,65.0,62.98,36.23,Moderate Market Gap,55.66,Strong Opportunity,Improve Home Appliances products by addressing battery problems,190
P0217,Fitness Watch 217,Watches,Fitness Watch,quality,23,57.5,69.85,36.86,Moderate Market Gap,55.63,Strong Opportunity,Improve Watches products by addressing quality problems,191
P0090,Smartphone 90,Mobile,Smartphone,battery,35,87.5,40.21,36.43,Moderate Market Gap,55.63,Strong Opportunity,Improve Mobile products by addressing battery problems,192
P0491,Tablet 491,Mobile,Tablet,battery,22,55.0,72.73,36.43,Moderate Market Gap,55.63,Strong Opportunity,Improve Mobile products by addressing battery problems,193
P0296,Headphones 296,Audio,Headphones,battery,31,77.5,51.28,35.19,Moderate Market Gap,55.63,Strong Opportunity,Improve Audio products by addressing battery problems,194
P0296,Headphones 296,Audio,Headphones,quality,31,77.5,51.28,35.19,Moderate Market Gap,55.63,Strong Opportunity,Improve Audio products by addressing quality problems,195
P0077,Fitness Watch 77,Watches,Fitness Watch,performance,25,62.5,64.66,36.86,Moderate Market Gap,55.56,Strong Opportunity,Improve Watches products by addressing performance problems,196
P0063,Fitness Band 63,Wearables,Fitness Band,battery,30,75.0,53.45,35.35,Moderate Market Gap,55.56,Strong Opportunity,Improve Wearables products by addressing battery problems,197
P0337,Analog Watch 337,Watches,Analog Watch,battery,30,75.0,51.99,36.86,Moderate Market Gap,55.5,Strong Opportunity,Improve Watches products by addressing battery problems,198
P0183,Wireless Earbuds 183,Audio,Wireless Earbuds,battery,26,65.0,63.35,35.19,Moderate Market Gap,55.48,Strong Opportunity,Improve Audio products by addressing battery problems,199
P0339,Wireless Earbuds 339,Audio,Wireless Earbuds,battery,21,52.5,75.81,35.19,Moderate Market Gap,55.47,Strong Opportunity,Improve Audio products by addressing battery problems,200
P0280,Smartphone 280,Mobile,Smartphone,quality,22,55.0,72.14,36.43,Moderate Market Gap,55.43,Strong Opportunity,Improve Mobile products by addressing quality problems,201
P0059,Air Purifier 59,Home Appliances,Air Purifier,quality,27,67.5,59.83,36.23,Moderate Market Gap,55.43,Strong Opportunity,Improve Home Appliances products by addressing quality problems,202
P0012,Fitness Band 12,Wearables,Fitness Band,battery,26,65.0,63.02,35.35,Moderate Market Gap,55.41,Strong Opportunity,Improve Wearables products by addressing battery problems,203
P0255,Bluetooth Speaker 255,Audio,Bluetooth Speaker,battery,25,62.5,65.63,35.19,Moderate Market Gap,55.4,Strong Opportunity,Improve Audio products by addressing battery problems,204
P0342,Smartphone 342,Mobile,Smartphone,battery,23,57.5,69.43,36.43,Moderate Market Gap,55.35,Strong Opportunity,Improve Mobile products by addressing battery problems,205
P0174,Tablet 174,Mobile,Tablet,battery,28,70.0,56.89,36.43,Moderate Market Gap,55.34,Strong Opportunity,Improve Mobile products by addressing battery problems,206
P0069,Headphones 69,Audio,Headphones,performance,22,55.0,72.94,35.19,Moderate Market Gap,55.34,Strong Opportunity,Improve Audio products by addressing performance problems,207
P0389,Fitness Watch 389,Watches,Fitness Watch,battery,22,55.0,71.47,36.86,Moderate Market Gap,55.32,Strong Opportunity,Improve Watches products by addressing battery problems,208
P0316,Wireless Earbuds 316,Audio,Wireless Earbuds,quality,19,47.5,80.09,35.19,Moderate Market Gap,55.21,Strong Opportunity,Improve Audio products by addressing quality problems,209
P0316,Wireless Earbuds 316,Audio,Wireless Earbuds,performance,19,47.5,80.09,35.19,Moderate Market Gap,55.21,Strong Opportunity,Improve Audio products by addressing performance problems,210
P0316,Wireless Earbuds 316,Audio,Wireless Earbuds,software,19,47.5,80.09,35.19,Moderate Market Gap,55.21,Strong Opportunity,Improve Audio products by addressing software problems,211
P0492,Smart Ring 492,Wearables,Smart Ring,quality,21,52.5,74.93,35.35,Moderate Market Gap,55.21,Strong Opportunity,Improve Wearables products by addressing quality problems,212
P0328,Smartphone 328,Mobile,Smartphone,battery,27,67.5,58.98,36.43,Moderate Market Gap,55.2,Strong Opportunity,Improve Mobile products by addressing battery problems,213
P0113,Smart Watch 113,Watches,Smart Watch,battery,22,55.0,71.1,36.86,Moderate Market Gap,55.19,Strong Opportunity,Improve Watches products by addressing battery problems,214
P0235,Smartphone 235,Mobile,Smartphone,performance,19,47.5,78.93,36.43,Moderate Market Gap,55.18,Strong Opportunity,Improve Mobile products by addressing performance problems,215
P0125,Air Purifier 125,Home Appliances,Air Purifier,quality,26,65.0,61.54,36.23,Moderate Market Gap,55.16,Strong Opportunity,Improve Home Appliances products by addressing quality problems,216
P0412,Air Purifier 412,Home Appliances,Air Purifier,battery,30,75.0,51.55,36.23,Moderate Market Gap,55.16,Strong Opportunity,Improve Home Appliances products by addressing battery problems,217
P0332,Smart Watch 332,Watches,Smart Watch,battery,28,70.0,55.9,36.86,Moderate Market Gap,55.12,Strong Opportunity,Improve Watches products by addressing battery problems,218
P0344,Smartphone 344,Mobile,Smartphone,battery,23,57.5,68.77,36.43,Moderate Market Gap,55.12,Strong Opportunity,Improve Mobile products by addressing battery problems,219
P0356,Air Purifier 356,Home Appliances,Air Purifier,performance,22,55.0,71.4,36.23,Moderate Market Gap,55.11,Strong Opportunity,Improve Home Appliances products by addressing performance problems,220
P0147,Fitness Band 147,Wearables,Fitness Band,quality,28,70.0,56.82,35.35,Moderate Market Gap,54.99,Strong Opportunity,Improve Wearables products by addressing quality problems,221
P0103,Fitness Band 103,Wearables,Fitness Band,quality,23,57.5,69.29,35.35,Moderate Market Gap,54.98,Strong Opportunity,Improve Wearables products by addressing quality problems,222
P0347,Smartphone 347,Mobile,Smartphone,performance,19,47.5,78.35,36.43,Moderate Market Gap,54.98,Strong Opportunity,Improve Mobile products by addressing performance problems,223
P0347,Smartphone 347,Mobile,Smartphone,comfort,19,47.5,78.35,36.43,Moderate Market Gap,54.98,Strong Opportunity,Improve Mobile products by addressing comfort problems,224
P0057,Headphones 57,Audio,Headphones,battery,23,57.5,69.4,35.19,Moderate Market Gap,54.97,Strong Opportunity,Improve Audio products by addressing battery problems,225
P0089,Fitness Band 89,Wearables,Fitness Band,battery,34,85.0,41.58,35.35,Moderate Market Gap,54.91,Strong Opportunity,Improve Wearables products by addressing battery problems,226
P0261,Analog Watch 261,Watches,Analog Watch,battery,25,62.5,62.76,36.86,Moderate Market Gap,54.9,Strong Opportunity,Improve Watches products by addressing battery problems,227
P0499,Tablet 499,Mobile,Tablet,battery,30,75.0,50.57,36.43,Moderate Market Gap,54.88,Strong Opportunity,Improve Mobile products by addressing battery problems,228
P0221,Tablet 221,Mobile,Tablet,battery,27,67.5,58.08,36.43,Moderate Market Gap,54.88,Strong Opportunity,Improve Mobile products by addressing battery problems,229
P0115,Air Purifier 115,Home Appliances,Air Purifier,battery,23,57.5,68.23,36.23,Moderate Market Gap,54.87,Strong Opportunity,Improve Home Appliances products by addressing battery problems,230
P0383,Smart Ring 383,Wearables,Smart Ring,quality,23,57.5,68.97,35.35,Moderate Market Gap,54.87,Strong Opportunity,Improve Wearables products by addressing quality problems,231
P0173,Smartphone 173,Mobile,Smartphone,battery,28,70.0,55.5,36.43,Moderate Market Gap,54.85,Strong Opportunity,Improve Mobile products by addressing battery problems,232
P0222,Air Purifier 222,Home Appliances,Air Purifier,battery,24,60.0,65.63,36.23,Moderate Market Gap,54.84,Strong Opportunity,Improve Home Appliances products by addressing battery problems,233
P0026,Headphones 26,Audio,Headphones,battery,25,62.5,64.01,35.19,Moderate Market Gap,54.84,Strong Opportunity,Improve Audio products by addressing battery problems,234
P0142,Smart Fan 142,Home Appliances,Smart Fan,quality,22,55.0,70.25,36.23,Moderate Market Gap,54.71,Strong Opportunity,Improve Home Appliances products by addressing quality problems,235
P0358,Bluetooth Speaker 358,Audio,Bluetooth Speaker,battery,26,65.0,61.14,35.19,Moderate Market Gap,54.71,Strong Opportunity,Improve Audio products by addressing battery problems,236
P0433,Smart Fan 433,Home Appliances,Smart Fan,battery,26,65.0,60.2,36.23,Moderate Market Gap,54.69,Strong Opportunity,Improve Home Appliances products by addressing battery problems,237
P0110,Smart Ring 110,Wearables,Smart Ring,quality,22,55.0,70.92,35.35,Moderate Market Gap,54.68,Strong Opportunity,Improve Wearables products by addressing quality problems,238
P0230,Smart Watch 230,Watches,Smart Watch,battery,19,47.5,77.04,36.86,Moderate Market Gap,54.65,Strong Opportunity,Improve Watches products by addressing battery problems,239
P0165,Bluetooth Speaker 165,Audio,Bluetooth Speaker,performance,20,50.0,75.94,35.19,Moderate Market Gap,54.64,Strong Opportunity,Improve Audio products by addressing performance problems,240
P0341,Smart Watch 341,Watches,Smart Watch,quality,23,57.5,66.93,36.86,Moderate Market Gap,54.61,Strong Opportunity,Improve Watches products by addressing quality problems,241
P0339,Wireless Earbuds 339,Audio,Wireless Earbuds,performance,20,50.0,75.81,35.19,Moderate Market Gap,54.59,Strong Opportunity,Improve Audio products by addressing performance problems,242
P0317,Smart Light 317,Home Appliances,Smart Light,battery,28,70.0,54.92,36.23,Moderate Market Gap,54.59,Strong Opportunity,Improve Home Appliances products by addressing battery problems,243
P0270,Smart Watch 270,Watches,Smart Watch,battery,26,65.0,59.26,36.86,Moderate Market Gap,54.55,Strong Opportunity,Improve Watches products by addressing battery problems,244
P0177,Wireless Earbuds 177,Audio,Wireless Earbuds,quality,21,52.5,73.15,35.19,Moderate Market Gap,54.53,Strong Opportunity,Improve Audio products by addressing quality problems,245
P0061,Wireless Earbuds 61,Audio,Wireless Earbuds,battery,26,65.0,60.52,35.19,Moderate Market Gap,54.49,Strong Opportunity,Improve Audio products by addressing battery problems,246
P0083,Air Purifier 83,Home Appliances,Air Purifier,battery,29,72.5,52.12,36.23,Moderate Market Gap,54.49,Strong Opportunity,Improve Home Appliances products by addressing battery problems,247
P0485,Smart Watch 485,Watches,Smart Watch,performance,20,50.0,73.94,36.86,Moderate Market Gap,54.44,Strong Opportunity,Improve Watches products by addressing performance problems,248
P0145,Fitness Band 145,Wearables,Fitness Band,battery,31,77.5,47.62,35.35,Moderate Market Gap,54.4,Strong Opportunity,Improve Wearables products by addressing battery problems,249
P0365,Smart Ring 365,Wearables,Smart Ring,quality,24,60.0,65.13,35.35,Moderate Market Gap,54.4,Strong Opportunity,Improve Wearables products by addressing quality problems,250
P0044,Fitness Band 44,Wearables,Fitness Band,quality,29,72.5,52.63,35.35,Moderate Market Gap,54.4,Strong Opportunity,Improve Wearables products by addressing quality problems,251
P0439,Smartphone 439,Mobile,Smartphone,battery,28,70.0,54.06,36.43,Moderate Market Gap,54.35,Strong Opportunity,Improve Mobile products by addressing battery problems,252
P0262,Headphones 262,Audio,Headphones,battery,23,57.5,67.63,35.19,Moderate Market Gap,54.35,Strong Opportunity,Improve Audio products by addressing battery problems,253
P0019,Fitness Watch 19,Watches,Fitness Watch,battery,33,82.5,41.05,36.86,Moderate Market Gap,54.3,Strong Opportunity,Improve Watches products by addressing battery problems,254
P0164,Smart Fan 164,Home Appliances,Smart Fan,battery,31,77.5,46.5,36.23,Moderate Market Gap,54.27,Strong Opportunity,Improve Home Appliances products by addressing battery problems,255
P0242,Smart Light 242,Home Appliances,Smart Light,delivery,19,47.5,76.46,36.23,Moderate Market Gap,54.26,Strong Opportunity,Improve Home Appliances products by addressing delivery problems,256
P0064,Fitness Band 64,Wearables,Fitness Band,quality,21,52.5,72.23,35.35,Moderate Market Gap,54.26,Strong Opportunity,Improve Wearables products by addressing quality problems,257
P0064,Fitness Band 64,Wearables,Fitness Band,battery,21,52.5,72.23,35.35,Moderate Market Gap,54.26,Strong Opportunity,Improve Wearables products by addressing battery problems,258
P0149,Fitness Watch 149,Watches,Fitness Watch,quality,21,52.5,70.89,36.86,Moderate Market Gap,54.24,Strong Opportunity,Improve Watches products by addressing quality problems,259
P0356,Air Purifier 356,Home Appliances,Air Purifier,battery,21,52.5,71.4,36.23,Moderate Market Gap,54.23,Strong Opportunity,Improve Home Appliances products by addressing battery problems,260
P0028,Fitness Band 28,Wearables,Fitness Band,performance,23,57.5,67.1,35.35,Moderate Market Gap,54.22,Strong Opportunity,Improve Wearables products by addressing performance problems,261
P0084,Fitness Band 84,Wearables,Fitness Band,battery,35,87.5,37.11,35.35,Moderate Market Gap,54.22,Strong Opportunity,Improve Wearables products by addressing battery problems,262
P0319,Smart Ring 319,Wearables,Smart Ring,battery,29,72.5,52.07,35.35,Moderate Market Gap,54.2,Strong Opportunity,Improve Wearables products by addressing battery problems,263
P0370,Tablet 370,Mobile,Tablet,quality,23,57.5,66.09,36.43,Moderate Market Gap,54.19,Strong Opportunity,Improve Mobile products by addressing quality problems,264
P0172,Air Purifier 172,Home Appliances,Air Purifier,battery,27,67.5,56.26,36.23,Moderate Market Gap,54.18,Strong Opportunity,Improve Home Appliances products by addressing battery problems,265
P0091,Tablet 91,Mobile,Tablet,quality,30,75.0,48.54,36.43,Moderate Market Gap,54.17,Strong Opportunity,Improve Mobile products by addressing quality problems,266
P0273,Smart Ring 273,Wearables,Smart Ring,performance,19,47.5,76.86,35.35,Moderate Market Gap,54.13,Strong Opportunity,Improve Wearables products by addressing performance problems,267
P0147,Fitness Band 147,Wearables,Fitness Band,battery,27,67.5,56.82,35.35,Moderate Market Gap,54.12,Strong Opportunity,Improve Wearables products by addressing battery problems,268
P0042,Smart Watch 42,Watches,Smart Watch,battery,29,72.5,50.48,36.86,Moderate Market Gap,54.1,Strong Opportunity,Improve Watches products by addressing battery problems,269
P0334,Fitness Band 334,Wearables,Fitness Band,performance,23,57.5,66.7,35.35,Moderate Market Gap,54.08,Strong Opportunity,Improve Wearables products by addressing performance problems,270
P0202,Fitness Watch 202,Watches,Fitness Watch,quality,21,52.5,70.42,36.86,Moderate Market Gap,54.08,Strong Opportunity,Improve Watches products by addressing quality problems,271
P0146,Air Purifier 146,Home Appliances,Air Purifier,battery,21,52.5,70.93,36.23,Moderate Market Gap,54.07,Strong Opportunity,Improve Home Appliances products by addressing battery problems,272
P0460,Headphones 460,Audio,Headphones,battery,25,62.5,61.7,35.19,Moderate Market Gap,54.03,Strong Opportunity,Improve Audio products by addressing battery problems,273
P0033,Smart Watch 33,Watches,Smart Watch,quality,22,55.0,67.78,36.86,Moderate Market Gap,54.03,Strong Opportunity,Improve Watches products by addressing quality problems,274
P0265,Smart Fan 265,Home Appliances,Smart Fan,battery,25,62.5,60.78,36.23,Moderate Market Gap,54.02,Strong Opportunity,Improve Home Appliances products by addressing battery problems,275
P0049,Smart Fan 49,Home Appliances,Smart Fan,battery,27,67.5,55.75,36.23,Moderate Market Gap,54.01,Strong Opportunity,Improve Home Appliances products by addressing battery problems,276
P0440,Fitness Band 440,Wearables,Fitness Band,battery,24,60.0,63.98,35.35,Moderate Market Gap,54.0,Strong Opportunity,Improve Wearables products by addressing battery problems,277
P0391,Smart Light 391,Home Appliances,Smart Light,battery,28,70.0,53.23,36.23,Moderate Market Gap,54.0,Strong Opportunity,Improve Home Appliances products by addressing battery problems,278
P0343,Tablet 343,Mobile,Tablet,battery,32,80.0,43.06,36.43,Moderate Market Gap,54.0,Strong Opportunity,Improve Mobile products by addressing battery problems,279
P0405,Air Purifier 405,Home Appliances,Air Purifier,battery,22,55.0,68.21,36.23,Moderate Market Gap,53.99,Strong Opportunity,Improve Home Appliances products by addressing battery problems,280
P0205,Tablet 205,Mobile,Tablet,battery,21,52.5,70.49,36.43,Moderate Market Gap,53.98,Strong Opportunity,Improve Mobile products by addressing battery problems,281
P0065,Smart Ring 65,Wearables,Smart Ring,battery,29,72.5,51.44,35.35,Moderate Market Gap,53.98,Strong Opportunity,Improve Wearables products by addressing battery problems,282
P0124,Smart Ring 124,Wearables,Smart Ring,quality,21,52.5,71.44,35.35,Moderate Market Gap,53.98,Strong Opportunity,Improve Wearables products by addressing quality problems,283
P0045,Smart Ring 45,Wearables,Smart Ring,battery,29,72.5,51.43,35.35,Moderate Market Gap,53.98,Strong Opportunity,Improve Wearables products by addressing battery problems,284
P0085,Fitness Band 85,Wearables,Fitness Band,performance,28,70.0,53.82,35.35,Moderate Market Gap,53.94,Strong Opportunity,Improve Wearables products by addressing performance problems,285
P0312,Smart Watch 312,Watches,Smart Watch,quality,19,47.5,74.89,36.86,Moderate Market Gap,53.89,Strong Opportunity,Improve Watches products by addressing quality problems,286
P0306,Fitness Band 306,Wearables,Fitness Band,quality,28,70.0,53.54,35.35,Moderate Market Gap,53.84,Strong Opportunity,Improve Wearables products by addressing quality problems,287
P0345,Tablet 345,Mobile,Tablet,performance,19,47.5,75.09,36.43,Moderate Market Gap,53.84,Strong Opportunity,Improve Mobile products by addressing performance problems,288
P0388,Smart Fan 388,Home Appliances,Smart Fan,battery,20,50.0,72.7,36.23,Moderate Market Gap,53.81,Strong Opportunity,Improve Home Appliances products by addressing battery problems,289
P0036,Smart Watch 36,Watches,Smart Watch,battery,27,67.5,54.59,36.86,Moderate Market Gap,53.79,Strong Opportunity,Improve Watches products by addressing battery problems,290
P0374,Headphones 374,Audio,Headphones,performance,20,50.0,73.48,35.19,Moderate Market Gap,53.78,Strong Opportunity,Improve Audio products by addressing performance problems,291
P0230,Smart Watch 230,Watches,Smart Watch,comfort,18,45.0,77.04,36.86,Moderate Market Gap,53.77,Strong Opportunity,Improve Watches products by addressing comfort problems,292
P0268,Fitness Band 268,Wearables,Fitness Band,battery,24,60.0,63.34,35.35,Moderate Market Gap,53.77,Strong Opportunity,Improve Wearables products by addressing battery problems,293
P0236,Fitness Band 236,Wearables,Fitness Band,battery,21,52.5,70.79,35.35,Moderate Market Gap,53.76,Strong Opportunity,Improve Wearables products by addressing battery problems,294
P0119,Wireless Earbuds 119,Audio,Wireless Earbuds,battery,28,70.0,53.42,35.19,Moderate Market Gap,53.75,Strong Opportunity,Improve Audio products by addressing battery problems,295
P0183,Wireless Earbuds 183,Audio,Wireless Earbuds,quality,24,60.0,63.35,35.19,Moderate Market Gap,53.73,Strong Opportunity,Improve Audio products by addressing quality problems,296
P0277,Smartphone 277,Mobile,Smartphone,battery,33,82.5,39.7,36.43,Moderate Market Gap,53.7,Strong Opportunity,Improve Mobile products by addressing battery problems,297
P0186,Smart Ring 186,Wearables,Smart Ring,battery,23,57.5,65.58,35.35,Moderate Market Gap,53.68,Strong Opportunity,Improve Wearables products by addressing battery problems,298
P0029,Smart Light 29,Home Appliances,Smart Light,battery,30,75.0,47.31,36.23,Moderate Market Gap,53.68,Strong Opportunity,Improve Home Appliances products by addressing battery problems,299
P0094,Smart Ring 94,Wearables,Smart Ring,quality,19,47.5,75.53,35.35,Moderate Market Gap,53.67,Strong Opportunity,Improve Wearables products by addressing quality problems,300
P0105,Fitness Watch 105,Watches,Fitness Watch,battery,19,47.5,74.12,36.86,Moderate Market Gap,53.62,Strong Opportunity,Improve Watches products by addressing battery problems,301
P0427,Analog Watch 427,Watches,Analog Watch,battery,25,62.5,59.06,36.86,Moderate Market Gap,53.6,Strong Opportunity,Improve Watches products by addressing battery problems,302
P0415,Fitness Band 415,Wearables,Fitness Band,battery,25,62.5,60.25,35.35,Moderate Market Gap,53.57,Strong Opportunity,Improve Wearables products by addressing battery problems,303
P0406,Fitness Band 406,Wearables,Fitness Band,quality,28,70.0,52.74,35.35,Moderate Market Gap,53.56,Strong Opportunity,Improve Wearables products by addressing quality problems,304
P0252,Smartphone 252,Mobile,Smartphone,battery,27,67.5,54.1,36.43,Moderate Market Gap,53.49,Strong Opportunity,Improve Mobile products by addressing battery problems,305
P0328,Smartphone 328,Mobile,Smartphone,performance,25,62.5,58.98,36.43,Moderate Market Gap,53.45,Strong Opportunity,Improve Mobile products by addressing performance problems,306
P0133,Wireless Earbuds 133,Audio,Wireless Earbuds,quality,26,65.0,57.5,35.19,Moderate Market Gap,53.43,Strong Opportunity,Improve Audio products by addressing quality problems,307
P0453,Smartphone 453,Mobile,Smartphone,quality,28,70.0,51.37,36.43,Moderate Market Gap,53.41,Strong Opportunity,Improve Mobile products by addressing quality problems,308
P0344,Smartphone 344,Mobile,Smartphone,performance,21,52.5,68.77,36.43,Moderate Market Gap,53.37,Strong Opportunity,Improve Mobile products by addressing performance problems,309
P0107,Analog Watch 107,Watches,Analog Watch,quality,31,77.5,43.39,36.86,Moderate Market Gap,53.37,Strong Opportunity,Improve Watches products by addressing quality problems,310
P0344,Smartphone 344,Mobile,Smartphone,quality,21,52.5,68.77,36.43,Moderate Market Gap,53.37,Strong Opportunity,Improve Mobile products by addressing quality problems,311
P0028,Fitness Band 28,Wearables,Fitness Band,quality,22,55.0,67.1,35.35,Moderate Market Gap,53.34,Strong Opportunity,Improve Wearables products by addressing quality problems,312
P0370,Tablet 370,Mobile,Tablet,battery,22,55.0,66.09,36.43,Moderate Market Gap,53.31,Strong Opportunity,Improve Mobile products by addressing battery problems,313
P0099,Bluetooth Speaker 99,Audio,Bluetooth Speaker,battery,18,45.0,77.04,35.19,Moderate Market Gap,53.27,Strong Opportunity,Improve Audio products by addressing battery problems,314
P0400,Analog Watch 400,Watches,Analog Watch,quality,19,47.5,73.08,36.86,Moderate Market Gap,53.26,Strong Opportunity,Improve Watches products by addressing quality problems,315
P0419,Fitness Band 419,Wearables,Fitness Band,performance,18,45.0,76.83,35.35,Moderate Market Gap,53.25,Strong Opportunity,Improve Wearables products by addressing performance problems,316
P0103,Fitness Band 103,Wearables,Fitness Band,battery,21,52.5,69.29,35.35,Moderate Market Gap,53.23,Strong Opportunity,Improve Wearables products by addressing battery problems,317
P0123,Smart Watch 123,Watches,Smart Watch,performance,18,45.0,75.47,36.86,Moderate Market Gap,53.22,Strong Opportunity,Improve Watches products by addressing performance problems,318
P0033,Smart Watch 33,Watches,Smart Watch,performance,21,52.5,67.78,36.86,Moderate Market Gap,53.16,Strong Opportunity,Improve Watches products by addressing performance problems,319
P0271,Tablet 271,Mobile,Tablet,battery,24,60.0,60.64,36.43,Moderate Market Gap,53.15,Strong Opportunity,Improve Mobile products by addressing battery problems,320
P0221,Tablet 221,Mobile,Tablet,quality,25,62.5,58.08,36.43,Moderate Market Gap,53.13,Strong Opportunity,Improve Mobile products by addressing quality problems,321
P0050,Analog Watch 50,Watches,Analog Watch,battery,24,60.0,60.12,36.86,Moderate Market Gap,53.1,Strong Opportunity,Improve Watches products by addressing battery problems,322
P0311,Smart Light 311,Home Appliances,Smart Light,battery,21,52.5,68.11,36.23,Moderate Market Gap,53.08,Strong Opportunity,Improve Home Appliances products by addressing battery problems,323
P0340,Fitness Band 340,Wearables,Fitness Band,quality,23,57.5,63.82,35.35,Moderate Market Gap,53.07,Strong Opportunity,Improve Wearables products by addressing quality problems,324
P0340,Fitness Band 340,Wearables,Fitness Band,battery,23,57.5,63.82,35.35,Moderate Market Gap,53.07,Strong Opportunity,Improve Wearables products by addressing battery problems,325
P0435,Bluetooth Speaker 435,Audio,Bluetooth Speaker,battery,25,62.5,58.93,35.19,Moderate Market Gap,53.06,Strong Opportunity,Improve Audio products by addressing battery problems,326
P0201,Fitness Band 201,Wearables,Fitness Band,battery,31,77.5,43.73,35.35,Moderate Market Gap,53.04,Strong Opportunity,Improve Wearables products by addressing battery problems,327
P0014,Fitness Band 14,Wearables,Fitness Band,quality,22,55.0,66.23,35.35,Moderate Market Gap,53.04,Strong Opportunity,Improve Wearables products by addressing quality problems,328
P0191,Headphones 191,Audio,Headphones,quality,23,57.5,63.82,35.19,Moderate Market Gap,53.02,Strong Opportunity,Improve Audio products by addressing quality problems,329
P0431,Bluetooth Speaker 431,Audio,Bluetooth Speaker,quality,20,50.0,71.32,35.19,Moderate Market Gap,53.02,Strong Opportunity,Improve Audio products by addressing quality problems,330
P0431,Bluetooth Speaker 431,Audio,Bluetooth Speaker,battery,20,50.0,71.32,35.19,Moderate Market Gap,53.02,Strong Opportunity,Improve Audio products by addressing battery problems,331
P0142,Smart Fan 142,Home Appliances,Smart Fan,comfort,20,50.0,70.25,36.23,Moderate Market Gap,52.96,Strong Opportunity,Improve Home Appliances products by addressing comfort problems,332
P0388,Smart Fan 388,Home Appliances,Smart Fan,quality,19,47.5,72.7,36.23,Moderate Market Gap,52.94,Strong Opportunity,Improve Home Appliances products by addressing quality problems,333
P0433,Smart Fan 433,Home Appliances,Smart Fan,performance,24,60.0,60.2,36.23,Moderate Market Gap,52.94,Strong Opportunity,Improve Home Appliances products by addressing performance problems,334
P0451,Bluetooth Speaker 451,Audio,Bluetooth Speaker,quality,23,57.5,63.56,35.19,Moderate Market Gap,52.93,Strong Opportunity,Improve Audio products by addressing quality problems,335
P0291,Wireless Earbuds 291,Audio,Wireless Earbuds,battery,19,47.5,73.57,35.19,Moderate Market Gap,52.93,Strong Opportunity,Improve Audio products by addressing battery problems,336
P0007,Tablet 7,Mobile,Tablet,quality,20,50.0,69.88,36.43,Moderate Market Gap,52.89,Strong Opportunity,Improve Mobile products by addressing quality problems,337
P0007,Tablet 7,Mobile,Tablet,performance,20,50.0,69.88,36.43,Moderate Market Gap,52.89,Strong Opportunity,Improve Mobile products by addressing performance problems,338
P0395,Analog Watch 395,Watches,Analog Watch,battery,29,72.5,46.98,36.86,Moderate Market Gap,52.88,Strong Opportunity,Improve Watches products by addressing battery problems,339
P0038,Tablet 38,Mobile,Tablet,battery,29,72.5,47.36,36.43,Moderate Market Gap,52.88,Strong Opportunity,Improve Mobile products by addressing battery problems,340
P0424,Smart Ring 424,Wearables,Smart Ring,battery,27,67.5,53.26,35.35,Moderate Market Gap,52.87,Strong Opportunity,Improve Wearables products by addressing battery problems,341
P0289,Smart Ring 289,Wearables,Smart Ring,battery,28,70.0,50.73,35.35,Moderate Market Gap,52.86,Strong Opportunity,Improve Wearables products by addressing battery problems,342
P0339,Wireless Earbuds 339,Audio,Wireless Earbuds,quality,18,45.0,75.81,35.19,Moderate Market Gap,52.84,Strong Opportunity,Improve Audio products by addressing quality problems,343
P0102,Smart Light 102,Home Appliances,Smart Light,battery,25,62.5,57.37,36.23,Moderate Market Gap,52.82,Strong Opportunity,Improve Home Appliances products by addressing battery problems,344
P0179,Fitness Band 179,Wearables,Fitness Band,battery,30,75.0,45.59,35.35,Moderate Market Gap,52.81,Strong Opportunity,Improve Wearables products by addressing battery problems,345
P0210,Tablet 210,Mobile,Tablet,battery,33,82.5,37.01,36.43,Moderate Market Gap,52.76,Strong Opportunity,Improve Mobile products by addressing battery problems,346
P0479,Fitness Watch 479,Watches,Fitness Watch,performance,20,50.0,69.04,36.86,Moderate Market Gap,52.72,Strong Opportunity,Improve Watches products by addressing performance problems,347
P0067,Smart Fan 67,Home Appliances,Smart Fan,quality,29,72.5,47.01,36.23,Moderate Market Gap,52.7,Strong Opportunity,Improve Home Appliances products by addressing quality problems,348
P0470,Smart Light 470,Home Appliances,Smart Light,quality,21,52.5,67.01,36.23,Moderate Market Gap,52.7,Strong Opportunity,Improve Home Appliances products by addressing quality problems,349
P0269,Smartphone 269,Mobile,Smartphone,quality,19,47.5,71.85,36.43,Moderate Market Gap,52.7,Strong Opportunity,Improve Mobile products by addressing quality problems,350
P0413,Smart Watch 413,Watches,Smart Watch,performance,18,45.0,73.99,36.86,Moderate Market Gap,52.7,Strong Opportunity,Improve Watches products by addressing performance problems,351
P0269,Smartphone 269,Mobile,Smartphone,performance,19,47.5,71.85,36.43,Moderate Market Gap,52.7,Strong Opportunity,Improve Mobile products by addressing performance problems,352
P0406,Fitness Band 406,Wearables,Fitness Band,battery,27,67.5,52.74,35.35,Moderate Market Gap,52.69,Strong Opportunity,Improve Wearables products by addressing battery problems,353
P0420,Smart Ring 420,Wearables,Smart Ring,quality,25,62.5,57.69,35.35,Moderate Market Gap,52.67,Strong Opportunity,Improve Wearables products by addressing quality problems,354
P0025,Smart Watch 25,Watches,Smart Watch,battery,24,60.0,58.86,36.86,Moderate Market Gap,52.66,Strong Opportunity,Improve Watches products by addressing battery problems,355
P0288,Smart Ring 288,Wearables,Smart Ring,quality,21,52.5,67.62,35.35,Moderate Market Gap,52.65,Strong Opportunity,Improve Wearables products by addressing quality problems,356
P0229,Smart Light 229,Home Appliances,Smart Light,delivery,19,47.5,71.88,36.23,Moderate Market Gap,52.65,Strong Opportunity,Improve Home Appliances products by addressing delivery problems,357
P0382,Smart Watch 382,Watches,Smart Watch,battery,26,65.0,53.78,36.86,Moderate Market Gap,52.63,Strong Opportunity,Improve Watches products by addressing battery problems,358
P0267,Smartphone 267,Mobile,Smartphone,battery,25,62.5,56.54,36.43,Moderate Market Gap,52.59,Strong Opportunity,Improve Mobile products by addressing battery problems,359
P0106,Bluetooth Speaker 106,Audio,Bluetooth Speaker,battery,28,70.0,50.07,35.19,Moderate Market Gap,52.58,Strong Opportunity,Improve Audio products by addressing battery problems,360
P0093,Tablet 93,Mobile,Tablet,battery,31,77.5,41.47,36.43,Moderate Market Gap,52.57,Strong Opportunity,Improve Mobile products by addressing battery problems,361
P0185,Smart Ring 185,Wearables,Smart Ring,battery,32,80.0,39.75,35.35,Moderate Market Gap,52.52,Strong Opportunity,Improve Wearables products by addressing battery problems,362
P0114,Smart Light 114,Home Appliances,Smart Light,battery,28,70.0,49.0,36.23,Moderate Market Gap,52.52,Strong Opportunity,Improve Home Appliances products by addressing battery problems,363
P0163,Smart Ring 163,Wearables,Smart Ring,quality,21,52.5,67.22,35.35,Moderate Market Gap,52.51,Strong Opportunity,Improve Wearables products by addressing quality problems,364
P0242,Smart Light 242,Home Appliances,Smart Light,battery,17,42.5,76.46,36.23,Moderate Market Gap,52.5,Strong Opportunity,Improve Home Appliances products by addressing battery problems,365
P0200,Bluetooth Speaker 200,Audio,Bluetooth Speaker,battery,25,62.5,57.33,35.19,Moderate Market Gap,52.5,Strong Opportunity,Improve Audio products by addressing battery problems,366
P0407,Fitness Band 407,Wearables,Fitness Band,battery,24,60.0,59.66,35.35,Moderate Market Gap,52.49,Strong Opportunity,Improve Wearables products by addressing battery problems,367
P0087,Tablet 87,Mobile,Tablet,battery,28,70.0,48.74,36.43,Moderate Market Gap,52.49,Strong Opportunity,Improve Mobile products by addressing battery problems,368
P0047,Smart Fan 47,Home Appliances,Smart Fan,quality,17,42.5,76.37,36.23,Moderate Market Gap,52.47,Strong Opportunity,Improve Home Appliances products by addressing quality problems,369
P0058,Bluetooth Speaker 58,Audio,Bluetooth Speaker,quality,21,52.5,67.21,35.19,Moderate Market Gap,52.46,Strong Opportunity,Improve Audio products by addressing quality problems,370
P0132,Fitness Band 132,Wearables,Fitness Band,battery,27,67.5,52.05,35.35,Moderate Market Gap,52.45,Strong Opportunity,Improve Wearables products by addressing battery problems,371
P0192,Bluetooth Speaker 192,Audio,Bluetooth Speaker,quality,20,50.0,69.68,35.19,Moderate Market Gap,52.45,Strong Opportunity,Improve Audio products by addressing quality problems,372
P0338,Wireless Earbuds 338,Audio,Wireless Earbuds,delivery,17,42.5,77.17,35.19,Moderate Market Gap,52.44,Strong Opportunity,Improve Audio products by addressing delivery problems,373
P0398,Wireless Earbuds 398,Audio,Wireless Earbuds,quality,22,55.0,64.63,35.19,Moderate Market Gap,52.43,Strong Opportunity,Improve Audio products by addressing quality problems,374
P0256,Smartphone 256,Mobile,Smartphone,quality,17,42.5,76.08,36.43,Moderate Market Gap,52.43,Strong Opportunity,Improve Mobile products by addressing quality problems,375
P0272,Tablet 272,Mobile,Tablet,battery,30,75.0,43.57,36.43,Moderate Market Gap,52.43,Strong Opportunity,Improve Mobile products by addressing battery problems,376
P0203,Smart Light 203,Home Appliances,Smart Light,quality,19,47.5,71.18,36.23,Moderate Market Gap,52.41,Strong Opportunity,Improve Home Appliances products by addressing quality problems,377
P0080,Wireless Earbuds 80,Audio,Wireless Earbuds,quality,25,62.5,56.98,35.19,Moderate Market Gap,52.38,Strong Opportunity,Improve Audio products by addressing quality problems,378
P0273,Smart Ring 273,Wearables,Smart Ring,quality,17,42.5,76.86,35.35,Moderate Market Gap,52.38,Strong Opportunity,Improve Wearables products by addressing quality problems,379
P0336,Tablet 336,Mobile,Tablet,battery,22,55.0,63.36,36.43,Moderate Market Gap,52.36,Strong Opportunity,Improve Mobile products by addressing battery problems,380
P0171,Smart Watch 171,Watches,Smart Watch,battery,23,57.5,60.45,36.86,Moderate Market Gap,52.34,Strong Opportunity,Improve Watches products by addressing battery problems,381
P0005,Air Purifier 5,Home Appliances,Air Purifier,quality,25,62.5,56.0,36.23,Moderate Market Gap,52.34,Strong Opportunity,Improve Home Appliances products by addressing quality problems,382
P0010,Smart Light 10,Home Appliances,Smart Light,delivery,16,40.0,78.49,36.23,Moderate Market Gap,52.34,Strong Opportunity,Improve Home Appliances products by addressing delivery problems,383
P0450,Fitness Band 450,Wearables,Fitness Band,battery,24,60.0,59.21,35.35,Moderate Market Gap,52.33,Strong Opportunity,Improve Wearables products by addressing battery problems,384
P0250,Fitness Band 250,Wearables,Fitness Band,quality,21,52.5,66.68,35.35,Moderate Market Gap,52.32,Strong Opportunity,Improve Wearables products by addressing quality problems,385
P0146,Air Purifier 146,Home Appliances,Air Purifier,quality,19,47.5,70.93,36.23,Moderate Market Gap,52.32,Strong Opportunity,Improve Home Appliances products by addressing quality problems,386
P0250,Fitness Band 250,Wearables,Fitness Band,performance,21,52.5,66.68,35.35,Moderate Market Gap,52.32,Strong Opportunity,Improve Wearables products by addressing performance problems,387
P0286,Fitness Band 286,Wearables,Fitness Band,battery,25,62.5,56.67,35.35,Moderate Market Gap,52.31,Strong Opportunity,Improve Wearables products by addressing battery problems,388
P0227,Smart Ring 227,Wearables,Smart Ring,battery,24,60.0,59.09,35.35,Moderate Market Gap,52.29,Strong Opportunity,Improve Wearables products by addressing battery problems,389
P0271,Tablet 271,Mobile,Tablet,performance,23,57.5,60.64,36.43,Moderate Market Gap,52.28,Strong Opportunity,Improve Mobile products by addressing performance problems,390
P0285,Smart Light 285,Home Appliances,Smart Light,quality,23,57.5,60.79,36.23,Moderate Market Gap,52.27,Strong Opportunity,Improve Home Appliances products by addressing quality problems,391
P0115,Air Purifier 115,Home Appliances,Air Purifier,quality,20,50.0,68.23,36.23,Moderate Market Gap,52.25,Strong Opportunity,Improve Home Appliances products by addressing quality problems,392
P0050,Analog Watch 50,Watches,Analog Watch,quality,23,57.5,60.12,36.86,Moderate Market Gap,52.22,Strong Opportunity,Improve Watches products by addressing quality problems,393
P0085,Fitness Band 85,Wearables,Fitness Band,battery,26,65.0,53.82,35.35,Moderate Market Gap,52.19,Strong Opportunity,Improve Wearables products by addressing battery problems,394
P0463,Air Purifier 463,Home Appliances,Air Purifier,quality,22,55.0,62.98,36.23,Moderate Market Gap,52.16,Strong Opportunity,Improve Home Appliances products by addressing quality problems,395
P0350,Analog Watch 350,Watches,Analog Watch,quality,29,72.5,44.92,36.86,Moderate Market Gap,52.16,Strong Opportunity,Improve Watches products by addressing quality problems,396
P0263,Smart Light 263,Home Appliances,Smart Light,quality,19,47.5,70.47,36.23,Moderate Market Gap,52.16,Strong Opportunity,Improve Home Appliances products by addressing quality problems,397
P0136,Tablet 136,Mobile,Tablet,battery,29,72.5,45.22,36.43,Moderate Market Gap,52.13,Strong Opportunity,Improve Mobile products by addressing battery problems,398
P0166,Smart Ring 166,Wearables,Smart Ring,battery,25,62.5,56.03,35.35,Moderate Market Gap,52.09,Strong Opportunity,Improve Wearables products by addressing battery problems,399
P0388,Smart Fan 388,Home Appliances,Smart Fan,performance,18,45.0,72.7,36.23,Moderate Market Gap,52.06,Strong Opportunity,Improve Home Appliances products by addressing performance problems,400
P0374,Headphones 374,Audio,Headphones,software,18,45.0,73.48,35.19,Moderate Market Gap,52.02,Strong Opportunity,Improve Audio products by addressing software problems,401
P0462,Smart Ring 462,Wearables,Smart Ring,battery,24,60.0,58.28,35.35,Moderate Market Gap,52.0,Strong Opportunity,Improve Wearables products by addressing battery problems,402
P0120,Smart Light 120,Home Appliances,Smart Light,battery,27,67.5,49.98,36.23,Moderate Market Gap,51.99,Strong Opportunity,Improve Home Appliances products by addressing battery problems,403
P0458,Headphones 458,Audio,Headphones,battery,25,62.5,55.69,35.19,Moderate Market Gap,51.92,Strong Opportunity,Improve Audio products by addressing battery problems,404
P0056,Analog Watch 56,Watches,Analog Watch,performance,22,55.0,61.72,36.86,Moderate Market Gap,51.91,Strong Opportunity,Improve Watches products by addressing performance problems,405
P0079,Smartphone 79,Mobile,Smartphone,battery,28,70.0,47.1,36.43,Moderate Market Gap,51.91,Strong Opportunity,Improve Mobile products by addressing battery problems,406
P0105,Fitness Watch 105,Watches,Fitness Watch,performance,17,42.5,74.12,36.86,Moderate Market Gap,51.88,Strong Opportunity,Improve Watches products by addressing performance problems,407
P0016,Air Purifier 16,Home Appliances,Air Purifier,battery,24,60.0,57.11,36.23,Moderate Market Gap,51.86,Strong Opportunity,Improve Home Appliances products by addressing battery problems,408
P0041,Headphones 41,Audio,Headphones,battery,26,65.0,52.99,35.19,Moderate Market Gap,51.85,Strong Opportunity,Improve Audio products by addressing battery problems,409
P0062,Tablet 62,Mobile,Tablet,battery,18,45.0,71.93,36.43,Moderate Market Gap,51.85,Strong Opportunity,Improve Mobile products by addressing battery problems,410
P0354,Smartphone 354,Mobile,Smartphone,battery,23,57.5,59.41,36.43,Moderate Market Gap,51.85,Strong Opportunity,Improve Mobile products by addressing battery problems,411
P0409,Analog Watch 409,Watches,Analog Watch,quality,22,55.0,61.53,36.86,Moderate Market Gap,51.84,Strong Opportunity,Improve Watches products by addressing quality problems,412
P0264,Tablet 264,Mobile,Tablet,battery,23,57.5,59.35,36.43,Moderate Market Gap,51.83,Strong Opportunity,Improve Mobile products by addressing battery problems,413
P0413,Smart Watch 413,Watches,Smart Watch,quality,17,42.5,73.99,36.86,Moderate Market Gap,51.83,Strong Opportunity,Improve Watches products by addressing quality problems,414
P0389,Fitness Watch 389,Watches,Fitness Watch,performance,18,45.0,71.47,36.86,Moderate Market Gap,51.82,Strong Opportunity,Improve Watches products by addressing performance problems,415
P0415,Fitness Band 415,Wearables,Fitness Band,quality,23,57.5,60.25,35.35,Moderate Market Gap,51.82,Strong Opportunity,Improve Wearables products by addressing quality problems,416
P0437,Tablet 437,Mobile,Tablet,quality,26,65.0,51.82,36.43,Moderate Market Gap,51.82,Strong Opportunity,Improve Mobile products by addressing quality problems,417
P0193,Fitness Band 193,Wearables,Fitness Band,battery,21,52.5,65.23,35.35,Moderate Market Gap,51.81,Strong Opportunity,Improve Wearables products by addressing battery problems,418
P0043,Tablet 43,Mobile,Tablet,performance,20,50.0,66.77,36.43,Moderate Market Gap,51.8,Strong Opportunity,Improve Mobile products by addressing performance problems,419
P0025,Smart Watch 25,Watches,Smart Watch,quality,23,57.5,58.86,36.86,Moderate Market Gap,51.78,Strong Opportunity,Improve Watches products by addressing quality problems,420
P0465,Fitness Band 465,Wearables,Fitness Band,quality,24,60.0,57.58,35.35,Moderate Market Gap,51.76,Strong Opportunity,Improve Wearables products by addressing quality problems,421
P0209,Wireless Earbuds 209,Audio,Wireless Earbuds,quality,21,52.5,65.11,35.19,Moderate Market Gap,51.72,Strong Opportunity,Improve Audio products by addressing quality problems,422
P0253,Bluetooth Speaker 253,Audio,Bluetooth Speaker,battery,25,62.5,55.11,35.19,Moderate Market Gap,51.72,Strong Opportunity,Improve Audio products by addressing battery problems,423
P0408,Smartphone 408,Mobile,Smartphone,battery,28,70.0,46.53,36.43,Moderate Market Gap,51.71,Strong Opportunity,Improve Mobile products by addressing battery problems,424
P0316,Wireless Earbuds 316,Audio,Wireless Earbuds,comfort,15,37.5,80.09,35.19,Moderate Market Gap,51.71,Strong Opportunity,Improve Audio products by addressing comfort problems,425
P0104,Smartphone 104,Mobile,Smartphone,battery,24,60.0,56.5,36.43,Moderate Market Gap,51.7,Strong Opportunity,Improve Mobile products by addressing battery problems,426
P0287,Analog Watch 287,Watches,Analog Watch,quality,24,60.0,56.02,36.86,Moderate Market Gap,51.66,Strong Opportunity,Improve Watches products by addressing quality problems,427
P0453,Smartphone 453,Mobile,Smartphone,battery,26,65.0,51.37,36.43,Moderate Market Gap,51.66,Strong Opportunity,Improve Mobile products by addressing battery problems,428
P0160,Smart Fan 160,Home Appliances,Smart Fan,battery,26,65.0,51.52,36.23,Moderate Market Gap,51.65,Strong Opportunity,Improve Home Appliances products by addressing battery problems,429
P0137,Analog Watch 137,Watches,Analog Watch,battery,32,80.0,35.85,36.86,Moderate Market Gap,51.61,Strong Opportunity,Improve Watches products by addressing battery problems,430
P0372,Smart Watch 372,Watches,Smart Watch,quality,22,55.0,60.78,36.86,Moderate Market Gap,51.58,Strong Opportunity,Improve Watches products by addressing quality problems,431
P0192,Bluetooth Speaker 192,Audio,Bluetooth Speaker,performance,19,47.5,69.68,35.19,Moderate Market Gap,51.57,Strong Opportunity,Improve Audio products by addressing performance problems,432
P0338,Wireless Earbuds 338,Audio,Wireless Earbuds,price,16,40.0,77.17,35.19,Moderate Market Gap,51.57,Strong Opportunity,Improve Audio products by addressing price problems,433
P0376,Smart Fan 376,Home Appliances,Smart Fan,quality,20,50.0,66.23,36.23,Moderate Market Gap,51.55,Strong Opportunity,Improve Home Appliances products by addressing quality problems,434
P0121,Fitness Band 121,Wearables,Fitness Band,quality,22,55.0,61.96,35.35,Moderate Market Gap,51.54,Strong Opportunity,Improve Wearables products by addressing quality problems,435
P0359,Smart Light 359,Home Appliances,Smart Light,battery,23,57.5,58.66,36.23,Moderate Market Gap,51.52,Strong Opportunity,Improve Home Appliances products by addressing battery problems,436
P0466,Smart Fan 466,Home Appliances,Smart Fan,quality,17,42.5,73.63,36.23,Moderate Market Gap,51.51,Strong Opportunity,Improve Home Appliances products by addressing quality problems,437
P0459,Smart Watch 459,Watches,Smart Watch,battery,28,70.0,45.57,36.86,Moderate Market Gap,51.51,Strong Opportunity,Improve Watches products by addressing battery problems,438
P0466,Smart Fan 466,Home Appliances,Smart Fan,performance,17,42.5,73.63,36.23,Moderate Market Gap,51.51,Strong Opportunity,Improve Home Appliances products by addressing performance problems,439
P0138,Smart Fan 138,Home Appliances,Smart Fan,battery,30,75.0,41.05,36.23,Moderate Market Gap,51.49,Strong Opportunity,Improve Home Appliances products by addressing battery problems,440
P0254,Tablet 254,Mobile,Tablet,battery,23,57.5,58.33,36.43,Moderate Market Gap,51.47,Strong Opportunity,Improve Mobile products by addressing battery problems,441
P0442,Smartphone 442,Mobile,Smartphone,battery,24,60.0,55.81,36.43,Moderate Market Gap,51.46,Strong Opportunity,Improve Mobile products by addressing battery problems,442
P0320,Smart Ring 320,Wearables,Smart Ring,battery,27,67.5,49.19,35.35,Moderate Market Gap,51.45,Strong Opportunity,Improve Wearables products by addressing battery problems,443
P0334,Fitness Band 334,Wearables,Fitness Band,quality,20,50.0,66.7,35.35,Moderate Market Gap,51.45,Strong Opportunity,Improve Wearables products by addressing quality problems,444
P0008,Headphones 8,Audio,Headphones,price,18,45.0,71.78,35.19,Moderate Market Gap,51.43,Strong Opportunity,Improve Audio products by addressing price problems,445
P0003,Smart Light 3,Home Appliances,Smart Light,quality,30,75.0,40.9,36.23,Moderate Market Gap,51.43,Strong Opportunity,Improve Home Appliances products by addressing quality problems,446
P0022,Analog Watch 22,Watches,Analog Watch,battery,27,67.5,47.84,36.86,Moderate Market Gap,51.43,Strong Opportunity,Improve Watches products by addressing battery problems,447
P0452,Bluetooth Speaker 452,Audio,Bluetooth Speaker,battery,25,62.5,54.22,35.19,Moderate Market Gap,51.41,Strong Opportunity,Improve Audio products by addressing battery problems,448
P0387,Fitness Band 387,Wearables,Fitness Band,battery,31,77.5,39.05,35.35,Moderate Market Gap,51.4,Strong Opportunity,Improve Wearables products by addressing battery problems,449
P0006,Headphones 6,Audio,Headphones,quality,24,60.0,56.59,35.19,Moderate Market Gap,51.36,Strong Opportunity,Improve Audio products by addressing quality problems,450
P0187,Bluetooth Speaker 187,Audio,Bluetooth Speaker,battery,32,80.0,36.59,35.19,Moderate Market Gap,51.36,Strong Opportunity,Improve Audio products by addressing battery problems,451
P0074,Smart Watch 74,Watches,Smart Watch,battery,32,80.0,35.16,36.86,Moderate Market Gap,51.36,Strong Opportunity,Improve Watches products by addressing battery problems,452
P0205,Tablet 205,Mobile,Tablet,software,18,45.0,70.49,36.43,Moderate Market Gap,51.35,Strong Opportunity,Improve Mobile products by addressing software problems,453
P0032,Smartphone 32,Mobile,Smartphone,quality,18,45.0,70.5,36.43,Moderate Market Gap,51.35,Strong Opportunity,Improve Mobile products by addressing quality problems,454
P0026,Headphones 26,Audio,Headphones,performance,21,52.5,64.01,35.19,Moderate Market Gap,51.34,Strong Opportunity,Improve Audio products by addressing performance problems,455
P0340,Fitness Band 340,Wearables,Fitness Band,performance,21,52.5,63.82,35.35,Moderate Market Gap,51.32,Strong Opportunity,Improve Wearables products by addressing performance problems,456
P0426,Headphones 426,Audio,Headphones,battery,31,77.5,38.77,35.19,Moderate Market Gap,51.25,Strong Opportunity,Improve Audio products by addressing battery problems,457
P0351,Tablet 351,Mobile,Tablet,battery,25,62.5,52.67,36.43,Moderate Market Gap,51.24,Strong Opportunity,Improve Mobile products by addressing battery problems,458
P0394,Fitness Watch 394,Watches,Fitness Watch,performance,21,52.5,62.27,36.86,Moderate Market Gap,51.23,Strong Opportunity,Improve Watches products by addressing performance problems,459
P0142,Smart Fan 142,Home Appliances,Smart Fan,performance,18,45.0,70.25,36.23,Moderate Market Gap,51.21,Strong Opportunity,Improve Home Appliances products by addressing performance problems,460
P0454,Smart Fan 454,Home Appliances,Smart Fan,battery,21,52.5,62.76,36.23,Moderate Market Gap,51.21,Strong Opportunity,Improve Home Appliances products by addressing battery problems,461
P0211,Air Purifier 211,Home Appliances,Air Purifier,performance,21,52.5,62.77,36.23,Moderate Market Gap,51.21,Strong Opportunity,Improve Home Appliances products by addressing performance problems,462
P0330,Smart Watch 330,Watches,Smart Watch,battery,29,72.5,42.22,36.86,Moderate Market Gap,51.21,Strong Opportunity,Improve Watches products by addressing battery problems,463
P0326,Smart Watch 326,Watches,Smart Watch,quality,21,52.5,62.16,36.86,Moderate Market Gap,51.19,Strong Opportunity,Improve Watches products by addressing quality problems,464
P0077,Fitness Watch 77,Watches,Fitness Watch,battery,20,50.0,64.66,36.86,Moderate Market Gap,51.19,Strong Opportunity,Improve Watches products by addressing battery problems,465
P0168,Smart Ring 168,Wearables,Smart Ring,battery,27,67.5,48.47,35.35,Moderate Market Gap,51.19,Strong Opportunity,Improve Wearables products by addressing battery problems,466
P0259,Smart Fan 259,Home Appliances,Smart Fan,battery,29,72.5,42.44,36.23,Moderate Market Gap,51.1,Strong Opportunity,Improve Home Appliances products by addressing battery problems,467
P0339,Wireless Earbuds 339,Audio,Wireless Earbuds,delivery,16,40.0,75.81,35.19,Moderate Market Gap,51.09,Strong Opportunity,Improve Audio products by addressing delivery problems,468
P0059,Air Purifier 59,Home Appliances,Air Purifier,battery,22,55.0,59.83,36.23,Moderate Market Gap,51.06,Strong Opportunity,Improve Home Appliances products by addressing battery problems,469
P0094,Smart Ring 94,Wearables,Smart Ring,software,16,40.0,75.53,35.35,Moderate Market Gap,51.04,Strong Opportunity,Improve Wearables products by addressing software problems,470
P0213,Wireless Earbuds 213,Audio,Wireless Earbuds,quality,27,67.5,48.11,35.19,Moderate Market Gap,51.02,Strong Opportunity,Improve Audio products by addressing quality problems,471
P0140,Smartphone 140,Mobile,Smartphone,battery,22,55.0,59.51,36.43,Moderate Market Gap,51.01,Strong Opportunity,Improve Mobile products by addressing battery problems,472
P0308,Smart Watch 308,Watches,Smart Watch,quality,20,50.0,64.13,36.86,Moderate Market Gap,51.0,Strong Opportunity,Improve Watches products by addressing quality problems,473
P0333,Smart Light 333,Home Appliances,Smart Light,quality,28,70.0,44.55,36.23,Moderate Market Gap,50.96,Strong Opportunity,Improve Home Appliances products by addressing quality problems,474
P0069,Headphones 69,Audio,Headphones,quality,17,42.5,72.94,35.19,Moderate Market Gap,50.96,Strong Opportunity,Improve Audio products by addressing quality problems,475
P0248,Headphones 248,Audio,Headphones,quality,19,47.5,67.87,35.19,Moderate Market Gap,50.94,Strong Opportunity,Improve Audio products by addressing quality problems,476
P0455,Fitness Band 455,Wearables,Fitness Band,quality,19,47.5,67.7,35.35,Moderate Market Gap,50.92,Strong Opportunity,Improve Wearables products by addressing quality problems,477
P0139,Analog Watch 139,Watches,Analog Watch,performance,19,47.5,66.4,36.86,Moderate Market Gap,50.92,Strong Opportunity,Improve Watches products by addressing performance problems,478
P0043,Tablet 43,Mobile,Tablet,quality,19,47.5,66.77,36.43,Moderate Market Gap,50.92,Strong Opportunity,Improve Mobile products by addressing quality problems,479
P0072,Smart Light 72,Home Appliances,Smart Light,battery,27,67.5,46.94,36.23,Moderate Market Gap,50.92,Strong Opportunity,Improve Home Appliances products by addressing battery problems,480
P0155,Tablet 155,Mobile,Tablet,battery,22,55.0,59.26,36.43,Moderate Market Gap,50.92,Strong Opportunity,Improve Mobile products by addressing battery problems,481
P0229,Smart Light 229,Home Appliances,Smart Light,battery,17,42.5,71.88,36.23,Moderate Market Gap,50.9,Strong Opportunity,Improve Home Appliances products by addressing battery problems,482
P0112,Smart Light 112,Home Appliances,Smart Light,battery,31,77.5,36.83,36.23,Moderate Market Gap,50.88,Strong Opportunity,Improve Home Appliances products by addressing battery problems,483
P0106,Bluetooth Speaker 106,Audio,Bluetooth Speaker,quality,26,65.0,50.07,35.19,Moderate Market Gap,50.83,Strong Opportunity,Improve Audio products by addressing quality problems,484
P0428,Wireless Earbuds 428,Audio,Wireless Earbuds,battery,19,47.5,67.52,35.19,Moderate Market Gap,50.81,Strong Opportunity,Improve Audio products by addressing battery problems,485
P0133,Wireless Earbuds 133,Audio,Wireless Earbuds,battery,23,57.5,57.5,35.19,Moderate Market Gap,50.81,Strong Opportunity,Improve Audio products by addressing battery problems,486
P0283,Headphones 283,Audio,Headphones,quality,17,42.5,72.42,35.19,Moderate Market Gap,50.78,Strong Opportunity,Improve Audio products by addressing quality problems,487
P0078,Smart Ring 78,Wearables,Smart Ring,battery,21,52.5,62.24,35.35,Moderate Market Gap,50.76,Strong Opportunity,Improve Wearables products by addressing battery problems,488
P0149,Fitness Watch 149,Watches,Fitness Watch,performance,17,42.5,70.89,36.86,Moderate Market Gap,50.74,Strong Opportunity,Improve Watches products by addressing performance problems,489
P0169,Analog Watch 169,Watches,Analog Watch,quality,25,62.5,50.87,36.86,Moderate Market Gap,50.74,Strong Opportunity,Improve Watches products by addressing quality problems,490
P0500,Wireless Earbuds 500,Audio,Wireless Earbuds,battery,28,70.0,44.74,35.19,Moderate Market Gap,50.72,Strong Opportunity,Improve Audio products by addressing battery problems,491
P0047,Smart Fan 47,Home Appliances,Smart Fan,performance,15,37.5,76.37,36.23,Moderate Market Gap,50.72,Strong Opportunity,Improve Home Appliances products by addressing performance problems,492
P0488,Smart Light 488,Home Appliances,Smart Light,quality,20,50.0,63.84,36.23,Moderate Market Gap,50.71,Strong Opportunity,Improve Home Appliances products by addressing quality problems,493
P0471,Bluetooth Speaker 471,Audio,Bluetooth Speaker,performance,17,42.5,72.23,35.19,Moderate Market Gap,50.71,Strong Opportunity,Improve Audio products by addressing performance problems,494
P0471,Bluetooth Speaker 471,Audio,Bluetooth Speaker,quality,17,42.5,72.23,35.19,Moderate Market Gap,50.71,Strong Opportunity,Improve Audio products by addressing quality problems,495
P0400,Analog Watch 400,Watches,Analog Watch,battery,16,40.0,73.08,36.86,Moderate Market Gap,50.64,Strong Opportunity,Improve Watches products by addressing battery problems,496
P0273,Smart Ring 273,Wearables,Smart Ring,software,15,37.5,76.86,35.35,Moderate Market Gap,50.63,Strong Opportunity,Improve Wearables products by addressing software problems,497
P0052,Bluetooth Speaker 52,Audio,Bluetooth Speaker,battery,20,50.0,64.5,35.19,Moderate Market Gap,50.63,Strong Opportunity,Improve Audio products by addressing battery problems,498
P0459,Smart Watch 459,Watches,Smart Watch,quality,27,67.5,45.57,36.86,Moderate Market Gap,50.63,Strong Opportunity,Improve Watches products by addressing quality problems,499
P0402,Wireless Earbuds 402,Audio,Wireless Earbuds,battery,24,60.0,54.48,35.19,Moderate Market Gap,50.62,Strong Opportunity,Improve Audio products by addressing battery problems,500
P0419,Fitness Band 419,Wearables,Fitness Band,price,15,37.5,76.83,35.35,Moderate Market Gap,50.62,Strong Opportunity,Improve Wearables products by addressing price problems,501
P0103,Fitness Band 103,Wearables,Fitness Band,performance,18,45.0,69.29,35.35,Moderate Market Gap,50.61,Strong Opportunity,Improve Wearables products by addressing performance problems,502
P0321,Smart Ring 321,Wearables,Smart Ring,battery,24,60.0,54.26,35.35,Moderate Market Gap,50.6,Strong Opportunity,Improve Wearables products by addressing battery problems,503
P0347,Smartphone 347,Mobile,Smartphone,software,14,35.0,78.35,36.43,Moderate Market Gap,50.6,Strong Opportunity,Improve Mobile products by addressing software problems,504
P0010,Smart Light 10,Home Appliances,Smart Light,comfort,14,35.0,78.49,36.23,Moderate Market Gap,50.59,Strong Opportunity,Improve Home Appliances products by addressing comfort problems,505
P0122,Smart Fan 122,Home Appliances,Smart Fan,battery,22,55.0,58.33,36.23,Moderate Market Gap,50.53,Strong Opportunity,Improve Home Appliances products by addressing battery problems,506
P0261,Analog Watch 261,Watches,Analog Watch,quality,20,50.0,62.76,36.86,Moderate Market Gap,50.52,Strong Opportunity,Improve Watches products by addressing quality problems,507
P0499,Tablet 499,Mobile,Tablet,quality,25,62.5,50.57,36.43,Moderate Market Gap,50.5,Strong Opportunity,Improve Mobile products by addressing quality problems,508
P0197,Fitness Band 197,Wearables,Fitness Band,quality,24,60.0,54.0,35.35,Moderate Market Gap,50.5,Strong Opportunity,Improve Wearables products by addressing quality problems,509
P0053,Tablet 53,Mobile,Tablet,battery,24,60.0,53.0,36.43,Moderate Market Gap,50.48,Strong Opportunity,Improve Mobile products by addressing battery problems,510
P0124,Smart Ring 124,Wearables,Smart Ring,performance,17,42.5,71.44,35.35,Moderate Market Gap,50.48,Strong Opportunity,Improve Wearables products by addressing performance problems,511
P0161,Smartphone 161,Mobile,Smartphone,battery,18,45.0,67.95,36.43,Moderate Market Gap,50.46,Strong Opportunity,Improve Mobile products by addressing battery problems,512
P0224,Air Purifier 224,Home Appliances,Air Purifier,performance,19,47.5,65.6,36.23,Moderate Market Gap,50.45,Strong Opportunity,Improve Home Appliances products by addressing performance problems,513
P0380,Fitness Band 380,Wearables,Fitness Band,battery,20,50.0,63.8,35.35,Moderate Market Gap,50.44,Strong Opportunity,Improve Wearables products by addressing battery problems,514
P0220,Smart Ring 220,Wearables,Smart Ring,battery,21,52.5,61.32,35.35,Moderate Market Gap,50.44,Strong Opportunity,Improve Wearables products by addressing battery problems,515
P0212,Smartphone 212,Mobile,Smartphone,quality,21,52.5,60.35,36.43,Moderate Market Gap,50.43,Strong Opportunity,Improve Mobile products by addressing quality problems,516
P0156,Wireless Earbuds 156,Audio,Wireless Earbuds,quality,19,47.5,66.39,35.19,Moderate Market Gap,50.42,Strong Opportunity,Improve Audio products by addressing quality problems,517
P0312,Smart Watch 312,Watches,Smart Watch,performance,15,37.5,74.89,36.86,Moderate Market Gap,50.39,Strong Opportunity,Improve Watches products by addressing performance problems,518
P0491,Tablet 491,Mobile,Tablet,performance,16,40.0,72.73,36.43,Moderate Market Gap,50.38,Strong Opportunity,Improve Mobile products by addressing performance problems,519
P0331,Smart Ring 331,Wearables,Smart Ring,battery,18,45.0,68.58,35.35,Moderate Market Gap,50.36,Strong Opportunity,Improve Wearables products by addressing battery problems,520
P0330,Smart Watch 330,Watches,Smart Watch,performance,28,70.0,42.22,36.86,Moderate Market Gap,50.34,Strong Opportunity,Improve Watches products by addressing performance problems,521
P0478,Smart Fan 478,Home Appliances,Smart Fan,battery,22,55.0,57.74,36.23,Moderate Market Gap,50.33,Strong Opportunity,Improve Home Appliances products by addressing battery problems,522
P0404,Bluetooth Speaker 404,Audio,Bluetooth Speaker,battery,19,47.5,66.09,35.19,Moderate Market Gap,50.31,Strong Opportunity,Improve Audio products by addressing battery problems,523
P0417,Smart Light 417,Home Appliances,Smart Light,battery,24,60.0,52.69,36.23,Moderate Market Gap,50.31,Strong Opportunity,Improve Home Appliances products by addressing battery problems,524
P0497,Smart Ring 497,Wearables,Smart Ring,quality,18,45.0,68.43,35.35,Moderate Market Gap,50.31,Strong Opportunity,Improve Wearables products by addressing quality problems,525
P0404,Bluetooth Speaker 404,Audio,Bluetooth Speaker,quality,19,47.5,66.09,35.19,Moderate Market Gap,50.31,Strong Opportunity,Improve Audio products by addressing quality problems,526
P0110,Smart Ring 110,Wearables,Smart Ring,delivery,17,42.5,70.92,35.35,Moderate Market Gap,50.3,Strong Opportunity,Improve Wearables products by addressing delivery problems,527
P0001,Smart Watch 1,Watches,Smart Watch,quality,16,40.0,72.08,36.86,Moderate Market Gap,50.29,Strong Opportunity,Improve Watches products by addressing quality problems,528
P0001,Smart Watch 1,Watches,Smart Watch,performance,16,40.0,72.08,36.86,Moderate Market Gap,50.29,Strong Opportunity,Improve Watches products by addressing performance problems,529
P0035,Smartphone 35,Mobile,Smartphone,quality,25,62.5,49.93,36.43,Moderate Market Gap,50.28,Strong Opportunity,Improve Mobile products by addressing quality problems,530
P0007,Tablet 7,Mobile,Tablet,battery,17,42.5,69.88,36.43,Moderate Market Gap,50.26,Strong Opportunity,Improve Mobile products by addressing battery problems,531
P0120,Smart Light 120,Home Appliances,Smart Light,quality,25,62.5,49.98,36.23,Moderate Market Gap,50.24,Strong Opportunity,Improve Home Appliances products by addressing quality problems,532
P0341,Smart Watch 341,Watches,Smart Watch,performance,18,45.0,66.93,36.86,Moderate Market Gap,50.23,Strong Opportunity,Improve Watches products by addressing performance problems,533
P0284,Wireless Earbuds 284,Audio,Wireless Earbuds,battery,26,65.0,48.29,35.19,Moderate Market Gap,50.21,Strong Opportunity,Improve Audio products by addressing battery problems,534
P0304,Bluetooth Speaker 304,Audio,Bluetooth Speaker,quality,17,42.5,70.79,35.19,Moderate Market Gap,50.21,Strong Opportunity,Improve Audio products by addressing quality problems,535
P0363,Tablet 363,Mobile,Tablet,quality,20,50.0,62.14,36.43,Moderate Market Gap,50.18,Strong Opportunity,Improve Mobile products by addressing quality problems,536
P0280,Smartphone 280,Mobile,Smartphone,battery,16,40.0,72.14,36.43,Moderate Market Gap,50.18,Strong Opportunity,Improve Mobile products by addressing battery problems,537
P0280,Smartphone 280,Mobile,Smartphone,software,16,40.0,72.14,36.43,Moderate Market Gap,50.18,Strong Opportunity,Improve Mobile products by addressing software problems,538
P0456,Bluetooth Speaker 456,Audio,Bluetooth Speaker,battery,23,57.5,55.64,35.19,Moderate Market Gap,50.16,Strong Opportunity,Improve Audio products by addressing battery problems,539
P0255,Bluetooth Speaker 255,Audio,Bluetooth Speaker,quality,19,47.5,65.63,35.19,Moderate Market Gap,50.15,Strong Opportunity,Improve Audio products by addressing quality problems,540
P0234,Air Purifier 234,Home Appliances,Air Purifier,performance,20,50.0,62.11,36.23,Moderate Market Gap,50.11,Strong Opportunity,Improve Home Appliances products by addressing performance problems,541
P0162,Smart Light 162,Home Appliances,Smart Light,battery,26,65.0,47.1,36.23,Moderate Market Gap,50.1,Strong Opportunity,Improve Home Appliances products by addressing battery problems,542
P0062,Tablet 62,Mobile,Tablet,quality,16,40.0,71.93,36.43,Moderate Market Gap,50.1,Strong Opportunity,Improve Mobile products by addressing quality problems,543
P0062,Tablet 62,Mobile,Tablet,performance,16,40.0,71.93,36.43,Moderate Market Gap,50.1,Strong Opportunity,Improve Mobile products by addressing performance problems,544
P0349,Smart Fan 349,Home Appliances,Smart Fan,battery,24,60.0,52.07,36.23,Moderate Market Gap,50.09,Strong Opportunity,Improve Home Appliances products by addressing battery problems,545
P0437,Tablet 437,Mobile,Tablet,battery,24,60.0,51.82,36.43,Moderate Market Gap,50.07,Strong Opportunity,Improve Mobile products by addressing battery problems,546
P0281,Smart Ring 281,Wearables,Smart Ring,price,17,42.5,70.25,35.35,Moderate Market Gap,50.07,Strong Opportunity,Improve Wearables products by addressing price problems,547
P0248,Headphones 248,Audio,Headphones,performance,18,45.0,67.87,35.19,Moderate Market Gap,50.06,Strong Opportunity,Improve Audio products by addressing performance problems,548
P0485,Smart Watch 485,Watches,Smart Watch,software,15,37.5,73.94,36.86,Moderate Market Gap,50.06,Strong Opportunity,Improve Watches products by addressing software problems,549
P0390,Smart Light 390,Home Appliances,Smart Light,battery,31,77.5,34.44,36.23,Moderate Market Gap,50.05,Strong Opportunity,Improve Home Appliances products by addressing battery problems,550
P0420,Smart Ring 420,Wearables,Smart Ring,battery,22,55.0,57.69,35.35,Moderate Market Gap,50.05,Strong Opportunity,Improve Wearables products by addressing battery problems,551
P0385,Tablet 385,Mobile,Tablet,battery,29,72.5,39.25,36.43,Moderate Market Gap,50.04,Strong Opportunity,Improve Mobile products by addressing battery problems,552
P0288,Smart Ring 288,Wearables,Smart Ring,performance,18,45.0,67.62,35.35,Moderate Market Gap,50.02,Strong Opportunity,Improve Wearables products by addressing performance problems,553
P0346,Smart Ring 346,Wearables,Smart Ring,quality,22,55.0,57.55,35.35,Moderate Market Gap,50.0,Moderate Opportunity,Improve Wearables products by addressing quality problems,554
P0316,Wireless Earbuds 316,Audio,Wireless Earbuds,delivery,13,32.5,80.09,35.19,Moderate Market Gap,49.96,Moderate Opportunity,Improve Audio products by addressing delivery problems,555
P0328,Smartphone 328,Mobile,Smartphone,quality,21,52.5,58.98,36.43,Moderate Market Gap,49.95,Moderate Opportunity,Improve Mobile products by addressing quality problems,556
P0235,Smartphone 235,Mobile,Smartphone,price,13,32.5,78.93,36.43,Moderate Market Gap,49.93,Moderate Opportunity,Improve Mobile products by addressing price problems,557
P0293,Smart Fan 293,Home Appliances,Smart Fan,performance,14,35.0,76.51,36.23,Moderate Market Gap,49.9,Moderate Opportunity,Improve Home Appliances products by addressing performance problems,558
P0474,Bluetooth Speaker 474,Audio,Bluetooth Speaker,comfort,15,37.5,74.89,35.19,Moderate Market Gap,49.89,Moderate Opportunity,Improve Audio products by addressing comfort problems,559
P0163,Smart Ring 163,Wearables,Smart Ring,battery,18,45.0,67.22,35.35,Moderate Market Gap,49.88,Moderate Opportunity,Improve Wearables products by addressing battery problems,560
P0154,Smart Fan 154,Home Appliances,Smart Fan,battery,18,45.0,66.36,36.23,Moderate Market Gap,49.84,Moderate Opportunity,Improve Home Appliances products by addressing battery problems,561
P0154,Smart Fan 154,Home Appliances,Smart Fan,quality,18,45.0,66.36,36.23,Moderate Market Gap,49.84,Moderate Opportunity,Improve Home Appliances products by addressing quality problems,562
P0058,Bluetooth Speaker 58,Audio,Bluetooth Speaker,software,18,45.0,67.21,35.19,Moderate Market Gap,49.83,Moderate Opportunity,Improve Audio products by addressing software problems,563
P0233,Air Purifier 233,Home Appliances,Air Purifier,battery,21,52.5,58.79,36.23,Moderate Market Gap,49.82,Moderate Opportunity,Improve Home Appliances products by addressing battery problems,564
P0150,Tablet 150,Mobile,Tablet,quality,16,40.0,71.05,36.43,Moderate Market Gap,49.8,Moderate Opportunity,Improve Mobile products by addressing quality problems,565
P0359,Smart Light 359,Home Appliances,Smart Light,quality,21,52.5,58.66,36.23,Moderate Market Gap,49.78,Moderate Opportunity,Improve Home Appliances products by addressing quality problems,566
P0400,Analog Watch 400,Watches,Analog Watch,performance,15,37.5,73.08,36.86,Moderate Market Gap,49.76,Moderate Opportunity,Improve Watches products by addressing performance problems,567
P0419,Fitness Band 419,Wearables,Fitness Band,software,14,35.0,76.83,35.35,Moderate Market Gap,49.75,Moderate Opportunity,Improve Wearables products by addressing software problems,568
P0336,Tablet 336,Mobile,Tablet,price,19,47.5,63.36,36.43,Moderate Market Gap,49.73,Moderate Opportunity,Improve Mobile products by addressing price problems,569
P0010,Smart Light 10,Home Appliances,Smart Light,quality,13,32.5,78.49,36.23,Moderate Market Gap,49.72,Moderate Opportunity,Improve Home Appliances products by addressing quality problems,570
P0123,Smart Watch 123,Watches,Smart Watch,delivery,14,35.0,75.47,36.86,Moderate Market Gap,49.72,Moderate Opportunity,Improve Watches products by addressing delivery problems,571
P0254,Tablet 254,Mobile,Tablet,performance,21,52.5,58.33,36.43,Moderate Market Gap,49.72,Moderate Opportunity,Improve Mobile products by addressing performance problems,572
P0199,Smart Ring 199,Wearables,Smart Ring,quality,19,47.5,64.24,35.35,Moderate Market Gap,49.71,Moderate Opportunity,Improve Wearables products by addressing quality problems,573
P0276,Fitness Watch 276,Watches,Fitness Watch,quality,21,52.5,57.88,36.86,Moderate Market Gap,49.69,Moderate Opportunity,Improve Watches products by addressing quality problems,574
P0286,Fitness Band 286,Wearables,Fitness Band,quality,22,55.0,56.67,35.35,Moderate Market Gap,49.69,Moderate Opportunity,Improve Wearables products by addressing quality problems,575
P0218,Tablet 218,Mobile,Tablet,quality,21,52.5,58.21,36.43,Moderate Market Gap,49.68,Moderate Opportunity,Improve Mobile products by addressing quality problems,576
P0313,Smart Watch 313,Watches,Smart Watch,battery,29,72.5,37.79,36.86,Moderate Market Gap,49.66,Moderate Opportunity,Improve Watches products by addressing battery problems,577
P0285,Smart Light 285,Home Appliances,Smart Light,battery,20,50.0,60.79,36.23,Moderate Market Gap,49.65,Moderate Opportunity,Improve Home Appliances products by addressing battery problems,578
P0265,Smart Fan 265,Home Appliances,Smart Fan,quality,20,50.0,60.78,36.23,Moderate Market Gap,49.64,Moderate Opportunity,Improve Home Appliances products by addressing quality problems,579
P0495,Tablet 495,Mobile,Tablet,quality,25,62.5,48.06,36.43,Moderate Market Gap,49.62,Moderate Opportunity,Improve Mobile products by addressing quality problems,580
P0391,Smart Light 391,Home Appliances,Smart Light,quality,23,57.5,53.23,36.23,Moderate Market Gap,49.62,Moderate Opportunity,Improve Home Appliances products by addressing quality problems,581
P0495,Tablet 495,Mobile,Tablet,battery,25,62.5,48.06,36.43,Moderate Market Gap,49.62,Moderate Opportunity,Improve Mobile products by addressing battery problems,582
P0473,Analog Watch 473,Watches,Analog Watch,quality,14,35.0,75.14,36.86,Moderate Market Gap,49.61,Moderate Opportunity,Improve Watches products by addressing quality problems,583
P0303,Fitness Watch 303,Watches,Fitness Watch,battery,24,60.0,50.15,36.86,Moderate Market Gap,49.61,Moderate Opportunity,Improve Watches products by addressing battery problems,584
P0006,Headphones 6,Audio,Headphones,performance,22,55.0,56.59,35.19,Moderate Market Gap,49.61,Moderate Opportunity,Improve Audio products by addressing performance problems,585
P0108,Wireless Earbuds 108,Audio,Wireless Earbuds,performance,23,57.5,54.05,35.19,Moderate Market Gap,49.6,Moderate Opportunity,Improve Audio products by addressing performance problems,586
P0161,Smartphone 161,Mobile,Smartphone,quality,17,42.5,67.95,36.43,Moderate Market Gap,49.59,Moderate Opportunity,Improve Mobile products by addressing quality problems,587
P0116,Smart Fan 116,Home Appliances,Smart Fan,battery,23,57.5,53.12,36.23,Moderate Market Gap,49.59,Moderate Opportunity,Improve Home Appliances products by addressing battery problems,588
P0315,Bluetooth Speaker 315,Audio,Bluetooth Speaker,battery,31,77.5,34.01,35.19,Moderate Market Gap,49.59,Moderate Opportunity,Improve Audio products by addressing battery problems,589
P0279,Tablet 279,Mobile,Tablet,battery,23,57.5,52.96,36.43,Moderate Market Gap,49.59,Moderate Opportunity,Improve Mobile products by addressing battery problems,590
P0224,Air Purifier 224,Home Appliances,Air Purifier,battery,18,45.0,65.6,36.23,Moderate Market Gap,49.58,Moderate Opportunity,Improve Home Appliances products by addressing battery problems,591
P0305,Fitness Band 305,Wearables,Fitness Band,quality,25,62.5,48.85,35.35,Moderate Market Gap,49.58,Moderate Opportunity,Improve Wearables products by addressing quality problems,592
P0152,Wireless Earbuds 152,Audio,Wireless Earbuds,quality,21,52.5,58.95,35.19,Moderate Market Gap,49.56,Moderate Opportunity,Improve Audio products by addressing quality problems,593
P0201,Fitness Band 201,Wearables,Fitness Band,quality,27,67.5,43.73,35.35,Moderate Market Gap,49.54,Moderate Opportunity,Improve Wearables products by addressing quality problems,594
P0191,Headphones 191,Audio,Headphones,performance,19,47.5,63.82,35.19,Moderate Market Gap,49.52,Moderate Opportunity,Improve Audio products by addressing performance problems,595
P0312,Smart Watch 312,Watches,Smart Watch,price,14,35.0,74.89,36.86,Moderate Market Gap,49.52,Moderate Opportunity,Improve Watches products by addressing price problems,596
P0030,Tablet 30,Mobile,Tablet,battery,25,62.5,47.76,36.43,Moderate Market Gap,49.52,Moderate Opportunity,Improve Mobile products by addressing battery problems,597
P0491,Tablet 491,Mobile,Tablet,comfort,15,37.5,72.73,36.43,Moderate Market Gap,49.51,Moderate Opportunity,Improve Mobile products by addressing comfort problems,598
P0037,Analog Watch 37,Watches,Analog Watch,quality,29,72.5,37.3,36.86,Moderate Market Gap,49.49,Moderate Opportunity,Improve Watches products by addressing quality problems,599
P0241,Wireless Earbuds 241,Audio,Wireless Earbuds,battery,27,67.5,43.72,35.19,Moderate Market Gap,49.48,Moderate Opportunity,Improve Audio products by addressing battery problems,600
P0331,Smart Ring 331,Wearables,Smart Ring,quality,17,42.5,68.58,35.35,Moderate Market Gap,49.48,Moderate Opportunity,Improve Wearables products by addressing quality problems,601
P0326,Smart Watch 326,Watches,Smart Watch,performance,19,47.5,62.16,36.86,Moderate Market Gap,49.44,Moderate Opportunity,Improve Watches products by addressing performance problems,602
P0292,Smart Fan 292,Home Appliances,Smart Fan,battery,26,65.0,45.15,36.23,Moderate Market Gap,49.42,Moderate Opportunity,Improve Home Appliances products by addressing battery problems,603
P0170,Tablet 170,Mobile,Tablet,quality,19,47.5,62.48,36.43,Moderate Market Gap,49.42,Moderate Opportunity,Improve Mobile products by addressing quality problems,604
P0230,Smart Watch 230,Watches,Smart Watch,price,13,32.5,77.04,36.86,Moderate Market Gap,49.4,Moderate Opportunity,Improve Watches products by addressing price problems,605
P0462,Smart Ring 462,Wearables,Smart Ring,performance,21,52.5,58.28,35.35,Moderate Market Gap,49.38,Moderate Opportunity,Improve Wearables products by addressing performance problems,606
P0237,Tablet 237,Mobile,Tablet,performance,14,35.0,74.81,36.43,Moderate Market Gap,49.36,Moderate Opportunity,Improve Mobile products by addressing performance problems,607
P0318,Bluetooth Speaker 318,Audio,Bluetooth Speaker,comfort,19,47.5,63.38,35.19,Moderate Market Gap,49.36,Moderate Opportunity,Improve Audio products by addressing comfort problems,608
P0339,Wireless Earbuds 339,Audio,Wireless Earbuds,software,14,35.0,75.81,35.19,Moderate Market Gap,49.34,Moderate Opportunity,Improve Audio products by addressing software problems,609
P0098,Analog Watch 98,Watches,Analog Watch,quality,24,60.0,49.37,36.86,Moderate Market Gap,49.34,Moderate Opportunity,Improve Watches products by addressing quality problems,610
P0226,Bluetooth Speaker 226,Audio,Bluetooth Speaker,quality,26,65.0,45.76,35.19,Moderate Market Gap,49.32,Moderate Opportunity,Improve Audio products by addressing quality problems,611
P0186,Smart Ring 186,Wearables,Smart Ring,performance,18,45.0,65.58,35.35,Moderate Market Gap,49.31,Moderate Opportunity,Improve Wearables products by addressing performance problems,612
P0066,Smart Fan 66,Home Appliances,Smart Fan,battery,27,67.5,42.32,36.23,Moderate Market Gap,49.31,Moderate Opportunity,Improve Home Appliances products by addressing battery problems,613
P0029,Smart Light 29,Home Appliances,Smart Light,quality,25,62.5,47.31,36.23,Moderate Market Gap,49.3,Moderate Opportunity,Improve Home Appliances products by addressing quality problems,614
P0483,Smartphone 483,Mobile,Smartphone,delivery,13,32.5,77.06,36.43,Moderate Market Gap,49.28,Moderate Opportunity,Improve Mobile products by addressing delivery problems,615
P0105,Fitness Watch 105,Watches,Fitness Watch,comfort,14,35.0,74.12,36.86,Moderate Market Gap,49.25,Moderate Opportunity,Improve Watches products by addressing comfort problems,616
P0342,Smartphone 342,Mobile,Smartphone,performance,16,40.0,69.43,36.43,Moderate Market Gap,49.23,Moderate Opportunity,Improve Mobile products by addressing performance problems,617
P0342,Smartphone 342,Mobile,Smartphone,quality,16,40.0,69.43,36.43,Moderate Market Gap,49.23,Moderate Opportunity,Improve Mobile products by addressing quality problems,618
P0162,Smart Light 162,Home Appliances,Smart Light,quality,25,62.5,47.1,36.23,Moderate Market Gap,49.23,Moderate Opportunity,Improve Home Appliances products by addressing quality problems,619
P0041,Headphones 41,Audio,Headphones,quality,23,57.5,52.99,35.19,Moderate Market Gap,49.23,Moderate Opportunity,Improve Audio products by addressing quality problems,620
P0354,Smartphone 354,Mobile,Smartphone,delivery,20,50.0,59.41,36.43,Moderate Market Gap,49.22,Moderate Opportunity,Improve Mobile products by addressing delivery problems,621
P0354,Smartphone 354,Mobile,Smartphone,quality,20,50.0,59.41,36.43,Moderate Market Gap,49.22,Moderate Opportunity,Improve Mobile products by addressing quality problems,622
P0333,Smart Light 333,Home Appliances,Smart Light,battery,26,65.0,44.55,36.23,Moderate Market Gap,49.21,Moderate Opportunity,Improve Home Appliances products by addressing battery problems,623
P0193,Fitness Band 193,Wearables,Fitness Band,quality,18,45.0,65.23,35.35,Moderate Market Gap,49.19,Moderate Opportunity,Improve Wearables products by addressing quality problems,624
P0397,Fitness Band 397,Wearables,Fitness Band,battery,28,70.0,40.2,35.35,Moderate Market Gap,49.18,Moderate Opportunity,Improve Wearables products by addressing battery problems,625
P0375,Headphones 375,Audio,Headphones,performance,15,37.5,72.77,35.19,Moderate Market Gap,49.15,Moderate Opportunity,Improve Audio products by addressing performance problems,626
P0044,Fitness Band 44,Wearables,Fitness Band,battery,23,57.5,52.63,35.35,Moderate Market Gap,49.15,Moderate Opportunity,Improve Wearables products by addressing battery problems,627
P0375,Headphones 375,Audio,Headphones,quality,15,37.5,72.77,35.19,Moderate Market Gap,49.15,Moderate Opportunity,Improve Audio products by addressing quality problems,628
P0465,Fitness Band 465,Wearables,Fitness Band,software,21,52.5,57.58,35.35,Moderate Market Gap,49.13,Moderate Opportunity,Improve Wearables products by addressing software problems,629
P0075,Fitness Watch 75,Watches,Fitness Watch,comfort,12,30.0,78.79,36.86,Moderate Market Gap,49.13,Moderate Opportunity,Improve Watches products by addressing comfort problems,630
P0075,Fitness Watch 75,Watches,Fitness Watch,software,12,30.0,78.79,36.86,Moderate Market Gap,49.13,Moderate Opportunity,Improve Watches products by addressing software problems,631
P0209,Wireless Earbuds 209,Audio,Wireless Earbuds,battery,18,45.0,65.11,35.19,Moderate Market Gap,49.1,Moderate Opportunity,Improve Audio products by addressing battery problems,632
P0131,Smartphone 131,Mobile,Smartphone,battery,23,57.5,51.57,36.43,Moderate Market Gap,49.1,Moderate Opportunity,Improve Mobile products by addressing battery problems,633
P0253,Bluetooth Speaker 253,Audio,Bluetooth Speaker,quality,22,55.0,55.11,35.19,Moderate Market Gap,49.1,Moderate Opportunity,Improve Audio products by addressing quality problems,634
P0329,Wireless Earbuds 329,Audio,Wireless Earbuds,quality,19,47.5,62.56,35.19,Moderate Market Gap,49.08,Moderate Opportunity,Improve Audio products by addressing quality problems,635
P0235,Smartphone 235,Mobile,Smartphone,comfort,12,30.0,78.93,36.43,Moderate Market Gap,49.05,Moderate Opportunity,Improve Mobile products by addressing comfort problems,636
P0009,Wireless Earbuds 9,Audio,Wireless Earbuds,performance,16,40.0,69.97,35.19,Moderate Market Gap,49.05,Moderate Opportunity,Improve Audio products by addressing performance problems,637
P0184,Smart Ring 184,Wearables,Smart Ring,quality,28,70.0,39.8,35.35,Moderate Market Gap,49.04,Moderate Opportunity,Improve Wearables products by addressing quality problems,638
P0287,Analog Watch 287,Watches,Analog Watch,battery,21,52.5,56.02,36.86,Moderate Market Gap,49.04,Moderate Opportunity,Improve Watches products by addressing battery problems,639
P0293,Smart Fan 293,Home Appliances,Smart Fan,delivery,13,32.5,76.51,36.23,Moderate Market Gap,49.02,Moderate Opportunity,Improve Home Appliances products by addressing delivery problems,640
P0153,Fitness Band 153,Wearables,Fitness Band,quality,16,40.0,69.77,35.35,Moderate Market Gap,49.02,Moderate Opportunity,Improve Wearables products by addressing quality problems,641
P0474,Bluetooth Speaker 474,Audio,Bluetooth Speaker,software,14,35.0,74.89,35.19,Moderate Market Gap,49.02,Moderate Opportunity,Improve Audio products by addressing software problems,642
P0332,Smart Watch 332,Watches,Smart Watch,quality,21,52.5,55.9,36.86,Moderate Market Gap,49.0,Moderate Opportunity,Improve Watches products by addressing quality problems,643
P0242,Smart Light 242,Home Appliances,Smart Light,performance,13,32.5,76.46,36.23,Moderate Market Gap,49.0,Moderate Opportunity,Improve Home Appliances products by addressing performance problems,644
P0021,Wireless Earbuds 21,Audio,Wireless Earbuds,battery,22,55.0,54.7,35.19,Moderate Market Gap,48.95,Moderate Opportunity,Improve Audio products by addressing battery problems,645
P0300,Smart Watch 300,Watches,Smart Watch,battery,28,70.0,38.11,36.86,Moderate Market Gap,48.9,Moderate Opportunity,Improve Watches products by addressing battery problems,646
P0071,Smart Watch 71,Watches,Smart Watch,quality,25,62.5,45.6,36.86,Moderate Market Gap,48.89,Moderate Opportunity,Improve Watches products by addressing quality problems,647
P0070,Smart Watch 70,Watches,Smart Watch,battery,25,62.5,45.56,36.86,Moderate Market Gap,48.88,Moderate Opportunity,Improve Watches products by addressing battery problems,648
P0273,Smart Ring 273,Wearables,Smart Ring,delivery,13,32.5,76.86,35.35,Moderate Market Gap,48.88,Moderate Opportunity,Improve Wearables products by addressing delivery problems,649
P0052,Bluetooth Speaker 52,Audio,Bluetooth Speaker,quality,18,45.0,64.5,35.19,Moderate Market Gap,48.88,Moderate Opportunity,Improve Audio products by addressing quality problems,650
P0418,Smart Fan 418,Home Appliances,Smart Fan,battery,22,55.0,53.57,36.23,Moderate Market Gap,48.87,Moderate Opportunity,Improve Home Appliances products by addressing battery problems,651
P0457,Air Purifier 457,Home Appliances,Air Purifier,quality,26,65.0,43.58,36.23,Moderate Market Gap,48.87,Moderate Opportunity,Improve Home Appliances products by addressing quality problems,652
P0010,Smart Light 10,Home Appliances,Smart Light,price,12,30.0,78.49,36.23,Moderate Market Gap,48.84,Moderate Opportunity,Improve Home Appliances products by addressing price problems,653
P0254,Tablet 254,Mobile,Tablet,quality,20,50.0,58.33,36.43,Moderate Market Gap,48.84,Moderate Opportunity,Improve Mobile products by addressing quality problems,654
P0202,Fitness Watch 202,Watches,Fitness Watch,delivery,15,37.5,70.42,36.86,Moderate Market Gap,48.83,Moderate Opportunity,Improve Watches products by addressing delivery problems,655
P0146,Air Purifier 146,Home Appliances,Air Purifier,comfort,15,37.5,70.93,36.23,Moderate Market Gap,48.82,Moderate Opportunity,Improve Home Appliances products by addressing comfort problems,656
P0334,Fitness Band 334,Wearables,Fitness Band,battery,17,42.5,66.7,35.35,Moderate Market Gap,48.82,Moderate Opportunity,Improve Wearables products by addressing battery problems,657
P0002,Smart Watch 2,Watches,Smart Watch,battery,29,72.5,35.34,36.86,Moderate Market Gap,48.8,Moderate Opportunity,Improve Watches products by addressing battery problems,658
P0073,Smartphone 73,Mobile,Smartphone,battery,26,65.0,43.14,36.43,Moderate Market Gap,48.78,Moderate Opportunity,Improve Mobile products by addressing battery problems,659
P0367,Smart Fan 367,Home Appliances,Smart Fan,battery,24,60.0,48.31,36.23,Moderate Market Gap,48.78,Moderate Opportunity,Improve Home Appliances products by addressing battery problems,660
P0392,Wireless Earbuds 392,Audio,Wireless Earbuds,battery,31,77.5,31.69,35.19,Moderate Market Gap,48.77,Moderate Opportunity,Improve Audio products by addressing battery problems,661
P0223,Smartphone 223,Mobile,Smartphone,quality,22,55.0,53.09,36.43,Moderate Market Gap,48.76,Moderate Opportunity,Improve Mobile products by addressing quality problems,662
P0197,Fitness Band 197,Wearables,Fitness Band,performance,22,55.0,54.0,35.35,Moderate Market Gap,48.76,Moderate Opportunity,Improve Wearables products by addressing performance problems,663
P0197,Fitness Band 197,Wearables,Fitness Band,battery,22,55.0,54.0,35.35,Moderate Market Gap,48.76,Moderate Opportunity,Improve Wearables products by addressing battery problems,664
P0115,Air Purifier 115,Home Appliances,Air Purifier,price,16,40.0,68.23,36.23,Moderate Market Gap,48.75,Moderate Opportunity,Improve Home Appliances products by addressing price problems,665
P0369,Air Purifier 369,Home Appliances,Air Purifier,battery,21,52.5,55.73,36.23,Moderate Market Gap,48.75,Moderate Opportunity,Improve Home Appliances products by addressing battery problems,666
P0440,Fitness Band 440,Wearables,Fitness Band,quality,18,45.0,63.98,35.35,Moderate Market Gap,48.75,Moderate Opportunity,Improve Wearables products by addressing quality problems,667
P0440,Fitness Band 440,Wearables,Fitness Band,performance,18,45.0,63.98,35.35,Moderate Market Gap,48.75,Moderate Opportunity,Improve Wearables products by addressing performance problems,668
P0294,Smart Ring 294,Wearables,Smart Ring,quality,20,50.0,58.98,35.35,Moderate Market Gap,48.75,Moderate Opportunity,Improve Wearables products by addressing quality problems,669
P0473,Analog Watch 473,Watches,Analog Watch,delivery,13,32.5,75.14,36.86,Moderate Market Gap,48.73,Moderate Opportunity,Improve Watches products by addressing delivery problems,670
P0279,Tablet 279,Mobile,Tablet,performance,22,55.0,52.96,36.43,Moderate Market Gap,48.72,Moderate Opportunity,Improve Mobile products by addressing performance problems,671
P0360,Analog Watch 360,Watches,Analog Watch,battery,19,47.5,60.06,36.86,Moderate Market Gap,48.7,Moderate Opportunity,Improve Watches products by addressing battery problems,672
P0360,Analog Watch 360,Watches,Analog Watch,quality,19,47.5,60.06,36.86,Moderate Market Gap,48.7,Moderate Opportunity,Improve Watches products by addressing quality problems,673
P0085,Fitness Band 85,Wearables,Fitness Band,quality,22,55.0,53.82,35.35,Moderate Market Gap,48.69,Moderate Opportunity,Improve Wearables products by addressing quality problems,674
P0380,Fitness Band 380,Wearables,Fitness Band,quality,18,45.0,63.8,35.35,Moderate Market Gap,48.68,Moderate Opportunity,Improve Wearables products by addressing quality problems,675
P0212,Smartphone 212,Mobile,Smartphone,battery,19,47.5,60.35,36.43,Moderate Market Gap,48.68,Moderate Opportunity,Improve Mobile products by addressing battery problems,676
P0380,Fitness Band 380,Wearables,Fitness Band,software,18,45.0,63.8,35.35,Moderate Market Gap,48.68,Moderate Opportunity,Improve Wearables products by addressing software problems,677
P0380,Fitness Band 380,Wearables,Fitness Band,performance,18,45.0,63.8,35.35,Moderate Market Gap,48.68,Moderate Opportunity,Improve Wearables products by addressing performance problems,678
P0014,Fitness Band 14,Wearables,Fitness Band,battery,17,42.5,66.23,35.35,Moderate Market Gap,48.66,Moderate Opportunity,Improve Wearables products by addressing battery problems,679
P0463,Air Purifier 463,Home Appliances,Air Purifier,performance,18,45.0,62.98,36.23,Moderate Market Gap,48.66,Moderate Opportunity,Improve Home Appliances products by addressing performance problems,680
P0350,Analog Watch 350,Watches,Analog Watch,battery,25,62.5,44.92,36.86,Moderate Market Gap,48.66,Moderate Opportunity,Improve Watches products by addressing battery problems,681
P0217,Fitness Watch 217,Watches,Fitness Watch,performance,15,37.5,69.85,36.86,Moderate Market Gap,48.63,Moderate Opportunity,Improve Watches products by addressing performance problems,682
P0217,Fitness Watch 217,Watches,Fitness Watch,software,15,37.5,69.85,36.86,Moderate Market Gap,48.63,Moderate Opportunity,Improve Watches products by addressing software problems,683
P0331,Smart Ring 331,Wearables,Smart Ring,software,16,40.0,68.58,35.35,Moderate Market Gap,48.61,Moderate Opportunity,Improve Wearables products by addressing software problems,684
P0345,Tablet 345,Mobile,Tablet,comfort,13,32.5,75.09,36.43,Moderate Market Gap,48.59,Moderate Opportunity,Improve Mobile products by addressing comfort problems,685
P0111,Smartphone 111,Mobile,Smartphone,performance,16,40.0,67.48,36.43,Moderate Market Gap,48.55,Moderate Opportunity,Improve Mobile products by addressing performance problems,686
P0266,Headphones 266,Audio,Headphones,performance,19,47.5,61.02,35.19,Moderate Market Gap,48.54,Moderate Opportunity,Improve Audio products by addressing performance problems,687
P0035,Smartphone 35,Mobile,Smartphone,battery,23,57.5,49.93,36.43,Moderate Market Gap,48.53,Moderate Opportunity,Improve Mobile products by addressing battery problems,688
P0476,Wireless Earbuds 476,Audio,Wireless Earbuds,battery,23,57.5,50.98,35.19,Moderate Market Gap,48.52,Moderate Opportunity,Improve Audio products by addressing battery problems,689
P0323,Smart Watch 323,Watches,Smart Watch,quality,20,50.0,56.94,36.86,Moderate Market Gap,48.49,Moderate Opportunity,Improve Watches products by addressing quality problems,690
P0493,Air Purifier 493,Home Appliances,Air Purifier,quality,20,50.0,57.45,36.23,Moderate Market Gap,48.48,Moderate Opportunity,Improve Home Appliances products by addressing quality problems,691
P0339,Wireless Earbuds 339,Audio,Wireless Earbuds,comfort,13,32.5,75.81,35.19,Moderate Market Gap,48.47,Moderate Opportunity,Improve Audio products by addressing comfort problems,692
P0095,Analog Watch 95,Watches,Analog Watch,quality,21,52.5,54.25,36.86,Moderate Market Gap,48.42,Moderate Opportunity,Improve Watches products by addressing quality problems,693
P0177,Wireless Earbuds 177,Audio,Wireless Earbuds,delivery,14,35.0,73.15,35.19,Moderate Market Gap,48.41,Moderate Opportunity,Improve Audio products by addressing delivery problems,694
P0260,Headphones 260,Audio,Headphones,battery,27,67.5,40.65,35.19,Moderate Market Gap,48.41,Moderate Opportunity,Improve Audio products by addressing battery problems,695
P0177,Wireless Earbuds 177,Audio,Wireless Earbuds,price,14,35.0,73.15,35.19,Moderate Market Gap,48.41,Moderate Opportunity,Improve Audio products by addressing price problems,696
P0012,Fitness Band 12,Wearables,Fitness Band,quality,18,45.0,63.02,35.35,Moderate Market Gap,48.41,Moderate Opportunity,Improve Wearables products by addressing quality problems,697
P0464,Smart Light 464,Home Appliances,Smart Light,battery,20,50.0,57.22,36.23,Moderate Market Gap,48.4,Moderate Opportunity,Improve Home Appliances products by addressing battery problems,698
P0487,Air Purifier 487,Home Appliances,Air Purifier,battery,19,47.5,59.72,36.23,Moderate Market Gap,48.4,Moderate Opportunity,Improve Home Appliances products by addressing battery problems,699
P0487,Air Purifier 487,Home Appliances,Air Purifier,quality,19,47.5,59.72,36.23,Moderate Market Gap,48.4,Moderate Opportunity,Improve Home Appliances products by addressing quality problems,700
P0483,Smartphone 483,Mobile,Smartphone,software,12,30.0,77.06,36.43,Moderate Market Gap,48.4,Moderate Opportunity,Improve Mobile products by addressing software problems,701
P0140,Smartphone 140,Mobile,Smartphone,performance,19,47.5,59.51,36.43,Moderate Market Gap,48.38,Moderate Opportunity,Improve Mobile products by addressing performance problems,702
P0105,Fitness Watch 105,Watches,Fitness Watch,price,13,32.5,74.12,36.86,Moderate Market Gap,48.38,Moderate Opportunity,Improve Watches products by addressing price problems,703
P0088,Air Purifier 88,Home Appliances,Air Purifier,quality,19,47.5,59.64,36.23,Moderate Market Gap,48.37,Moderate Opportunity,Improve Home Appliances products by addressing quality problems,704
P0061,Wireless Earbuds 61,Audio,Wireless Earbuds,quality,19,47.5,60.52,35.19,Moderate Market Gap,48.36,Moderate Opportunity,Improve Audio products by addressing quality problems,705
P0244,Air Purifier 244,Home Appliances,Air Purifier,battery,30,75.0,32.1,36.23,Moderate Market Gap,48.35,Moderate Opportunity,Improve Home Appliances products by addressing battery problems,706
P0069,Headphones 69,Audio,Headphones,software,14,35.0,72.94,35.19,Moderate Market Gap,48.34,Moderate Opportunity,Improve Audio products by addressing software problems,707
P0141,Wireless Earbuds 141,Audio,Wireless Earbuds,quality,26,65.0,42.92,35.19,Moderate Market Gap,48.33,Moderate Opportunity,Improve Audio products by addressing quality problems,708
P0167,Fitness Watch 167,Watches,Fitness Watch,battery,27,67.5,38.98,36.86,Moderate Market Gap,48.33,Moderate Opportunity,Improve Watches products by addressing battery problems,709
P0310,Fitness Band 310,Wearables,Fitness Band,quality,24,60.0,47.79,35.35,Moderate Market Gap,48.33,Moderate Opportunity,Improve Wearables products by addressing quality problems,710
P0415,Fitness Band 415,Wearables,Fitness Band,performance,19,47.5,60.25,35.35,Moderate Market Gap,48.32,Moderate Opportunity,Improve Wearables products by addressing performance problems,711
P0477,Fitness Watch 477,Watches,Fitness Watch,quality,16,40.0,66.47,36.86,Moderate Market Gap,48.32,Moderate Opportunity,Improve Watches products by addressing quality problems,712
P0281,Smart Ring 281,Wearables,Smart Ring,quality,15,37.5,70.25,35.35,Moderate Market Gap,48.32,Moderate Opportunity,Improve Wearables products by addressing quality problems,713
P0430,Smart Light 430,Home Appliances,Smart Light,battery,26,65.0,41.98,36.23,Moderate Market Gap,48.31,Moderate Opportunity,Improve Home Appliances products by addressing battery problems,714
P0485,Smart Watch 485,Watches,Smart Watch,comfort,13,32.5,73.94,36.86,Moderate Market Gap,48.31,Moderate Opportunity,Improve Watches products by addressing comfort problems,715
P0365,Smart Ring 365,Wearables,Smart Ring,performance,17,42.5,65.13,35.35,Moderate Market Gap,48.28,Moderate Opportunity,Improve Wearables products by addressing performance problems,716
P0075,Fitness Watch 75,Watches,Fitness Watch,performance,11,27.5,78.79,36.86,Moderate Market Gap,48.26,Moderate Opportunity,Improve Watches products by addressing performance problems,717
P0346,Smart Ring 346,Wearables,Smart Ring,battery,20,50.0,57.55,35.35,Moderate Market Gap,48.25,Moderate Opportunity,Improve Wearables products by addressing battery problems,718
P0278,Tablet 278,Mobile,Tablet,battery,22,55.0,51.56,36.43,Moderate Market Gap,48.22,Moderate Opportunity,Improve Mobile products by addressing battery problems,719
P0104,Smartphone 104,Mobile,Smartphone,quality,20,50.0,56.5,36.43,Moderate Market Gap,48.2,Moderate Opportunity,Improve Mobile products by addressing quality problems,720
P0113,Smart Watch 113,Watches,Smart Watch,performance,14,35.0,71.1,36.86,Moderate Market Gap,48.19,Moderate Opportunity,Improve Watches products by addressing performance problems,721
P0188,Headphones 188,Audio,Headphones,performance,21,52.5,54.98,35.19,Moderate Market Gap,48.18,Moderate Opportunity,Improve Audio products by addressing performance problems,722
P0188,Headphones 188,Audio,Headphones,quality,21,52.5,54.98,35.19,Moderate Market Gap,48.18,Moderate Opportunity,Improve Audio products by addressing quality problems,723
P0046,Bluetooth Speaker 46,Audio,Bluetooth Speaker,battery,29,72.5,34.94,35.19,Moderate Market Gap,48.16,Moderate Opportunity,Improve Audio products by addressing battery problems,724
P0125,Air Purifier 125,Home Appliances,Air Purifier,performance,18,45.0,61.54,36.23,Moderate Market Gap,48.16,Moderate Opportunity,Improve Home Appliances products by addressing performance problems,725
P0190,Smart Light 190,Home Appliances,Smart Light,quality,26,65.0,41.53,36.23,Moderate Market Gap,48.15,Moderate Opportunity,Improve Home Appliances products by addressing quality problems,726
P0283,Headphones 283,Audio,Headphones,price,14,35.0,72.42,35.19,Moderate Market Gap,48.15,Moderate Opportunity,Improve Audio products by addressing price problems,727
P0160,Smart Fan 160,Home Appliances,Smart Fan,performance,22,55.0,51.52,36.23,Moderate Market Gap,48.15,Moderate Opportunity,Improve Home Appliances products by addressing performance problems,728
P0114,Smart Light 114,Home Appliances,Smart Light,quality,23,57.5,49.0,36.23,Moderate Market Gap,48.14,Moderate Opportunity,Improve Home Appliances products by addressing quality problems,729
P0185,Smart Ring 185,Wearables,Smart Ring,quality,27,67.5,39.75,35.35,Moderate Market Gap,48.14,Moderate Opportunity,Improve Wearables products by addressing quality problems,730
P0164,Smart Fan 164,Home Appliances,Smart Fan,quality,24,60.0,46.5,36.23,Moderate Market Gap,48.14,Moderate Opportunity,Improve Home Appliances products by addressing quality problems,731
P0344,Smartphone 344,Mobile,Smartphone,comfort,15,37.5,68.77,36.43,Moderate Market Gap,48.12,Moderate Opportunity,Improve Mobile products by addressing comfort problems,732
P0422,Tablet 422,Mobile,Tablet,battery,24,60.0,46.22,36.43,Moderate Market Gap,48.11,Moderate Opportunity,Improve Mobile products by addressing battery problems,733
P0258,Smart Watch 258,Watches,Smart Watch,price,16,40.0,65.83,36.86,Moderate Market Gap,48.1,Moderate Opportunity,Improve Watches products by addressing price problems,734
P0047,Smart Fan 47,Home Appliances,Smart Fan,comfort,12,30.0,76.37,36.23,Moderate Market Gap,48.1,Moderate Opportunity,Improve Home Appliances products by addressing comfort problems,735
P0047,Smart Fan 47,Home Appliances,Smart Fan,delivery,12,30.0,76.37,36.23,Moderate Market Gap,48.1,Moderate Opportunity,Improve Home Appliances products by addressing delivery problems,736
P0021,Wireless Earbuds 21,Audio,Wireless Earbuds,quality,21,52.5,54.7,35.19,Moderate Market Gap,48.08,Moderate Opportunity,Improve Audio products by addressing quality problems,737
P0151,Smart Ring 151,Wearables,Smart Ring,battery,27,67.5,39.55,35.35,Moderate Market Gap,48.07,Moderate Opportunity,Improve Wearables products by addressing battery problems,738
P0117,Smartphone 117,Mobile,Smartphone,quality,16,40.0,66.12,36.43,Moderate Market Gap,48.07,Moderate Opportunity,Improve Mobile products by addressing quality problems,739
P0172,Air Purifier 172,Home Appliances,Air Purifier,quality,20,50.0,56.26,36.23,Moderate Market Gap,48.06,Moderate Opportunity,Improve Home Appliances products by addressing quality problems,740
P0429,Smart Ring 429,Wearables,Smart Ring,battery,25,62.5,44.48,35.35,Moderate Market Gap,48.05,Moderate Opportunity,Improve Wearables products by addressing battery problems,741
P0353,Analog Watch 353,Watches,Analog Watch,quality,18,45.0,60.67,36.86,Moderate Market Gap,48.04,Moderate Opportunity,Improve Watches products by addressing quality problems,742
P0297,Smartphone 297,Mobile,Smartphone,software,13,32.5,73.51,36.43,Moderate Market Gap,48.03,Moderate Opportunity,Improve Mobile products by addressing software problems,743
P0297,Smartphone 297,Mobile,Smartphone,delivery,13,32.5,73.51,36.43,Moderate Market Gap,48.03,Moderate Opportunity,Improve Mobile products by addressing delivery problems,744
P0297,Smartphone 297,Mobile,Smartphone,comfort,13,32.5,73.51,36.43,Moderate Market Gap,48.03,Moderate Opportunity,Improve Mobile products by addressing comfort problems,745
P0099,Bluetooth Speaker 99,Audio,Bluetooth Speaker,price,12,30.0,77.04,35.19,Moderate Market Gap,48.02,Moderate Opportunity,Improve Audio products by addressing price problems,746
P0215,Smart Light 215,Home Appliances,Smart Light,battery,23,57.5,48.63,36.23,Moderate Market Gap,48.01,Moderate Opportunity,Improve Home Appliances products by addressing battery problems,747
P0419,Fitness Band 419,Wearables,Fitness Band,comfort,12,30.0,76.83,35.35,Moderate Market Gap,48.0,Moderate Opportunity,Improve Wearables products by addressing comfort problems,748
P0490,Smart Light 490,Home Appliances,Smart Light,battery,26,65.0,41.09,36.23,Moderate Market Gap,48.0,Moderate Opportunity,Improve Home Appliances products by addressing battery problems,749
P0257,Analog Watch 257,Watches,Analog Watch,battery,27,67.5,38.02,36.86,Moderate Market Gap,47.99,Moderate Opportunity,Improve Watches products by addressing battery problems,750
P0103,Fitness Band 103,Wearables,Fitness Band,delivery,15,37.5,69.29,35.35,Moderate Market Gap,47.98,Moderate Opportunity,Improve Wearables products by addressing delivery problems,751
P0245,Smart Ring 245,Wearables,Smart Ring,battery,20,50.0,56.8,35.35,Moderate Market Gap,47.98,Moderate Opportunity,Improve Wearables products by addressing battery problems,752
P0216,Headphones 216,Audio,Headphones,quality,15,37.5,69.4,35.19,Moderate Market Gap,47.97,Moderate Opportunity,Improve Audio products by addressing quality problems,753
P0057,Headphones 57,Audio,Headphones,performance,15,37.5,69.4,35.19,Moderate Market Gap,47.97,Moderate Opportunity,Improve Audio products by addressing performance problems,754
P0321,Smart Ring 321,Wearables,Smart Ring,quality,21,52.5,54.26,35.35,Moderate Market Gap,47.97,Moderate Opportunity,Improve Wearables products by addressing quality problems,755
P0216,Headphones 216,Audio,Headphones,price,15,37.5,69.4,35.19,Moderate Market Gap,47.97,Moderate Opportunity,Improve Audio products by addressing price problems,756
P0127,Smartphone 127,Mobile,Smartphone,performance,16,40.0,65.78,36.43,Moderate Market Gap,47.95,Moderate Opportunity,Improve Mobile products by addressing performance problems,757
P0334,Fitness Band 334,Wearables,Fitness Band,software,16,40.0,66.7,35.35,Moderate Market Gap,47.95,Moderate Opportunity,Improve Wearables products by addressing software problems,758
P0373,Smartphone 373,Mobile,Smartphone,quality,17,42.5,63.2,36.43,Moderate Market Gap,47.92,Moderate Opportunity,Improve Mobile products by addressing quality problems,759
P0285,Smart Light 285,Home Appliances,Smart Light,performance,18,45.0,60.79,36.23,Moderate Market Gap,47.9,Moderate Opportunity,Improve Home Appliances products by addressing performance problems,760
P0223,Smartphone 223,Mobile,Smartphone,battery,21,52.5,53.09,36.43,Moderate Market Gap,47.89,Moderate Opportunity,Improve Mobile products by addressing battery problems,761
P0469,Smart Ring 469,Wearables,Smart Ring,quality,22,55.0,51.5,35.35,Moderate Market Gap,47.88,Moderate Opportunity,Improve Wearables products by addressing quality problems,762
P0343,Tablet 343,Mobile,Tablet,quality,25,62.5,43.06,36.43,Moderate Market Gap,47.88,Moderate Opportunity,Improve Mobile products by addressing quality problems,763
P0049,Smart Fan 49,Home Appliances,Smart Fan,quality,20,50.0,55.75,36.23,Moderate Market Gap,47.88,Moderate Opportunity,Improve Home Appliances products by addressing quality problems,764
P0369,Air Purifier 369,Home Appliances,Air Purifier,quality,20,50.0,55.73,36.23,Moderate Market Gap,47.87,Moderate Opportunity,Improve Home Appliances products by addressing quality problems,765
P0214,Fitness Band 214,Wearables,Fitness Band,quality,20,50.0,56.44,35.35,Moderate Market Gap,47.86,Moderate Opportunity,Improve Wearables products by addressing quality problems,766
P0473,Analog Watch 473,Watches,Analog Watch,comfort,12,30.0,75.14,36.86,Moderate Market Gap,47.86,Moderate Opportunity,Improve Watches products by addressing comfort problems,767
P0032,Smartphone 32,Mobile,Smartphone,price,14,35.0,70.5,36.43,Moderate Market Gap,47.85,Moderate Opportunity,Improve Mobile products by addressing price problems,768
P0161,Smartphone 161,Mobile,Smartphone,performance,15,37.5,67.95,36.43,Moderate Market Gap,47.84,Moderate Opportunity,Improve Mobile products by addressing performance problems,769
P0411,Smart Fan 411,Home Appliances,Smart Fan,quality,19,47.5,58.11,36.23,Moderate Market Gap,47.83,Moderate Opportunity,Improve Home Appliances products by addressing quality problems,770
P0435,Bluetooth Speaker 435,Audio,Bluetooth Speaker,quality,19,47.5,58.93,35.19,Moderate Market Gap,47.81,Moderate Opportunity,Improve Audio products by addressing quality problems,771
P0152,Wireless Earbuds 152,Audio,Wireless Earbuds,battery,19,47.5,58.95,35.19,Moderate Market Gap,47.81,Moderate Opportunity,Improve Audio products by addressing battery problems,772
P0156,Wireless Earbuds 156,Audio,Wireless Earbuds,performance,16,40.0,66.39,35.19,Moderate Market Gap,47.79,Moderate Opportunity,Improve Audio products by addressing performance problems,773
P0134,Smartphone 134,Mobile,Smartphone,battery,22,55.0,50.27,36.43,Moderate Market Gap,47.77,Moderate Opportunity,Improve Mobile products by addressing battery problems,774
P0134,Smartphone 134,Mobile,Smartphone,performance,22,55.0,50.27,36.43,Moderate Market Gap,47.77,Moderate Opportunity,Improve Mobile products by addressing performance problems,775
P0306,Fitness Band 306,Wearables,Fitness Band,battery,21,52.5,53.54,35.35,Moderate Market Gap,47.72,Moderate Opportunity,Improve Wearables products by addressing battery problems,776
P0358,Bluetooth Speaker 358,Audio,Bluetooth Speaker,quality,18,45.0,61.14,35.19,Moderate Market Gap,47.71,Moderate Opportunity,Improve Audio products by addressing quality problems,777
P0433,Smart Fan 433,Home Appliances,Smart Fan,quality,18,45.0,60.2,36.23,Moderate Market Gap,47.69,Moderate Opportunity,Improve Home Appliances products by addressing quality problems,778
P0417,Smart Light 417,Home Appliances,Smart Light,quality,21,52.5,52.69,36.23,Moderate Market Gap,47.69,Moderate Opportunity,Improve Home Appliances products by addressing quality problems,779
P0497,Smart Ring 497,Wearables,Smart Ring,performance,15,37.5,68.43,35.35,Moderate Market Gap,47.68,Moderate Opportunity,Improve Wearables products by addressing performance problems,780
P0268,Fitness Band 268,Wearables,Fitness Band,quality,17,42.5,63.34,35.35,Moderate Market Gap,47.65,Moderate Opportunity,Improve Wearables products by addressing quality problems,781
P0468,Fitness Band 468,Wearables,Fitness Band,quality,21,52.5,53.34,35.35,Moderate Market Gap,47.65,Moderate Opportunity,Improve Wearables products by addressing quality problems,782
P0165,Bluetooth Speaker 165,Audio,Bluetooth Speaker,price,12,30.0,75.94,35.19,Moderate Market Gap,47.64,Moderate Opportunity,Improve Audio products by addressing price problems,783
P0446,Tablet 446,Mobile,Tablet,battery,22,55.0,49.88,36.43,Moderate Market Gap,47.64,Moderate Opportunity,Improve Mobile products by addressing battery problems,784
P0039,Bluetooth Speaker 39,Audio,Bluetooth Speaker,performance,14,35.0,70.91,35.19,Moderate Market Gap,47.63,Moderate Opportunity,Improve Audio products by addressing performance problems,785
P0236,Fitness Band 236,Wearables,Fitness Band,performance,14,35.0,70.79,35.35,Moderate Market Gap,47.63,Moderate Opportunity,Improve Wearables products by addressing performance problems,786
P0337,Analog Watch 337,Watches,Analog Watch,quality,21,52.5,51.99,36.86,Moderate Market Gap,47.63,Moderate Opportunity,Improve Watches products by addressing quality problems,787
P0128,Smart Light 128,Home Appliances,Smart Light,battery,21,52.5,52.5,36.23,Moderate Market Gap,47.62,Moderate Opportunity,Improve Home Appliances products by addressing battery problems,788
P0183,Wireless Earbuds 183,Audio,Wireless Earbuds,performance,17,42.5,63.35,35.19,Moderate Market Gap,47.6,Moderate Opportunity,Improve Audio products by addressing performance problems,789
P0126,Tablet 126,Mobile,Tablet,battery,27,67.5,37.28,36.43,Moderate Market Gap,47.6,Moderate Opportunity,Improve Mobile products by addressing battery problems,790
P0493,Air Purifier 493,Home Appliances,Air Purifier,battery,19,47.5,57.45,36.23,Moderate Market Gap,47.6,Moderate Opportunity,Improve Home Appliances products by addressing battery problems,791
P0317,Smart Light 317,Home Appliances,Smart Light,quality,20,50.0,54.92,36.23,Moderate Market Gap,47.59,Moderate Opportunity,Improve Home Appliances products by addressing quality problems,792
P0339,Wireless Earbuds 339,Audio,Wireless Earbuds,price,12,30.0,75.81,35.19,Moderate Market Gap,47.59,Moderate Opportunity,Improve Audio products by addressing price problems,793
P0226,Bluetooth Speaker 226,Audio,Bluetooth Speaker,battery,24,60.0,45.76,35.19,Moderate Market Gap,47.57,Moderate Opportunity,Improve Audio products by addressing battery problems,794
P0314,Smart Light 314,Home Appliances,Smart Light,battery,25,62.5,42.37,36.23,Moderate Market Gap,47.57,Moderate Opportunity,Improve Home Appliances products by addressing battery problems,795
P0102,Smart Light 102,Home Appliances,Smart Light,quality,19,47.5,57.37,36.23,Moderate Market Gap,47.57,Moderate Opportunity,Improve Home Appliances products by addressing quality problems,796
P0186,Smart Ring 186,Wearables,Smart Ring,quality,16,40.0,65.58,35.35,Moderate Market Gap,47.56,Moderate Opportunity,Improve Wearables products by addressing quality problems,797
P0280,Smartphone 280,Mobile,Smartphone,performance,13,32.5,72.14,36.43,Moderate Market Gap,47.55,Moderate Opportunity,Improve Mobile products by addressing performance problems,798
P0270,Smart Watch 270,Watches,Smart Watch,quality,18,45.0,59.26,36.86,Moderate Market Gap,47.55,Moderate Opportunity,Improve Watches products by addressing quality problems,799
P0280,Smartphone 280,Mobile,Smartphone,price,13,32.5,72.14,36.43,Moderate Market Gap,47.55,Moderate Opportunity,Improve Mobile products by addressing price problems,800
P0094,Smart Ring 94,Wearables,Smart Ring,comfort,12,30.0,75.53,35.35,Moderate Market Gap,47.54,Moderate Opportunity,Improve Wearables products by addressing comfort problems,801
P0483,Smartphone 483,Mobile,Smartphone,comfort,11,27.5,77.06,36.43,Moderate Market Gap,47.53,Moderate Opportunity,Improve Mobile products by addressing comfort problems,802
P0487,Air Purifier 487,Home Appliances,Air Purifier,performance,18,45.0,59.72,36.23,Moderate Market Gap,47.52,Moderate Opportunity,Improve Home Appliances products by addressing performance problems,803
P0299,Smart Ring 299,Wearables,Smart Ring,battery,28,70.0,35.47,35.35,Moderate Market Gap,47.52,Moderate Opportunity,Improve Wearables products by addressing battery problems,804
P0083,Air Purifier 83,Home Appliances,Air Purifier,quality,21,52.5,52.12,36.23,Moderate Market Gap,47.49,Moderate Opportunity,Improve Home Appliances products by addressing quality problems,805
P0461,Headphones 461,Audio,Headphones,battery,26,65.0,40.5,35.19,Moderate Market Gap,47.48,Moderate Opportunity,Improve Audio products by addressing battery problems,806
P0174,Tablet 174,Mobile,Tablet,quality,19,47.5,56.89,36.43,Moderate Market Gap,47.47,Moderate Opportunity,Improve Mobile products by addressing quality problems,807
P0349,Smart Fan 349,Home Appliances,Smart Fan,quality,21,52.5,52.07,36.23,Moderate Market Gap,47.47,Moderate Opportunity,Improve Home Appliances products by addressing quality problems,808
P0054,Wireless Earbuds 54,Audio,Wireless Earbuds,quality,28,70.0,35.48,35.19,Moderate Market Gap,47.47,Moderate Opportunity,Improve Audio products by addressing quality problems,809
P0069,Headphones 69,Audio,Headphones,price,13,32.5,72.94,35.19,Moderate Market Gap,47.46,Moderate Opportunity,Improve Audio products by addressing price problems,810
P0310,Fitness Band 310,Wearables,Fitness Band,battery,23,57.5,47.79,35.35,Moderate Market Gap,47.46,Moderate Opportunity,Improve Wearables products by addressing battery problems,811
P0470,Smart Light 470,Home Appliances,Smart Light,price,15,37.5,67.01,36.23,Moderate Market Gap,47.45,Moderate Opportunity,Improve Home Appliances products by addressing price problems,812
P0485,Smart Watch 485,Watches,Smart Watch,price,12,30.0,73.94,36.86,Moderate Market Gap,47.44,Moderate Opportunity,Improve Watches products by addressing price problems,813
P0232,Smart Ring 232,Wearables,Smart Ring,battery,17,42.5,62.71,35.35,Moderate Market Gap,47.43,Moderate Opportunity,Improve Wearables products by addressing battery problems,814
P0072,Smart Light 72,Home Appliances,Smart Light,quality,23,57.5,46.94,36.23,Moderate Market Gap,47.42,Moderate Opportunity,Improve Home Appliances products by addressing quality problems,815
P0101,Bluetooth Speaker 101,Audio,Bluetooth Speaker,battery,26,65.0,40.33,35.19,Moderate Market Gap,47.42,Moderate Opportunity,Improve Audio products by addressing battery problems,816
P0139,Analog Watch 139,Watches,Analog Watch,comfort,15,37.5,66.4,36.86,Moderate Market Gap,47.42,Moderate Opportunity,Improve Watches products by addressing comfort problems,817
P0229,Smart Light 229,Home Appliances,Smart Light,quality,13,32.5,71.88,36.23,Moderate Market Gap,47.4,Moderate Opportunity,Improve Home Appliances products by addressing quality problems,818
P0075,Fitness Watch 75,Watches,Fitness Watch,price,10,25.0,78.79,36.86,Moderate Market Gap,47.38,Moderate Opportunity,Improve Watches products by addressing price problems,819
P0262,Headphones 262,Audio,Headphones,quality,15,37.5,67.63,35.19,Moderate Market Gap,47.35,Moderate Opportunity,Improve Audio products by addressing quality problems,820
P0492,Smart Ring 492,Wearables,Smart Ring,performance,12,30.0,74.93,35.35,Moderate Market Gap,47.33,Moderate Opportunity,Improve Wearables products by addressing performance problems,821
P0357,Tablet 357,Mobile,Tablet,battery,22,55.0,49.0,36.43,Moderate Market Gap,47.33,Moderate Opportunity,Improve Mobile products by addressing battery problems,822
P0113,Smart Watch 113,Watches,Smart Watch,software,13,32.5,71.1,36.86,Moderate Market Gap,47.32,Moderate Opportunity,Improve Watches products by addressing software problems,823
P0133,Wireless Earbuds 133,Audio,Wireless Earbuds,performance,19,47.5,57.5,35.19,Moderate Market Gap,47.31,Moderate Opportunity,Improve Audio products by addressing performance problems,824
P0235,Smartphone 235,Mobile,Smartphone,delivery,10,25.0,78.93,36.43,Moderate Market Gap,47.3,Moderate Opportunity,Improve Mobile products by addressing delivery problems,825
P0235,Smartphone 235,Mobile,Smartphone,software,10,25.0,78.93,36.43,Moderate Market Gap,47.3,Moderate Opportunity,Improve Mobile products by addressing software problems,826
P0009,Wireless Earbuds 9,Audio,Wireless Earbuds,price,14,35.0,69.97,35.19,Moderate Market Gap,47.3,Moderate Opportunity,Improve Audio products by addressing price problems,827
P0184,Smart Ring 184,Wearables,Smart Ring,battery,26,65.0,39.8,35.35,Moderate Market Gap,47.28,Moderate Opportunity,Improve Wearables products by addressing battery problems,828
P0064,Fitness Band 64,Wearables,Fitness Band,delivery,13,32.5,72.23,35.35,Moderate Market Gap,47.26,Moderate Opportunity,Improve Wearables products by addressing delivery problems,829
P0064,Fitness Band 64,Wearables,Fitness Band,performance,13,32.5,72.23,35.35,Moderate Market Gap,47.26,Moderate Opportunity,Improve Wearables products by addressing performance problems,830
P0242,Smart Light 242,Home Appliances,Smart Light,software,11,27.5,76.46,36.23,Moderate Market Gap,47.26,Moderate Opportunity,Improve Home Appliances products by addressing software problems,831
P0242,Smart Light 242,Home Appliances,Smart Light,comfort,11,27.5,76.46,36.23,Moderate Market Gap,47.26,Moderate Opportunity,Improve Home Appliances products by addressing comfort problems,832
P0149,Fitness Watch 149,Watches,Fitness Watch,price,13,32.5,70.89,36.86,Moderate Market Gap,47.24,Moderate Opportunity,Improve Watches products by addressing price problems,833
P0149,Fitness Watch 149,Watches,Fitness Watch,software,13,32.5,70.89,36.86,Moderate Market Gap,47.24,Moderate Opportunity,Improve Watches products by addressing software problems,834
P0393,Analog Watch 393,Watches,Analog Watch,battery,26,65.0,38.29,36.86,Moderate Market Gap,47.21,Moderate Opportunity,Improve Watches products by addressing battery problems,835
P0393,Analog Watch 393,Watches,Analog Watch,quality,26,65.0,38.29,36.86,Moderate Market Gap,47.21,Moderate Opportunity,Improve Watches products by addressing quality problems,836
P0192,Bluetooth Speaker 192,Audio,Bluetooth Speaker,software,14,35.0,69.68,35.19,Moderate Market Gap,47.2,Moderate Opportunity,Improve Audio products by addressing software problems,837
P0117,Smartphone 117,Mobile,Smartphone,performance,15,37.5,66.12,36.43,Moderate Market Gap,47.2,Moderate Opportunity,Improve Mobile products by addressing performance problems,838
P0377,Smart Ring 377,Wearables,Smart Ring,battery,23,57.5,47.07,35.35,Moderate Market Gap,47.2,Moderate Opportunity,Improve Wearables products by addressing battery problems,839
P0256,Smartphone 256,Mobile,Smartphone,comfort,11,27.5,76.08,36.43,Moderate Market Gap,47.18,Moderate Opportunity,Improve Mobile products by addressing comfort problems,840
P0256,Smartphone 256,Mobile,Smartphone,delivery,11,27.5,76.08,36.43,Moderate Market Gap,47.18,Moderate Opportunity,Improve Mobile products by addressing delivery problems,841
P0150,Tablet 150,Mobile,Tablet,performance,13,32.5,71.05,36.43,Moderate Market Gap,47.17,Moderate Opportunity,Improve Mobile products by addressing performance problems,842
P0203,Smart Light 203,Home Appliances,Smart Light,performance,13,32.5,71.18,36.23,Moderate Market Gap,47.16,Moderate Opportunity,Improve Home Appliances products by addressing performance problems,843
P0099,Bluetooth Speaker 99,Audio,Bluetooth Speaker,comfort,11,27.5,77.04,35.19,Moderate Market Gap,47.15,Moderate Opportunity,Improve Audio products by addressing comfort problems,844
P0400,Analog Watch 400,Watches,Analog Watch,price,12,30.0,73.08,36.86,Moderate Market Gap,47.14,Moderate Opportunity,Improve Watches products by addressing price problems,845
P0198,Smart Ring 198,Wearables,Smart Ring,quality,13,32.5,71.82,35.35,Moderate Market Gap,47.12,Moderate Opportunity,Improve Wearables products by addressing quality problems,846
P0103,Fitness Band 103,Wearables,Fitness Band,comfort,14,35.0,69.29,35.35,Moderate Market Gap,47.11,Moderate Opportunity,Improve Wearables products by addressing comfort problems,847
P0486,Tablet 486,Mobile,Tablet,battery,17,42.5,60.85,36.43,Moderate Market Gap,47.1,Moderate Opportunity,Improve Mobile products by addressing battery problems,848
P0347,Smartphone 347,Mobile,Smartphone,price,10,25.0,78.35,36.43,Moderate Market Gap,47.1,Moderate Opportunity,Improve Mobile products by addressing price problems,849
P0347,Smartphone 347,Mobile,Smartphone,delivery,10,25.0,78.35,36.43,Moderate Market Gap,47.1,Moderate Opportunity,Improve Mobile products by addressing delivery problems,850
P0123,Smart Watch 123,Watches,Smart Watch,software,11,27.5,75.47,36.86,Moderate Market Gap,47.1,Moderate Opportunity,Improve Watches products by addressing software problems,851
P0135,Smart Watch 135,Watches,Smart Watch,quality,24,60.0,42.96,36.86,Moderate Market Gap,47.09,Moderate Opportunity,Improve Watches products by addressing quality problems,852
P0135,Smart Watch 135,Watches,Smart Watch,battery,24,60.0,42.96,36.86,Moderate Market Gap,47.09,Moderate Opportunity,Improve Watches products by addressing battery problems,853
P0005,Air Purifier 5,Home Appliances,Air Purifier,performance,19,47.5,56.0,36.23,Moderate Market Gap,47.09,Moderate Opportunity,Improve Home Appliances products by addressing performance problems,854
P0097,Fitness Watch 97,Watches,Fitness Watch,quality,23,57.5,45.42,36.86,Moderate Market Gap,47.08,Moderate Opportunity,Improve Watches products by addressing quality problems,855
P0003,Smart Light 3,Home Appliances,Smart Light,battery,25,62.5,40.9,36.23,Moderate Market Gap,47.06,Moderate Opportunity,Improve Home Appliances products by addressing battery problems,856
P0227,Smart Ring 227,Wearables,Smart Ring,quality,18,45.0,59.09,35.35,Moderate Market Gap,47.04,Moderate Opportunity,Improve Wearables products by addressing quality problems,857
P0122,Smart Fan 122,Home Appliances,Smart Fan,quality,18,45.0,58.33,36.23,Moderate Market Gap,47.03,Moderate Opportunity,Improve Home Appliances products by addressing quality problems,858
P0122,Smart Fan 122,Home Appliances,Smart Fan,software,18,45.0,58.33,36.23,Moderate Market Gap,47.03,Moderate Opportunity,Improve Home Appliances products by addressing software problems,859
P0073,Smartphone 73,Mobile,Smartphone,quality,24,60.0,43.14,36.43,Moderate Market Gap,47.03,Moderate Opportunity,Improve Mobile products by addressing quality problems,860
P0261,Analog Watch 261,Watches,Analog Watch,comfort,16,40.0,62.76,36.86,Moderate Market Gap,47.02,Moderate Opportunity,Improve Watches products by addressing comfort problems,861
P0261,Analog Watch 261,Watches,Analog Watch,performance,16,40.0,62.76,36.86,Moderate Market Gap,47.02,Moderate Opportunity,Improve Watches products by addressing performance problems,862
P0051,Air Purifier 51,Home Appliances,Air Purifier,quality,14,35.0,68.27,36.23,Moderate Market Gap,47.01,Moderate Opportunity,Improve Home Appliances products by addressing quality problems,863
P0051,Air Purifier 51,Home Appliances,Air Purifier,software,14,35.0,68.27,36.23,Moderate Market Gap,47.01,Moderate Opportunity,Improve Home Appliances products by addressing software problems,864
P0369,Air Purifier 369,Home Appliances,Air Purifier,price,19,47.5,55.73,36.23,Moderate Market Gap,47.0,Moderate Opportunity,Improve Home Appliances products by addressing price problems,865
P0405,Air Purifier 405,Home Appliances,Air Purifier,comfort,14,35.0,68.21,36.23,Moderate Market Gap,46.99,Moderate Opportunity,Improve Home Appliances products by addressing comfort problems,866
P0053,Tablet 53,Mobile,Tablet,performance,20,50.0,53.0,36.43,Moderate Market Gap,46.98,Moderate Opportunity,Improve Mobile products by addressing performance problems,867
P0045,Smart Ring 45,Wearables,Smart Ring,quality,21,52.5,51.43,35.35,Moderate Market Gap,46.98,Moderate Opportunity,Improve Wearables products by addressing quality problems,868
P0222,Air Purifier 222,Home Appliances,Air Purifier,performance,15,37.5,65.63,36.23,Moderate Market Gap,46.96,Moderate Opportunity,Improve Home Appliances products by addressing performance problems,869
P0222,Air Purifier 222,Home Appliances,Air Purifier,delivery,15,37.5,65.63,36.23,Moderate Market Gap,46.96,Moderate Opportunity,Improve Home Appliances products by addressing delivery problems,870
P0161,Smartphone 161,Mobile,Smartphone,price,14,35.0,67.95,36.43,Moderate Market Gap,46.96,Moderate Opportunity,Improve Mobile products by addressing price problems,871
P0161,Smartphone 161,Mobile,Smartphone,comfort,14,35.0,67.95,36.43,Moderate Market Gap,46.96,Moderate Opportunity,Improve Mobile products by addressing comfort problems,872
P0224,Air Purifier 224,Home Appliances,Air Purifier,quality,15,37.5,65.6,36.23,Moderate Market Gap,46.95,Moderate Opportunity,Improve Home Appliances products by addressing quality problems,873
P0220,Smart Ring 220,Wearables,Smart Ring,quality,17,42.5,61.32,35.35,Moderate Market Gap,46.94,Moderate Opportunity,Improve Wearables products by addressing quality problems,874
P0481,Bluetooth Speaker 481,Audio,Bluetooth Speaker,performance,19,47.5,56.46,35.19,Moderate Market Gap,46.94,Moderate Opportunity,Improve Audio products by addressing performance problems,875
P0014,Fitness Band 14,Wearables,Fitness Band,performance,15,37.5,66.23,35.35,Moderate Market Gap,46.91,Moderate Opportunity,Improve Wearables products by addressing performance problems,876
P0263,Smart Light 263,Home Appliances,Smart Light,price,13,32.5,70.47,36.23,Moderate Market Gap,46.91,Moderate Opportunity,Improve Home Appliances products by addressing price problems,877
P0030,Tablet 30,Mobile,Tablet,quality,22,55.0,47.76,36.43,Moderate Market Gap,46.9,Moderate Opportunity,Improve Mobile products by addressing quality problems,878
P0312,Smart Watch 312,Watches,Smart Watch,comfort,11,27.5,74.89,36.86,Moderate Market Gap,46.89,Moderate Opportunity,Improve Watches products by addressing comfort problems,879
P0295,Smart Ring 295,Wearables,Smart Ring,battery,29,72.5,31.13,35.35,Moderate Market Gap,46.88,Moderate Opportunity,Improve Wearables products by addressing battery problems,880
P0225,Smart Fan 225,Home Appliances,Smart Fan,performance,12,30.0,72.85,36.23,Moderate Market Gap,46.87,Moderate Opportunity,Improve Home Appliances products by addressing performance problems,881
P0379,Bluetooth Speaker 379,Audio,Bluetooth Speaker,quality,23,57.5,46.26,35.19,Moderate Market Gap,46.87,Moderate Opportunity,Improve Audio products by addressing quality problems,882
P0158,Smartphone 158,Mobile,Smartphone,battery,24,60.0,42.65,36.43,Moderate Market Gap,46.86,Moderate Opportunity,Improve Mobile products by addressing battery problems,883
P0331,Smart Ring 331,Wearables,Smart Ring,comfort,14,35.0,68.58,35.35,Moderate Market Gap,46.86,Moderate Opportunity,Improve Wearables products by addressing comfort problems,884
P0331,Smart Ring 331,Wearables,Smart Ring,delivery,14,35.0,68.58,35.35,Moderate Market Gap,46.86,Moderate Opportunity,Improve Wearables products by addressing delivery problems,885
P0447,Smartphone 447,Mobile,Smartphone,battery,21,52.5,50.12,36.43,Moderate Market Gap,46.85,Moderate Opportunity,Improve Mobile products by addressing battery problems,886
P0345,Tablet 345,Mobile,Tablet,software,11,27.5,75.09,36.43,Moderate Market Gap,46.84,Moderate Opportunity,Improve Mobile products by addressing software problems,887
P0166,Smart Ring 166,Wearables,Smart Ring,quality,19,47.5,56.03,35.35,Moderate Market Gap,46.84,Moderate Opportunity,Improve Wearables products by addressing quality problems,888
P0211,Air Purifier 211,Home Appliances,Air Purifier,quality,16,40.0,62.77,36.23,Moderate Market Gap,46.84,Moderate Opportunity,Improve Home Appliances products by addressing quality problems,889
P0142,Smart Fan 142,Home Appliances,Smart Fan,delivery,13,32.5,70.25,36.23,Moderate Market Gap,46.83,Moderate Opportunity,Improve Home Appliances products by addressing delivery problems,890
P0358,Bluetooth Speaker 358,Audio,Bluetooth Speaker,performance,17,42.5,61.14,35.19,Moderate Market Gap,46.83,Moderate Opportunity,Improve Audio products by addressing performance problems,891
P0142,Smart Fan 142,Home Appliances,Smart Fan,software,13,32.5,70.25,36.23,Moderate Market Gap,46.83,Moderate Opportunity,Improve Home Appliances products by addressing software problems,892
P0018,Smart Ring 18,Wearables,Smart Ring,battery,26,65.0,38.46,35.35,Moderate Market Gap,46.82,Moderate Opportunity,Improve Wearables products by addressing battery problems,893
P0368,Headphones 368,Audio,Headphones,battery,24,60.0,43.61,35.19,Moderate Market Gap,46.82,Moderate Opportunity,Improve Audio products by addressing battery problems,894
P0208,Fitness Watch 208,Watches,Fitness Watch,battery,27,67.5,34.67,36.86,Moderate Market Gap,46.82,Moderate Opportunity,Improve Watches products by addressing battery problems,895
P0291,Wireless Earbuds 291,Audio,Wireless Earbuds,software,12,30.0,73.57,35.19,Moderate Market Gap,46.81,Moderate Opportunity,Improve Audio products by addressing software problems,896
P0063,Fitness Band 63,Wearables,Fitness Band,quality,20,50.0,53.45,35.35,Moderate Market Gap,46.81,Moderate Opportunity,Improve Wearables products by addressing quality problems,897
P0292,Smart Fan 292,Home Appliances,Smart Fan,delivery,23,57.5,45.15,36.23,Moderate Market Gap,46.8,Moderate Opportunity,Improve Home Appliances products by addressing delivery problems,898
P0325,Tablet 325,Mobile,Tablet,battery,25,62.5,40.0,36.43,Moderate Market Gap,46.8,Moderate Opportunity,Improve Mobile products by addressing battery problems,899
P0170,Tablet 170,Mobile,Tablet,comfort,16,40.0,62.48,36.43,Moderate Market Gap,46.8,Moderate Opportunity,Improve Mobile products by addressing comfort problems,900
P0268,Fitness Band 268,Wearables,Fitness Band,performance,16,40.0,63.34,35.35,Moderate Market Gap,46.77,Moderate Opportunity,Improve Wearables products by addressing performance problems,901
P0175,Fitness Band 175,Wearables,Fitness Band,battery,23,57.5,45.82,35.35,Moderate Market Gap,46.77,Moderate Opportunity,Improve Wearables products by addressing battery problems,902
P0236,Fitness Band 236,Wearables,Fitness Band,quality,13,32.5,70.79,35.35,Moderate Market Gap,46.76,Moderate Opportunity,Improve Wearables products by addressing quality problems,903
P0236,Fitness Band 236,Wearables,Fitness Band,delivery,13,32.5,70.79,35.35,Moderate Market Gap,46.76,Moderate Opportunity,Improve Wearables products by addressing delivery problems,904
P0039,Bluetooth Speaker 39,Audio,Bluetooth Speaker,price,13,32.5,70.91,35.19,Moderate Market Gap,46.75,Moderate Opportunity,Improve Audio products by addressing price problems,905
P0119,Wireless Earbuds 119,Audio,Wireless Earbuds,quality,20,50.0,53.42,35.19,Moderate Market Gap,46.75,Moderate Opportunity,Improve Audio products by addressing quality problems,906
P0318,Bluetooth Speaker 318,Audio,Bluetooth Speaker,quality,16,40.0,63.38,35.19,Moderate Market Gap,46.74,Moderate Opportunity,Improve Audio products by addressing quality problems,907
P0237,Tablet 237,Mobile,Tablet,software,11,27.5,74.81,36.43,Moderate Market Gap,46.74,Moderate Opportunity,Improve Mobile products by addressing software problems,908
P0445,Bluetooth Speaker 445,Audio,Bluetooth Speaker,battery,28,70.0,33.29,35.19,Moderate Market Gap,46.71,Moderate Opportunity,Improve Audio products by addressing battery problems,909
P0059,Air Purifier 59,Home Appliances,Air Purifier,performance,17,42.5,59.83,36.23,Moderate Market Gap,46.68,Moderate Opportunity,Improve Home Appliances products by addressing performance problems,910
P0458,Headphones 458,Audio,Headphones,quality,19,47.5,55.69,35.19,Moderate Market Gap,46.67,Moderate Opportunity,Improve Audio products by addressing quality problems,911
P0056,Analog Watch 56,Watches,Analog Watch,comfort,16,40.0,61.72,36.86,Moderate Market Gap,46.66,Moderate Opportunity,Improve Watches products by addressing comfort problems,912
P0012,Fitness Band 12,Wearables,Fitness Band,performance,16,40.0,63.02,35.35,Moderate Market Gap,46.66,Moderate Opportunity,Improve Wearables products by addressing performance problems,913
P0255,Bluetooth Speaker 255,Audio,Bluetooth Speaker,performance,15,37.5,65.63,35.19,Moderate Market Gap,46.65,Moderate Opportunity,Improve Audio products by addressing performance problems,914
P0302,Bluetooth Speaker 302,Audio,Bluetooth Speaker,quality,18,45.0,58.13,35.19,Moderate Market Gap,46.65,Moderate Opportunity,Improve Audio products by addressing quality problems,915
P0213,Wireless Earbuds 213,Audio,Wireless Earbuds,battery,22,55.0,48.11,35.19,Moderate Market Gap,46.65,Moderate Opportunity,Improve Audio products by addressing battery problems,916
P0196,Smart Ring 196,Wearables,Smart Ring,comfort,13,32.5,70.43,35.35,Moderate Market Gap,46.63,Moderate Opportunity,Improve Wearables products by addressing comfort problems,917
P0461,Headphones 461,Audio,Headphones,performance,25,62.5,40.5,35.19,Moderate Market Gap,46.61,Moderate Opportunity,Improve Audio products by addressing performance problems,918
P0061,Wireless Earbuds 61,Audio,Wireless Earbuds,performance,17,42.5,60.52,35.19,Moderate Market Gap,46.61,Moderate Opportunity,Improve Audio products by addressing performance problems,919
P0013,Smart Ring 13,Wearables,Smart Ring,quality,24,60.0,42.87,35.35,Moderate Market Gap,46.61,Moderate Opportunity,Improve Wearables products by addressing quality problems,920
P0062,Tablet 62,Mobile,Tablet,price,12,30.0,71.93,36.43,Moderate Market Gap,46.6,Moderate Opportunity,Improve Mobile products by addressing price problems,921
P0062,Tablet 62,Mobile,Tablet,comfort,12,30.0,71.93,36.43,Moderate Market Gap,46.6,Moderate Opportunity,Improve Mobile products by addressing comfort problems,922
P0427,Analog Watch 427,Watches,Analog Watch,quality,17,42.5,59.06,36.86,Moderate Market Gap,46.6,Moderate Opportunity,Improve Watches products by addressing quality problems,923
P0479,Fitness Watch 479,Watches,Fitness Watch,comfort,13,32.5,69.04,36.86,Moderate Market Gap,46.6,Moderate Opportunity,Improve Watches products by addressing comfort problems,924
P0479,Fitness Watch 479,Watches,Fitness Watch,software,13,32.5,69.04,36.86,Moderate Market Gap,46.6,Moderate Opportunity,Improve Watches products by addressing software problems,925
P0240,Tablet 240,Mobile,Tablet,battery,26,65.0,36.9,36.43,Moderate Market Gap,46.59,Moderate Opportunity,Improve Mobile products by addressing battery problems,926
P0269,Smartphone 269,Mobile,Smartphone,software,12,30.0,71.85,36.43,Moderate Market Gap,46.58,Moderate Opportunity,Improve Mobile products by addressing software problems,927
P0269,Smartphone 269,Mobile,Smartphone,price,12,30.0,71.85,36.43,Moderate Market Gap,46.58,Moderate Opportunity,Improve Mobile products by addressing price problems,928
P0384,Bluetooth Speaker 384,Audio,Bluetooth Speaker,battery,21,52.5,50.39,35.19,Moderate Market Gap,46.57,Moderate Opportunity,Improve Audio products by addressing battery problems,929
P0437,Tablet 437,Mobile,Tablet,performance,20,50.0,51.82,36.43,Moderate Market Gap,46.57,Moderate Opportunity,Improve Mobile products by addressing performance problems,930
P0485,Smart Watch 485,Watches,Smart Watch,delivery,11,27.5,73.94,36.86,Moderate Market Gap,46.56,Moderate Opportunity,Improve Watches products by addressing delivery problems,931
P0232,Smart Ring 232,Wearables,Smart Ring,quality,16,40.0,62.71,35.35,Moderate Market Gap,46.55,Moderate Opportunity,Improve Wearables products by addressing quality problems,932
P0043,Tablet 43,Mobile,Tablet,price,14,35.0,66.77,36.43,Moderate Market Gap,46.55,Moderate Opportunity,Improve Mobile products by addressing price problems,933
P0455,Fitness Band 455,Wearables,Fitness Band,comfort,14,35.0,67.7,35.35,Moderate Market Gap,46.55,Moderate Opportunity,Improve Wearables products by addressing comfort problems,934
P0229,Smart Light 229,Home Appliances,Smart Light,software,12,30.0,71.88,36.23,Moderate Market Gap,46.53,Moderate Opportunity,Improve Home Appliances products by addressing software problems,935
P0229,Smart Light 229,Home Appliances,Smart Light,price,12,30.0,71.88,36.23,Moderate Market Gap,46.53,Moderate Opportunity,Improve Home Appliances products by addressing price problems,936
P0145,Fitness Band 145,Wearables,Fitness Band,quality,22,55.0,47.62,35.35,Moderate Market Gap,46.52,Moderate Opportunity,Improve Wearables products by addressing quality problems,937
P0465,Fitness Band 465,Wearables,Fitness Band,battery,18,45.0,57.58,35.35,Moderate Market Gap,46.51,Moderate Opportunity,Improve Wearables products by addressing battery problems,938
P0439,Smartphone 439,Mobile,Smartphone,quality,19,47.5,54.06,36.43,Moderate Market Gap,46.48,Moderate Opportunity,Improve Mobile products by addressing quality problems,939
P0131,Smartphone 131,Mobile,Smartphone,quality,20,50.0,51.57,36.43,Moderate Market Gap,46.48,Moderate Opportunity,Improve Mobile products by addressing quality problems,940
P0492,Smart Ring 492,Wearables,Smart Ring,software,11,27.5,74.93,35.35,Moderate Market Gap,46.46,Moderate Opportunity,Improve Wearables products by addressing software problems,941
P0428,Wireless Earbuds 428,Audio,Wireless Earbuds,comfort,14,35.0,67.52,35.19,Moderate Market Gap,46.44,Moderate Opportunity,Improve Audio products by addressing comfort problems,942
P0287,Analog Watch 287,Watches,Analog Watch,performance,18,45.0,56.02,36.86,Moderate Market Gap,46.42,Moderate Opportunity,Improve Watches products by addressing performance problems,943
P0283,Headphones 283,Audio,Headphones,delivery,12,30.0,72.42,35.19,Moderate Market Gap,46.4,Moderate Opportunity,Improve Audio products by addressing delivery problems,944
P0283,Headphones 283,Audio,Headphones,performance,12,30.0,72.42,35.19,Moderate Market Gap,46.4,Moderate Opportunity,Improve Audio products by addressing performance problems,945
P0160,Smart Fan 160,Home Appliances,Smart Fan,quality,20,50.0,51.52,36.23,Moderate Market Gap,46.4,Moderate Opportunity,Improve Home Appliances products by addressing quality problems,946
P0293,Smart Fan 293,Home Appliances,Smart Fan,price,10,25.0,76.51,36.23,Moderate Market Gap,46.4,Moderate Opportunity,Improve Home Appliances products by addressing price problems,947
P0064,Fitness Band 64,Wearables,Fitness Band,software,12,30.0,72.23,35.35,Moderate Market Gap,46.39,Moderate Opportunity,Improve Wearables products by addressing software problems,948
P0474,Bluetooth Speaker 474,Audio,Bluetooth Speaker,price,11,27.5,74.89,35.19,Moderate Market Gap,46.39,Moderate Opportunity,Improve Audio products by addressing price problems,949
P0078,Smart Ring 78,Wearables,Smart Ring,performance,16,40.0,62.24,35.35,Moderate Market Gap,46.39,Moderate Opportunity,Improve Wearables products by addressing performance problems,950
P0107,Analog Watch 107,Watches,Analog Watch,battery,23,57.5,43.39,36.86,Moderate Market Gap,46.37,Moderate Opportunity,Improve Watches products by addressing battery problems,951
P0107,Analog Watch 107,Watches,Analog Watch,performance,23,57.5,43.39,36.86,Moderate Market Gap,46.37,Moderate Opportunity,Improve Watches products by addressing performance problems,952
P0087,Tablet 87,Mobile,Tablet,quality,21,52.5,48.74,36.43,Moderate Market Gap,46.36,Moderate Opportunity,Improve Mobile products by addressing quality problems,953
P0407,Fitness Band 407,Wearables,Fitness Band,quality,17,42.5,59.66,35.35,Moderate Market Gap,46.36,Moderate Opportunity,Improve Wearables products by addressing quality problems,954
P0047,Smart Fan 47,Home Appliances,Smart Fan,price,10,25.0,76.37,36.23,Moderate Market Gap,46.35,Moderate Opportunity,Improve Home Appliances products by addressing price problems,955
P0258,Smart Watch 258,Watches,Smart Watch,quality,14,35.0,65.83,36.86,Moderate Market Gap,46.35,Moderate Opportunity,Improve Watches products by addressing quality problems,956
P0154,Smart Fan 154,Home Appliances,Smart Fan,performance,14,35.0,66.36,36.23,Moderate Market Gap,46.34,Moderate Opportunity,Improve Home Appliances products by addressing performance problems,957
P0500,Wireless Earbuds 500,Audio,Wireless Earbuds,quality,23,57.5,44.74,35.19,Moderate Market Gap,46.34,Moderate Opportunity,Improve Audio products by addressing quality problems,958
P0488,Smart Light 488,Home Appliances,Smart Light,comfort,15,37.5,63.84,36.23,Moderate Market Gap,46.34,Moderate Opportunity,Improve Home Appliances products by addressing comfort problems,959
P0233,Air Purifier 233,Home Appliances,Air Purifier,quality,17,42.5,58.79,36.23,Moderate Market Gap,46.32,Moderate Opportunity,Improve Home Appliances products by addressing quality problems,960
P0117,Smartphone 117,Mobile,Smartphone,price,14,35.0,66.12,36.43,Moderate Market Gap,46.32,Moderate Opportunity,Improve Mobile products by addressing price problems,961
P0233,Air Purifier 233,Home Appliances,Air Purifier,delivery,17,42.5,58.79,36.23,Moderate Market Gap,46.32,Moderate Opportunity,Improve Home Appliances products by addressing delivery problems,962
P0256,Smartphone 256,Mobile,Smartphone,software,10,25.0,76.08,36.43,Moderate Market Gap,46.31,Moderate Opportunity,Improve Mobile products by addressing software problems,963
P0181,Smart Light 181,Home Appliances,Smart Light,battery,24,60.0,41.26,36.23,Moderate Market Gap,46.31,Moderate Opportunity,Improve Home Appliances products by addressing battery problems,964
P0370,Tablet 370,Mobile,Tablet,performance,14,35.0,66.09,36.43,Moderate Market Gap,46.31,Moderate Opportunity,Improve Mobile products by addressing performance problems,965
P0376,Smart Fan 376,Home Appliances,Smart Fan,performance,14,35.0,66.23,36.23,Moderate Market Gap,46.3,Moderate Opportunity,Improve Home Appliances products by addressing performance problems,966
P0272,Tablet 272,Mobile,Tablet,quality,23,57.5,43.57,36.43,Moderate Market Gap,46.3,Moderate Opportunity,Improve Mobile products by addressing quality problems,967
P0150,Tablet 150,Mobile,Tablet,software,12,30.0,71.05,36.43,Moderate Market Gap,46.3,Moderate Opportunity,Improve Mobile products by addressing software problems,968
P0400,Analog Watch 400,Watches,Analog Watch,software,11,27.5,73.08,36.86,Moderate Market Gap,46.26,Moderate Opportunity,Improve Watches products by addressing software problems,969
P0400,Analog Watch 400,Watches,Analog Watch,comfort,11,27.5,73.08,36.86,Moderate Market Gap,46.26,Moderate Opportunity,Improve Watches products by addressing comfort problems,970
P0402,Wireless Earbuds 402,Audio,Wireless Earbuds,quality,19,47.5,54.48,35.19,Moderate Market Gap,46.25,Moderate Opportunity,Improve Audio products by addressing quality problems,971
P0130,Fitness Band 130,Wearables,Fitness Band,battery,24,60.0,41.83,35.35,Moderate Market Gap,46.25,Moderate Opportunity,Improve Wearables products by addressing battery problems,972
P0070,Smart Watch 70,Watches,Smart Watch,quality,22,55.0,45.56,36.86,Moderate Market Gap,46.25,Moderate Opportunity,Improve Watches products by addressing quality problems,973
P0198,Smart Ring 198,Wearables,Smart Ring,delivery,12,30.0,71.82,35.35,Moderate Market Gap,46.24,Moderate Opportunity,Improve Wearables products by addressing delivery problems,974
P0198,Smart Ring 198,Wearables,Smart Ring,performance,12,30.0,71.82,35.35,Moderate Market Gap,46.24,Moderate Opportunity,Improve Wearables products by addressing performance problems,975
P0216,Headphones 216,Audio,Headphones,software,13,32.5,69.4,35.19,Moderate Market Gap,46.22,Moderate Opportunity,Improve Audio products by addressing software problems,976
P0010,Smart Light 10,Home Appliances,Smart Light,software,9,22.5,78.49,36.23,Moderate Market Gap,46.22,Moderate Opportunity,Improve Home Appliances products by addressing software problems,977
P0123,Smart Watch 123,Watches,Smart Watch,price,10,25.0,75.47,36.86,Moderate Market Gap,46.22,Moderate Opportunity,Improve Watches products by addressing price problems,978
P0320,Smart Ring 320,Wearables,Smart Ring,quality,21,52.5,49.19,35.35,Moderate Market Gap,46.2,Moderate Opportunity,Improve Wearables products by addressing quality problems,979
P0146,Air Purifier 146,Home Appliances,Air Purifier,price,12,30.0,70.93,36.23,Moderate Market Gap,46.19,Moderate Opportunity,Improve Home Appliances products by addressing price problems,980
P0022,Analog Watch 22,Watches,Analog Watch,performance,21,52.5,47.84,36.86,Moderate Market Gap,46.18,Moderate Opportunity,Improve Watches products by addressing performance problems,981
P0051,Air Purifier 51,Home Appliances,Air Purifier,performance,13,32.5,68.27,36.23,Moderate Market Gap,46.14,Moderate Opportunity,Improve Home Appliances products by addressing performance problems,982
P0469,Smart Ring 469,Wearables,Smart Ring,battery,20,50.0,51.5,35.35,Moderate Market Gap,46.13,Moderate Opportunity,Improve Wearables products by addressing battery problems,983
P0440,Fitness Band 440,Wearables,Fitness Band,comfort,15,37.5,63.98,35.35,Moderate Market Gap,46.12,Moderate Opportunity,Improve Wearables products by addressing comfort problems,984
P0294,Smart Ring 294,Wearables,Smart Ring,performance,17,42.5,58.98,35.35,Moderate Market Gap,46.12,Moderate Opportunity,Improve Wearables products by addressing performance problems,985
P0383,Smart Ring 383,Wearables,Smart Ring,comfort,13,32.5,68.97,35.35,Moderate Market Gap,46.12,Moderate Opportunity,Improve Wearables products by addressing comfort problems,986
P0473,Analog Watch 473,Watches,Analog Watch,price,10,25.0,75.14,36.86,Moderate Market Gap,46.11,Moderate Opportunity,Improve Watches products by addressing price problems,987
P0303,Fitness Watch 303,Watches,Fitness Watch,quality,20,50.0,50.15,36.86,Moderate Market Gap,46.11,Moderate Opportunity,Improve Watches products by addressing quality problems,988
P0032,Smartphone 32,Mobile,Smartphone,software,12,30.0,70.5,36.43,Moderate Market Gap,46.1,Moderate Opportunity,Improve Mobile products by addressing software problems,989
P0026,Headphones 26,Audio,Headphones,comfort,15,37.5,64.01,35.19,Moderate Market Gap,46.09,Moderate Opportunity,Improve Audio products by addressing comfort problems,990
P0315,Bluetooth Speaker 315,Audio,Bluetooth Speaker,quality,27,67.5,34.01,35.19,Moderate Market Gap,46.09,Moderate Opportunity,Improve Audio products by addressing quality problems,991
P0311,Smart Light 311,Home Appliances,Smart Light,price,13,32.5,68.11,36.23,Moderate Market Gap,46.08,Moderate Opportunity,Improve Home Appliances products by addressing price problems,992
P0014,Fitness Band 14,Wearables,Fitness Band,delivery,14,35.0,66.23,35.35,Moderate Market Gap,46.04,Moderate Opportunity,Improve Wearables products by addressing delivery problems,993
P0263,Smart Light 263,Home Appliances,Smart Light,performance,12,30.0,70.47,36.23,Moderate Market Gap,46.03,Moderate Opportunity,Improve Home Appliances products by addressing performance problems,994
P0092,Fitness Band 92,Wearables,Fitness Band,delivery,17,42.5,58.71,35.35,Moderate Market Gap,46.03,Moderate Opportunity,Improve Wearables products by addressing delivery problems,995
P0092,Fitness Band 92,Wearables,Fitness Band,quality,17,42.5,58.71,35.35,Moderate Market Gap,46.03,Moderate Opportunity,Improve Wearables products by addressing quality problems,996
P0431,Bluetooth Speaker 431,Audio,Bluetooth Speaker,price,12,30.0,71.32,35.19,Moderate Market Gap,46.02,Moderate Opportunity,Improve Audio products by addressing price problems,997
P0491,Tablet 491,Mobile,Tablet,software,11,27.5,72.73,36.43,Moderate Market Gap,46.01,Moderate Opportunity,Improve Mobile products by addressing software problems,998
P0379,Bluetooth Speaker 379,Audio,Bluetooth Speaker,battery,22,55.0,46.26,35.19,Moderate Market Gap,46.0,Moderate Opportunity,Improve Audio products by addressing battery problems,999
P0394,Fitness Watch 394,Watches,Fitness Watch,quality,15,37.5,62.27,36.86,Moderate Market Gap,45.98,Moderate Opportunity,Improve Watches products by addressing quality problems,1000
P0331,Smart Ring 331,Wearables,Smart Ring,price,13,32.5,68.58,35.35,Moderate Market Gap,45.98,Moderate Opportunity,Improve Wearables products by addressing price problems,1001
P0309,Fitness Band 309,Wearables,Fitness Band,battery,22,55.0,46.05,35.35,Moderate Market Gap,45.97,Moderate Opportunity,Improve Wearables products by addressing battery problems,1002
P0309,Fitness Band 309,Wearables,Fitness Band,quality,22,55.0,46.05,35.35,Moderate Market Gap,45.97,Moderate Opportunity,Improve Wearables products by addressing quality problems,1003
P0454,Smart Fan 454,Home Appliances,Smart Fan,quality,15,37.5,62.76,36.23,Moderate Market Gap,45.96,Moderate Opportunity,Improve Home Appliances products by addressing quality problems,1004
P0142,Smart Fan 142,Home Appliances,Smart Fan,price,12,30.0,70.25,36.23,Moderate Market Gap,45.96,Moderate Opportunity,Improve Home Appliances products by addressing price problems,1005
P0345,Tablet 345,Mobile,Tablet,delivery,10,25.0,75.09,36.43,Moderate Market Gap,45.96,Moderate Opportunity,Improve Mobile products by addressing delivery problems,1006
P0330,Smart Watch 330,Watches,Smart Watch,quality,23,57.5,42.22,36.86,Moderate Market Gap,45.96,Moderate Opportunity,Improve Watches products by addressing quality problems,1007
P0368,Headphones 368,Audio,Headphones,quality,23,57.5,43.61,35.19,Moderate Market Gap,45.95,Moderate Opportunity,Improve Audio products by addressing quality problems,1008
P0388,Smart Fan 388,Home Appliances,Smart Fan,delivery,11,27.5,72.7,36.23,Moderate Market Gap,45.94,Moderate Opportunity,Improve Home Appliances products by addressing delivery problems,1009
P0388,Smart Fan 388,Home Appliances,Smart Fan,price,11,27.5,72.7,36.23,Moderate Market Gap,45.94,Moderate Opportunity,Improve Home Appliances products by addressing price problems,1010
P0451,Bluetooth Speaker 451,Audio,Bluetooth Speaker,software,15,37.5,63.56,35.19,Moderate Market Gap,45.93,Moderate Opportunity,Improve Audio products by addressing software problems,1011
P0291,Wireless Earbuds 291,Audio,Wireless Earbuds,price,11,27.5,73.57,35.19,Moderate Market Gap,45.93,Moderate Opportunity,Improve Audio products by addressing price problems,1012
P0451,Bluetooth Speaker 451,Audio,Bluetooth Speaker,performance,15,37.5,63.56,35.19,Moderate Market Gap,45.93,Moderate Opportunity,Improve Audio products by addressing performance problems,1013
P0291,Wireless Earbuds 291,Audio,Wireless Earbuds,comfort,11,27.5,73.57,35.19,Moderate Market Gap,45.93,Moderate Opportunity,Improve Audio products by addressing comfort problems,1014
P0110,Smart Ring 110,Wearables,Smart Ring,software,12,30.0,70.92,35.35,Moderate Market Gap,45.93,Moderate Opportunity,Improve Wearables products by addressing software problems,1015
P0292,Smart Fan 292,Home Appliances,Smart Fan,quality,22,55.0,45.15,36.23,Moderate Market Gap,45.92,Moderate Opportunity,Improve Home Appliances products by addressing quality problems,1016
P0055,Smart Watch 55,Watches,Smart Watch,software,10,25.0,74.59,36.86,Moderate Market Gap,45.91,Moderate Opportunity,Improve Watches products by addressing software problems,1017
P0468,Fitness Band 468,Wearables,Fitness Band,performance,19,47.5,53.34,35.35,Moderate Market Gap,45.9,Moderate Opportunity,Improve Wearables products by addressing performance problems,1018
P0230,Smart Watch 230,Watches,Smart Watch,delivery,9,22.5,77.04,36.86,Moderate Market Gap,45.9,Moderate Opportunity,Improve Watches products by addressing delivery problems,1019
P0038,Tablet 38,Mobile,Tablet,quality,21,52.5,47.36,36.43,Moderate Market Gap,45.88,Moderate Opportunity,Improve Mobile products by addressing quality problems,1020
P0462,Smart Ring 462,Wearables,Smart Ring,quality,17,42.5,58.28,35.35,Moderate Market Gap,45.88,Moderate Opportunity,Improve Wearables products by addressing quality problems,1021
P0323,Smart Watch 323,Watches,Smart Watch,performance,17,42.5,56.94,36.86,Moderate Market Gap,45.86,Moderate Opportunity,Improve Watches products by addressing performance problems,1022
P0341,Smart Watch 341,Watches,Smart Watch,price,13,32.5,66.93,36.86,Moderate Market Gap,45.86,Moderate Opportunity,Improve Watches products by addressing price problems,1023
P0189,Smartphone 189,Mobile,Smartphone,battery,19,47.5,52.29,36.43,Moderate Market Gap,45.86,Moderate Opportunity,Improve Mobile products by addressing battery problems,1024
P0498,Tablet 498,Mobile,Tablet,quality,27,67.5,32.26,36.43,Moderate Market Gap,45.84,Moderate Opportunity,Improve Mobile products by addressing quality problems,1025
P0098,Analog Watch 98,Watches,Analog Watch,battery,20,50.0,49.37,36.86,Moderate Market Gap,45.84,Moderate Opportunity,Improve Watches products by addressing battery problems,1026
P0219,Smart Ring 219,Wearables,Smart Ring,quality,20,50.0,50.65,35.35,Moderate Market Gap,45.83,Moderate Opportunity,Improve Wearables products by addressing quality problems,1027
P0304,Bluetooth Speaker 304,Audio,Bluetooth Speaker,performance,12,30.0,70.79,35.19,Moderate Market Gap,45.83,Moderate Opportunity,Improve Audio products by addressing performance problems,1028
P0304,Bluetooth Speaker 304,Audio,Bluetooth Speaker,comfort,12,30.0,70.79,35.19,Moderate Market Gap,45.83,Moderate Opportunity,Improve Audio products by addressing comfort problems,1029
P0280,Smartphone 280,Mobile,Smartphone,delivery,11,27.5,72.14,36.43,Moderate Market Gap,45.8,Moderate Opportunity,Improve Mobile products by addressing delivery problems,1030
P0280,Smartphone 280,Mobile,Smartphone,comfort,11,27.5,72.14,36.43,Moderate Market Gap,45.8,Moderate Opportunity,Improve Mobile products by addressing comfort problems,1031
P0298,Smartphone 298,Mobile,Smartphone,battery,28,70.0,29.63,36.43,Moderate Market Gap,45.8,Moderate Opportunity,Improve Mobile products by addressing battery problems,1032
P0094,Smart Ring 94,Wearables,Smart Ring,delivery,10,25.0,75.53,35.35,Moderate Market Gap,45.79,Moderate Opportunity,Improve Wearables products by addressing delivery problems,1033
P0238,Air Purifier 238,Home Appliances,Air Purifier,battery,18,45.0,54.77,36.23,Moderate Market Gap,45.79,Moderate Opportunity,Improve Home Appliances products by addressing battery problems,1034
P0456,Bluetooth Speaker 456,Audio,Bluetooth Speaker,performance,18,45.0,55.64,35.19,Moderate Market Gap,45.78,Moderate Opportunity,Improve Audio products by addressing performance problems,1035
P0302,Bluetooth Speaker 302,Audio,Bluetooth Speaker,performance,17,42.5,58.13,35.19,Moderate Market Gap,45.78,Moderate Opportunity,Improve Audio products by addressing performance problems,1036
P0487,Air Purifier 487,Home Appliances,Air Purifier,price,16,40.0,59.72,36.23,Moderate Market Gap,45.77,Moderate Opportunity,Improve Home Appliances products by addressing price problems,1037
P0196,Smart Ring 196,Wearables,Smart Ring,performance,12,30.0,70.43,35.35,Moderate Market Gap,45.76,Moderate Opportunity,Improve Wearables products by addressing performance problems,1038
P0196,Smart Ring 196,Wearables,Smart Ring,quality,12,30.0,70.43,35.35,Moderate Market Gap,45.76,Moderate Opportunity,Improve Wearables products by addressing quality problems,1039
P0196,Smart Ring 196,Wearables,Smart Ring,software,12,30.0,70.43,35.35,Moderate Market Gap,45.76,Moderate Opportunity,Improve Wearables products by addressing software problems,1040
P0308,Smart Watch 308,Watches,Smart Watch,performance,14,35.0,64.13,36.86,Moderate Market Gap,45.75,Moderate Opportunity,Improve Watches products by addressing performance problems,1041
P0274,Smart Watch 274,Watches,Smart Watch,battery,23,57.5,41.62,36.86,Moderate Market Gap,45.75,Moderate Opportunity,Improve Watches products by addressing battery problems,1042
P0088,Air Purifier 88,Home Appliances,Air Purifier,performance,16,40.0,59.64,36.23,Moderate Market Gap,45.74,Moderate Opportunity,Improve Home Appliances products by addressing performance problems,1043
P0157,Smartphone 157,Mobile,Smartphone,battery,23,57.5,41.97,36.43,Moderate Market Gap,45.74,Moderate Opportunity,Improve Mobile products by addressing battery problems,1044
P0041,Headphones 41,Audio,Headphones,performance,19,47.5,52.99,35.19,Moderate Market Gap,45.73,Moderate Opportunity,Improve Audio products by addressing performance problems,1045
P0195,Fitness Band 195,Wearables,Fitness Band,performance,20,50.0,50.32,35.35,Moderate Market Gap,45.72,Moderate Opportunity,Improve Wearables products by addressing performance problems,1046
P0409,Analog Watch 409,Watches,Analog Watch,performance,15,37.5,61.53,36.86,Moderate Market Gap,45.72,Moderate Opportunity,Improve Watches products by addressing performance problems,1047
P0207,Wireless Earbuds 207,Audio,Wireless Earbuds,battery,21,52.5,47.93,35.19,Moderate Market Gap,45.71,Moderate Opportunity,Improve Audio products by addressing battery problems,1048
P0389,Fitness Watch 389,Watches,Fitness Watch,software,11,27.5,71.47,36.86,Moderate Market Gap,45.7,Moderate Opportunity,Improve Watches products by addressing software problems,1049
P0020,Air Purifier 20,Home Appliances,Air Purifier,quality,14,35.0,64.51,36.23,Moderate Market Gap,45.7,Moderate Opportunity,Improve Home Appliances products by addressing quality problems,1050
P0020,Air Purifier 20,Home Appliances,Air Purifier,comfort,14,35.0,64.51,36.23,Moderate Market Gap,45.7,Moderate Opportunity,Improve Home Appliances products by addressing comfort problems,1051
P0141,Wireless Earbuds 141,Audio,Wireless Earbuds,battery,23,57.5,42.92,35.19,Moderate Market Gap,45.7,Moderate Opportunity,Improve Audio products by addressing battery problems,1052
P0413,Smart Watch 413,Watches,Smart Watch,comfort,10,25.0,73.99,36.86,Moderate Market Gap,45.7,Moderate Opportunity,Improve Watches products by addressing comfort problems,1053
P0281,Smart Ring 281,Wearables,Smart Ring,performance,12,30.0,70.25,35.35,Moderate Market Gap,45.69,Moderate Opportunity,Improve Wearables products by addressing performance problems,1054
P0397,Fitness Band 397,Wearables,Fitness Band,quality,24,60.0,40.2,35.35,Moderate Market Gap,45.68,Moderate Opportunity,Improve Wearables products by addressing quality problems,1055
P0275,Tablet 275,Mobile,Tablet,quality,21,52.5,46.77,36.43,Moderate Market Gap,45.67,Moderate Opportunity,Improve Mobile products by addressing quality problems,1056
P0043,Tablet 43,Mobile,Tablet,software,13,32.5,66.77,36.43,Moderate Market Gap,45.67,Moderate Opportunity,Improve Mobile products by addressing software problems,1057
P0082,Fitness Watch 82,Watches,Fitness Watch,battery,24,60.0,38.89,36.86,Moderate Market Gap,45.67,Moderate Opportunity,Improve Watches products by addressing battery problems,1058
P0375,Headphones 375,Audio,Headphones,price,11,27.5,72.77,35.19,Moderate Market Gap,45.65,Moderate Opportunity,Improve Audio products by addressing price problems,1059
P0262,Headphones 262,Audio,Headphones,software,13,32.5,67.63,35.19,Moderate Market Gap,45.6,Moderate Opportunity,Improve Audio products by addressing software problems,1060
P0262,Headphones 262,Audio,Headphones,delivery,13,32.5,67.63,35.19,Moderate Market Gap,45.6,Moderate Opportunity,Improve Audio products by addressing delivery problems,1061
P0278,Tablet 278,Mobile,Tablet,quality,19,47.5,51.56,36.43,Moderate Market Gap,45.6,Moderate Opportunity,Improve Mobile products by addressing quality problems,1062
P0262,Headphones 262,Audio,Headphones,performance,13,32.5,67.63,35.19,Moderate Market Gap,45.6,Moderate Opportunity,Improve Audio products by addressing performance problems,1063
P0267,Smartphone 267,Mobile,Smartphone,quality,17,42.5,56.54,36.43,Moderate Market Gap,45.59,Moderate Opportunity,Improve Mobile products by addressing quality problems,1064
P0316,Wireless Earbuds 316,Audio,Wireless Earbuds,price,8,20.0,80.09,35.19,Moderate Market Gap,45.59,Moderate Opportunity,Improve Audio products by addressing price problems,1065
P0329,Wireless Earbuds 329,Audio,Wireless Earbuds,performance,15,37.5,62.56,35.19,Moderate Market Gap,45.58,Moderate Opportunity,Improve Audio products by addressing performance problems,1066
P0492,Smart Ring 492,Wearables,Smart Ring,delivery,10,25.0,74.93,35.35,Moderate Market Gap,45.58,Moderate Opportunity,Improve Wearables products by addressing delivery problems,1067
P0113,Smart Watch 113,Watches,Smart Watch,price,11,27.5,71.1,36.86,Moderate Market Gap,45.57,Moderate Opportunity,Improve Watches products by addressing price problems,1068
P0322,Smart Watch 322,Watches,Smart Watch,battery,25,62.5,36.05,36.86,Moderate Market Gap,45.55,Moderate Opportunity,Improve Watches products by addressing battery problems,1069
P0414,Wireless Earbuds 414,Audio,Wireless Earbuds,quality,23,57.5,42.47,35.19,Moderate Market Gap,45.55,Moderate Opportunity,Improve Audio products by addressing quality problems,1070
P0414,Wireless Earbuds 414,Audio,Wireless Earbuds,performance,23,57.5,42.47,35.19,Moderate Market Gap,45.55,Moderate Opportunity,Improve Audio products by addressing performance problems,1071
P0283,Headphones 283,Audio,Headphones,comfort,11,27.5,72.42,35.19,Moderate Market Gap,45.53,Moderate Opportunity,Improve Audio products by addressing comfort problems,1072
P0125,Air Purifier 125,Home Appliances,Air Purifier,software,15,37.5,61.54,36.23,Moderate Market Gap,45.53,Moderate Opportunity,Improve Home Appliances products by addressing software problems,1073
P0474,Bluetooth Speaker 474,Audio,Bluetooth Speaker,delivery,10,25.0,74.89,35.19,Moderate Market Gap,45.52,Moderate Opportunity,Improve Audio products by addressing delivery problems,1074
P0064,Fitness Band 64,Wearables,Fitness Band,comfort,11,27.5,72.23,35.35,Moderate Market Gap,45.51,Moderate Opportunity,Improve Wearables products by addressing comfort problems,1075
P0200,Bluetooth Speaker 200,Audio,Bluetooth Speaker,software,17,42.5,57.33,35.19,Moderate Market Gap,45.5,Moderate Opportunity,Improve Audio products by addressing software problems,1076
P0335,Headphones 335,Audio,Headphones,battery,22,55.0,44.81,35.19,Moderate Market Gap,45.49,Moderate Opportunity,Improve Audio products by addressing battery problems,1077
P0356,Air Purifier 356,Home Appliances,Air Purifier,comfort,11,27.5,71.4,36.23,Moderate Market Gap,45.48,Moderate Opportunity,Improve Home Appliances products by addressing comfort problems,1078
P0154,Smart Fan 154,Home Appliances,Smart Fan,comfort,13,32.5,66.36,36.23,Moderate Market Gap,45.47,Moderate Opportunity,Improve Home Appliances products by addressing comfort problems,1079
P0258,Smart Watch 258,Watches,Smart Watch,performance,13,32.5,65.83,36.86,Moderate Market Gap,45.47,Moderate Opportunity,Improve Watches products by addressing performance problems,1080
P0471,Bluetooth Speaker 471,Audio,Bluetooth Speaker,price,11,27.5,72.23,35.19,Moderate Market Gap,45.46,Moderate Opportunity,Improve Audio products by addressing price problems,1081
P0488,Smart Light 488,Home Appliances,Smart Light,performance,14,35.0,63.84,36.23,Moderate Market Gap,45.46,Moderate Opportunity,Improve Home Appliances products by addressing performance problems,1082
P0117,Smartphone 117,Mobile,Smartphone,delivery,13,32.5,66.12,36.43,Moderate Market Gap,45.45,Moderate Opportunity,Improve Mobile products by addressing delivery problems,1083
P0192,Bluetooth Speaker 192,Audio,Bluetooth Speaker,price,12,30.0,69.68,35.19,Moderate Market Gap,45.45,Moderate Opportunity,Improve Audio products by addressing price problems,1084
P0233,Air Purifier 233,Home Appliances,Air Purifier,price,16,40.0,58.79,36.23,Moderate Market Gap,45.45,Moderate Opportunity,Improve Home Appliances products by addressing price problems,1085
P0192,Bluetooth Speaker 192,Audio,Bluetooth Speaker,delivery,12,30.0,69.68,35.19,Moderate Market Gap,45.45,Moderate Opportunity,Improve Audio products by addressing delivery problems,1086
P0319,Smart Ring 319,Wearables,Smart Ring,quality,19,47.5,52.07,35.35,Moderate Market Gap,45.45,Moderate Opportunity,Improve Wearables products by addressing quality problems,1087
P0338,Wireless Earbuds 338,Audio,Wireless Earbuds,comfort,9,22.5,77.17,35.19,Moderate Market Gap,45.44,Moderate Opportunity,Improve Audio products by addressing comfort problems,1088
P0338,Wireless Earbuds 338,Audio,Wireless Earbuds,performance,9,22.5,77.17,35.19,Moderate Market Gap,45.44,Moderate Opportunity,Improve Audio products by addressing performance problems,1089
P0256,Smartphone 256,Mobile,Smartphone,price,9,22.5,76.08,36.43,Moderate Market Gap,45.43,Moderate Opportunity,Improve Mobile products by addressing price problems,1090
P0398,Wireless Earbuds 398,Audio,Wireless Earbuds,performance,14,35.0,64.63,35.19,Moderate Market Gap,45.43,Moderate Opportunity,Improve Audio products by addressing performance problems,1091
P0091,Tablet 91,Mobile,Tablet,battery,20,50.0,48.54,36.43,Moderate Market Gap,45.42,Moderate Opportunity,Improve Mobile products by addressing battery problems,1092
P0121,Fitness Band 121,Wearables,Fitness Band,price,15,37.5,61.96,35.35,Moderate Market Gap,45.42,Moderate Opportunity,Improve Wearables products by addressing price problems,1093
P0150,Tablet 150,Mobile,Tablet,comfort,11,27.5,71.05,36.43,Moderate Market Gap,45.42,Moderate Opportunity,Improve Mobile products by addressing comfort problems,1094
P0099,Bluetooth Speaker 99,Audio,Bluetooth Speaker,software,9,22.5,77.04,35.19,Moderate Market Gap,45.4,Moderate Opportunity,Improve Audio products by addressing software problems,1095
P0359,Smart Light 359,Home Appliances,Smart Light,performance,16,40.0,58.66,36.23,Moderate Market Gap,45.4,Moderate Opportunity,Improve Home Appliances products by addressing performance problems,1096
P0466,Smart Fan 466,Home Appliances,Smart Fan,price,10,25.0,73.63,36.23,Moderate Market Gap,45.39,Moderate Opportunity,Improve Home Appliances products by addressing price problems,1097
P0466,Smart Fan 466,Home Appliances,Smart Fan,delivery,10,25.0,73.63,36.23,Moderate Market Gap,45.39,Moderate Opportunity,Improve Home Appliances products by addressing delivery problems,1098
P0400,Analog Watch 400,Watches,Analog Watch,delivery,10,25.0,73.08,36.86,Moderate Market Gap,45.39,Moderate Opportunity,Improve Watches products by addressing delivery problems,1099
P0490,Smart Light 490,Home Appliances,Smart Light,quality,23,57.5,41.09,36.23,Moderate Market Gap,45.38,Moderate Opportunity,Improve Home Appliances products by addressing quality problems,1100
P0198,Smart Ring 198,Wearables,Smart Ring,software,11,27.5,71.82,35.35,Moderate Market Gap,45.37,Moderate Opportunity,Improve Wearables products by addressing software problems,1101
P0245,Smart Ring 245,Wearables,Smart Ring,performance,17,42.5,56.8,35.35,Moderate Market Gap,45.36,Moderate Opportunity,Improve Wearables products by addressing performance problems,1102
P0327,Smart Fan 327,Home Appliances,Smart Fan,quality,20,50.0,48.56,36.23,Moderate Market Gap,45.36,Moderate Opportunity,Improve Home Appliances products by addressing quality problems,1103
P0042,Smart Watch 42,Watches,Smart Watch,software,19,47.5,50.48,36.86,Moderate Market Gap,45.35,Moderate Opportunity,Improve Watches products by addressing software problems,1104
P0123,Smart Watch 123,Watches,Smart Watch,comfort,9,22.5,75.47,36.86,Moderate Market Gap,45.35,Moderate Opportunity,Improve Watches products by addressing comfort problems,1105
P0486,Tablet 486,Mobile,Tablet,quality,15,37.5,60.85,36.43,Moderate Market Gap,45.35,Moderate Opportunity,Improve Mobile products by addressing quality problems,1106
P0442,Smartphone 442,Mobile,Smartphone,quality,17,42.5,55.81,36.43,Moderate Market Gap,45.34,Moderate Opportunity,Improve Mobile products by addressing quality problems,1107
P0442,Smartphone 442,Mobile,Smartphone,performance,17,42.5,55.81,36.43,Moderate Market Gap,45.34,Moderate Opportunity,Improve Mobile products by addressing performance problems,1108
P0118,Bluetooth Speaker 118,Audio,Bluetooth Speaker,performance,22,55.0,44.34,35.19,Moderate Market Gap,45.33,Moderate Opportunity,Improve Audio products by addressing performance problems,1109
P0118,Bluetooth Speaker 118,Audio,Bluetooth Speaker,quality,22,55.0,44.34,35.19,Moderate Market Gap,45.33,Moderate Opportunity,Improve Audio products by addressing quality problems,1110
P0202,Fitness Watch 202,Watches,Fitness Watch,comfort,11,27.5,70.42,36.86,Moderate Market Gap,45.33,Moderate Opportunity,Improve Watches products by addressing comfort problems,1111
P0146,Air Purifier 146,Home Appliances,Air Purifier,software,11,27.5,70.93,36.23,Moderate Market Gap,45.32,Moderate Opportunity,Improve Home Appliances products by addressing software problems,1112
P0146,Air Purifier 146,Home Appliances,Air Purifier,delivery,11,27.5,70.93,36.23,Moderate Market Gap,45.32,Moderate Opportunity,Improve Home Appliances products by addressing delivery problems,1113
P0276,Fitness Watch 276,Watches,Fitness Watch,performance,16,40.0,57.88,36.86,Moderate Market Gap,45.32,Moderate Opportunity,Improve Watches products by addressing performance problems,1114
P0324,Air Purifier 324,Home Appliances,Air Purifier,battery,24,60.0,38.41,36.23,Moderate Market Gap,45.31,Moderate Opportunity,Improve Home Appliances products by addressing battery problems,1115
P0008,Headphones 8,Audio,Headphones,delivery,11,27.5,71.78,35.19,Moderate Market Gap,45.3,Moderate Opportunity,Improve Audio products by addressing delivery problems,1116
P0218,Tablet 218,Mobile,Tablet,performance,16,40.0,58.21,36.43,Moderate Market Gap,45.3,Moderate Opportunity,Improve Mobile products by addressing performance problems,1117
P0033,Smart Watch 33,Watches,Smart Watch,delivery,12,30.0,67.78,36.86,Moderate Market Gap,45.28,Moderate Opportunity,Improve Watches products by addressing delivery problems,1118
P0033,Smart Watch 33,Watches,Smart Watch,software,12,30.0,67.78,36.86,Moderate Market Gap,45.28,Moderate Opportunity,Improve Watches products by addressing software problems,1119
P0271,Tablet 271,Mobile,Tablet,quality,15,37.5,60.64,36.43,Moderate Market Gap,45.28,Moderate Opportunity,Improve Mobile products by addressing quality problems,1120
P0285,Smart Light 285,Home Appliances,Smart Light,delivery,15,37.5,60.79,36.23,Moderate Market Gap,45.27,Moderate Opportunity,Improve Home Appliances products by addressing delivery problems,1121
P0051,Air Purifier 51,Home Appliances,Air Purifier,delivery,12,30.0,68.27,36.23,Moderate Market Gap,45.26,Moderate Opportunity,Improve Home Appliances products by addressing delivery problems,1122
P0115,Air Purifier 115,Home Appliances,Air Purifier,comfort,12,30.0,68.23,36.23,Moderate Market Gap,45.25,Moderate Opportunity,Improve Home Appliances products by addressing comfort problems,1123
P0144,Smart Fan 144,Home Appliances,Smart Fan,quality,24,60.0,38.23,36.23,Moderate Market Gap,45.25,Moderate Opportunity,Improve Home Appliances products by addressing quality problems,1124
P0144,Smart Fan 144,Home Appliances,Smart Fan,battery,24,60.0,38.23,36.23,Moderate Market Gap,45.25,Moderate Opportunity,Improve Home Appliances products by addressing battery problems,1125
P0006,Headphones 6,Audio,Headphones,battery,17,42.5,56.59,35.19,Moderate Market Gap,45.24,Moderate Opportunity,Improve Audio products by addressing battery problems,1126
P0405,Air Purifier 405,Home Appliances,Air Purifier,performance,12,30.0,68.21,36.23,Moderate Market Gap,45.24,Moderate Opportunity,Improve Home Appliances products by addressing performance problems,1127
P0473,Analog Watch 473,Watches,Analog Watch,performance,9,22.5,75.14,36.86,Moderate Market Gap,45.23,Moderate Opportunity,Improve Watches products by addressing performance problems,1128
P0032,Smartphone 32,Mobile,Smartphone,comfort,11,27.5,70.5,36.43,Moderate Market Gap,45.23,Moderate Opportunity,Improve Mobile products by addressing comfort problems,1129
P0205,Tablet 205,Mobile,Tablet,performance,11,27.5,70.49,36.43,Moderate Market Gap,45.23,Moderate Opportunity,Improve Mobile products by addressing performance problems,1130
P0205,Tablet 205,Mobile,Tablet,quality,11,27.5,70.49,36.43,Moderate Market Gap,45.23,Moderate Opportunity,Improve Mobile products by addressing quality problems,1131
P0032,Smartphone 32,Mobile,Smartphone,delivery,11,27.5,70.5,36.43,Moderate Market Gap,45.23,Moderate Opportunity,Improve Mobile products by addressing delivery problems,1132
P0045,Smart Ring 45,Wearables,Smart Ring,performance,19,47.5,51.43,35.35,Moderate Market Gap,45.23,Moderate Opportunity,Improve Wearables products by addressing performance problems,1133
P0032,Smartphone 32,Mobile,Smartphone,performance,11,27.5,70.5,36.43,Moderate Market Gap,45.23,Moderate Opportunity,Improve Mobile products by addressing performance problems,1134
P0124,Smart Ring 124,Wearables,Smart Ring,comfort,11,27.5,71.44,35.35,Moderate Market Gap,45.23,Moderate Opportunity,Improve Wearables products by addressing comfort problems,1135
P0205,Tablet 205,Mobile,Tablet,price,11,27.5,70.49,36.43,Moderate Market Gap,45.23,Moderate Opportunity,Improve Mobile products by addressing price problems,1136
P0222,Air Purifier 222,Home Appliances,Air Purifier,software,13,32.5,65.63,36.23,Moderate Market Gap,45.21,Moderate Opportunity,Improve Home Appliances products by addressing software problems,1137
P0311,Smart Light 311,Home Appliances,Smart Light,performance,12,30.0,68.11,36.23,Moderate Market Gap,45.21,Moderate Opportunity,Improve Home Appliances products by addressing performance problems,1138
P0481,Bluetooth Speaker 481,Audio,Bluetooth Speaker,price,17,42.5,56.46,35.19,Moderate Market Gap,45.19,Moderate Opportunity,Improve Audio products by addressing price problems,1139
P0481,Bluetooth Speaker 481,Audio,Bluetooth Speaker,quality,17,42.5,56.46,35.19,Moderate Market Gap,45.19,Moderate Opportunity,Improve Audio products by addressing quality problems,1140
P0212,Smartphone 212,Mobile,Smartphone,performance,15,37.5,60.35,36.43,Moderate Market Gap,45.18,Moderate Opportunity,Improve Mobile products by addressing performance problems,1141
P0312,Smart Watch 312,Watches,Smart Watch,delivery,9,22.5,74.89,36.86,Moderate Market Gap,45.14,Moderate Opportunity,Improve Watches products by addressing delivery problems,1142
P0431,Bluetooth Speaker 431,Audio,Bluetooth Speaker,comfort,11,27.5,71.32,35.19,Moderate Market Gap,45.14,Moderate Opportunity,Improve Audio products by addressing comfort problems,1143
P0225,Smart Fan 225,Home Appliances,Smart Fan,comfort,10,25.0,72.85,36.23,Moderate Market Gap,45.12,Moderate Opportunity,Improve Home Appliances products by addressing comfort problems,1144
P0225,Smart Fan 225,Home Appliances,Smart Fan,software,10,25.0,72.85,36.23,Moderate Market Gap,45.12,Moderate Opportunity,Improve Home Appliances products by addressing software problems,1145
P0351,Tablet 351,Mobile,Tablet,quality,18,45.0,52.67,36.43,Moderate Market Gap,45.11,Moderate Opportunity,Improve Mobile products by addressing quality problems,1146
P0166,Smart Ring 166,Wearables,Smart Ring,comfort,17,42.5,56.03,35.35,Moderate Market Gap,45.09,Moderate Opportunity,Improve Wearables products by addressing comfort problems,1147
P0211,Air Purifier 211,Home Appliances,Air Purifier,software,14,35.0,62.77,36.23,Moderate Market Gap,45.09,Moderate Opportunity,Improve Home Appliances products by addressing software problems,1148
P0168,Smart Ring 168,Wearables,Smart Ring,performance,20,50.0,48.47,35.35,Moderate Market Gap,45.07,Moderate Opportunity,Improve Wearables products by addressing performance problems,1149
P0497,Smart Ring 497,Wearables,Smart Ring,price,12,30.0,68.43,35.35,Moderate Market Gap,45.06,Moderate Opportunity,Improve Wearables products by addressing price problems,1150
P0388,Smart Fan 388,Home Appliances,Smart Fan,software,10,25.0,72.7,36.23,Moderate Market Gap,45.06,Moderate Opportunity,Improve Home Appliances products by addressing software problems,1151
P0110,Smart Ring 110,Wearables,Smart Ring,price,11,27.5,70.92,35.35,Moderate Market Gap,45.05,Moderate Opportunity,Improve Wearables products by addressing price problems,1152
P0110,Smart Ring 110,Wearables,Smart Ring,comfort,11,27.5,70.92,35.35,Moderate Market Gap,45.05,Moderate Opportunity,Improve Wearables products by addressing comfort problems,1153
P0170,Tablet 170,Mobile,Tablet,battery,14,35.0,62.48,36.43,Moderate Market Gap,45.05,Moderate Opportunity,Improve Mobile products by addressing battery problems,1154
P0055,Smart Watch 55,Watches,Smart Watch,comfort,9,22.5,74.59,36.86,Moderate Market Gap,45.04,Moderate Opportunity,Improve Watches products by addressing comfort problems,1155
P0035,Smartphone 35,Mobile,Smartphone,software,19,47.5,49.93,36.43,Moderate Market Gap,45.03,Moderate Opportunity,Improve Mobile products by addressing software problems,1156
P0374,Headphones 374,Audio,Headphones,comfort,10,25.0,73.48,35.19,Moderate Market Gap,45.03,Moderate Opportunity,Improve Audio products by addressing comfort problems,1157
P0230,Smart Watch 230,Watches,Smart Watch,software,8,20.0,77.04,36.86,Moderate Market Gap,45.02,Moderate Opportunity,Improve Watches products by addressing software problems,1158
P0165,Bluetooth Speaker 165,Audio,Bluetooth Speaker,comfort,9,22.5,75.94,35.19,Moderate Market Gap,45.01,Moderate Opportunity,Improve Audio products by addressing comfort problems,1159
P0246,Fitness Watch 246,Watches,Fitness Watch,battery,23,57.5,39.51,36.86,Moderate Market Gap,45.01,Moderate Opportunity,Improve Watches products by addressing battery problems,1160
P0165,Bluetooth Speaker 165,Audio,Bluetooth Speaker,software,9,22.5,75.94,35.19,Moderate Market Gap,45.01,Moderate Opportunity,Improve Audio products by addressing software problems,1161
P0424,Smart Ring 424,Wearables,Smart Ring,performance,18,45.0,53.26,35.35,Moderate Market Gap,45.0,Moderate Opportunity,Improve Wearables products by addressing performance problems,1162
P0237,Tablet 237,Mobile,Tablet,delivery,9,22.5,74.81,36.43,Moderate Market Gap,44.99,Moderate Opportunity,Improve Mobile products by addressing delivery problems,1163
P0318,Bluetooth Speaker 318,Audio,Bluetooth Speaker,delivery,14,35.0,63.38,35.19,Moderate Market Gap,44.99,Moderate Opportunity,Improve Audio products by addressing delivery problems,1164
P0128,Smart Light 128,Home Appliances,Smart Light,quality,18,45.0,52.5,36.23,Moderate Market Gap,44.99,Moderate Opportunity,Improve Home Appliances products by addressing quality problems,1165
P0318,Bluetooth Speaker 318,Audio,Bluetooth Speaker,performance,14,35.0,63.38,35.19,Moderate Market Gap,44.99,Moderate Opportunity,Improve Audio products by addressing performance problems,1166
P0493,Air Purifier 493,Home Appliances,Air Purifier,comfort,16,40.0,57.45,36.23,Moderate Market Gap,44.98,Moderate Opportunity,Improve Home Appliances products by addressing comfort problems,1167
P0060,Smartphone 60,Mobile,Smartphone,battery,19,47.5,49.75,36.43,Moderate Market Gap,44.97,Moderate Opportunity,Improve Mobile products by addressing battery problems,1168
P0102,Smart Light 102,Home Appliances,Smart Light,comfort,16,40.0,57.37,36.23,Moderate Market Gap,44.95,Moderate Opportunity,Improve Home Appliances products by addressing comfort problems,1169
P0179,Fitness Band 179,Wearables,Fitness Band,quality,21,52.5,45.59,35.35,Moderate Market Gap,44.94,Moderate Opportunity,Improve Wearables products by addressing quality problems,1170
P0186,Smart Ring 186,Wearables,Smart Ring,comfort,13,32.5,65.58,35.35,Moderate Market Gap,44.93,Moderate Opportunity,Improve Wearables products by addressing comfort problems,1171
P0494,Fitness Watch 494,Watches,Fitness Watch,quality,17,42.5,54.27,36.86,Moderate Market Gap,44.93,Moderate Opportunity,Improve Watches products by addressing quality problems,1172
P0059,Air Purifier 59,Home Appliances,Air Purifier,comfort,15,37.5,59.83,36.23,Moderate Market Gap,44.93,Moderate Opportunity,Improve Home Appliances products by addressing comfort problems,1173
P0017,Bluetooth Speaker 17,Audio,Bluetooth Speaker,delivery,16,40.0,58.19,35.19,Moderate Market Gap,44.92,Moderate Opportunity,Improve Audio products by addressing delivery problems,1174
P0012,Fitness Band 12,Wearables,Fitness Band,delivery,14,35.0,63.02,35.35,Moderate Market Gap,44.91,Moderate Opportunity,Improve Wearables products by addressing delivery problems,1175
P0177,Wireless Earbuds 177,Audio,Wireless Earbuds,performance,10,25.0,73.15,35.19,Moderate Market Gap,44.91,Moderate Opportunity,Improve Audio products by addressing performance problems,1176
P0464,Smart Light 464,Home Appliances,Smart Light,comfort,16,40.0,57.22,36.23,Moderate Market Gap,44.9,Moderate Opportunity,Improve Home Appliances products by addressing comfort problems,1177
P0180,Smart Light 180,Home Appliances,Smart Light,quality,20,50.0,47.23,36.23,Moderate Market Gap,44.9,Moderate Opportunity,Improve Home Appliances products by addressing quality problems,1178
P0180,Smart Light 180,Home Appliances,Smart Light,battery,20,50.0,47.23,36.23,Moderate Market Gap,44.9,Moderate Opportunity,Improve Home Appliances products by addressing battery problems,1179
P0421,Air Purifier 421,Home Appliances,Air Purifier,quality,23,57.5,39.7,36.23,Moderate Market Gap,44.89,Moderate Opportunity,Improve Home Appliances products by addressing quality problems,1180
P0421,Air Purifier 421,Home Appliances,Air Purifier,battery,23,57.5,39.7,36.23,Moderate Market Gap,44.89,Moderate Opportunity,Improve Home Appliances products by addressing battery problems,1181
P0105,Fitness Watch 105,Watches,Fitness Watch,delivery,9,22.5,74.12,36.86,Moderate Market Gap,44.88,Moderate Opportunity,Improve Watches products by addressing delivery problems,1182
P0034,Bluetooth Speaker 34,Audio,Bluetooth Speaker,battery,23,57.5,40.56,35.19,Moderate Market Gap,44.88,Moderate Opportunity,Improve Audio products by addressing battery problems,1183
P0425,Fitness Watch 425,Watches,Fitness Watch,battery,18,45.0,51.64,36.86,Moderate Market Gap,44.88,Moderate Opportunity,Improve Watches products by addressing battery problems,1184
P0308,Smart Watch 308,Watches,Smart Watch,price,13,32.5,64.13,36.86,Moderate Market Gap,44.88,Moderate Opportunity,Improve Watches products by addressing price problems,1185
P0140,Smartphone 140,Mobile,Smartphone,quality,15,37.5,59.51,36.43,Moderate Market Gap,44.88,Moderate Opportunity,Improve Mobile products by addressing quality problems,1186
P0425,Fitness Watch 425,Watches,Fitness Watch,quality,18,45.0,51.64,36.86,Moderate Market Gap,44.88,Moderate Opportunity,Improve Watches products by addressing quality problems,1187
P0234,Air Purifier 234,Home Appliances,Air Purifier,quality,14,35.0,62.11,36.23,Moderate Market Gap,44.86,Moderate Opportunity,Improve Home Appliances products by addressing quality problems,1188
P0083,Air Purifier 83,Home Appliances,Air Purifier,performance,18,45.0,52.12,36.23,Moderate Market Gap,44.86,Moderate Opportunity,Improve Home Appliances products by addressing performance problems,1189
P0013,Smart Ring 13,Wearables,Smart Ring,battery,22,55.0,42.87,35.35,Moderate Market Gap,44.86,Moderate Opportunity,Improve Wearables products by addressing battery problems,1190
P0354,Smartphone 354,Mobile,Smartphone,performance,15,37.5,59.41,36.43,Moderate Market Gap,44.85,Moderate Opportunity,Improve Mobile products by addressing performance problems,1191
P0467,Air Purifier 467,Home Appliances,Air Purifier,battery,19,47.5,49.59,36.23,Moderate Market Gap,44.85,Moderate Opportunity,Improve Home Appliances products by addressing battery problems,1192
P0062,Tablet 62,Mobile,Tablet,delivery,10,25.0,71.93,36.43,Moderate Market Gap,44.85,Moderate Opportunity,Improve Mobile products by addressing delivery problems,1193
P0342,Smartphone 342,Mobile,Smartphone,comfort,11,27.5,69.43,36.43,Moderate Market Gap,44.85,Moderate Opportunity,Improve Mobile products by addressing comfort problems,1194
P0195,Fitness Band 195,Wearables,Fitness Band,quality,19,47.5,50.32,35.35,Moderate Market Gap,44.84,Moderate Opportunity,Improve Wearables products by addressing quality problems,1195
P0174,Tablet 174,Mobile,Tablet,performance,16,40.0,56.89,36.43,Moderate Market Gap,44.84,Moderate Opportunity,Improve Mobile products by addressing performance problems,1196
P0409,Analog Watch 409,Watches,Analog Watch,software,14,35.0,61.53,36.86,Moderate Market Gap,44.84,Moderate Opportunity,Improve Watches products by addressing software problems,1197
P0413,Smart Watch 413,Watches,Smart Watch,software,9,22.5,73.99,36.86,Moderate Market Gap,44.83,Moderate Opportunity,Improve Watches products by addressing software problems,1198
P0269,Smartphone 269,Mobile,Smartphone,comfort,10,25.0,71.85,36.43,Moderate Market Gap,44.83,Moderate Opportunity,Improve Mobile products by addressing comfort problems,1199
P0384,Bluetooth Speaker 384,Audio,Bluetooth Speaker,quality,19,47.5,50.39,35.19,Moderate Market Gap,44.82,Moderate Opportunity,Improve Audio products by addressing quality problems,1200
P0477,Fitness Watch 477,Watches,Fitness Watch,comfort,12,30.0,66.47,36.86,Moderate Market Gap,44.82,Moderate Opportunity,Improve Watches products by addressing comfort problems,1201
P0281,Smart Ring 281,Wearables,Smart Ring,delivery,11,27.5,70.25,35.35,Moderate Market Gap,44.82,Moderate Opportunity,Improve Wearables products by addressing delivery problems,1202
P0389,Fitness Watch 389,Watches,Fitness Watch,delivery,10,25.0,71.47,36.86,Moderate Market Gap,44.82,Moderate Opportunity,Improve Watches products by addressing delivery problems,1203
P0470,Smart Light 470,Home Appliances,Smart Light,software,12,30.0,67.01,36.23,Moderate Market Gap,44.82,Moderate Opportunity,Improve Home Appliances products by addressing software problems,1204
P0348,Analog Watch 348,Watches,Analog Watch,quality,19,47.5,48.9,36.86,Moderate Market Gap,44.8,Moderate Opportunity,Improve Watches products by addressing quality problems,1205
P0139,Analog Watch 139,Watches,Analog Watch,price,12,30.0,66.4,36.86,Moderate Market Gap,44.8,Moderate Opportunity,Improve Watches products by addressing price problems,1206
P0155,Tablet 155,Mobile,Tablet,performance,15,37.5,59.26,36.43,Moderate Market Gap,44.8,Moderate Opportunity,Improve Mobile products by addressing performance problems,1207
P0229,Smart Light 229,Home Appliances,Smart Light,performance,10,25.0,71.88,36.23,Moderate Market Gap,44.78,Moderate Opportunity,Improve Home Appliances products by addressing performance problems,1208
P0375,Headphones 375,Audio,Headphones,delivery,10,25.0,72.77,35.19,Moderate Market Gap,44.78,Moderate Opportunity,Improve Audio products by addressing delivery problems,1209
P0375,Headphones 375,Audio,Headphones,comfort,10,25.0,72.77,35.19,Moderate Market Gap,44.78,Moderate Opportunity,Improve Audio products by addressing comfort problems,1210
P0365,Smart Ring 365,Wearables,Smart Ring,software,13,32.5,65.13,35.35,Moderate Market Gap,44.78,Moderate Opportunity,Improve Wearables products by addressing software problems,1211
P0145,Fitness Band 145,Wearables,Fitness Band,performance,20,50.0,47.62,35.35,Moderate Market Gap,44.77,Moderate Opportunity,Improve Wearables products by addressing performance problems,1212
P0288,Smart Ring 288,Wearables,Smart Ring,delivery,12,30.0,67.62,35.35,Moderate Market Gap,44.77,Moderate Opportunity,Improve Wearables products by addressing delivery problems,1213
P0465,Fitness Band 465,Wearables,Fitness Band,performance,16,40.0,57.58,35.35,Moderate Market Gap,44.76,Moderate Opportunity,Improve Wearables products by addressing performance problems,1214
P0075,Fitness Watch 75,Watches,Fitness Watch,delivery,7,17.5,78.79,36.86,Moderate Market Gap,44.76,Moderate Opportunity,Improve Watches products by addressing delivery problems,1215
P0206,Smartphone 206,Mobile,Smartphone,battery,26,65.0,31.62,36.43,Moderate Market Gap,44.75,Moderate Opportunity,Improve Mobile products by addressing battery problems,1216
P0252,Smartphone 252,Mobile,Smartphone,quality,17,42.5,54.1,36.43,Moderate Market Gap,44.74,Moderate Opportunity,Improve Mobile products by addressing quality problems,1217
P0278,Tablet 278,Mobile,Tablet,performance,18,45.0,51.56,36.43,Moderate Market Gap,44.72,Moderate Opportunity,Improve Mobile products by addressing performance problems,1218
P0209,Wireless Earbuds 209,Audio,Wireless Earbuds,performance,13,32.5,65.11,35.19,Moderate Market Gap,44.72,Moderate Opportunity,Improve Audio products by addressing performance problems,1219
P0480,Headphones 480,Audio,Headphones,battery,26,65.0,32.56,35.19,Moderate Market Gap,44.7,Moderate Opportunity,Improve Audio products by addressing battery problems,1220
P0009,Wireless Earbuds 9,Audio,Wireless Earbuds,delivery,11,27.5,69.97,35.19,Moderate Market Gap,44.67,Moderate Opportunity,Improve Audio products by addressing delivery problems,1221
P0153,Fitness Band 153,Wearables,Fitness Band,delivery,11,27.5,69.77,35.35,Moderate Market Gap,44.65,Moderate Opportunity,Improve Wearables products by addressing delivery problems,1222
P0153,Fitness Band 153,Wearables,Fitness Band,price,11,27.5,69.77,35.35,Moderate Market Gap,44.65,Moderate Opportunity,Improve Wearables products by addressing price problems,1223
P0114,Smart Light 114,Home Appliances,Smart Light,price,19,47.5,49.0,36.23,Moderate Market Gap,44.64,Moderate Opportunity,Improve Home Appliances products by addressing price problems,1224
P0163,Smart Ring 163,Wearables,Smart Ring,performance,12,30.0,67.22,35.35,Moderate Market Gap,44.63,Moderate Opportunity,Improve Wearables products by addressing performance problems,1225
P0242,Smart Light 242,Home Appliances,Smart Light,price,8,20.0,76.46,36.23,Moderate Market Gap,44.63,Moderate Opportunity,Improve Home Appliances products by addressing price problems,1226
P0024,Fitness Band 24,Wearables,Fitness Band,battery,23,57.5,39.68,35.35,Moderate Market Gap,44.62,Moderate Opportunity,Improve Wearables products by addressing battery problems,1227
P0422,Tablet 422,Mobile,Tablet,quality,20,50.0,46.22,36.43,Moderate Market Gap,44.61,Moderate Opportunity,Improve Mobile products by addressing quality problems,1228
P0040,Analog Watch 40,Watches,Analog Watch,quality,16,40.0,55.87,36.86,Moderate Market Gap,44.61,Moderate Opportunity,Improve Watches products by addressing quality problems,1229
P0169,Analog Watch 169,Watches,Analog Watch,battery,18,45.0,50.87,36.86,Moderate Market Gap,44.61,Moderate Opportunity,Improve Watches products by addressing battery problems,1230
P0356,Air Purifier 356,Home Appliances,Air Purifier,software,10,25.0,71.4,36.23,Moderate Market Gap,44.61,Moderate Opportunity,Improve Home Appliances products by addressing software problems,1231
P0154,Smart Fan 154,Home Appliances,Smart Fan,software,12,30.0,66.36,36.23,Moderate Market Gap,44.6,Moderate Opportunity,Improve Home Appliances products by addressing software problems,1232
P0471,Bluetooth Speaker 471,Audio,Bluetooth Speaker,software,10,25.0,72.23,35.19,Moderate Market Gap,44.59,Moderate Opportunity,Improve Audio products by addressing software problems,1233
P0084,Fitness Band 84,Wearables,Fitness Band,quality,24,60.0,37.11,35.35,Moderate Market Gap,44.59,Moderate Opportunity,Improve Wearables products by addressing quality problems,1234
P0021,Wireless Earbuds 21,Audio,Wireless Earbuds,performance,17,42.5,54.7,35.19,Moderate Market Gap,44.58,Moderate Opportunity,Improve Audio products by addressing performance problems,1235
P0372,Smart Watch 372,Watches,Smart Watch,performance,14,35.0,60.78,36.86,Moderate Market Gap,44.58,Moderate Opportunity,Improve Watches products by addressing performance problems,1236
P0058,Bluetooth Speaker 58,Audio,Bluetooth Speaker,performance,12,30.0,67.21,35.19,Moderate Market Gap,44.58,Moderate Opportunity,Improve Audio products by addressing performance problems,1237
P0172,Air Purifier 172,Home Appliances,Air Purifier,comfort,16,40.0,56.26,36.23,Moderate Market Gap,44.56,Moderate Opportunity,Improve Home Appliances products by addressing comfort problems,1238
P0370,Tablet 370,Mobile,Tablet,price,12,30.0,66.09,36.43,Moderate Market Gap,44.56,Moderate Opportunity,Improve Mobile products by addressing price problems,1239
P0370,Tablet 370,Mobile,Tablet,software,12,30.0,66.09,36.43,Moderate Market Gap,44.56,Moderate Opportunity,Improve Mobile products by addressing software problems,1240
P0370,Tablet 370,Mobile,Tablet,delivery,12,30.0,66.09,36.43,Moderate Market Gap,44.56,Moderate Opportunity,Improve Mobile products by addressing delivery problems,1241
P0239,Tablet 239,Mobile,Tablet,quality,14,35.0,61.06,36.43,Moderate Market Gap,44.55,Moderate Opportunity,Improve Mobile products by addressing quality problems,1242
P0228,Fitness Watch 228,Watches,Fitness Watch,battery,26,65.0,30.7,36.86,Moderate Market Gap,44.55,Moderate Opportunity,Improve Watches products by addressing battery problems,1243
P0150,Tablet 150,Mobile,Tablet,price,10,25.0,71.05,36.43,Moderate Market Gap,44.55,Moderate Opportunity,Improve Mobile products by addressing price problems,1244
P0203,Smart Light 203,Home Appliances,Smart Light,delivery,10,25.0,71.18,36.23,Moderate Market Gap,44.53,Moderate Opportunity,Improve Home Appliances products by addressing delivery problems,1245
P0359,Smart Light 359,Home Appliances,Smart Light,price,15,37.5,58.66,36.23,Moderate Market Gap,44.52,Moderate Opportunity,Improve Home Appliances products by addressing price problems,1246
P0466,Smart Fan 466,Home Appliances,Smart Fan,comfort,9,22.5,73.63,36.23,Moderate Market Gap,44.51,Moderate Opportunity,Improve Home Appliances products by addressing comfort problems,1247
P0459,Smart Watch 459,Watches,Smart Watch,software,20,50.0,45.57,36.86,Moderate Market Gap,44.51,Moderate Opportunity,Improve Watches products by addressing software problems,1248
P0273,Smart Ring 273,Wearables,Smart Ring,price,8,20.0,76.86,35.35,Moderate Market Gap,44.51,Moderate Opportunity,Improve Wearables products by addressing price problems,1249
P0327,Smart Fan 327,Home Appliances,Smart Fan,battery,19,47.5,48.56,36.23,Moderate Market Gap,44.49,Moderate Opportunity,Improve Home Appliances products by addressing battery problems,1250
P0327,Smart Fan 327,Home Appliances,Smart Fan,performance,19,47.5,48.56,36.23,Moderate Market Gap,44.49,Moderate Opportunity,Improve Home Appliances products by addressing performance problems,1251
P0076,Smart Fan 76,Home Appliances,Smart Fan,performance,15,37.5,58.56,36.23,Moderate Market Gap,44.49,Moderate Opportunity,Improve Home Appliances products by addressing performance problems,1252
P0336,Tablet 336,Mobile,Tablet,comfort,13,32.5,63.36,36.43,Moderate Market Gap,44.48,Moderate Opportunity,Improve Mobile products by addressing comfort problems,1253
P0336,Tablet 336,Mobile,Tablet,quality,13,32.5,63.36,36.43,Moderate Market Gap,44.48,Moderate Opportunity,Improve Mobile products by addressing quality problems,1254
P0486,Tablet 486,Mobile,Tablet,software,14,35.0,60.85,36.43,Moderate Market Gap,44.48,Moderate Opportunity,Improve Mobile products by addressing software problems,1255
P0103,Fitness Band 103,Wearables,Fitness Band,software,11,27.5,69.29,35.35,Moderate Market Gap,44.48,Moderate Opportunity,Improve Wearables products by addressing software problems,1256
P0448,Smart Fan 448,Home Appliances,Smart Fan,battery,24,60.0,36.02,36.23,Moderate Market Gap,44.48,Moderate Opportunity,Improve Home Appliances products by addressing battery problems,1257
P0171,Smart Watch 171,Watches,Smart Watch,quality,14,35.0,60.45,36.86,Moderate Market Gap,44.47,Moderate Opportunity,Improve Watches products by addressing quality problems,1258
P0202,Fitness Watch 202,Watches,Fitness Watch,price,10,25.0,70.42,36.86,Moderate Market Gap,44.46,Moderate Opportunity,Improve Watches products by addressing price problems,1259
P0127,Smartphone 127,Mobile,Smartphone,delivery,12,30.0,65.78,36.43,Moderate Market Gap,44.45,Moderate Opportunity,Improve Mobile products by addressing delivery problems,1260
P0373,Smartphone 373,Mobile,Smartphone,price,13,32.5,63.2,36.43,Moderate Market Gap,44.42,Moderate Opportunity,Improve Mobile products by addressing price problems,1261
P0452,Bluetooth Speaker 452,Audio,Bluetooth Speaker,performance,17,42.5,54.22,35.19,Moderate Market Gap,44.41,Moderate Opportunity,Improve Audio products by addressing performance problems,1262
P0227,Smart Ring 227,Wearables,Smart Ring,software,15,37.5,59.09,35.35,Moderate Market Gap,44.41,Moderate Opportunity,Improve Wearables products by addressing software problems,1263
P0313,Smart Watch 313,Watches,Smart Watch,performance,23,57.5,37.79,36.86,Moderate Market Gap,44.41,Moderate Opportunity,Improve Watches products by addressing performance problems,1264
P0369,Air Purifier 369,Home Appliances,Air Purifier,software,16,40.0,55.73,36.23,Moderate Market Gap,44.37,Moderate Opportunity,Improve Home Appliances products by addressing software problems,1265
P0383,Smart Ring 383,Wearables,Smart Ring,performance,11,27.5,68.97,35.35,Moderate Market Gap,44.37,Moderate Opportunity,Improve Wearables products by addressing performance problems,1266
P0405,Air Purifier 405,Home Appliances,Air Purifier,price,11,27.5,68.21,36.23,Moderate Market Gap,44.37,Moderate Opportunity,Improve Home Appliances products by addressing price problems,1267
P0383,Smart Ring 383,Wearables,Smart Ring,software,11,27.5,68.97,35.35,Moderate Market Gap,44.37,Moderate Opportunity,Improve Wearables products by addressing software problems,1268
P0074,Smart Watch 74,Watches,Smart Watch,quality,24,60.0,35.16,36.86,Moderate Market Gap,44.36,Moderate Opportunity,Improve Watches products by addressing quality problems,1269
P0303,Fitness Watch 303,Watches,Fitness Watch,comfort,18,45.0,50.15,36.86,Moderate Market Gap,44.36,Moderate Opportunity,Improve Watches products by addressing comfort problems,1270
P0065,Smart Ring 65,Wearables,Smart Ring,performance,18,45.0,51.44,35.35,Moderate Market Gap,44.36,Moderate Opportunity,Improve Wearables products by addressing performance problems,1271
P0006,Headphones 6,Audio,Headphones,software,16,40.0,56.59,35.19,Moderate Market Gap,44.36,Moderate Opportunity,Improve Audio products by addressing software problems,1272
P0050,Analog Watch 50,Watches,Analog Watch,performance,14,35.0,60.12,36.86,Moderate Market Gap,44.35,Moderate Opportunity,Improve Watches products by addressing performance problems,1273
P0247,Bluetooth Speaker 247,Audio,Bluetooth Speaker,battery,19,47.5,49.06,35.19,Moderate Market Gap,44.35,Moderate Opportunity,Improve Audio products by addressing battery problems,1274
P0173,Smartphone 173,Mobile,Smartphone,quality,16,40.0,55.5,36.43,Moderate Market Gap,44.35,Moderate Opportunity,Improve Mobile products by addressing quality problems,1275
P0161,Smartphone 161,Mobile,Smartphone,software,11,27.5,67.95,36.43,Moderate Market Gap,44.34,Moderate Opportunity,Improve Mobile products by addressing software problems,1276
P0026,Headphones 26,Audio,Headphones,quality,13,32.5,64.01,35.19,Moderate Market Gap,44.34,Moderate Opportunity,Improve Audio products by addressing quality problems,1277
P0023,Air Purifier 23,Home Appliances,Air Purifier,battery,24,60.0,35.59,36.23,Moderate Market Gap,44.33,Moderate Opportunity,Improve Home Appliances products by addressing battery problems,1278
P0224,Air Purifier 224,Home Appliances,Air Purifier,comfort,12,30.0,65.6,36.23,Moderate Market Gap,44.33,Moderate Opportunity,Improve Home Appliances products by addressing comfort problems,1279
P0224,Air Purifier 224,Home Appliances,Air Purifier,software,12,30.0,65.6,36.23,Moderate Market Gap,44.33,Moderate Opportunity,Improve Home Appliances products by addressing software problems,1280
P0220,Smart Ring 220,Wearables,Smart Ring,performance,14,35.0,61.32,35.35,Moderate Market Gap,44.32,Moderate Opportunity,Improve Wearables products by addressing performance problems,1281
P0340,Fitness Band 340,Wearables,Fitness Band,comfort,13,32.5,63.82,35.35,Moderate Market Gap,44.32,Moderate Opportunity,Improve Wearables products by addressing comfort problems,1282
P0380,Fitness Band 380,Wearables,Fitness Band,comfort,13,32.5,63.8,35.35,Moderate Market Gap,44.31,Moderate Opportunity,Improve Wearables products by addressing comfort problems,1283
P0086,Analog Watch 86,Watches,Analog Watch,battery,23,57.5,37.5,36.86,Moderate Market Gap,44.31,Moderate Opportunity,Improve Watches products by addressing battery problems,1284
P0143,Headphones 143,Audio,Headphones,battery,21,52.5,43.94,35.19,Moderate Market Gap,44.31,Moderate Opportunity,Improve Audio products by addressing battery problems,1285
P0152,Wireless Earbuds 152,Audio,Wireless Earbuds,performance,15,37.5,58.95,35.19,Moderate Market Gap,44.31,Moderate Opportunity,Improve Audio products by addressing performance problems,1286
P0463,Air Purifier 463,Home Appliances,Air Purifier,comfort,13,32.5,62.98,36.23,Moderate Market Gap,44.29,Moderate Opportunity,Improve Home Appliances products by addressing comfort problems,1287
P0014,Fitness Band 14,Wearables,Fitness Band,comfort,12,30.0,66.23,35.35,Moderate Market Gap,44.29,Moderate Opportunity,Improve Wearables products by addressing comfort problems,1288
P0371,Wireless Earbuds 371,Audio,Wireless Earbuds,performance,22,55.0,41.38,35.19,Moderate Market Gap,44.29,Moderate Opportunity,Improve Audio products by addressing performance problems,1289
P0092,Fitness Band 92,Wearables,Fitness Band,performance,15,37.5,58.71,35.35,Moderate Market Gap,44.28,Moderate Opportunity,Improve Wearables products by addressing performance problems,1290
P0134,Smartphone 134,Mobile,Smartphone,quality,18,45.0,50.27,36.43,Moderate Market Gap,44.27,Moderate Opportunity,Improve Mobile products by addressing quality problems,1291
P0491,Tablet 491,Mobile,Tablet,delivery,9,22.5,72.73,36.43,Moderate Market Gap,44.26,Moderate Opportunity,Improve Mobile products by addressing delivery problems,1292
P0491,Tablet 491,Mobile,Tablet,price,9,22.5,72.73,36.43,Moderate Market Gap,44.26,Moderate Opportunity,Improve Mobile products by addressing price problems,1293
P0136,Tablet 136,Mobile,Tablet,comfort,20,50.0,45.22,36.43,Moderate Market Gap,44.26,Moderate Opportunity,Improve Mobile products by addressing comfort problems,1294
P0037,Analog Watch 37,Watches,Analog Watch,battery,23,57.5,37.3,36.86,Moderate Market Gap,44.24,Moderate Opportunity,Improve Watches products by addressing battery problems,1295
P0225,Smart Fan 225,Home Appliances,Smart Fan,price,9,22.5,72.85,36.23,Moderate Market Gap,44.24,Moderate Opportunity,Improve Home Appliances products by addressing price problems,1296
P0447,Smartphone 447,Mobile,Smartphone,quality,18,45.0,50.12,36.43,Moderate Market Gap,44.22,Moderate Opportunity,Improve Mobile products by addressing quality problems,1297
P0182,Fitness Band 182,Wearables,Fitness Band,battery,25,62.5,33.5,35.35,Moderate Market Gap,44.2,Moderate Opportunity,Improve Wearables products by addressing battery problems,1298
P0478,Smart Fan 478,Home Appliances,Smart Fan,comfort,15,37.5,57.74,36.23,Moderate Market Gap,44.2,Moderate Opportunity,Improve Home Appliances products by addressing comfort problems,1299
P0077,Fitness Watch 77,Watches,Fitness Watch,price,12,30.0,64.66,36.86,Moderate Market Gap,44.19,Moderate Opportunity,Improve Watches products by addressing price problems,1300
P0077,Fitness Watch 77,Watches,Fitness Watch,quality,12,30.0,64.66,36.86,Moderate Market Gap,44.19,Moderate Opportunity,Improve Watches products by addressing quality problems,1301
P0292,Smart Fan 292,Home Appliances,Smart Fan,performance,20,50.0,45.15,36.23,Moderate Market Gap,44.17,Moderate Opportunity,Improve Home Appliances products by addressing performance problems,1302
P0170,Tablet 170,Mobile,Tablet,delivery,13,32.5,62.48,36.43,Moderate Market Gap,44.17,Moderate Opportunity,Improve Mobile products by addressing delivery problems,1303
P0001,Smart Watch 1,Watches,Smart Watch,software,9,22.5,72.08,36.86,Moderate Market Gap,44.16,Moderate Opportunity,Improve Watches products by addressing software problems,1304
P0001,Smart Watch 1,Watches,Smart Watch,comfort,9,22.5,72.08,36.86,Moderate Market Gap,44.16,Moderate Opportunity,Improve Watches products by addressing comfort problems,1305
P0266,Headphones 266,Audio,Headphones,delivery,14,35.0,61.02,35.19,Moderate Market Gap,44.16,Moderate Opportunity,Improve Audio products by addressing delivery problems,1306
P0036,Smart Watch 36,Watches,Smart Watch,performance,16,40.0,54.59,36.86,Moderate Market Gap,44.16,Moderate Opportunity,Improve Watches products by addressing performance problems,1307
P0266,Headphones 266,Audio,Headphones,software,14,35.0,61.02,35.19,Moderate Market Gap,44.16,Moderate Opportunity,Improve Audio products by addressing software problems,1308
P0446,Tablet 446,Mobile,Tablet,quality,18,45.0,49.88,36.43,Moderate Market Gap,44.14,Moderate Opportunity,Improve Mobile products by addressing quality problems,1309
P0129,Air Purifier 129,Home Appliances,Air Purifier,quality,24,60.0,35.02,36.23,Moderate Market Gap,44.13,Moderate Opportunity,Improve Home Appliances products by addressing quality problems,1310
P0096,Smart Watch 96,Watches,Smart Watch,battery,24,60.0,34.5,36.86,Moderate Market Gap,44.13,Moderate Opportunity,Improve Watches products by addressing battery problems,1311
P0128,Smart Light 128,Home Appliances,Smart Light,performance,17,42.5,52.5,36.23,Moderate Market Gap,44.12,Moderate Opportunity,Improve Home Appliances products by addressing performance problems,1312
P0128,Smart Light 128,Home Appliances,Smart Light,delivery,17,42.5,52.5,36.23,Moderate Market Gap,44.12,Moderate Opportunity,Improve Home Appliances products by addressing delivery problems,1313
P0341,Smart Watch 341,Watches,Smart Watch,delivery,11,27.5,66.93,36.86,Moderate Market Gap,44.11,Moderate Opportunity,Improve Watches products by addressing delivery problems,1314
P0341,Smart Watch 341,Watches,Smart Watch,comfort,11,27.5,66.93,36.86,Moderate Market Gap,44.11,Moderate Opportunity,Improve Watches products by addressing comfort problems,1315
P0237,Tablet 237,Mobile,Tablet,comfort,8,20.0,74.81,36.43,Moderate Market Gap,44.11,Moderate Opportunity,Improve Mobile products by addressing comfort problems,1316
P0493,Air Purifier 493,Home Appliances,Air Purifier,performance,15,37.5,57.45,36.23,Moderate Market Gap,44.1,Moderate Opportunity,Improve Home Appliances products by addressing performance problems,1317
P0060,Smartphone 60,Mobile,Smartphone,quality,18,45.0,49.75,36.43,Moderate Market Gap,44.09,Moderate Opportunity,Improve Mobile products by addressing quality problems,1318
P0284,Wireless Earbuds 284,Audio,Wireless Earbuds,quality,19,47.5,48.29,35.19,Moderate Market Gap,44.08,Moderate Opportunity,Improve Audio products by addressing quality problems,1319
P0304,Bluetooth Speaker 304,Audio,Bluetooth Speaker,delivery,10,25.0,70.79,35.19,Moderate Market Gap,44.08,Moderate Opportunity,Improve Audio products by addressing delivery problems,1320
P0284,Wireless Earbuds 284,Audio,Wireless Earbuds,performance,19,47.5,48.29,35.19,Moderate Market Gap,44.08,Moderate Opportunity,Improve Audio products by addressing performance problems,1321
P0314,Smart Light 314,Home Appliances,Smart Light,quality,21,52.5,42.37,36.23,Moderate Market Gap,44.07,Moderate Opportunity,Improve Home Appliances products by addressing quality problems,1322
P0066,Smart Fan 66,Home Appliances,Smart Fan,quality,21,52.5,42.32,36.23,Moderate Market Gap,44.06,Moderate Opportunity,Improve Home Appliances products by addressing quality problems,1323
P0494,Fitness Watch 494,Watches,Fitness Watch,performance,16,40.0,54.27,36.86,Moderate Market Gap,44.05,Moderate Opportunity,Improve Watches products by addressing performance problems,1324
P0017,Bluetooth Speaker 17,Audio,Bluetooth Speaker,performance,15,37.5,58.19,35.19,Moderate Market Gap,44.05,Moderate Opportunity,Improve Audio products by addressing performance problems,1325
P0396,Fitness Watch 396,Watches,Fitness Watch,battery,23,57.5,36.72,36.86,Moderate Market Gap,44.04,Moderate Opportunity,Improve Watches products by addressing battery problems,1326
P0056,Analog Watch 56,Watches,Analog Watch,software,13,32.5,61.72,36.86,Moderate Market Gap,44.04,Moderate Opportunity,Improve Watches products by addressing software problems,1327
P0238,Air Purifier 238,Home Appliances,Air Purifier,quality,16,40.0,54.77,36.23,Moderate Market Gap,44.04,Moderate Opportunity,Improve Home Appliances products by addressing quality problems,1328
P0079,Smartphone 79,Mobile,Smartphone,quality,19,47.5,47.1,36.43,Moderate Market Gap,44.04,Moderate Opportunity,Improve Mobile products by addressing quality problems,1329
P0483,Smartphone 483,Mobile,Smartphone,price,7,17.5,77.06,36.43,Moderate Market Gap,44.03,Moderate Opportunity,Improve Mobile products by addressing price problems,1330
P0196,Smart Ring 196,Wearables,Smart Ring,price,10,25.0,70.43,35.35,Moderate Market Gap,44.01,Moderate Opportunity,Improve Wearables products by addressing price problems,1331
P0140,Smartphone 140,Mobile,Smartphone,comfort,14,35.0,59.51,36.43,Moderate Market Gap,44.01,Moderate Opportunity,Improve Mobile products by addressing comfort problems,1332
P0274,Smart Watch 274,Watches,Smart Watch,quality,21,52.5,41.62,36.86,Moderate Market Gap,44.0,Moderate Opportunity,Improve Watches products by addressing quality problems,1333
P0231,Smartphone 231,Mobile,Smartphone,battery,21,52.5,41.99,36.43,Moderate Market Gap,44.0,Moderate Opportunity,Improve Mobile products by addressing battery problems,1334
P0061,Wireless Earbuds 61,Audio,Wireless Earbuds,comfort,14,35.0,60.52,35.19,Moderate Market Gap,43.99,Moderate Opportunity,Improve Audio products by addressing comfort problems,1335
P0361,Air Purifier 361,Home Appliances,Air Purifier,battery,22,55.0,39.63,36.23,Moderate Market Gap,43.99,Moderate Opportunity,Improve Home Appliances products by addressing battery problems,1336
P0342,Smartphone 342,Mobile,Smartphone,price,10,25.0,69.43,36.43,Moderate Market Gap,43.98,Moderate Opportunity,Improve Mobile products by addressing price problems,1337
P0016,Air Purifier 16,Home Appliances,Air Purifier,performance,15,37.5,57.11,36.23,Moderate Market Gap,43.98,Moderate Opportunity,Improve Home Appliances products by addressing performance problems,1338
P0016,Air Purifier 16,Home Appliances,Air Purifier,quality,15,37.5,57.11,36.23,Moderate Market Gap,43.98,Moderate Opportunity,Improve Home Appliances products by addressing quality problems,1339
P0195,Fitness Band 195,Wearables,Fitness Band,battery,18,45.0,50.32,35.35,Moderate Market Gap,43.97,Moderate Opportunity,Improve Wearables products by addressing battery problems,1340
P0207,Wireless Earbuds 207,Audio,Wireless Earbuds,quality,19,47.5,47.93,35.19,Moderate Market Gap,43.96,Moderate Opportunity,Improve Audio products by addressing quality problems,1341
P0310,Fitness Band 310,Wearables,Fitness Band,performance,19,47.5,47.79,35.35,Moderate Market Gap,43.96,Moderate Opportunity,Improve Wearables products by addressing performance problems,1342
P0477,Fitness Watch 477,Watches,Fitness Watch,performance,11,27.5,66.47,36.86,Moderate Market Gap,43.95,Moderate Opportunity,Improve Watches products by addressing performance problems,1343
P0067,Smart Fan 67,Home Appliances,Smart Fan,battery,19,47.5,47.01,36.23,Moderate Market Gap,43.95,Moderate Opportunity,Improve Home Appliances products by addressing battery problems,1344
P0470,Smart Light 470,Home Appliances,Smart Light,comfort,11,27.5,67.01,36.23,Moderate Market Gap,43.95,Moderate Opportunity,Improve Home Appliances products by addressing comfort problems,1345
P0389,Fitness Watch 389,Watches,Fitness Watch,comfort,9,22.5,71.47,36.86,Moderate Market Gap,43.95,Moderate Opportunity,Improve Watches products by addressing comfort problems,1346
P0434,Analog Watch 434,Watches,Analog Watch,quality,23,57.5,36.43,36.86,Moderate Market Gap,43.93,Moderate Opportunity,Improve Watches products by addressing quality problems,1347
P0455,Fitness Band 455,Wearables,Fitness Band,performance,11,27.5,67.7,35.35,Moderate Market Gap,43.92,Moderate Opportunity,Improve Wearables products by addressing performance problems,1348
P0139,Analog Watch 139,Watches,Analog Watch,delivery,11,27.5,66.4,36.86,Moderate Market Gap,43.92,Moderate Opportunity,Improve Watches products by addressing delivery problems,1349
P0025,Smart Watch 25,Watches,Smart Watch,price,14,35.0,58.86,36.86,Moderate Market Gap,43.91,Moderate Opportunity,Improve Watches products by addressing price problems,1350
P0229,Smart Light 229,Home Appliances,Smart Light,comfort,9,22.5,71.88,36.23,Moderate Market Gap,43.9,Moderate Opportunity,Improve Home Appliances products by addressing comfort problems,1351
P0475,Fitness Watch 475,Watches,Fitness Watch,battery,22,55.0,38.81,36.86,Moderate Market Gap,43.89,Moderate Opportunity,Improve Watches products by addressing battery problems,1352
P0465,Fitness Band 465,Wearables,Fitness Band,price,15,37.5,57.58,35.35,Moderate Market Gap,43.88,Moderate Opportunity,Improve Wearables products by addressing price problems,1353
P0346,Smart Ring 346,Wearables,Smart Ring,performance,15,37.5,57.55,35.35,Moderate Market Gap,43.87,Moderate Opportunity,Improve Wearables products by addressing performance problems,1354
P0262,Headphones 262,Audio,Headphones,comfort,11,27.5,67.63,35.19,Moderate Market Gap,43.85,Moderate Opportunity,Improve Audio products by addressing comfort problems,1355
P0253,Bluetooth Speaker 253,Audio,Bluetooth Speaker,delivery,16,40.0,55.11,35.19,Moderate Market Gap,43.85,Moderate Opportunity,Improve Audio products by addressing delivery problems,1356
P0267,Smartphone 267,Mobile,Smartphone,comfort,15,37.5,56.54,36.43,Moderate Market Gap,43.84,Moderate Opportunity,Improve Mobile products by addressing comfort problems,1357
P0408,Smartphone 408,Mobile,Smartphone,quality,19,47.5,46.53,36.43,Moderate Market Gap,43.84,Moderate Opportunity,Improve Mobile products by addressing quality problems,1358
P0492,Smart Ring 492,Wearables,Smart Ring,comfort,8,20.0,74.93,35.35,Moderate Market Gap,43.83,Moderate Opportunity,Improve Wearables products by addressing comfort problems,1359
P0104,Smartphone 104,Mobile,Smartphone,comfort,15,37.5,56.5,36.43,Moderate Market Gap,43.83,Moderate Opportunity,Improve Mobile products by addressing comfort problems,1360
P0104,Smartphone 104,Mobile,Smartphone,performance,15,37.5,56.5,36.43,Moderate Market Gap,43.83,Moderate Opportunity,Improve Mobile products by addressing performance problems,1361
P0357,Tablet 357,Mobile,Tablet,performance,18,45.0,49.0,36.43,Moderate Market Gap,43.83,Moderate Opportunity,Improve Mobile products by addressing performance problems,1362
P0328,Smartphone 328,Mobile,Smartphone,price,14,35.0,58.98,36.43,Moderate Market Gap,43.82,Moderate Opportunity,Improve Mobile products by addressing price problems,1363
P0366,Air Purifier 366,Home Appliances,Air Purifier,battery,25,62.5,31.61,36.23,Moderate Market Gap,43.81,Moderate Opportunity,Improve Home Appliances products by addressing battery problems,1364
P0453,Smartphone 453,Mobile,Smartphone,performance,17,42.5,51.37,36.43,Moderate Market Gap,43.78,Moderate Opportunity,Improve Mobile products by addressing performance problems,1365
P0125,Air Purifier 125,Home Appliances,Air Purifier,delivery,13,32.5,61.54,36.23,Moderate Market Gap,43.78,Moderate Opportunity,Improve Home Appliances products by addressing delivery problems,1366
P0153,Fitness Band 153,Wearables,Fitness Band,performance,10,25.0,69.77,35.35,Moderate Market Gap,43.77,Moderate Opportunity,Improve Wearables products by addressing performance problems,1367
P0293,Smart Fan 293,Home Appliances,Smart Fan,comfort,7,17.5,76.51,36.23,Moderate Market Gap,43.77,Moderate Opportunity,Improve Home Appliances products by addressing comfort problems,1368
P0153,Fitness Band 153,Wearables,Fitness Band,software,10,25.0,69.77,35.35,Moderate Market Gap,43.77,Moderate Opportunity,Improve Wearables products by addressing software problems,1369
P0496,Fitness Band 496,Wearables,Fitness Band,quality,20,50.0,44.73,35.35,Moderate Market Gap,43.76,Moderate Opportunity,Improve Wearables products by addressing quality problems,1370
P0496,Fitness Band 496,Wearables,Fitness Band,performance,20,50.0,44.73,35.35,Moderate Market Gap,43.76,Moderate Opportunity,Improve Wearables products by addressing performance problems,1371
P0416,Smart Ring 416,Wearables,Smart Ring,battery,22,55.0,39.68,35.35,Moderate Market Gap,43.74,Moderate Opportunity,Improve Wearables products by addressing battery problems,1372
P0087,Tablet 87,Mobile,Tablet,performance,18,45.0,48.74,36.43,Moderate Market Gap,43.74,Moderate Opportunity,Improve Mobile products by addressing performance problems,1373
P0356,Air Purifier 356,Home Appliances,Air Purifier,price,9,22.5,71.4,36.23,Moderate Market Gap,43.73,Moderate Opportunity,Improve Home Appliances products by addressing price problems,1374
P0084,Fitness Band 84,Wearables,Fitness Band,performance,23,57.5,37.11,35.35,Moderate Market Gap,43.72,Moderate Opportunity,Improve Wearables products by addressing performance problems,1375
P0488,Smart Light 488,Home Appliances,Smart Light,software,12,30.0,63.84,36.23,Moderate Market Gap,43.71,Moderate Opportunity,Improve Home Appliances products by addressing software problems,1376
P0372,Smart Watch 372,Watches,Smart Watch,price,13,32.5,60.78,36.86,Moderate Market Gap,43.71,Moderate Opportunity,Improve Watches products by addressing price problems,1377
P0058,Bluetooth Speaker 58,Audio,Bluetooth Speaker,comfort,11,27.5,67.21,35.19,Moderate Market Gap,43.71,Moderate Opportunity,Improve Audio products by addressing comfort problems,1378
P0181,Smart Light 181,Home Appliances,Smart Light,quality,21,52.5,41.26,36.23,Moderate Market Gap,43.68,Moderate Opportunity,Improve Home Appliances products by addressing quality problems,1379
P0398,Wireless Earbuds 398,Audio,Wireless Earbuds,price,12,30.0,64.63,35.19,Moderate Market Gap,43.68,Moderate Opportunity,Improve Audio products by addressing price problems,1380
P0203,Smart Light 203,Home Appliances,Smart Light,comfort,9,22.5,71.18,36.23,Moderate Market Gap,43.66,Moderate Opportunity,Improve Home Appliances products by addressing comfort problems,1381
P0203,Smart Light 203,Home Appliances,Smart Light,software,9,22.5,71.18,36.23,Moderate Market Gap,43.66,Moderate Opportunity,Improve Home Appliances products by addressing software problems,1382
P0297,Smartphone 297,Mobile,Smartphone,performance,8,20.0,73.51,36.43,Moderate Market Gap,43.66,Moderate Opportunity,Improve Mobile products by addressing performance problems,1383
P0300,Smart Watch 300,Watches,Smart Watch,quality,22,55.0,38.11,36.86,Moderate Market Gap,43.65,Moderate Opportunity,Improve Watches products by addressing quality problems,1384
P0099,Bluetooth Speaker 99,Audio,Bluetooth Speaker,delivery,7,17.5,77.04,35.19,Moderate Market Gap,43.65,Moderate Opportunity,Improve Audio products by addressing delivery problems,1385
P0215,Smart Light 215,Home Appliances,Smart Light,quality,18,45.0,48.63,36.23,Moderate Market Gap,43.64,Moderate Opportunity,Improve Home Appliances products by addressing quality problems,1386
P0071,Smart Watch 71,Watches,Smart Watch,battery,19,47.5,45.6,36.86,Moderate Market Gap,43.64,Moderate Opportunity,Improve Watches products by addressing battery problems,1387
P0070,Smart Watch 70,Watches,Smart Watch,price,19,47.5,45.56,36.86,Moderate Market Gap,43.63,Moderate Opportunity,Improve Watches products by addressing price problems,1388
P0052,Bluetooth Speaker 52,Audio,Bluetooth Speaker,performance,12,30.0,64.5,35.19,Moderate Market Gap,43.63,Moderate Opportunity,Improve Audio products by addressing performance problems,1389
P0257,Analog Watch 257,Watches,Analog Watch,quality,22,55.0,38.02,36.86,Moderate Market Gap,43.62,Moderate Opportunity,Improve Watches products by addressing quality problems,1390
P0198,Smart Ring 198,Wearables,Smart Ring,comfort,9,22.5,71.82,35.35,Moderate Market Gap,43.62,Moderate Opportunity,Improve Wearables products by addressing comfort problems,1391
P0486,Tablet 486,Mobile,Tablet,performance,13,32.5,60.85,36.43,Moderate Market Gap,43.6,Moderate Opportunity,Improve Mobile products by addressing performance problems,1392
P0321,Smart Ring 321,Wearables,Smart Ring,delivery,16,40.0,54.26,35.35,Moderate Market Gap,43.6,Moderate Opportunity,Improve Wearables products by addressing delivery problems,1393
P0321,Smart Ring 321,Wearables,Smart Ring,performance,16,40.0,54.26,35.35,Moderate Market Gap,43.6,Moderate Opportunity,Improve Wearables products by addressing performance problems,1394
P0336,Tablet 336,Mobile,Tablet,performance,12,30.0,63.36,36.43,Moderate Market Gap,43.6,Moderate Opportunity,Improve Mobile products by addressing performance problems,1395
P0486,Tablet 486,Mobile,Tablet,delivery,13,32.5,60.85,36.43,Moderate Market Gap,43.6,Moderate Opportunity,Improve Mobile products by addressing delivery problems,1396
P0042,Smart Watch 42,Watches,Smart Watch,quality,17,42.5,50.48,36.86,Moderate Market Gap,43.6,Moderate Opportunity,Improve Watches products by addressing quality problems,1397
P0057,Headphones 57,Audio,Headphones,price,10,25.0,69.4,35.19,Moderate Market Gap,43.6,Moderate Opportunity,Improve Audio products by addressing price problems,1398
P0254,Tablet 254,Mobile,Tablet,comfort,14,35.0,58.33,36.43,Moderate Market Gap,43.59,Moderate Opportunity,Improve Mobile products by addressing comfort problems,1399
P0442,Smartphone 442,Mobile,Smartphone,price,15,37.5,55.81,36.43,Moderate Market Gap,43.59,Moderate Opportunity,Improve Mobile products by addressing price problems,1400
P0334,Fitness Band 334,Wearables,Fitness Band,comfort,11,27.5,66.7,35.35,Moderate Market Gap,43.58,Moderate Opportunity,Improve Wearables products by addressing comfort problems,1401
P0450,Fitness Band 450,Wearables,Fitness Band,quality,14,35.0,59.21,35.35,Moderate Market Gap,43.58,Moderate Opportunity,Improve Wearables products by addressing quality problems,1402
P0334,Fitness Band 334,Wearables,Fitness Band,delivery,11,27.5,66.7,35.35,Moderate Market Gap,43.58,Moderate Opportunity,Improve Wearables products by addressing delivery problems,1403
P0320,Smart Ring 320,Wearables,Smart Ring,performance,18,45.0,49.19,35.35,Moderate Market Gap,43.57,Moderate Opportunity,Improve Wearables products by addressing performance problems,1404
P0286,Fitness Band 286,Wearables,Fitness Band,comfort,15,37.5,56.67,35.35,Moderate Market Gap,43.56,Moderate Opportunity,Improve Wearables products by addressing comfort problems,1405
P0002,Smart Watch 2,Watches,Smart Watch,quality,23,57.5,35.34,36.86,Moderate Market Gap,43.55,Moderate Opportunity,Improve Watches products by addressing quality problems,1406
P0022,Analog Watch 22,Watches,Analog Watch,quality,18,45.0,47.84,36.86,Moderate Market Gap,43.55,Moderate Opportunity,Improve Watches products by addressing quality problems,1407
P0367,Smart Fan 367,Home Appliances,Smart Fan,quality,18,45.0,48.31,36.23,Moderate Market Gap,43.53,Moderate Opportunity,Improve Home Appliances products by addressing quality problems,1408
P0033,Smart Watch 33,Watches,Smart Watch,comfort,10,25.0,67.78,36.86,Moderate Market Gap,43.53,Moderate Opportunity,Improve Watches products by addressing comfort problems,1409
P0452,Bluetooth Speaker 452,Audio,Bluetooth Speaker,quality,16,40.0,54.22,35.19,Moderate Market Gap,43.53,Moderate Opportunity,Improve Audio products by addressing quality problems,1410
P0033,Smart Watch 33,Watches,Smart Watch,price,10,25.0,67.78,36.86,Moderate Market Gap,43.53,Moderate Opportunity,Improve Watches products by addressing price problems,1411
P0460,Headphones 460,Audio,Headphones,comfort,13,32.5,61.7,35.19,Moderate Market Gap,43.53,Moderate Opportunity,Improve Audio products by addressing comfort problems,1412
P0265,Smart Fan 265,Home Appliances,Smart Fan,performance,13,32.5,60.78,36.23,Moderate Market Gap,43.52,Moderate Opportunity,Improve Home Appliances products by addressing performance problems,1413
P0051,Air Purifier 51,Home Appliances,Air Purifier,price,10,25.0,68.27,36.23,Moderate Market Gap,43.51,Moderate Opportunity,Improve Home Appliances products by addressing price problems,1414
P0049,Smart Fan 49,Home Appliances,Smart Fan,performance,15,37.5,55.75,36.23,Moderate Market Gap,43.51,Moderate Opportunity,Improve Home Appliances products by addressing performance problems,1415
P0049,Smart Fan 49,Home Appliances,Smart Fan,price,15,37.5,55.75,36.23,Moderate Market Gap,43.51,Moderate Opportunity,Improve Home Appliances products by addressing price problems,1416
P0065,Smart Ring 65,Wearables,Smart Ring,quality,17,42.5,51.44,35.35,Moderate Market Gap,43.48,Moderate Opportunity,Improve Wearables products by addressing quality problems,1417
P0053,Tablet 53,Mobile,Tablet,price,16,40.0,53.0,36.43,Moderate Market Gap,43.48,Moderate Opportunity,Improve Mobile products by addressing price problems,1418
P0473,Analog Watch 473,Watches,Analog Watch,software,7,17.5,75.14,36.86,Moderate Market Gap,43.48,Moderate Opportunity,Improve Watches products by addressing software problems,1419
P0026,Headphones 26,Audio,Headphones,software,12,30.0,64.01,35.19,Moderate Market Gap,43.46,Moderate Opportunity,Improve Audio products by addressing software problems,1420
P0026,Headphones 26,Audio,Headphones,price,12,30.0,64.01,35.19,Moderate Market Gap,43.46,Moderate Opportunity,Improve Audio products by addressing price problems,1421
P0279,Tablet 279,Mobile,Tablet,comfort,16,40.0,52.96,36.43,Moderate Market Gap,43.46,Moderate Opportunity,Improve Mobile products by addressing comfort problems,1422
P0100,Bluetooth Speaker 100,Audio,Bluetooth Speaker,battery,24,60.0,34.02,35.19,Moderate Market Gap,43.46,Moderate Opportunity,Improve Audio products by addressing battery problems,1423
P0360,Analog Watch 360,Watches,Analog Watch,price,13,32.5,60.06,36.86,Moderate Market Gap,43.45,Moderate Opportunity,Improve Watches products by addressing price problems,1424
P0360,Analog Watch 360,Watches,Analog Watch,comfort,13,32.5,60.06,36.86,Moderate Market Gap,43.45,Moderate Opportunity,Improve Watches products by addressing comfort problems,1425
P0023,Air Purifier 23,Home Appliances,Air Purifier,quality,23,57.5,35.59,36.23,Moderate Market Gap,43.45,Moderate Opportunity,Improve Home Appliances products by addressing quality problems,1426
P0360,Analog Watch 360,Watches,Analog Watch,performance,13,32.5,60.06,36.86,Moderate Market Gap,43.45,Moderate Opportunity,Improve Watches products by addressing performance problems,1427
P0224,Air Purifier 224,Home Appliances,Air Purifier,price,11,27.5,65.6,36.23,Moderate Market Gap,43.45,Moderate Opportunity,Improve Home Appliances products by addressing price problems,1428
P0435,Bluetooth Speaker 435,Audio,Bluetooth Speaker,performance,14,35.0,58.93,35.19,Moderate Market Gap,43.43,Moderate Opportunity,Improve Audio products by addressing performance problems,1429
P0435,Bluetooth Speaker 435,Audio,Bluetooth Speaker,software,14,35.0,58.93,35.19,Moderate Market Gap,43.43,Moderate Opportunity,Improve Audio products by addressing software problems,1430
P0371,Wireless Earbuds 371,Audio,Wireless Earbuds,battery,21,52.5,41.38,35.19,Moderate Market Gap,43.42,Moderate Opportunity,Improve Audio products by addressing battery problems,1431
P0201,Fitness Band 201,Wearables,Fitness Band,performance,20,50.0,43.73,35.35,Moderate Market Gap,43.41,Moderate Opportunity,Improve Wearables products by addressing performance problems,1432
P0463,Air Purifier 463,Home Appliances,Air Purifier,software,12,30.0,62.98,36.23,Moderate Market Gap,43.41,Moderate Opportunity,Improve Home Appliances products by addressing software problems,1433
P0191,Headphones 191,Audio,Headphones,price,12,30.0,63.82,35.19,Moderate Market Gap,43.39,Moderate Opportunity,Improve Audio products by addressing price problems,1434
P0312,Smart Watch 312,Watches,Smart Watch,software,7,17.5,74.89,36.86,Moderate Market Gap,43.39,Moderate Opportunity,Improve Watches products by addressing software problems,1435
P0431,Bluetooth Speaker 431,Audio,Bluetooth Speaker,software,9,22.5,71.32,35.19,Moderate Market Gap,43.39,Moderate Opportunity,Improve Audio products by addressing software problems,1436
P0136,Tablet 136,Mobile,Tablet,quality,19,47.5,45.22,36.43,Moderate Market Gap,43.38,Moderate Opportunity,Improve Mobile products by addressing quality problems,1437
P0331,Smart Ring 331,Wearables,Smart Ring,performance,10,25.0,68.58,35.35,Moderate Market Gap,43.36,Moderate Opportunity,Improve Wearables products by addressing performance problems,1438
P0478,Smart Fan 478,Home Appliances,Smart Fan,quality,14,35.0,57.74,36.23,Moderate Market Gap,43.33,Moderate Opportunity,Improve Home Appliances products by addressing quality problems,1439
P0018,Smart Ring 18,Wearables,Smart Ring,quality,22,55.0,38.46,35.35,Moderate Market Gap,43.32,Moderate Opportunity,Improve Wearables products by addressing quality problems,1440
P0404,Bluetooth Speaker 404,Audio,Bluetooth Speaker,price,11,27.5,66.09,35.19,Moderate Market Gap,43.31,Moderate Opportunity,Improve Audio products by addressing price problems,1441
P0497,Smart Ring 497,Wearables,Smart Ring,delivery,10,25.0,68.43,35.35,Moderate Market Gap,43.31,Moderate Opportunity,Improve Wearables products by addressing delivery problems,1442
P0497,Smart Ring 497,Wearables,Smart Ring,comfort,10,25.0,68.43,35.35,Moderate Market Gap,43.31,Moderate Opportunity,Improve Wearables products by addressing comfort problems,1443
P0077,Fitness Watch 77,Watches,Fitness Watch,software,11,27.5,64.66,36.86,Moderate Market Gap,43.31,Moderate Opportunity,Improve Watches products by addressing software problems,1444
P0388,Smart Fan 388,Home Appliances,Smart Fan,comfort,8,20.0,72.7,36.23,Moderate Market Gap,43.31,Moderate Opportunity,Improve Home Appliances products by addressing comfort problems,1445
P0451,Bluetooth Speaker 451,Audio,Bluetooth Speaker,comfort,12,30.0,63.56,35.19,Moderate Market Gap,43.3,Moderate Opportunity,Improve Audio products by addressing comfort problems,1446
P0170,Tablet 170,Mobile,Tablet,software,12,30.0,62.48,36.43,Moderate Market Gap,43.3,Moderate Opportunity,Improve Mobile products by addressing software problems,1447
P0111,Smartphone 111,Mobile,Smartphone,delivery,10,25.0,67.48,36.43,Moderate Market Gap,43.3,Moderate Opportunity,Improve Mobile products by addressing delivery problems,1448
P0055,Smart Watch 55,Watches,Smart Watch,delivery,7,17.5,74.59,36.86,Moderate Market Gap,43.29,Moderate Opportunity,Improve Watches products by addressing delivery problems,1449
P0036,Smart Watch 36,Watches,Smart Watch,quality,15,37.5,54.59,36.86,Moderate Market Gap,43.29,Moderate Opportunity,Improve Watches products by addressing quality problems,1450
P0176,Smart Light 176,Home Appliances,Smart Light,quality,18,45.0,47.62,36.23,Moderate Market Gap,43.29,Moderate Opportunity,Improve Home Appliances products by addressing quality problems,1451
P0035,Smartphone 35,Mobile,Smartphone,performance,17,42.5,49.93,36.43,Moderate Market Gap,43.28,Moderate Opportunity,Improve Mobile products by addressing performance problems,1452
P0399,Analog Watch 399,Watches,Analog Watch,quality,20,50.0,42.05,36.86,Moderate Market Gap,43.28,Moderate Opportunity,Improve Watches products by addressing quality problems,1453
P0268,Fitness Band 268,Wearables,Fitness Band,software,12,30.0,63.34,35.35,Moderate Market Gap,43.27,Moderate Opportunity,Improve Wearables products by addressing software problems,1454
P0236,Fitness Band 236,Wearables,Fitness Band,comfort,9,22.5,70.79,35.35,Moderate Market Gap,43.26,Moderate Opportunity,Improve Wearables products by addressing comfort problems,1455
P0007,Tablet 7,Mobile,Tablet,software,9,22.5,69.88,36.43,Moderate Market Gap,43.26,Moderate Opportunity,Improve Mobile products by addressing software problems,1456
P0038,Tablet 38,Mobile,Tablet,performance,18,45.0,47.36,36.43,Moderate Market Gap,43.26,Moderate Opportunity,Improve Mobile products by addressing performance problems,1457
P0119,Wireless Earbuds 119,Audio,Wireless Earbuds,delivery,16,40.0,53.42,35.19,Moderate Market Gap,43.25,Moderate Opportunity,Improve Audio products by addressing delivery problems,1458
P0128,Smart Light 128,Home Appliances,Smart Light,price,16,40.0,52.5,36.23,Moderate Market Gap,43.24,Moderate Opportunity,Improve Home Appliances products by addressing price problems,1459
P0183,Wireless Earbuds 183,Audio,Wireless Earbuds,delivery,12,30.0,63.35,35.19,Moderate Market Gap,43.23,Moderate Opportunity,Improve Audio products by addressing delivery problems,1460
P0183,Wireless Earbuds 183,Audio,Wireless Earbuds,comfort,12,30.0,63.35,35.19,Moderate Market Gap,43.23,Moderate Opportunity,Improve Audio products by addressing comfort problems,1461
P0189,Smartphone 189,Mobile,Smartphone,quality,16,40.0,52.29,36.43,Moderate Market Gap,43.23,Moderate Opportunity,Improve Mobile products by addressing quality problems,1462
P0317,Smart Light 317,Home Appliances,Smart Light,performance,15,37.5,54.92,36.23,Moderate Market Gap,43.22,Moderate Opportunity,Improve Home Appliances products by addressing performance problems,1463
P0304,Bluetooth Speaker 304,Audio,Bluetooth Speaker,software,9,22.5,70.79,35.19,Moderate Market Gap,43.21,Moderate Opportunity,Improve Audio products by addressing software problems,1464
P0015,Smart Ring 15,Wearables,Smart Ring,battery,19,47.5,45.62,35.35,Moderate Market Gap,43.2,Moderate Opportunity,Improve Wearables products by addressing battery problems,1465
P0102,Smart Light 102,Home Appliances,Smart Light,delivery,14,35.0,57.37,36.23,Moderate Market Gap,43.2,Moderate Opportunity,Improve Home Appliances products by addressing delivery problems,1466
P0226,Bluetooth Speaker 226,Audio,Bluetooth Speaker,performance,19,47.5,45.76,35.19,Moderate Market Gap,43.2,Moderate Opportunity,Improve Audio products by addressing performance problems,1467
P0363,Tablet 363,Mobile,Tablet,delivery,12,30.0,62.14,36.43,Moderate Market Gap,43.18,Moderate Opportunity,Improve Mobile products by addressing delivery problems,1468
P0270,Smart Watch 270,Watches,Smart Watch,comfort,13,32.5,59.26,36.86,Moderate Market Gap,43.17,Moderate Opportunity,Improve Watches products by addressing comfort problems,1469
P0017,Bluetooth Speaker 17,Audio,Bluetooth Speaker,software,14,35.0,58.19,35.19,Moderate Market Gap,43.17,Moderate Opportunity,Improve Audio products by addressing software problems,1470
P0017,Bluetooth Speaker 17,Audio,Bluetooth Speaker,quality,14,35.0,58.19,35.19,Moderate Market Gap,43.17,Moderate Opportunity,Improve Audio products by addressing quality problems,1471
P0094,Smart Ring 94,Wearables,Smart Ring,price,7,17.5,75.53,35.35,Moderate Market Gap,43.17,Moderate Opportunity,Improve Wearables products by addressing price problems,1472
P0012,Fitness Band 12,Wearables,Fitness Band,price,12,30.0,63.02,35.35,Moderate Market Gap,43.16,Moderate Opportunity,Improve Wearables products by addressing price problems,1473
P0177,Wireless Earbuds 177,Audio,Wireless Earbuds,software,8,20.0,73.15,35.19,Moderate Market Gap,43.16,Moderate Opportunity,Improve Audio products by addressing software problems,1474
P0487,Air Purifier 487,Home Appliances,Air Purifier,software,13,32.5,59.72,36.23,Moderate Market Gap,43.15,Moderate Opportunity,Improve Home Appliances products by addressing software problems,1475
P0255,Bluetooth Speaker 255,Audio,Bluetooth Speaker,price,11,27.5,65.63,35.19,Moderate Market Gap,43.15,Moderate Opportunity,Improve Audio products by addressing price problems,1476
P0308,Smart Watch 308,Watches,Smart Watch,delivery,11,27.5,64.13,36.86,Moderate Market Gap,43.13,Moderate Opportunity,Improve Watches products by addressing delivery problems,1477
P0361,Air Purifier 361,Home Appliances,Air Purifier,quality,21,52.5,39.63,36.23,Moderate Market Gap,43.11,Moderate Opportunity,Improve Home Appliances products by addressing quality problems,1478
P0083,Air Purifier 83,Home Appliances,Air Purifier,price,16,40.0,52.12,36.23,Moderate Market Gap,43.11,Moderate Opportunity,Improve Home Appliances products by addressing price problems,1479
P0234,Air Purifier 234,Home Appliances,Air Purifier,comfort,12,30.0,62.11,36.23,Moderate Market Gap,43.11,Moderate Opportunity,Improve Home Appliances products by addressing comfort problems,1480
P0479,Fitness Watch 479,Watches,Fitness Watch,price,9,22.5,69.04,36.86,Moderate Market Gap,43.1,Moderate Opportunity,Improve Watches products by addressing price problems,1481
P0062,Tablet 62,Mobile,Tablet,software,8,20.0,71.93,36.43,Moderate Market Gap,43.1,Moderate Opportunity,Improve Mobile products by addressing software problems,1482
P0413,Smart Watch 413,Watches,Smart Watch,price,7,17.5,73.99,36.86,Moderate Market Gap,43.08,Moderate Opportunity,Improve Watches products by addressing price problems,1483
P0020,Air Purifier 20,Home Appliances,Air Purifier,price,11,27.5,64.51,36.23,Moderate Market Gap,43.07,Moderate Opportunity,Improve Home Appliances products by addressing price problems,1484
P0067,Smart Fan 67,Home Appliances,Smart Fan,performance,18,45.0,47.01,36.23,Moderate Market Gap,43.07,Moderate Opportunity,Improve Home Appliances products by addressing performance problems,1485
P0248,Headphones 248,Audio,Headphones,comfort,10,25.0,67.87,35.19,Moderate Market Gap,43.06,Moderate Opportunity,Improve Audio products by addressing comfort problems,1486
P0193,Fitness Band 193,Wearables,Fitness Band,performance,11,27.5,65.23,35.35,Moderate Market Gap,43.06,Moderate Opportunity,Improve Wearables products by addressing performance problems,1487
P0434,Analog Watch 434,Watches,Analog Watch,battery,22,55.0,36.43,36.86,Moderate Market Gap,43.06,Moderate Opportunity,Improve Watches products by addressing battery problems,1488
P0232,Smart Ring 232,Wearables,Smart Ring,delivery,12,30.0,62.71,35.35,Moderate Market Gap,43.05,Moderate Opportunity,Improve Wearables products by addressing delivery problems,1489
P0232,Smart Ring 232,Wearables,Smart Ring,software,12,30.0,62.71,35.35,Moderate Market Gap,43.05,Moderate Opportunity,Improve Wearables products by addressing software problems,1490
P0348,Analog Watch 348,Watches,Analog Watch,performance,17,42.5,48.9,36.86,Moderate Market Gap,43.05,Moderate Opportunity,Improve Watches products by addressing performance problems,1491
P0082,Fitness Watch 82,Watches,Fitness Watch,quality,21,52.5,38.89,36.86,Moderate Market Gap,43.04,Moderate Opportunity,Improve Watches products by addressing quality problems,1492
P0155,Tablet 155,Mobile,Tablet,comfort,13,32.5,59.26,36.43,Moderate Market Gap,43.04,Moderate Opportunity,Improve Mobile products by addressing comfort problems,1493
P0044,Fitness Band 44,Wearables,Fitness Band,performance,16,40.0,52.63,35.35,Moderate Market Gap,43.03,Moderate Opportunity,Improve Wearables products by addressing performance problems,1494
P0025,Smart Watch 25,Watches,Smart Watch,performance,13,32.5,58.86,36.86,Moderate Market Gap,43.03,Moderate Opportunity,Improve Watches products by addressing performance problems,1495
P0025,Smart Watch 25,Watches,Smart Watch,delivery,13,32.5,58.86,36.86,Moderate Market Gap,43.03,Moderate Opportunity,Improve Watches products by addressing delivery problems,1496
P0436,Wireless Earbuds 436,Audio,Wireless Earbuds,quality,23,57.5,35.27,35.19,Moderate Market Gap,43.03,Moderate Opportunity,Improve Audio products by addressing quality problems,1497
P0475,Fitness Watch 475,Watches,Fitness Watch,quality,21,52.5,38.81,36.86,Moderate Market Gap,43.02,Moderate Opportunity,Improve Watches products by addressing quality problems,1498
P0288,Smart Ring 288,Wearables,Smart Ring,software,10,25.0,67.62,35.35,Moderate Market Gap,43.02,Moderate Opportunity,Improve Wearables products by addressing software problems,1499
P0382,Smart Watch 382,Watches,Smart Watch,quality,15,37.5,53.78,36.86,Moderate Market Gap,43.01,Moderate Opportunity,Improve Watches products by addressing quality problems,1500
P0148,Analog Watch 148,Watches,Analog Watch,quality,17,42.5,48.76,36.86,Moderate Market Gap,43.0,Moderate Opportunity,Improve Watches products by addressing quality problems,1501
P0253,Bluetooth Speaker 253,Audio,Bluetooth Speaker,performance,15,37.5,55.11,35.19,Moderate Market Gap,42.97,Moderate Opportunity,Improve Audio products by addressing performance problems,1502
P0253,Bluetooth Speaker 253,Audio,Bluetooth Speaker,software,15,37.5,55.11,35.19,Moderate Market Gap,42.97,Moderate Opportunity,Improve Audio products by addressing software problems,1503
P0267,Smartphone 267,Mobile,Smartphone,performance,14,35.0,56.54,36.43,Moderate Market Gap,42.97,Moderate Opportunity,Improve Mobile products by addressing performance problems,1504
P0104,Smartphone 104,Mobile,Smartphone,price,14,35.0,56.5,36.43,Moderate Market Gap,42.95,Moderate Opportunity,Improve Mobile products by addressing price problems,1505
P0093,Tablet 93,Mobile,Tablet,quality,20,50.0,41.47,36.43,Moderate Market Gap,42.94,Moderate Opportunity,Improve Mobile products by addressing quality problems,1506
P0113,Smart Watch 113,Watches,Smart Watch,delivery,8,20.0,71.1,36.86,Moderate Market Gap,42.94,Moderate Opportunity,Improve Watches products by addressing delivery problems,1507
P0133,Wireless Earbuds 133,Audio,Wireless Earbuds,software,14,35.0,57.5,35.19,Moderate Market Gap,42.93,Moderate Opportunity,Improve Audio products by addressing software problems,1508
P0489,Headphones 489,Audio,Headphones,battery,20,50.0,42.48,35.19,Moderate Market Gap,42.92,Moderate Opportunity,Improve Audio products by addressing battery problems,1509
P0412,Air Purifier 412,Home Appliances,Air Purifier,performance,16,40.0,51.55,36.23,Moderate Market Gap,42.91,Moderate Opportunity,Improve Home Appliances products by addressing performance problems,1510
P0412,Air Purifier 412,Home Appliances,Air Purifier,price,16,40.0,51.55,36.23,Moderate Market Gap,42.91,Moderate Opportunity,Improve Home Appliances products by addressing price problems,1511
P0078,Smart Ring 78,Wearables,Smart Ring,delivery,12,30.0,62.24,35.35,Moderate Market Gap,42.89,Moderate Opportunity,Improve Wearables products by addressing delivery problems,1512
P0163,Smart Ring 163,Wearables,Smart Ring,price,10,25.0,67.22,35.35,Moderate Market Gap,42.88,Moderate Opportunity,Improve Wearables products by addressing price problems,1513
P0149,Fitness Watch 149,Watches,Fitness Watch,comfort,8,20.0,70.89,36.86,Moderate Market Gap,42.87,Moderate Opportunity,Improve Watches products by addressing comfort problems,1514
P0344,Smartphone 344,Mobile,Smartphone,price,9,22.5,68.77,36.43,Moderate Market Gap,42.87,Moderate Opportunity,Improve Mobile products by addressing price problems,1515
P0200,Bluetooth Speaker 200,Audio,Bluetooth Speaker,comfort,14,35.0,57.33,35.19,Moderate Market Gap,42.87,Moderate Opportunity,Improve Audio products by addressing comfort problems,1516
P0200,Bluetooth Speaker 200,Audio,Bluetooth Speaker,performance,14,35.0,57.33,35.19,Moderate Market Gap,42.87,Moderate Opportunity,Improve Audio products by addressing performance problems,1517
P0407,Fitness Band 407,Wearables,Fitness Band,software,13,32.5,59.66,35.35,Moderate Market Gap,42.86,Moderate Opportunity,Improve Wearables products by addressing software problems,1518
P0040,Analog Watch 40,Watches,Analog Watch,delivery,14,35.0,55.87,36.86,Moderate Market Gap,42.86,Moderate Opportunity,Improve Watches products by addressing delivery problems,1519
P0356,Air Purifier 356,Home Appliances,Air Purifier,delivery,8,20.0,71.4,36.23,Moderate Market Gap,42.86,Moderate Opportunity,Improve Home Appliances products by addressing delivery problems,1520
P0407,Fitness Band 407,Wearables,Fitness Band,performance,13,32.5,59.66,35.35,Moderate Market Gap,42.86,Moderate Opportunity,Improve Wearables products by addressing performance problems,1521
P0047,Smart Fan 47,Home Appliances,Smart Fan,software,6,15.0,76.37,36.23,Moderate Market Gap,42.85,Moderate Opportunity,Improve Home Appliances products by addressing software problems,1522
P0258,Smart Watch 258,Watches,Smart Watch,delivery,10,25.0,65.83,36.86,Moderate Market Gap,42.85,Moderate Opportunity,Improve Watches products by addressing delivery problems,1523
P0488,Smart Light 488,Home Appliances,Smart Light,delivery,11,27.5,63.84,36.23,Moderate Market Gap,42.84,Moderate Opportunity,Improve Home Appliances products by addressing delivery problems,1524
P0471,Bluetooth Speaker 471,Audio,Bluetooth Speaker,delivery,8,20.0,72.23,35.19,Moderate Market Gap,42.84,Moderate Opportunity,Improve Audio products by addressing delivery problems,1525
P0028,Fitness Band 28,Wearables,Fitness Band,price,10,25.0,67.1,35.35,Moderate Market Gap,42.84,Moderate Opportunity,Improve Wearables products by addressing price problems,1526
P0154,Smart Fan 154,Home Appliances,Smart Fan,price,10,25.0,66.36,36.23,Moderate Market Gap,42.84,Moderate Opportunity,Improve Home Appliances products by addressing price problems,1527
P0058,Bluetooth Speaker 58,Audio,Bluetooth Speaker,delivery,10,25.0,67.21,35.19,Moderate Market Gap,42.83,Moderate Opportunity,Improve Audio products by addressing delivery problems,1528
P0058,Bluetooth Speaker 58,Audio,Bluetooth Speaker,price,10,25.0,67.21,35.19,Moderate Market Gap,42.83,Moderate Opportunity,Improve Audio products by addressing price problems,1529
P0372,Smart Watch 372,Watches,Smart Watch,delivery,12,30.0,60.78,36.86,Moderate Market Gap,42.83,Moderate Opportunity,Improve Watches products by addressing delivery problems,1530
P0117,Smartphone 117,Mobile,Smartphone,software,10,25.0,66.12,36.43,Moderate Market Gap,42.82,Moderate Opportunity,Improve Mobile products by addressing software problems,1531
P0151,Smart Ring 151,Wearables,Smart Ring,quality,21,52.5,39.55,35.35,Moderate Market Gap,42.82,Moderate Opportunity,Improve Wearables products by addressing quality problems,1532
P0181,Smart Light 181,Home Appliances,Smart Light,price,20,50.0,41.26,36.23,Moderate Market Gap,42.81,Moderate Opportunity,Improve Home Appliances products by addressing price problems,1533
P0239,Tablet 239,Mobile,Tablet,comfort,12,30.0,61.06,36.43,Moderate Market Gap,42.8,Moderate Opportunity,Improve Mobile products by addressing comfort problems,1534
P0150,Tablet 150,Mobile,Tablet,delivery,8,20.0,71.05,36.43,Moderate Market Gap,42.8,Moderate Opportunity,Improve Mobile products by addressing delivery problems,1535
P0121,Fitness Band 121,Wearables,Fitness Band,performance,12,30.0,61.96,35.35,Moderate Market Gap,42.79,Moderate Opportunity,Improve Wearables products by addressing performance problems,1536
P0204,Wireless Earbuds 204,Audio,Wireless Earbuds,quality,18,45.0,47.09,35.19,Moderate Market Gap,42.79,Moderate Opportunity,Improve Audio products by addressing quality problems,1537
P0052,Bluetooth Speaker 52,Audio,Bluetooth Speaker,price,11,27.5,64.5,35.19,Moderate Market Gap,42.76,Moderate Opportunity,Improve Audio products by addressing price problems,1538
P0459,Smart Watch 459,Watches,Smart Watch,performance,18,45.0,45.57,36.86,Moderate Market Gap,42.76,Moderate Opportunity,Improve Watches products by addressing performance problems,1539
P0466,Smart Fan 466,Home Appliances,Smart Fan,software,7,17.5,73.63,36.23,Moderate Market Gap,42.76,Moderate Opportunity,Improve Home Appliances products by addressing software problems,1540
P0273,Smart Ring 273,Wearables,Smart Ring,comfort,6,15.0,76.86,35.35,Moderate Market Gap,42.76,Moderate Opportunity,Improve Wearables products by addressing comfort problems,1541
P0070,Smart Watch 70,Watches,Smart Watch,performance,18,45.0,45.56,36.86,Moderate Market Gap,42.75,Moderate Opportunity,Improve Watches products by addressing performance problems,1542
P0031,Fitness Band 31,Wearables,Fitness Band,battery,23,57.5,34.34,35.35,Moderate Market Gap,42.75,Moderate Opportunity,Improve Wearables products by addressing battery problems,1543
P0138,Smart Fan 138,Home Appliances,Smart Fan,quality,20,50.0,41.05,36.23,Moderate Market Gap,42.74,Moderate Opportunity,Improve Home Appliances products by addressing quality problems,1544
P0198,Smart Ring 198,Wearables,Smart Ring,price,8,20.0,71.82,35.35,Moderate Market Gap,42.74,Moderate Opportunity,Improve Wearables products by addressing price problems,1545
P0076,Smart Fan 76,Home Appliances,Smart Fan,quality,13,32.5,58.56,36.23,Moderate Market Gap,42.74,Moderate Opportunity,Improve Home Appliances products by addressing quality problems,1546
P0171,Smart Watch 171,Watches,Smart Watch,performance,12,30.0,60.45,36.86,Moderate Market Gap,42.72,Moderate Opportunity,Improve Watches products by addressing performance problems,1547
P0057,Headphones 57,Audio,Headphones,delivery,9,22.5,69.4,35.19,Moderate Market Gap,42.72,Moderate Opportunity,Improve Audio products by addressing delivery problems,1548
P0254,Tablet 254,Mobile,Tablet,delivery,13,32.5,58.33,36.43,Moderate Market Gap,42.72,Moderate Opportunity,Improve Mobile products by addressing delivery problems,1549
P0127,Smartphone 127,Mobile,Smartphone,price,10,25.0,65.78,36.43,Moderate Market Gap,42.7,Moderate Opportunity,Improve Mobile products by addressing price problems,1550
P0334,Fitness Band 334,Wearables,Fitness Band,price,10,25.0,66.7,35.35,Moderate Market Gap,42.7,Moderate Opportunity,Improve Wearables products by addressing price problems,1551
P0202,Fitness Watch 202,Watches,Fitness Watch,performance,8,20.0,70.42,36.86,Moderate Market Gap,42.7,Moderate Opportunity,Improve Watches products by addressing performance problems,1552
P0286,Fitness Band 286,Wearables,Fitness Band,performance,14,35.0,56.67,35.35,Moderate Market Gap,42.69,Moderate Opportunity,Improve Wearables products by addressing performance problems,1553
P0008,Headphones 8,Audio,Headphones,comfort,8,20.0,71.78,35.19,Moderate Market Gap,42.68,Moderate Opportunity,Improve Audio products by addressing comfort problems,1554
P0008,Headphones 8,Audio,Headphones,software,8,20.0,71.78,35.19,Moderate Market Gap,42.68,Moderate Opportunity,Improve Audio products by addressing software problems,1555
P0008,Headphones 8,Audio,Headphones,performance,8,20.0,71.78,35.19,Moderate Market Gap,42.68,Moderate Opportunity,Improve Audio products by addressing performance problems,1556
P0218,Tablet 218,Mobile,Tablet,price,13,32.5,58.21,36.43,Moderate Market Gap,42.68,Moderate Opportunity,Improve Mobile products by addressing price problems,1557
P0218,Tablet 218,Mobile,Tablet,delivery,13,32.5,58.21,36.43,Moderate Market Gap,42.68,Moderate Opportunity,Improve Mobile products by addressing delivery problems,1558
P0122,Smart Fan 122,Home Appliances,Smart Fan,performance,13,32.5,58.33,36.23,Moderate Market Gap,42.66,Moderate Opportunity,Improve Home Appliances products by addressing performance problems,1559
P0227,Smart Ring 227,Wearables,Smart Ring,performance,13,32.5,59.09,35.35,Moderate Market Gap,42.66,Moderate Opportunity,Improve Wearables products by addressing performance problems,1560
P0460,Headphones 460,Audio,Headphones,quality,12,30.0,61.7,35.19,Moderate Market Gap,42.65,Moderate Opportunity,Improve Audio products by addressing quality problems,1561
P0261,Analog Watch 261,Watches,Analog Watch,price,11,27.5,62.76,36.86,Moderate Market Gap,42.65,Moderate Opportunity,Improve Watches products by addressing price problems,1562
P0271,Tablet 271,Mobile,Tablet,delivery,12,30.0,60.64,36.43,Moderate Market Gap,42.65,Moderate Opportunity,Improve Mobile products by addressing delivery problems,1563
P0369,Air Purifier 369,Home Appliances,Air Purifier,performance,14,35.0,55.73,36.23,Moderate Market Gap,42.62,Moderate Opportunity,Improve Home Appliances products by addressing performance problems,1564
P0115,Air Purifier 115,Home Appliances,Air Purifier,software,9,22.5,68.23,36.23,Moderate Market Gap,42.62,Moderate Opportunity,Improve Home Appliances products by addressing software problems,1565
P0383,Smart Ring 383,Wearables,Smart Ring,delivery,9,22.5,68.97,35.35,Moderate Market Gap,42.62,Moderate Opportunity,Improve Wearables products by addressing delivery problems,1566
P0440,Fitness Band 440,Wearables,Fitness Band,software,11,27.5,63.98,35.35,Moderate Market Gap,42.62,Moderate Opportunity,Improve Wearables products by addressing software problems,1567
P0391,Smart Light 391,Home Appliances,Smart Light,comfort,15,37.5,53.23,36.23,Moderate Market Gap,42.62,Moderate Opportunity,Improve Home Appliances products by addressing comfort problems,1568
P0124,Smart Ring 124,Wearables,Smart Ring,price,8,20.0,71.44,35.35,Moderate Market Gap,42.61,Moderate Opportunity,Improve Wearables products by addressing price problems,1569
P0004,Headphones 4,Audio,Headphones,battery,19,47.5,44.08,35.19,Moderate Market Gap,42.61,Moderate Opportunity,Improve Audio products by addressing battery problems,1570
P0108,Wireless Earbuds 108,Audio,Wireless Earbuds,quality,15,37.5,54.05,35.19,Moderate Market Gap,42.6,Moderate Opportunity,Improve Audio products by addressing quality problems,1571
P0205,Tablet 205,Mobile,Tablet,comfort,8,20.0,70.49,36.43,Moderate Market Gap,42.6,Moderate Opportunity,Improve Mobile products by addressing comfort problems,1572
P0279,Tablet 279,Mobile,Tablet,price,15,37.5,52.96,36.43,Moderate Market Gap,42.59,Moderate Opportunity,Improve Mobile products by addressing price problems,1573
P0305,Fitness Band 305,Wearables,Fitness Band,performance,17,42.5,48.85,35.35,Moderate Market Gap,42.58,Moderate Opportunity,Improve Wearables products by addressing performance problems,1574
P0048,Smart Watch 48,Watches,Smart Watch,quality,19,47.5,42.55,36.86,Moderate Market Gap,42.58,Moderate Opportunity,Improve Watches products by addressing quality problems,1575
P0340,Fitness Band 340,Wearables,Fitness Band,delivery,11,27.5,63.82,35.35,Moderate Market Gap,42.57,Moderate Opportunity,Improve Wearables products by addressing delivery problems,1576
P0220,Smart Ring 220,Wearables,Smart Ring,price,12,30.0,61.32,35.35,Moderate Market Gap,42.57,Moderate Opportunity,Improve Wearables products by addressing price problems,1577
P0340,Fitness Band 340,Wearables,Fitness Band,software,11,27.5,63.82,35.35,Moderate Market Gap,42.57,Moderate Opportunity,Improve Wearables products by addressing software problems,1578
P0152,Wireless Earbuds 152,Audio,Wireless Earbuds,software,13,32.5,58.95,35.19,Moderate Market Gap,42.56,Moderate Opportunity,Improve Audio products by addressing software problems,1579
P0086,Analog Watch 86,Watches,Analog Watch,performance,21,52.5,37.5,36.86,Moderate Market Gap,42.56,Moderate Opportunity,Improve Watches products by addressing performance problems,1580
P0086,Analog Watch 86,Watches,Analog Watch,quality,21,52.5,37.5,36.86,Moderate Market Gap,42.56,Moderate Opportunity,Improve Watches products by addressing quality problems,1581
P0156,Wireless Earbuds 156,Audio,Wireless Earbuds,delivery,10,25.0,66.39,35.19,Moderate Market Gap,42.54,Moderate Opportunity,Improve Audio products by addressing delivery problems,1582
P0014,Fitness Band 14,Wearables,Fitness Band,software,10,25.0,66.23,35.35,Moderate Market Gap,42.54,Moderate Opportunity,Improve Wearables products by addressing software problems,1583
P0463,Air Purifier 463,Home Appliances,Air Purifier,price,11,27.5,62.98,36.23,Moderate Market Gap,42.54,Moderate Opportunity,Improve Home Appliances products by addressing price problems,1584
P0156,Wireless Earbuds 156,Audio,Wireless Earbuds,software,10,25.0,66.39,35.19,Moderate Market Gap,42.54,Moderate Opportunity,Improve Audio products by addressing software problems,1585
P0350,Analog Watch 350,Watches,Analog Watch,performance,18,45.0,44.92,36.86,Moderate Market Gap,42.53,Moderate Opportunity,Improve Watches products by addressing performance problems,1586
P0191,Headphones 191,Audio,Headphones,comfort,11,27.5,63.82,35.19,Moderate Market Gap,42.52,Moderate Opportunity,Improve Audio products by addressing comfort problems,1587
P0379,Bluetooth Speaker 379,Audio,Bluetooth Speaker,performance,18,45.0,46.26,35.19,Moderate Market Gap,42.5,Moderate Opportunity,Improve Audio products by addressing performance problems,1588
P0296,Headphones 296,Audio,Headphones,performance,16,40.0,51.28,35.19,Moderate Market Gap,42.5,Moderate Opportunity,Improve Audio products by addressing performance problems,1589
P0309,Fitness Band 309,Wearables,Fitness Band,performance,18,45.0,46.05,35.35,Moderate Market Gap,42.47,Moderate Opportunity,Improve Wearables products by addressing performance problems,1590
P0447,Smartphone 447,Mobile,Smartphone,software,16,40.0,50.12,36.43,Moderate Market Gap,42.47,Moderate Opportunity,Improve Mobile products by addressing software problems,1591
P0417,Smart Light 417,Home Appliances,Smart Light,price,15,37.5,52.69,36.23,Moderate Market Gap,42.44,Moderate Opportunity,Improve Home Appliances products by addressing price problems,1592
P0451,Bluetooth Speaker 451,Audio,Bluetooth Speaker,delivery,11,27.5,63.56,35.19,Moderate Market Gap,42.43,Moderate Opportunity,Improve Audio products by addressing delivery problems,1593
P0111,Smartphone 111,Mobile,Smartphone,software,9,22.5,67.48,36.43,Moderate Market Gap,42.42,Moderate Opportunity,Improve Mobile products by addressing software problems,1594
P0001,Smart Watch 1,Watches,Smart Watch,price,7,17.5,72.08,36.86,Moderate Market Gap,42.41,Moderate Opportunity,Improve Watches products by addressing price problems,1595
P0055,Smart Watch 55,Watches,Smart Watch,price,6,15.0,74.59,36.86,Moderate Market Gap,42.41,Moderate Opportunity,Improve Watches products by addressing price problems,1596
P0007,Tablet 7,Mobile,Tablet,price,8,20.0,69.88,36.43,Moderate Market Gap,42.39,Moderate Opportunity,Improve Mobile products by addressing price problems,1597
P0165,Bluetooth Speaker 165,Audio,Bluetooth Speaker,delivery,6,15.0,75.94,35.19,Moderate Market Gap,42.39,Moderate Opportunity,Improve Audio products by addressing delivery problems,1598
P0246,Fitness Watch 246,Watches,Fitness Watch,quality,20,50.0,39.51,36.86,Moderate Market Gap,42.39,Moderate Opportunity,Improve Watches products by addressing quality problems,1599
P0462,Smart Ring 462,Wearables,Smart Ring,comfort,13,32.5,58.28,35.35,Moderate Market Gap,42.38,Moderate Opportunity,Improve Wearables products by addressing comfort problems,1600
P0395,Analog Watch 395,Watches,Analog Watch,comfort,17,42.5,46.98,36.86,Moderate Market Gap,42.38,Moderate Opportunity,Improve Watches products by addressing comfort problems,1601
P0395,Analog Watch 395,Watches,Analog Watch,quality,17,42.5,46.98,36.86,Moderate Market Gap,42.38,Moderate Opportunity,Improve Watches products by addressing quality problems,1602
P0039,Bluetooth Speaker 39,Audio,Bluetooth Speaker,software,8,20.0,70.91,35.19,Moderate Market Gap,42.38,Moderate Opportunity,Improve Audio products by addressing software problems,1603
P0039,Bluetooth Speaker 39,Audio,Bluetooth Speaker,delivery,8,20.0,70.91,35.19,Moderate Market Gap,42.38,Moderate Opportunity,Improve Audio products by addressing delivery problems,1604
P0236,Fitness Band 236,Wearables,Fitness Band,price,8,20.0,70.79,35.35,Moderate Market Gap,42.38,Moderate Opportunity,Improve Wearables products by addressing price problems,1605
P0424,Smart Ring 424,Wearables,Smart Ring,quality,15,37.5,53.26,35.35,Moderate Market Gap,42.37,Moderate Opportunity,Improve Wearables products by addressing quality problems,1606
P0318,Bluetooth Speaker 318,Audio,Bluetooth Speaker,software,11,27.5,63.38,35.19,Moderate Market Gap,42.36,Moderate Opportunity,Improve Audio products by addressing software problems,1607
P0237,Tablet 237,Mobile,Tablet,price,6,15.0,74.81,36.43,Moderate Market Gap,42.36,Moderate Opportunity,Improve Mobile products by addressing price problems,1608
P0441,Smartphone 441,Mobile,Smartphone,battery,22,55.0,34.8,36.43,Moderate Market Gap,42.36,Moderate Opportunity,Improve Mobile products by addressing battery problems,1609
P0126,Tablet 126,Mobile,Tablet,performance,21,52.5,37.28,36.43,Moderate Market Gap,42.35,Moderate Opportunity,Improve Mobile products by addressing performance problems,1610
P0304,Bluetooth Speaker 304,Audio,Bluetooth Speaker,price,8,20.0,70.79,35.19,Moderate Market Gap,42.33,Moderate Opportunity,Improve Audio products by addressing price problems,1611
P0102,Smart Light 102,Home Appliances,Smart Light,performance,13,32.5,57.37,36.23,Moderate Market Gap,42.32,Moderate Opportunity,Improve Home Appliances products by addressing performance problems,1612
P0186,Smart Ring 186,Wearables,Smart Ring,price,10,25.0,65.58,35.35,Moderate Market Gap,42.31,Moderate Opportunity,Improve Wearables products by addressing price problems,1613
P0282,Smartphone 282,Mobile,Smartphone,quality,21,52.5,37.14,36.43,Moderate Market Gap,42.3,Moderate Opportunity,Improve Mobile products by addressing quality problems,1614
P0270,Smart Watch 270,Watches,Smart Watch,performance,12,30.0,59.26,36.86,Moderate Market Gap,42.3,Moderate Opportunity,Improve Watches products by addressing performance problems,1615
P0494,Fitness Watch 494,Watches,Fitness Watch,delivery,14,35.0,54.27,36.86,Moderate Market Gap,42.3,Moderate Opportunity,Improve Watches products by addressing delivery problems,1616
P0017,Bluetooth Speaker 17,Audio,Bluetooth Speaker,price,13,32.5,58.19,35.19,Moderate Market Gap,42.3,Moderate Opportunity,Improve Audio products by addressing price problems,1617
P0095,Analog Watch 95,Watches,Analog Watch,performance,14,35.0,54.25,36.86,Moderate Market Gap,42.3,Moderate Opportunity,Improve Watches products by addressing performance problems,1618
P0079,Smartphone 79,Mobile,Smartphone,performance,17,42.5,47.1,36.43,Moderate Market Gap,42.29,Moderate Opportunity,Improve Mobile products by addressing performance problems,1619
P0307,Smartphone 307,Mobile,Smartphone,quality,23,57.5,32.1,36.43,Moderate Market Gap,42.29,Moderate Opportunity,Improve Mobile products by addressing quality problems,1620
P0081,Headphones 81,Audio,Headphones,battery,24,60.0,30.67,35.19,Moderate Market Gap,42.29,Moderate Opportunity,Improve Audio products by addressing battery problems,1621
P0255,Bluetooth Speaker 255,Audio,Bluetooth Speaker,comfort,10,25.0,65.63,35.19,Moderate Market Gap,42.28,Moderate Opportunity,Improve Audio products by addressing comfort problems,1622
P0177,Wireless Earbuds 177,Audio,Wireless Earbuds,comfort,7,17.5,73.15,35.19,Moderate Market Gap,42.28,Moderate Opportunity,Improve Audio products by addressing comfort problems,1623
P0213,Wireless Earbuds 213,Audio,Wireless Earbuds,software,17,42.5,48.11,35.19,Moderate Market Gap,42.27,Moderate Opportunity,Improve Audio products by addressing software problems,1624
P0464,Smart Light 464,Home Appliances,Smart Light,quality,13,32.5,57.22,36.23,Moderate Market Gap,42.27,Moderate Opportunity,Improve Home Appliances products by addressing quality problems,1625
P0109,Smart Fan 109,Home Appliances,Smart Fan,quality,14,35.0,54.68,36.23,Moderate Market Gap,42.26,Moderate Opportunity,Improve Home Appliances products by addressing quality problems,1626
P0105,Fitness Watch 105,Watches,Fitness Watch,software,6,15.0,74.12,36.86,Moderate Market Gap,42.25,Moderate Opportunity,Improve Watches products by addressing software problems,1627
P0427,Analog Watch 427,Watches,Analog Watch,performance,12,30.0,59.06,36.86,Moderate Market Gap,42.23,Moderate Opportunity,Improve Watches products by addressing performance problems,1628
P0342,Smartphone 342,Mobile,Smartphone,software,8,20.0,69.43,36.43,Moderate Market Gap,42.23,Moderate Opportunity,Improve Mobile products by addressing software problems,1629
P0041,Headphones 41,Audio,Headphones,comfort,15,37.5,52.99,35.19,Moderate Market Gap,42.23,Moderate Opportunity,Improve Audio products by addressing comfort problems,1630
P0409,Analog Watch 409,Watches,Analog Watch,price,11,27.5,61.53,36.86,Moderate Market Gap,42.22,Moderate Opportunity,Improve Watches products by addressing price problems,1631
P0409,Analog Watch 409,Watches,Analog Watch,comfort,11,27.5,61.53,36.86,Moderate Market Gap,42.22,Moderate Opportunity,Improve Watches products by addressing comfort problems,1632
P0240,Tablet 240,Mobile,Tablet,quality,21,52.5,36.9,36.43,Moderate Market Gap,42.22,Moderate Opportunity,Improve Mobile products by addressing quality problems,1633
P0333,Smart Light 333,Home Appliances,Smart Light,price,18,45.0,44.55,36.23,Moderate Market Gap,42.21,Moderate Opportunity,Improve Home Appliances products by addressing price problems,1634
P0413,Smart Watch 413,Watches,Smart Watch,delivery,6,15.0,73.99,36.86,Moderate Market Gap,42.2,Moderate Opportunity,Improve Watches products by addressing delivery problems,1635
P0301,Bluetooth Speaker 301,Audio,Bluetooth Speaker,battery,23,57.5,32.9,35.19,Moderate Market Gap,42.2,Moderate Opportunity,Improve Audio products by addressing battery problems,1636
P0477,Fitness Watch 477,Watches,Fitness Watch,software,9,22.5,66.47,36.86,Moderate Market Gap,42.2,Moderate Opportunity,Improve Watches products by addressing software problems,1637
P0477,Fitness Watch 477,Watches,Fitness Watch,delivery,9,22.5,66.47,36.86,Moderate Market Gap,42.2,Moderate Opportunity,Improve Watches products by addressing delivery problems,1638
P0020,Air Purifier 20,Home Appliances,Air Purifier,software,10,25.0,64.51,36.23,Moderate Market Gap,42.2,Moderate Opportunity,Improve Home Appliances products by addressing software problems,1639
P0281,Smart Ring 281,Wearables,Smart Ring,comfort,8,20.0,70.25,35.35,Moderate Market Gap,42.19,Moderate Opportunity,Improve Wearables products by addressing comfort problems,1640
P0455,Fitness Band 455,Wearables,Fitness Band,delivery,9,22.5,67.7,35.35,Moderate Market Gap,42.18,Moderate Opportunity,Improve Wearables products by addressing delivery problems,1641
P0390,Smart Light 390,Home Appliances,Smart Light,quality,22,55.0,34.44,36.23,Moderate Market Gap,42.17,Moderate Opportunity,Improve Home Appliances products by addressing quality problems,1642
P0275,Tablet 275,Mobile,Tablet,performance,17,42.5,46.77,36.43,Moderate Market Gap,42.17,Moderate Opportunity,Improve Mobile products by addressing performance problems,1643
P0348,Analog Watch 348,Watches,Analog Watch,delivery,16,40.0,48.9,36.86,Moderate Market Gap,42.17,Moderate Opportunity,Improve Watches products by addressing delivery problems,1644
P0382,Smart Watch 382,Watches,Smart Watch,performance,14,35.0,53.78,36.86,Moderate Market Gap,42.13,Moderate Opportunity,Improve Watches products by addressing performance problems,1645
P0346,Smart Ring 346,Wearables,Smart Ring,price,13,32.5,57.55,35.35,Moderate Market Gap,42.12,Moderate Opportunity,Improve Wearables products by addressing price problems,1646
P0439,Smartphone 439,Mobile,Smartphone,delivery,14,35.0,54.06,36.43,Moderate Market Gap,42.1,Moderate Opportunity,Improve Mobile products by addressing delivery problems,1647
P0262,Headphones 262,Audio,Headphones,price,9,22.5,67.63,35.19,Moderate Market Gap,42.1,Moderate Opportunity,Improve Audio products by addressing price problems,1648
P0209,Wireless Earbuds 209,Audio,Wireless Earbuds,comfort,10,25.0,65.11,35.19,Moderate Market Gap,42.1,Moderate Opportunity,Improve Audio products by addressing comfort problems,1649
P0131,Smartphone 131,Mobile,Smartphone,performance,15,37.5,51.57,36.43,Moderate Market Gap,42.1,Moderate Opportunity,Improve Mobile products by addressing performance problems,1650
P0408,Smartphone 408,Mobile,Smartphone,performance,17,42.5,46.53,36.43,Moderate Market Gap,42.09,Moderate Opportunity,Improve Mobile products by addressing performance problems,1651
P0329,Wireless Earbuds 329,Audio,Wireless Earbuds,software,11,27.5,62.56,35.19,Moderate Market Gap,42.08,Moderate Opportunity,Improve Audio products by addressing software problems,1652
P0492,Smart Ring 492,Wearables,Smart Ring,price,6,15.0,74.93,35.35,Moderate Market Gap,42.08,Moderate Opportunity,Improve Wearables products by addressing price problems,1653
P0329,Wireless Earbuds 329,Audio,Wireless Earbuds,delivery,11,27.5,62.56,35.19,Moderate Market Gap,42.08,Moderate Opportunity,Improve Audio products by addressing delivery problems,1654
P0104,Smartphone 104,Mobile,Smartphone,delivery,13,32.5,56.5,36.43,Moderate Market Gap,42.08,Moderate Opportunity,Improve Mobile products by addressing delivery problems,1655
P0106,Bluetooth Speaker 106,Audio,Bluetooth Speaker,software,16,40.0,50.07,35.19,Moderate Market Gap,42.08,Moderate Opportunity,Improve Audio products by addressing software problems,1656
P0328,Smartphone 328,Mobile,Smartphone,comfort,12,30.0,58.98,36.43,Moderate Market Gap,42.07,Moderate Opportunity,Improve Mobile products by addressing comfort problems,1657
P0428,Wireless Earbuds 428,Audio,Wireless Earbuds,price,9,22.5,67.52,35.19,Moderate Market Gap,42.06,Moderate Opportunity,Improve Audio products by addressing price problems,1658
P0414,Wireless Earbuds 414,Audio,Wireless Earbuds,battery,19,47.5,42.47,35.19,Moderate Market Gap,42.05,Moderate Opportunity,Improve Audio products by addressing battery problems,1659
P0489,Headphones 489,Audio,Headphones,quality,19,47.5,42.48,35.19,Moderate Market Gap,42.05,Moderate Opportunity,Improve Audio products by addressing quality problems,1660
P0125,Air Purifier 125,Home Appliances,Air Purifier,price,11,27.5,61.54,36.23,Moderate Market Gap,42.03,Moderate Opportunity,Improve Home Appliances products by addressing price problems,1661
P0283,Headphones 283,Audio,Headphones,software,7,17.5,72.42,35.19,Moderate Market Gap,42.03,Moderate Opportunity,Improve Audio products by addressing software problems,1662
P0160,Smart Fan 160,Home Appliances,Smart Fan,comfort,15,37.5,51.52,36.23,Moderate Market Gap,42.03,Moderate Opportunity,Improve Home Appliances products by addressing comfort problems,1663
P0163,Smart Ring 163,Wearables,Smart Ring,delivery,9,22.5,67.22,35.35,Moderate Market Gap,42.01,Moderate Opportunity,Improve Wearables products by addressing delivery problems,1664
P0064,Fitness Band 64,Wearables,Fitness Band,price,7,17.5,72.23,35.35,Moderate Market Gap,42.01,Moderate Opportunity,Improve Wearables products by addressing price problems,1665
P0407,Fitness Band 407,Wearables,Fitness Band,delivery,12,30.0,59.66,35.35,Moderate Market Gap,41.99,Moderate Opportunity,Improve Wearables products by addressing delivery problems,1666
P0087,Tablet 87,Mobile,Tablet,software,16,40.0,48.74,36.43,Moderate Market Gap,41.99,Moderate Opportunity,Improve Mobile products by addressing software problems,1667
P0087,Tablet 87,Mobile,Tablet,delivery,16,40.0,48.74,36.43,Moderate Market Gap,41.99,Moderate Opportunity,Improve Mobile products by addressing delivery problems,1668
P0416,Smart Ring 416,Wearables,Smart Ring,performance,20,50.0,39.68,35.35,Moderate Market Gap,41.99,Moderate Opportunity,Improve Wearables products by addressing performance problems,1669
P0154,Smart Fan 154,Home Appliances,Smart Fan,delivery,9,22.5,66.36,36.23,Moderate Market Gap,41.97,Moderate Opportunity,Improve Home Appliances products by addressing delivery problems,1670
P0378,Tablet 378,Mobile,Tablet,performance,22,55.0,33.68,36.43,Moderate Market Gap,41.97,Moderate Opportunity,Improve Mobile products by addressing performance problems,1671
P0028,Fitness Band 28,Wearables,Fitness Band,software,9,22.5,67.1,35.35,Moderate Market Gap,41.96,Moderate Opportunity,Improve Wearables products by addressing software problems,1672
P0471,Bluetooth Speaker 471,Audio,Bluetooth Speaker,comfort,7,17.5,72.23,35.19,Moderate Market Gap,41.96,Moderate Opportunity,Improve Audio products by addressing comfort problems,1673
P0372,Smart Watch 372,Watches,Smart Watch,comfort,11,27.5,60.78,36.86,Moderate Market Gap,41.96,Moderate Opportunity,Improve Watches products by addressing comfort problems,1674
P0028,Fitness Band 28,Wearables,Fitness Band,delivery,9,22.5,67.1,35.35,Moderate Market Gap,41.96,Moderate Opportunity,Improve Wearables products by addressing delivery problems,1675
P0319,Smart Ring 319,Wearables,Smart Ring,performance,15,37.5,52.07,35.35,Moderate Market Gap,41.95,Moderate Opportunity,Improve Wearables products by addressing performance problems,1676
P0370,Tablet 370,Mobile,Tablet,comfort,9,22.5,66.09,36.43,Moderate Market Gap,41.94,Moderate Opportunity,Improve Mobile products by addressing comfort problems,1677
P0338,Wireless Earbuds 338,Audio,Wireless Earbuds,software,5,12.5,77.17,35.19,Moderate Market Gap,41.94,Moderate Opportunity,Improve Audio products by addressing software problems,1678
P0398,Wireless Earbuds 398,Audio,Wireless Earbuds,software,10,25.0,64.63,35.19,Moderate Market Gap,41.93,Moderate Opportunity,Improve Audio products by addressing software problems,1679
P0172,Air Purifier 172,Home Appliances,Air Purifier,price,13,32.5,56.26,36.23,Moderate Market Gap,41.93,Moderate Opportunity,Improve Home Appliances products by addressing price problems,1680
P0181,Smart Light 181,Home Appliances,Smart Light,performance,19,47.5,41.26,36.23,Moderate Market Gap,41.93,Moderate Opportunity,Improve Home Appliances products by addressing performance problems,1681
P0068,Headphones 68,Audio,Headphones,battery,23,57.5,32.07,35.19,Moderate Market Gap,41.91,Moderate Opportunity,Improve Audio products by addressing battery problems,1682
P0204,Wireless Earbuds 204,Audio,Wireless Earbuds,battery,17,42.5,47.09,35.19,Moderate Market Gap,41.91,Moderate Opportunity,Improve Audio products by addressing battery problems,1683
P0402,Wireless Earbuds 402,Audio,Wireless Earbuds,price,14,35.0,54.48,35.19,Moderate Market Gap,41.88,Moderate Opportunity,Improve Audio products by addressing price problems,1684
P0052,Bluetooth Speaker 52,Audio,Bluetooth Speaker,delivery,10,25.0,64.5,35.19,Moderate Market Gap,41.88,Moderate Opportunity,Improve Audio products by addressing delivery problems,1685
P0052,Bluetooth Speaker 52,Audio,Bluetooth Speaker,software,10,25.0,64.5,35.19,Moderate Market Gap,41.88,Moderate Opportunity,Improve Audio products by addressing software problems,1686
P0402,Wireless Earbuds 402,Audio,Wireless Earbuds,delivery,14,35.0,54.48,35.19,Moderate Market Gap,41.88,Moderate Opportunity,Improve Audio products by addressing delivery problems,1687
P0147,Fitness Band 147,Wearables,Fitness Band,performance,13,32.5,56.82,35.35,Moderate Market Gap,41.87,Moderate Opportunity,Improve Wearables products by addressing performance problems,1688
P0418,Smart Fan 418,Home Appliances,Smart Fan,performance,14,35.0,53.57,36.23,Moderate Market Gap,41.87,Moderate Opportunity,Improve Home Appliances products by addressing performance problems,1689
P0147,Fitness Band 147,Wearables,Fitness Band,software,13,32.5,56.82,35.35,Moderate Market Gap,41.87,Moderate Opportunity,Improve Wearables products by addressing software problems,1690
P0457,Air Purifier 457,Home Appliances,Air Purifier,battery,18,45.0,43.58,36.23,Moderate Market Gap,41.87,Moderate Opportunity,Improve Home Appliances products by addressing battery problems,1691
P0418,Smart Fan 418,Home Appliances,Smart Fan,quality,14,35.0,53.57,36.23,Moderate Market Gap,41.87,Moderate Opportunity,Improve Home Appliances products by addressing quality problems,1692
P0076,Smart Fan 76,Home Appliances,Smart Fan,delivery,12,30.0,58.56,36.23,Moderate Market Gap,41.86,Moderate Opportunity,Improve Home Appliances products by addressing delivery problems,1693
P0103,Fitness Band 103,Wearables,Fitness Band,price,8,20.0,69.29,35.35,Moderate Market Gap,41.86,Moderate Opportunity,Improve Wearables products by addressing price problems,1694
P0027,Smart Ring 27,Wearables,Smart Ring,quality,22,55.0,34.28,35.35,Moderate Market Gap,41.85,Moderate Opportunity,Improve Wearables products by addressing quality problems,1695
P0005,Air Purifier 5,Home Appliances,Air Purifier,delivery,13,32.5,56.0,36.23,Moderate Market Gap,41.84,Moderate Opportunity,Improve Home Appliances products by addressing delivery problems,1696
P0199,Smart Ring 199,Wearables,Smart Ring,software,10,25.0,64.24,35.35,Moderate Market Gap,41.84,Moderate Opportunity,Improve Wearables products by addressing software problems,1697
P0199,Smart Ring 199,Wearables,Smart Ring,price,10,25.0,64.24,35.35,Moderate Market Gap,41.84,Moderate Opportunity,Improve Wearables products by addressing price problems,1698
P0199,Smart Ring 199,Wearables,Smart Ring,comfort,10,25.0,64.24,35.35,Moderate Market Gap,41.84,Moderate Opportunity,Improve Wearables products by addressing comfort problems,1699
P0199,Smart Ring 199,Wearables,Smart Ring,performance,10,25.0,64.24,35.35,Moderate Market Gap,41.84,Moderate Opportunity,Improve Wearables products by addressing performance problems,1700
P0202,Fitness Watch 202,Watches,Fitness Watch,software,7,17.5,70.42,36.86,Moderate Market Gap,41.83,Moderate Opportunity,Improve Watches products by addressing software problems,1701
P0450,Fitness Band 450,Wearables,Fitness Band,comfort,12,30.0,59.21,35.35,Moderate Market Gap,41.83,Moderate Opportunity,Improve Wearables products by addressing comfort problems,1702
P0450,Fitness Band 450,Wearables,Fitness Band,performance,12,30.0,59.21,35.35,Moderate Market Gap,41.83,Moderate Opportunity,Improve Wearables products by addressing performance problems,1703
P0250,Fitness Band 250,Wearables,Fitness Band,delivery,9,22.5,66.68,35.35,Moderate Market Gap,41.82,Moderate Opportunity,Improve Wearables products by addressing delivery problems,1704
P0250,Fitness Band 250,Wearables,Fitness Band,comfort,9,22.5,66.68,35.35,Moderate Market Gap,41.82,Moderate Opportunity,Improve Wearables products by addressing comfort problems,1705
P0250,Fitness Band 250,Wearables,Fitness Band,software,9,22.5,66.68,35.35,Moderate Market Gap,41.82,Moderate Opportunity,Improve Wearables products by addressing software problems,1706
P0373,Smartphone 373,Mobile,Smartphone,delivery,10,25.0,63.2,36.43,Moderate Market Gap,41.8,Moderate Opportunity,Improve Mobile products by addressing delivery problems,1707
P0373,Smartphone 373,Mobile,Smartphone,software,10,25.0,63.2,36.43,Moderate Market Gap,41.8,Moderate Opportunity,Improve Mobile products by addressing software problems,1708
P0373,Smartphone 373,Mobile,Smartphone,performance,10,25.0,63.2,36.43,Moderate Market Gap,41.8,Moderate Opportunity,Improve Mobile products by addressing performance problems,1709
P0227,Smart Ring 227,Wearables,Smart Ring,delivery,12,30.0,59.09,35.35,Moderate Market Gap,41.79,Moderate Opportunity,Improve Wearables products by addressing delivery problems,1710
P0460,Headphones 460,Audio,Headphones,performance,11,27.5,61.7,35.19,Moderate Market Gap,41.78,Moderate Opportunity,Improve Audio products by addressing performance problems,1711
P0271,Tablet 271,Mobile,Tablet,comfort,11,27.5,60.64,36.43,Moderate Market Gap,41.78,Moderate Opportunity,Improve Mobile products by addressing comfort problems,1712
P0122,Smart Fan 122,Home Appliances,Smart Fan,comfort,12,30.0,58.33,36.23,Moderate Market Gap,41.78,Moderate Opportunity,Improve Home Appliances products by addressing comfort problems,1713
P0089,Fitness Band 89,Wearables,Fitness Band,quality,19,47.5,41.58,35.35,Moderate Market Gap,41.78,Moderate Opportunity,Improve Wearables products by addressing quality problems,1714
P0223,Smartphone 223,Mobile,Smartphone,performance,14,35.0,53.09,36.43,Moderate Market Gap,41.76,Moderate Opportunity,Improve Mobile products by addressing performance problems,1715
P0343,Tablet 343,Mobile,Tablet,performance,18,45.0,43.06,36.43,Moderate Market Gap,41.75,Moderate Opportunity,Improve Mobile products by addressing performance problems,1716
P0495,Tablet 495,Mobile,Tablet,price,16,40.0,48.06,36.43,Moderate Market Gap,41.75,Moderate Opportunity,Improve Mobile products by addressing price problems,1717
P0115,Air Purifier 115,Home Appliances,Air Purifier,delivery,8,20.0,68.23,36.23,Moderate Market Gap,41.75,Moderate Opportunity,Improve Home Appliances products by addressing delivery problems,1718
P0214,Fitness Band 214,Wearables,Fitness Band,software,13,32.5,56.44,35.35,Moderate Market Gap,41.73,Moderate Opportunity,Improve Wearables products by addressing software problems,1719
P0124,Smart Ring 124,Wearables,Smart Ring,delivery,7,17.5,71.44,35.35,Moderate Market Gap,41.73,Moderate Opportunity,Improve Wearables products by addressing delivery problems,1720
P0173,Smartphone 173,Mobile,Smartphone,performance,13,32.5,55.5,36.43,Moderate Market Gap,41.73,Moderate Opportunity,Improve Mobile products by addressing performance problems,1721
P0279,Tablet 279,Mobile,Tablet,quality,14,35.0,52.96,36.43,Moderate Market Gap,41.72,Moderate Opportunity,Improve Mobile products by addressing quality problems,1722
P0050,Analog Watch 50,Watches,Analog Watch,price,11,27.5,60.12,36.86,Moderate Market Gap,41.72,Moderate Opportunity,Improve Watches products by addressing price problems,1723
P0311,Smart Light 311,Home Appliances,Smart Light,delivery,8,20.0,68.11,36.23,Moderate Market Gap,41.71,Moderate Opportunity,Improve Home Appliances products by addressing delivery problems,1724
P0222,Air Purifier 222,Home Appliances,Air Purifier,price,9,22.5,65.63,36.23,Moderate Market Gap,41.71,Moderate Opportunity,Improve Home Appliances products by addressing price problems,1725
P0411,Smart Fan 411,Home Appliances,Smart Fan,performance,12,30.0,58.11,36.23,Moderate Market Gap,41.71,Moderate Opportunity,Improve Home Appliances products by addressing performance problems,1726
P0161,Smartphone 161,Mobile,Smartphone,delivery,8,20.0,67.95,36.43,Moderate Market Gap,41.71,Moderate Opportunity,Improve Mobile products by addressing delivery problems,1727
P0360,Analog Watch 360,Watches,Analog Watch,delivery,11,27.5,60.06,36.86,Moderate Market Gap,41.7,Moderate Opportunity,Improve Watches products by addressing delivery problems,1728
P0340,Fitness Band 340,Wearables,Fitness Band,price,10,25.0,63.82,35.35,Moderate Market Gap,41.69,Moderate Opportunity,Improve Wearables products by addressing price problems,1729
P0481,Bluetooth Speaker 481,Audio,Bluetooth Speaker,software,13,32.5,56.46,35.19,Moderate Market Gap,41.69,Moderate Opportunity,Improve Audio products by addressing software problems,1730
P0435,Bluetooth Speaker 435,Audio,Bluetooth Speaker,price,12,30.0,58.93,35.19,Moderate Market Gap,41.68,Moderate Opportunity,Improve Audio products by addressing price problems,1731
P0435,Bluetooth Speaker 435,Audio,Bluetooth Speaker,delivery,12,30.0,58.93,35.19,Moderate Market Gap,41.68,Moderate Opportunity,Improve Audio products by addressing delivery problems,1732
P0263,Smart Light 263,Home Appliances,Smart Light,delivery,7,17.5,70.47,36.23,Moderate Market Gap,41.66,Moderate Opportunity,Improve Home Appliances products by addressing delivery problems,1733
P0263,Smart Light 263,Home Appliances,Smart Light,software,7,17.5,70.47,36.23,Moderate Market Gap,41.66,Moderate Opportunity,Improve Home Appliances products by addressing software problems,1734
P0090,Smartphone 90,Mobile,Smartphone,quality,19,47.5,40.21,36.43,Moderate Market Gap,41.63,Moderate Opportunity,Improve Mobile products by addressing quality problems,1735
P0217,Fitness Watch 217,Watches,Fitness Watch,price,7,17.5,69.85,36.86,Moderate Market Gap,41.63,Moderate Opportunity,Improve Watches products by addressing price problems,1736
P0225,Smart Fan 225,Home Appliances,Smart Fan,delivery,6,15.0,72.85,36.23,Moderate Market Gap,41.62,Moderate Opportunity,Improve Home Appliances products by addressing delivery problems,1737
P0351,Tablet 351,Mobile,Tablet,comfort,14,35.0,52.67,36.43,Moderate Market Gap,41.61,Moderate Opportunity,Improve Mobile products by addressing comfort problems,1738
P0394,Fitness Watch 394,Watches,Fitness Watch,price,10,25.0,62.27,36.86,Moderate Market Gap,41.6,Moderate Opportunity,Improve Watches products by addressing price problems,1739
P0447,Smartphone 447,Mobile,Smartphone,performance,15,37.5,50.12,36.43,Moderate Market Gap,41.6,Moderate Opportunity,Improve Mobile products by addressing performance problems,1740
P0306,Fitness Band 306,Wearables,Fitness Band,software,14,35.0,53.54,35.35,Moderate Market Gap,41.59,Moderate Opportunity,Improve Wearables products by addressing software problems,1741
P0166,Smart Ring 166,Wearables,Smart Ring,performance,13,32.5,56.03,35.35,Moderate Market Gap,41.59,Moderate Opportunity,Improve Wearables products by addressing performance problems,1742
P0211,Air Purifier 211,Home Appliances,Air Purifier,price,10,25.0,62.77,36.23,Moderate Market Gap,41.59,Moderate Opportunity,Improve Home Appliances products by addressing price problems,1743
P0454,Smart Fan 454,Home Appliances,Smart Fan,comfort,10,25.0,62.76,36.23,Moderate Market Gap,41.58,Moderate Opportunity,Improve Home Appliances products by addressing comfort problems,1744
P0401,Headphones 401,Audio,Headphones,battery,17,42.5,46.12,35.19,Moderate Market Gap,41.57,Moderate Opportunity,Improve Audio products by addressing battery problems,1745
P0401,Headphones 401,Audio,Headphones,performance,17,42.5,46.12,35.19,Moderate Market Gap,41.57,Moderate Opportunity,Improve Audio products by addressing performance problems,1746
P0401,Headphones 401,Audio,Headphones,quality,17,42.5,46.12,35.19,Moderate Market Gap,41.57,Moderate Opportunity,Improve Audio products by addressing quality problems,1747
P0168,Smart Ring 168,Wearables,Smart Ring,quality,16,40.0,48.47,35.35,Moderate Market Gap,41.57,Moderate Opportunity,Improve Wearables products by addressing quality problems,1748
P0404,Bluetooth Speaker 404,Audio,Bluetooth Speaker,comfort,9,22.5,66.09,35.19,Moderate Market Gap,41.56,Moderate Opportunity,Improve Audio products by addressing comfort problems,1749
P0063,Fitness Band 63,Wearables,Fitness Band,performance,14,35.0,53.45,35.35,Moderate Market Gap,41.56,Moderate Opportunity,Improve Wearables products by addressing performance problems,1750
P0291,Wireless Earbuds 291,Audio,Wireless Earbuds,delivery,6,15.0,73.57,35.19,Moderate Market Gap,41.56,Moderate Opportunity,Improve Audio products by addressing delivery problems,1751
P0325,Tablet 325,Mobile,Tablet,quality,19,47.5,40.0,36.43,Moderate Market Gap,41.55,Moderate Opportunity,Improve Mobile products by addressing quality problems,1752
P0036,Smart Watch 36,Watches,Smart Watch,price,13,32.5,54.59,36.86,Moderate Market Gap,41.54,Moderate Opportunity,Improve Watches products by addressing price problems,1753
P0266,Headphones 266,Audio,Headphones,comfort,11,27.5,61.02,35.19,Moderate Market Gap,41.54,Moderate Opportunity,Improve Audio products by addressing comfort problems,1754
P0001,Smart Watch 1,Watches,Smart Watch,delivery,6,15.0,72.08,36.86,Moderate Market Gap,41.54,Moderate Opportunity,Improve Watches products by addressing delivery problems,1755
P0399,Analog Watch 399,Watches,Analog Watch,battery,18,45.0,42.05,36.86,Moderate Market Gap,41.53,Moderate Opportunity,Improve Watches products by addressing battery problems,1756
P0374,Headphones 374,Audio,Headphones,delivery,6,15.0,73.48,35.19,Moderate Market Gap,41.52,Moderate Opportunity,Improve Audio products by addressing delivery problems,1757
P0175,Fitness Band 175,Wearables,Fitness Band,quality,17,42.5,45.82,35.35,Moderate Market Gap,41.52,Moderate Opportunity,Improve Wearables products by addressing quality problems,1758
P0268,Fitness Band 268,Wearables,Fitness Band,delivery,10,25.0,63.34,35.35,Moderate Market Gap,41.52,Moderate Opportunity,Improve Wearables products by addressing delivery problems,1759
P0236,Fitness Band 236,Wearables,Fitness Band,software,7,17.5,70.79,35.35,Moderate Market Gap,41.51,Moderate Opportunity,Improve Wearables products by addressing software problems,1760
P0446,Tablet 446,Mobile,Tablet,performance,15,37.5,49.88,36.43,Moderate Market Gap,41.51,Moderate Opportunity,Improve Mobile products by addressing performance problems,1761
P0462,Smart Ring 462,Wearables,Smart Ring,price,12,30.0,58.28,35.35,Moderate Market Gap,41.5,Moderate Opportunity,Improve Wearables products by addressing price problems,1762
P0337,Analog Watch 337,Watches,Analog Watch,comfort,14,35.0,51.99,36.86,Moderate Market Gap,41.5,Moderate Opportunity,Improve Watches products by addressing comfort problems,1763
P0289,Smart Ring 289,Wearables,Smart Ring,performance,15,37.5,50.73,35.35,Moderate Market Gap,41.49,Moderate Opportunity,Improve Wearables products by addressing performance problems,1764
P0289,Smart Ring 289,Wearables,Smart Ring,quality,15,37.5,50.73,35.35,Moderate Market Gap,41.49,Moderate Opportunity,Improve Wearables products by addressing quality problems,1765
P0318,Bluetooth Speaker 318,Audio,Bluetooth Speaker,price,10,25.0,63.38,35.19,Moderate Market Gap,41.49,Moderate Opportunity,Improve Audio products by addressing price problems,1766
P0381,Bluetooth Speaker 381,Audio,Bluetooth Speaker,performance,20,50.0,38.34,35.19,Moderate Market Gap,41.48,Moderate Opportunity,Improve Audio products by addressing performance problems,1767
P0341,Smart Watch 341,Watches,Smart Watch,software,8,20.0,66.93,36.86,Moderate Market Gap,41.48,Moderate Opportunity,Improve Watches products by addressing software problems,1768
P0445,Bluetooth Speaker 445,Audio,Bluetooth Speaker,quality,22,55.0,33.29,35.19,Moderate Market Gap,41.46,Moderate Opportunity,Improve Audio products by addressing quality problems,1769
P0219,Smart Ring 219,Wearables,Smart Ring,performance,15,37.5,50.65,35.35,Moderate Market Gap,41.46,Moderate Opportunity,Improve Wearables products by addressing performance problems,1770
P0015,Smart Ring 15,Wearables,Smart Ring,quality,17,42.5,45.62,35.35,Moderate Market Gap,41.45,Moderate Opportunity,Improve Wearables products by addressing quality problems,1771
P0059,Air Purifier 59,Home Appliances,Air Purifier,software,11,27.5,59.83,36.23,Moderate Market Gap,41.43,Moderate Opportunity,Improve Home Appliances products by addressing software problems,1772
P0282,Smartphone 282,Mobile,Smartphone,performance,20,50.0,37.14,36.43,Moderate Market Gap,41.43,Moderate Opportunity,Improve Mobile products by addressing performance problems,1773
P0186,Smart Ring 186,Wearables,Smart Ring,delivery,9,22.5,65.58,35.35,Moderate Market Gap,41.43,Moderate Opportunity,Improve Wearables products by addressing delivery problems,1774
P0081,Headphones 81,Audio,Headphones,quality,23,57.5,30.67,35.19,Moderate Market Gap,41.42,Moderate Opportunity,Improve Audio products by addressing quality problems,1775
P0095,Analog Watch 95,Watches,Analog Watch,comfort,13,32.5,54.25,36.86,Moderate Market Gap,41.42,Moderate Opportunity,Improve Watches products by addressing comfort problems,1776
P0012,Fitness Band 12,Wearables,Fitness Band,comfort,10,25.0,63.02,35.35,Moderate Market Gap,41.41,Moderate Opportunity,Improve Wearables products by addressing comfort problems,1777
P0307,Smartphone 307,Mobile,Smartphone,battery,22,55.0,32.1,36.43,Moderate Market Gap,41.41,Moderate Opportunity,Improve Mobile products by addressing battery problems,1778
P0456,Bluetooth Speaker 456,Audio,Bluetooth Speaker,quality,13,32.5,55.64,35.19,Moderate Market Gap,41.41,Moderate Opportunity,Improve Audio products by addressing quality problems,1779
P0260,Headphones 260,Audio,Headphones,quality,19,47.5,40.65,35.19,Moderate Market Gap,41.41,Moderate Opportunity,Improve Audio products by addressing quality problems,1780
P0079,Smartphone 79,Mobile,Smartphone,price,16,40.0,47.1,36.43,Moderate Market Gap,41.41,Moderate Opportunity,Improve Mobile products by addressing price problems,1781
P0487,Air Purifier 487,Home Appliances,Air Purifier,comfort,11,27.5,59.72,36.23,Moderate Market Gap,41.4,Moderate Opportunity,Improve Home Appliances products by addressing comfort problems,1782
P0213,Wireless Earbuds 213,Audio,Wireless Earbuds,performance,16,40.0,48.11,35.19,Moderate Market Gap,41.4,Moderate Opportunity,Improve Audio products by addressing performance problems,1783
P0487,Air Purifier 487,Home Appliances,Air Purifier,delivery,11,27.5,59.72,36.23,Moderate Market Gap,41.4,Moderate Opportunity,Improve Home Appliances products by addressing delivery problems,1784
P0231,Smartphone 231,Mobile,Smartphone,quality,18,45.0,41.99,36.43,Moderate Market Gap,41.38,Moderate Opportunity,Improve Mobile products by addressing quality problems,1785
P0308,Smart Watch 308,Watches,Smart Watch,comfort,9,22.5,64.13,36.86,Moderate Market Gap,41.38,Moderate Opportunity,Improve Watches products by addressing comfort problems,1786
P0088,Air Purifier 88,Home Appliances,Air Purifier,price,11,27.5,59.64,36.23,Moderate Market Gap,41.37,Moderate Opportunity,Improve Home Appliances products by addressing price problems,1787
P0157,Smartphone 157,Mobile,Smartphone,quality,18,45.0,41.97,36.43,Moderate Market Gap,41.37,Moderate Opportunity,Improve Mobile products by addressing quality problems,1788
P0016,Air Purifier 16,Home Appliances,Air Purifier,software,12,30.0,57.11,36.23,Moderate Market Gap,41.36,Moderate Opportunity,Improve Home Appliances products by addressing software problems,1789
P0061,Wireless Earbuds 61,Audio,Wireless Earbuds,delivery,11,27.5,60.52,35.19,Moderate Market Gap,41.36,Moderate Opportunity,Improve Audio products by addressing delivery problems,1790
P0244,Air Purifier 244,Home Appliances,Air Purifier,quality,22,55.0,32.1,36.23,Moderate Market Gap,41.35,Moderate Opportunity,Improve Home Appliances products by addressing quality problems,1791
P0467,Air Purifier 467,Home Appliances,Air Purifier,quality,15,37.5,49.59,36.23,Moderate Market Gap,41.35,Moderate Opportunity,Improve Home Appliances products by addressing quality problems,1792
P0174,Tablet 174,Mobile,Tablet,delivery,12,30.0,56.89,36.43,Moderate Market Gap,41.34,Moderate Opportunity,Improve Mobile products by addressing delivery problems,1793
P0069,Headphones 69,Audio,Headphones,comfort,6,15.0,72.94,35.19,Moderate Market Gap,41.34,Moderate Opportunity,Improve Audio products by addressing comfort problems,1794
P0264,Tablet 264,Mobile,Tablet,quality,11,27.5,59.35,36.43,Moderate Market Gap,41.33,Moderate Opportunity,Improve Mobile products by addressing quality problems,1795
P0269,Smartphone 269,Mobile,Smartphone,delivery,6,15.0,71.85,36.43,Moderate Market Gap,41.33,Moderate Opportunity,Improve Mobile products by addressing delivery problems,1796
P0207,Wireless Earbuds 207,Audio,Wireless Earbuds,performance,16,40.0,47.93,35.19,Moderate Market Gap,41.33,Moderate Opportunity,Improve Audio products by addressing performance problems,1797
P0415,Fitness Band 415,Wearables,Fitness Band,price,11,27.5,60.25,35.35,Moderate Market Gap,41.32,Moderate Opportunity,Improve Wearables products by addressing price problems,1798
P0020,Air Purifier 20,Home Appliances,Air Purifier,delivery,9,22.5,64.51,36.23,Moderate Market Gap,41.32,Moderate Opportunity,Improve Home Appliances products by addressing delivery problems,1799
P0020,Air Purifier 20,Home Appliances,Air Purifier,performance,9,22.5,64.51,36.23,Moderate Market Gap,41.32,Moderate Opportunity,Improve Home Appliances products by addressing performance problems,1800
P0470,Smart Light 470,Home Appliances,Smart Light,delivery,8,20.0,67.01,36.23,Moderate Market Gap,41.32,Moderate Opportunity,Improve Home Appliances products by addressing delivery problems,1801
P0470,Smart Light 470,Home Appliances,Smart Light,performance,8,20.0,67.01,36.23,Moderate Market Gap,41.32,Moderate Opportunity,Improve Home Appliances products by addressing performance problems,1802
P0420,Smart Ring 420,Wearables,Smart Ring,performance,12,30.0,57.69,35.35,Moderate Market Gap,41.3,Moderate Opportunity,Improve Wearables products by addressing performance problems,1803
P0397,Fitness Band 397,Wearables,Fitness Band,performance,19,47.5,40.2,35.35,Moderate Market Gap,41.3,Moderate Opportunity,Improve Wearables products by addressing performance problems,1804
P0043,Tablet 43,Mobile,Tablet,delivery,8,20.0,66.77,36.43,Moderate Market Gap,41.3,Moderate Opportunity,Improve Mobile products by addressing delivery problems,1805
P0139,Analog Watch 139,Watches,Analog Watch,software,8,20.0,66.4,36.86,Moderate Market Gap,41.3,Moderate Opportunity,Improve Watches products by addressing software problems,1806
P0455,Fitness Band 455,Wearables,Fitness Band,price,8,20.0,67.7,35.35,Moderate Market Gap,41.3,Moderate Opportunity,Improve Wearables products by addressing price problems,1807
P0375,Headphones 375,Audio,Headphones,software,6,15.0,72.77,35.19,Moderate Market Gap,41.28,Moderate Opportunity,Improve Audio products by addressing software problems,1808
P0436,Wireless Earbuds 436,Audio,Wireless Earbuds,battery,21,52.5,35.27,35.19,Moderate Market Gap,41.28,Moderate Opportunity,Improve Audio products by addressing battery problems,1809
P0288,Smart Ring 288,Wearables,Smart Ring,comfort,8,20.0,67.62,35.35,Moderate Market Gap,41.27,Moderate Opportunity,Improve Wearables products by addressing comfort problems,1810
P0145,Fitness Band 145,Wearables,Fitness Band,price,16,40.0,47.62,35.35,Moderate Market Gap,41.27,Moderate Opportunity,Improve Wearables products by addressing price problems,1811
P0352,Smart Ring 352,Wearables,Smart Ring,battery,21,52.5,35.1,35.35,Moderate Market Gap,41.26,Moderate Opportunity,Improve Wearables products by addressing battery problems,1812
P0148,Analog Watch 148,Watches,Analog Watch,software,15,37.5,48.76,36.86,Moderate Market Gap,41.25,Moderate Opportunity,Improve Watches products by addressing software problems,1813
P0252,Smartphone 252,Mobile,Smartphone,price,13,32.5,54.1,36.43,Moderate Market Gap,41.24,Moderate Opportunity,Improve Mobile products by addressing price problems,1814
P0209,Wireless Earbuds 209,Audio,Wireless Earbuds,delivery,9,22.5,65.11,35.19,Moderate Market Gap,41.22,Moderate Opportunity,Improve Audio products by addressing delivery problems,1815
P0267,Smartphone 267,Mobile,Smartphone,software,12,30.0,56.54,36.43,Moderate Market Gap,41.22,Moderate Opportunity,Improve Mobile products by addressing software problems,1816
P0253,Bluetooth Speaker 253,Audio,Bluetooth Speaker,comfort,13,32.5,55.11,35.19,Moderate Market Gap,41.22,Moderate Opportunity,Improve Audio products by addressing comfort problems,1817
P0408,Smartphone 408,Mobile,Smartphone,price,16,40.0,46.53,36.43,Moderate Market Gap,41.21,Moderate Opportunity,Improve Mobile products by addressing price problems,1818
P0106,Bluetooth Speaker 106,Audio,Bluetooth Speaker,performance,15,37.5,50.07,35.19,Moderate Market Gap,41.21,Moderate Opportunity,Improve Audio products by addressing performance problems,1819
P0106,Bluetooth Speaker 106,Audio,Bluetooth Speaker,price,15,37.5,50.07,35.19,Moderate Market Gap,41.21,Moderate Opportunity,Improve Audio products by addressing price problems,1820
P0428,Wireless Earbuds 428,Audio,Wireless Earbuds,software,8,20.0,67.52,35.19,Moderate Market Gap,41.19,Moderate Opportunity,Improve Audio products by addressing software problems,1821
P0428,Wireless Earbuds 428,Audio,Wireless Earbuds,delivery,8,20.0,67.52,35.19,Moderate Market Gap,41.19,Moderate Opportunity,Improve Audio products by addressing delivery problems,1822
P0113,Smart Watch 113,Watches,Smart Watch,comfort,6,15.0,71.1,36.86,Moderate Market Gap,41.19,Moderate Opportunity,Improve Watches products by addressing comfort problems,1823
P0019,Fitness Watch 19,Watches,Fitness Watch,quality,18,45.0,41.05,36.86,Moderate Market Gap,41.18,Moderate Opportunity,Improve Watches products by addressing quality problems,1824
P0188,Headphones 188,Audio,Headphones,delivery,13,32.5,54.98,35.19,Moderate Market Gap,41.18,Moderate Opportunity,Improve Audio products by addressing delivery problems,1825
P0188,Headphones 188,Audio,Headphones,price,13,32.5,54.98,35.19,Moderate Market Gap,41.18,Moderate Opportunity,Improve Audio products by addressing price problems,1826
P0019,Fitness Watch 19,Watches,Fitness Watch,delivery,18,45.0,41.05,36.86,Moderate Market Gap,41.18,Moderate Opportunity,Improve Watches products by addressing delivery problems,1827
P0009,Wireless Earbuds 9,Audio,Wireless Earbuds,comfort,7,17.5,69.97,35.19,Moderate Market Gap,41.17,Moderate Opportunity,Improve Audio products by addressing comfort problems,1828
P0453,Smartphone 453,Mobile,Smartphone,price,14,35.0,51.37,36.43,Moderate Market Gap,41.16,Moderate Opportunity,Improve Mobile products by addressing price problems,1829
P0287,Analog Watch 287,Watches,Analog Watch,price,12,30.0,56.02,36.86,Moderate Market Gap,41.16,Moderate Opportunity,Improve Watches products by addressing price problems,1830
P0190,Smart Light 190,Home Appliances,Smart Light,battery,18,45.0,41.53,36.23,Moderate Market Gap,41.15,Moderate Opportunity,Improve Home Appliances products by addressing battery problems,1831
P0293,Smart Fan 293,Home Appliances,Smart Fan,software,4,10.0,76.51,36.23,Moderate Market Gap,41.15,Moderate Opportunity,Improve Home Appliances products by addressing software problems,1832
P0078,Smart Ring 78,Wearables,Smart Ring,software,10,25.0,62.24,35.35,Moderate Market Gap,41.14,Moderate Opportunity,Improve Wearables products by addressing software problems,1833
P0163,Smart Ring 163,Wearables,Smart Ring,comfort,8,20.0,67.22,35.35,Moderate Market Gap,41.13,Moderate Opportunity,Improve Wearables products by addressing comfort problems,1834
P0163,Smart Ring 163,Wearables,Smart Ring,software,8,20.0,67.22,35.35,Moderate Market Gap,41.13,Moderate Opportunity,Improve Wearables products by addressing software problems,1835
P0416,Smart Ring 416,Wearables,Smart Ring,quality,19,47.5,39.68,35.35,Moderate Market Gap,41.12,Moderate Opportunity,Improve Wearables products by addressing quality problems,1836
P0024,Fitness Band 24,Wearables,Fitness Band,performance,19,47.5,39.68,35.35,Moderate Market Gap,41.12,Moderate Opportunity,Improve Wearables products by addressing performance problems,1837
P0344,Smartphone 344,Mobile,Smartphone,delivery,7,17.5,68.77,36.43,Moderate Market Gap,41.12,Moderate Opportunity,Improve Mobile products by addressing delivery problems,1838
P0149,Fitness Watch 149,Watches,Fitness Watch,delivery,6,15.0,70.89,36.86,Moderate Market Gap,41.12,Moderate Opportunity,Improve Watches products by addressing delivery problems,1839
P0040,Analog Watch 40,Watches,Analog Watch,performance,12,30.0,55.87,36.86,Moderate Market Gap,41.11,Moderate Opportunity,Improve Watches products by addressing performance problems,1840
P0488,Smart Light 488,Home Appliances,Smart Light,price,9,22.5,63.84,36.23,Moderate Market Gap,41.09,Moderate Opportunity,Improve Home Appliances products by addressing price problems,1841
P0393,Analog Watch 393,Watches,Analog Watch,performance,19,47.5,38.29,36.86,Moderate Market Gap,41.08,Moderate Opportunity,Improve Watches products by addressing performance problems,1842
P0117,Smartphone 117,Mobile,Smartphone,comfort,8,20.0,66.12,36.43,Moderate Market Gap,41.07,Moderate Opportunity,Improve Mobile products by addressing comfort problems,1843
P0192,Bluetooth Speaker 192,Audio,Bluetooth Speaker,comfort,7,17.5,69.68,35.19,Moderate Market Gap,41.07,Moderate Opportunity,Improve Audio products by addressing comfort problems,1844
P0132,Fitness Band 132,Wearables,Fitness Band,delivery,14,35.0,52.05,35.35,Moderate Market Gap,41.07,Moderate Opportunity,Improve Wearables products by addressing delivery problems,1845
P0239,Tablet 239,Mobile,Tablet,performance,10,25.0,61.06,36.43,Moderate Market Gap,41.05,Moderate Opportunity,Improve Mobile products by addressing performance problems,1846
P0376,Smart Fan 376,Home Appliances,Smart Fan,software,8,20.0,66.23,36.23,Moderate Market Gap,41.05,Moderate Opportunity,Improve Home Appliances products by addressing software problems,1847
P0376,Smart Fan 376,Home Appliances,Smart Fan,delivery,8,20.0,66.23,36.23,Moderate Market Gap,41.05,Moderate Opportunity,Improve Home Appliances products by addressing delivery problems,1848
P0239,Tablet 239,Mobile,Tablet,software,10,25.0,61.06,36.43,Moderate Market Gap,41.05,Moderate Opportunity,Improve Mobile products by addressing software problems,1849
P0091,Tablet 91,Mobile,Tablet,performance,15,37.5,48.54,36.43,Moderate Market Gap,41.04,Moderate Opportunity,Improve Mobile products by addressing performance problems,1850
P0353,Analog Watch 353,Watches,Analog Watch,price,10,25.0,60.67,36.86,Moderate Market Gap,41.04,Moderate Opportunity,Improve Watches products by addressing price problems,1851
P0353,Analog Watch 353,Watches,Analog Watch,delivery,10,25.0,60.67,36.86,Moderate Market Gap,41.04,Moderate Opportunity,Improve Watches products by addressing delivery problems,1852
P0091,Tablet 91,Mobile,Tablet,delivery,15,37.5,48.54,36.43,Moderate Market Gap,41.04,Moderate Opportunity,Improve Mobile products by addressing delivery problems,1853
P0419,Fitness Band 419,Wearables,Fitness Band,delivery,4,10.0,76.83,35.35,Moderate Market Gap,41.0,Moderate Opportunity,Improve Wearables products by addressing delivery problems,1854
P0403,Smart Watch 403,Watches,Smart Watch,quality,19,47.5,38.02,36.86,Moderate Market Gap,40.99,Moderate Opportunity,Improve Watches products by addressing quality problems,1855
P0076,Smart Fan 76,Home Appliances,Smart Fan,comfort,11,27.5,58.56,36.23,Moderate Market Gap,40.99,Moderate Opportunity,Improve Home Appliances products by addressing comfort problems,1856
P0076,Smart Fan 76,Home Appliances,Smart Fan,price,11,27.5,58.56,36.23,Moderate Market Gap,40.99,Moderate Opportunity,Improve Home Appliances products by addressing price problems,1857
P0076,Smart Fan 76,Home Appliances,Smart Fan,software,11,27.5,58.56,36.23,Moderate Market Gap,40.99,Moderate Opportunity,Improve Home Appliances products by addressing software problems,1858
P0042,Smart Watch 42,Watches,Smart Watch,comfort,14,35.0,50.48,36.86,Moderate Market Gap,40.98,Moderate Opportunity,Improve Watches products by addressing comfort problems,1859
P0448,Smart Fan 448,Home Appliances,Smart Fan,delivery,20,50.0,36.02,36.23,Moderate Market Gap,40.98,Moderate Opportunity,Improve Home Appliances products by addressing delivery problems,1860
P0336,Tablet 336,Mobile,Tablet,software,9,22.5,63.36,36.43,Moderate Market Gap,40.98,Moderate Opportunity,Improve Mobile products by addressing software problems,1861
P0245,Smart Ring 245,Wearables,Smart Ring,quality,12,30.0,56.8,35.35,Moderate Market Gap,40.98,Moderate Opportunity,Improve Wearables products by addressing quality problems,1862
P0057,Headphones 57,Audio,Headphones,software,7,17.5,69.4,35.19,Moderate Market Gap,40.97,Moderate Opportunity,Improve Audio products by addressing software problems,1863
P0057,Headphones 57,Audio,Headphones,comfort,7,17.5,69.4,35.19,Moderate Market Gap,40.97,Moderate Opportunity,Improve Audio products by addressing comfort problems,1864
P0097,Fitness Watch 97,Watches,Fitness Watch,delivery,16,40.0,45.42,36.86,Moderate Market Gap,40.96,Moderate Opportunity,Improve Watches products by addressing delivery problems,1865
P0450,Fitness Band 450,Wearables,Fitness Band,price,11,27.5,59.21,35.35,Moderate Market Gap,40.95,Moderate Opportunity,Improve Wearables products by addressing price problems,1866
P0127,Smartphone 127,Mobile,Smartphone,comfort,8,20.0,65.78,36.43,Moderate Market Gap,40.95,Moderate Opportunity,Improve Mobile products by addressing comfort problems,1867
P0276,Fitness Watch 276,Watches,Fitness Watch,software,11,27.5,57.88,36.86,Moderate Market Gap,40.94,Moderate Opportunity,Improve Watches products by addressing software problems,1868
P0373,Smartphone 373,Mobile,Smartphone,comfort,9,22.5,63.2,36.43,Moderate Market Gap,40.92,Moderate Opportunity,Improve Mobile products by addressing comfort problems,1869
P0227,Smart Ring 227,Wearables,Smart Ring,price,11,27.5,59.09,35.35,Moderate Market Gap,40.91,Moderate Opportunity,Improve Wearables products by addressing price problems,1870
P0387,Fitness Band 387,Wearables,Fitness Band,performance,19,47.5,39.05,35.35,Moderate Market Gap,40.9,Moderate Opportunity,Improve Wearables products by addressing performance problems,1871
P0460,Headphones 460,Audio,Headphones,delivery,10,25.0,61.7,35.19,Moderate Market Gap,40.9,Moderate Opportunity,Improve Audio products by addressing delivery problems,1872
P0271,Tablet 271,Mobile,Tablet,price,10,25.0,60.64,36.43,Moderate Market Gap,40.9,Moderate Opportunity,Improve Mobile products by addressing price problems,1873
P0271,Tablet 271,Mobile,Tablet,software,10,25.0,60.64,36.43,Moderate Market Gap,40.9,Moderate Opportunity,Improve Mobile products by addressing software problems,1874
P0285,Smart Light 285,Home Appliances,Smart Light,price,10,25.0,60.79,36.23,Moderate Market Gap,40.9,Moderate Opportunity,Improve Home Appliances products by addressing price problems,1875
P0367,Smart Fan 367,Home Appliances,Smart Fan,price,15,37.5,48.31,36.23,Moderate Market Gap,40.9,Moderate Opportunity,Improve Home Appliances products by addressing price problems,1876
P0261,Analog Watch 261,Watches,Analog Watch,software,9,22.5,62.76,36.86,Moderate Market Gap,40.9,Moderate Opportunity,Improve Watches products by addressing software problems,1877
P0265,Smart Fan 265,Home Appliances,Smart Fan,price,10,25.0,60.78,36.23,Moderate Market Gap,40.89,Moderate Opportunity,Improve Home Appliances products by addressing price problems,1878
P0265,Smart Fan 265,Home Appliances,Smart Fan,delivery,10,25.0,60.78,36.23,Moderate Market Gap,40.89,Moderate Opportunity,Improve Home Appliances products by addressing delivery problems,1879
P0051,Air Purifier 51,Home Appliances,Air Purifier,comfort,7,17.5,68.27,36.23,Moderate Market Gap,40.89,Moderate Opportunity,Improve Home Appliances products by addressing comfort problems,1880
P0265,Smart Fan 265,Home Appliances,Smart Fan,software,10,25.0,60.78,36.23,Moderate Market Gap,40.89,Moderate Opportunity,Improve Home Appliances products by addressing software problems,1881
P0221,Tablet 221,Mobile,Tablet,performance,11,27.5,58.08,36.43,Moderate Market Gap,40.88,Moderate Opportunity,Improve Mobile products by addressing performance problems,1882
P0049,Smart Fan 49,Home Appliances,Smart Fan,comfort,12,30.0,55.75,36.23,Moderate Market Gap,40.88,Moderate Opportunity,Improve Home Appliances products by addressing comfort problems,1883
P0440,Fitness Band 440,Wearables,Fitness Band,price,9,22.5,63.98,35.35,Moderate Market Gap,40.87,Moderate Opportunity,Improve Wearables products by addressing price problems,1884
P0355,Analog Watch 355,Watches,Analog Watch,battery,20,50.0,35.17,36.86,Moderate Market Gap,40.87,Moderate Opportunity,Improve Watches products by addressing battery problems,1885
P0006,Headphones 6,Audio,Headphones,comfort,12,30.0,56.59,35.19,Moderate Market Gap,40.86,Moderate Opportunity,Improve Audio products by addressing comfort problems,1886
P0124,Smart Ring 124,Wearables,Smart Ring,software,6,15.0,71.44,35.35,Moderate Market Gap,40.86,Moderate Opportunity,Improve Wearables products by addressing software problems,1887
P0045,Smart Ring 45,Wearables,Smart Ring,price,14,35.0,51.43,35.35,Moderate Market Gap,40.86,Moderate Opportunity,Improve Wearables products by addressing price problems,1888
P0053,Tablet 53,Mobile,Tablet,quality,13,32.5,53.0,36.43,Moderate Market Gap,40.85,Moderate Opportunity,Improve Mobile products by addressing quality problems,1889
P0247,Bluetooth Speaker 247,Audio,Bluetooth Speaker,quality,15,37.5,49.06,35.19,Moderate Market Gap,40.85,Moderate Opportunity,Improve Audio products by addressing quality problems,1890
P0100,Bluetooth Speaker 100,Audio,Bluetooth Speaker,quality,21,52.5,34.02,35.19,Moderate Market Gap,40.84,Moderate Opportunity,Improve Audio products by addressing quality problems,1891
P0279,Tablet 279,Mobile,Tablet,software,13,32.5,52.96,36.43,Moderate Market Gap,40.84,Moderate Opportunity,Improve Mobile products by addressing software problems,1892
P0116,Smart Fan 116,Home Appliances,Smart Fan,quality,13,32.5,53.12,36.23,Moderate Market Gap,40.84,Moderate Opportunity,Improve Home Appliances products by addressing quality problems,1893
P0411,Smart Fan 411,Home Appliances,Smart Fan,comfort,11,27.5,58.11,36.23,Moderate Market Gap,40.83,Moderate Opportunity,Improve Home Appliances products by addressing comfort problems,1894
P0220,Smart Ring 220,Wearables,Smart Ring,software,10,25.0,61.32,35.35,Moderate Market Gap,40.82,Moderate Opportunity,Improve Wearables products by addressing software problems,1895
P0220,Smart Ring 220,Wearables,Smart Ring,delivery,10,25.0,61.32,35.35,Moderate Market Gap,40.82,Moderate Opportunity,Improve Wearables products by addressing delivery problems,1896
P0220,Smart Ring 220,Wearables,Smart Ring,comfort,10,25.0,61.32,35.35,Moderate Market Gap,40.82,Moderate Opportunity,Improve Wearables products by addressing comfort problems,1897
P0092,Fitness Band 92,Wearables,Fitness Band,software,11,27.5,58.71,35.35,Moderate Market Gap,40.78,Moderate Opportunity,Improve Wearables products by addressing software problems,1898
P0431,Bluetooth Speaker 431,Audio,Bluetooth Speaker,delivery,6,15.0,71.32,35.19,Moderate Market Gap,40.77,Moderate Opportunity,Improve Audio products by addressing delivery problems,1899
P0431,Bluetooth Speaker 431,Audio,Bluetooth Speaker,performance,6,15.0,71.32,35.19,Moderate Market Gap,40.77,Moderate Opportunity,Improve Audio products by addressing performance problems,1900
P0296,Headphones 296,Audio,Headphones,price,14,35.0,51.28,35.19,Moderate Market Gap,40.75,Moderate Opportunity,Improve Audio products by addressing price problems,1901
P0296,Headphones 296,Audio,Headphones,delivery,14,35.0,51.28,35.19,Moderate Market Gap,40.75,Moderate Opportunity,Improve Audio products by addressing delivery problems,1902
P0158,Smartphone 158,Mobile,Smartphone,quality,17,42.5,42.65,36.43,Moderate Market Gap,40.73,Moderate Opportunity,Improve Mobile products by addressing quality problems,1903
P0241,Wireless Earbuds 241,Audio,Wireless Earbuds,performance,17,42.5,43.72,35.19,Moderate Market Gap,40.73,Moderate Opportunity,Improve Audio products by addressing performance problems,1904
P0309,Fitness Band 309,Wearables,Fitness Band,software,16,40.0,46.05,35.35,Moderate Market Gap,40.72,Moderate Opportunity,Improve Wearables products by addressing software problems,1905
P0306,Fitness Band 306,Wearables,Fitness Band,comfort,13,32.5,53.54,35.35,Moderate Market Gap,40.72,Moderate Opportunity,Improve Wearables products by addressing comfort problems,1906
P0358,Bluetooth Speaker 358,Audio,Bluetooth Speaker,delivery,10,25.0,61.14,35.19,Moderate Market Gap,40.71,Moderate Opportunity,Improve Audio products by addressing delivery problems,1907
P0454,Smart Fan 454,Home Appliances,Smart Fan,software,9,22.5,62.76,36.23,Moderate Market Gap,40.71,Moderate Opportunity,Improve Home Appliances products by addressing software problems,1908
P0454,Smart Fan 454,Home Appliances,Smart Fan,price,9,22.5,62.76,36.23,Moderate Market Gap,40.71,Moderate Opportunity,Improve Home Appliances products by addressing price problems,1909
P0345,Tablet 345,Mobile,Tablet,price,4,10.0,75.09,36.43,Moderate Market Gap,40.71,Moderate Opportunity,Improve Mobile products by addressing price problems,1910
P0401,Headphones 401,Audio,Headphones,comfort,16,40.0,46.12,35.19,Moderate Market Gap,40.7,Moderate Opportunity,Improve Audio products by addressing comfort problems,1911
P0063,Fitness Band 63,Wearables,Fitness Band,price,13,32.5,53.45,35.35,Moderate Market Gap,40.69,Moderate Opportunity,Improve Wearables products by addressing price problems,1912
P0077,Fitness Watch 77,Watches,Fitness Watch,delivery,8,20.0,64.66,36.86,Moderate Market Gap,40.69,Moderate Opportunity,Improve Watches products by addressing delivery problems,1913
P0404,Bluetooth Speaker 404,Audio,Bluetooth Speaker,performance,8,20.0,66.09,35.19,Moderate Market Gap,40.69,Moderate Opportunity,Improve Audio products by addressing performance problems,1914
P0497,Smart Ring 497,Wearables,Smart Ring,software,7,17.5,68.43,35.35,Moderate Market Gap,40.68,Moderate Opportunity,Improve Wearables products by addressing software problems,1915
P0292,Smart Fan 292,Home Appliances,Smart Fan,comfort,16,40.0,45.15,36.23,Moderate Market Gap,40.67,Moderate Opportunity,Improve Home Appliances products by addressing comfort problems,1916
P0111,Smartphone 111,Mobile,Smartphone,comfort,7,17.5,67.48,36.43,Moderate Market Gap,40.67,Moderate Opportunity,Improve Mobile products by addressing comfort problems,1917
P0036,Smart Watch 36,Watches,Smart Watch,comfort,12,30.0,54.59,36.86,Moderate Market Gap,40.66,Moderate Opportunity,Improve Watches products by addressing comfort problems,1918
P0476,Wireless Earbuds 476,Audio,Wireless Earbuds,quality,14,35.0,50.98,35.19,Moderate Market Gap,40.65,Moderate Opportunity,Improve Audio products by addressing quality problems,1919
P0476,Wireless Earbuds 476,Audio,Wireless Earbuds,software,14,35.0,50.98,35.19,Moderate Market Gap,40.65,Moderate Opportunity,Improve Audio products by addressing software problems,1920
P0476,Wireless Earbuds 476,Audio,Wireless Earbuds,delivery,14,35.0,50.98,35.19,Moderate Market Gap,40.65,Moderate Opportunity,Improve Audio products by addressing delivery problems,1921
P0007,Tablet 7,Mobile,Tablet,comfort,6,15.0,69.88,36.43,Moderate Market Gap,40.64,Moderate Opportunity,Improve Mobile products by addressing comfort problems,1922
P0007,Tablet 7,Mobile,Tablet,delivery,6,15.0,69.88,36.43,Moderate Market Gap,40.64,Moderate Opportunity,Improve Mobile products by addressing delivery problems,1923
P0175,Fitness Band 175,Wearables,Fitness Band,performance,16,40.0,45.82,35.35,Moderate Market Gap,40.64,Moderate Opportunity,Improve Wearables products by addressing performance problems,1924
P0119,Wireless Earbuds 119,Audio,Wireless Earbuds,performance,13,32.5,53.42,35.19,Moderate Market Gap,40.63,Moderate Opportunity,Improve Audio products by addressing performance problems,1925
P0337,Analog Watch 337,Watches,Analog Watch,software,13,32.5,51.99,36.86,Moderate Market Gap,40.63,Moderate Opportunity,Improve Watches products by addressing software problems,1926
P0038,Tablet 38,Mobile,Tablet,comfort,15,37.5,47.36,36.43,Moderate Market Gap,40.63,Moderate Opportunity,Improve Mobile products by addressing comfort problems,1927
P0129,Air Purifier 129,Home Appliances,Air Purifier,battery,20,50.0,35.02,36.23,Moderate Market Gap,40.63,Moderate Opportunity,Improve Home Appliances products by addressing battery problems,1928
P0337,Analog Watch 337,Watches,Analog Watch,performance,13,32.5,51.99,36.86,Moderate Market Gap,40.63,Moderate Opportunity,Improve Watches products by addressing performance problems,1929
P0424,Smart Ring 424,Wearables,Smart Ring,software,13,32.5,53.26,35.35,Moderate Market Gap,40.62,Moderate Opportunity,Improve Wearables products by addressing software problems,1930
P0194,Air Purifier 194,Home Appliances,Air Purifier,quality,15,37.5,47.47,36.23,Moderate Market Gap,40.61,Moderate Opportunity,Improve Home Appliances products by addressing quality problems,1931
P0120,Smart Light 120,Home Appliances,Smart Light,software,14,35.0,49.98,36.23,Moderate Market Gap,40.61,Moderate Opportunity,Improve Home Appliances products by addressing software problems,1932
P0060,Smartphone 60,Mobile,Smartphone,software,14,35.0,49.75,36.43,Moderate Market Gap,40.59,Moderate Opportunity,Improve Mobile products by addressing software problems,1933
P0277,Smartphone 277,Mobile,Smartphone,quality,18,45.0,39.7,36.43,Moderate Market Gap,40.57,Moderate Opportunity,Improve Mobile products by addressing quality problems,1934
P0363,Tablet 363,Mobile,Tablet,performance,9,22.5,62.14,36.43,Moderate Market Gap,40.55,Moderate Opportunity,Improve Mobile products by addressing performance problems,1935
P0363,Tablet 363,Mobile,Tablet,comfort,9,22.5,62.14,36.43,Moderate Market Gap,40.55,Moderate Opportunity,Improve Mobile products by addressing comfort problems,1936
P0270,Smart Watch 270,Watches,Smart Watch,delivery,10,25.0,59.26,36.86,Moderate Market Gap,40.55,Moderate Opportunity,Improve Watches products by addressing delivery problems,1937
P0270,Smart Watch 270,Watches,Smart Watch,software,10,25.0,59.26,36.86,Moderate Market Gap,40.55,Moderate Opportunity,Improve Watches products by addressing software problems,1938
P0282,Smartphone 282,Mobile,Smartphone,battery,19,47.5,37.14,36.43,Moderate Market Gap,40.55,Moderate Opportunity,Improve Mobile products by addressing battery problems,1939
P0095,Analog Watch 95,Watches,Analog Watch,price,12,30.0,54.25,36.86,Moderate Market Gap,40.55,Moderate Opportunity,Improve Watches products by addressing price problems,1940
P0494,Fitness Watch 494,Watches,Fitness Watch,battery,12,30.0,54.27,36.86,Moderate Market Gap,40.55,Moderate Opportunity,Improve Watches products by addressing battery problems,1941
P0363,Tablet 363,Mobile,Tablet,price,9,22.5,62.14,36.43,Moderate Market Gap,40.55,Moderate Opportunity,Improve Mobile products by addressing price problems,1942
P0456,Bluetooth Speaker 456,Audio,Bluetooth Speaker,price,12,30.0,55.64,35.19,Moderate Market Gap,40.53,Moderate Opportunity,Improve Audio products by addressing price problems,1943
P0464,Smart Light 464,Home Appliances,Smart Light,price,11,27.5,57.22,36.23,Moderate Market Gap,40.52,Moderate Opportunity,Improve Home Appliances products by addressing price problems,1944
P0109,Smart Fan 109,Home Appliances,Smart Fan,performance,12,30.0,54.68,36.23,Moderate Market Gap,40.51,Moderate Opportunity,Improve Home Appliances products by addressing performance problems,1945
P0196,Smart Ring 196,Wearables,Smart Ring,delivery,6,15.0,70.43,35.35,Moderate Market Gap,40.51,Moderate Opportunity,Improve Wearables products by addressing delivery problems,1946
P0034,Bluetooth Speaker 34,Audio,Bluetooth Speaker,quality,18,45.0,40.56,35.19,Moderate Market Gap,40.5,Moderate Opportunity,Improve Audio products by addressing quality problems,1947
P0308,Smart Watch 308,Watches,Smart Watch,software,8,20.0,64.13,36.86,Moderate Market Gap,40.5,Moderate Opportunity,Improve Watches products by addressing software problems,1948
P0274,Smart Watch 274,Watches,Smart Watch,performance,17,42.5,41.62,36.86,Moderate Market Gap,40.5,Moderate Opportunity,Improve Watches products by addressing performance problems,1949
P0088,Air Purifier 88,Home Appliances,Air Purifier,comfort,10,25.0,59.64,36.23,Moderate Market Gap,40.49,Moderate Opportunity,Improve Home Appliances products by addressing comfort problems,1950
P0461,Headphones 461,Audio,Headphones,quality,18,45.0,40.5,35.19,Moderate Market Gap,40.48,Moderate Opportunity,Improve Audio products by addressing quality problems,1951
P0427,Analog Watch 427,Watches,Analog Watch,delivery,10,25.0,59.06,36.86,Moderate Market Gap,40.48,Moderate Opportunity,Improve Watches products by addressing delivery problems,1952
P0195,Fitness Band 195,Wearables,Fitness Band,price,14,35.0,50.32,35.35,Moderate Market Gap,40.47,Moderate Opportunity,Improve Wearables products by addressing price problems,1953
P0479,Fitness Watch 479,Watches,Fitness Watch,delivery,6,15.0,69.04,36.86,Moderate Market Gap,40.47,Moderate Opportunity,Improve Watches products by addressing delivery problems,1954
P0167,Fitness Watch 167,Watches,Fitness Watch,performance,18,45.0,38.98,36.86,Moderate Market Gap,40.45,Moderate Opportunity,Improve Watches products by addressing performance problems,1955
P0264,Tablet 264,Mobile,Tablet,performance,10,25.0,59.35,36.43,Moderate Market Gap,40.45,Moderate Opportunity,Improve Mobile products by addressing performance problems,1956
P0301,Bluetooth Speaker 301,Audio,Bluetooth Speaker,quality,21,52.5,32.9,35.19,Moderate Market Gap,40.45,Moderate Opportunity,Improve Audio products by addressing quality problems,1957
P0437,Tablet 437,Mobile,Tablet,comfort,13,32.5,51.82,36.43,Moderate Market Gap,40.44,Moderate Opportunity,Improve Mobile products by addressing comfort problems,1958
P0281,Smart Ring 281,Wearables,Smart Ring,software,6,15.0,70.25,35.35,Moderate Market Gap,40.44,Moderate Opportunity,Improve Wearables products by addressing software problems,1959
P0406,Fitness Band 406,Wearables,Fitness Band,software,13,32.5,52.74,35.35,Moderate Market Gap,40.44,Moderate Opportunity,Improve Wearables products by addressing software problems,1960
P0384,Bluetooth Speaker 384,Audio,Bluetooth Speaker,price,14,35.0,50.39,35.19,Moderate Market Gap,40.44,Moderate Opportunity,Improve Audio products by addressing price problems,1961
P0232,Smart Ring 232,Wearables,Smart Ring,performance,9,22.5,62.71,35.35,Moderate Market Gap,40.43,Moderate Opportunity,Improve Wearables products by addressing performance problems,1962
P0434,Analog Watch 434,Watches,Analog Watch,performance,19,47.5,36.43,36.86,Moderate Market Gap,40.43,Moderate Opportunity,Improve Watches products by addressing performance problems,1963
P0043,Tablet 43,Mobile,Tablet,comfort,7,17.5,66.77,36.43,Moderate Market Gap,40.42,Moderate Opportunity,Improve Mobile products by addressing comfort problems,1964
P0072,Smart Light 72,Home Appliances,Smart Light,performance,15,37.5,46.94,36.23,Moderate Market Gap,40.42,Moderate Opportunity,Improve Home Appliances products by addressing performance problems,1965
P0420,Smart Ring 420,Wearables,Smart Ring,delivery,11,27.5,57.69,35.35,Moderate Market Gap,40.42,Moderate Opportunity,Improve Wearables products by addressing delivery problems,1966
P0155,Tablet 155,Mobile,Tablet,delivery,10,25.0,59.26,36.43,Moderate Market Gap,40.42,Moderate Opportunity,Improve Mobile products by addressing delivery problems,1967
P0155,Tablet 155,Mobile,Tablet,price,10,25.0,59.26,36.43,Moderate Market Gap,40.42,Moderate Opportunity,Improve Mobile products by addressing price problems,1968
P0364,Bluetooth Speaker 364,Audio,Bluetooth Speaker,quality,20,50.0,35.3,35.19,Moderate Market Gap,40.41,Moderate Opportunity,Improve Audio products by addressing quality problems,1969
P0365,Smart Ring 365,Wearables,Smart Ring,comfort,8,20.0,65.13,35.35,Moderate Market Gap,40.4,Moderate Opportunity,Improve Wearables products by addressing comfort problems,1970
P0044,Fitness Band 44,Wearables,Fitness Band,delivery,13,32.5,52.63,35.35,Moderate Market Gap,40.4,Moderate Opportunity,Improve Wearables products by addressing delivery problems,1971
P0365,Smart Ring 365,Wearables,Smart Ring,delivery,8,20.0,65.13,35.35,Moderate Market Gap,40.4,Moderate Opportunity,Improve Wearables products by addressing delivery problems,1972
P0252,Smartphone 252,Mobile,Smartphone,software,12,30.0,54.1,36.43,Moderate Market Gap,40.36,Moderate Opportunity,Improve Mobile products by addressing software problems,1973
P0428,Wireless Earbuds 428,Audio,Wireless Earbuds,performance,7,17.5,67.52,35.19,Moderate Market Gap,40.31,Moderate Opportunity,Improve Audio products by addressing performance problems,1974
P0133,Wireless Earbuds 133,Audio,Wireless Earbuds,comfort,11,27.5,57.5,35.19,Moderate Market Gap,40.31,Moderate Opportunity,Improve Audio products by addressing comfort problems,1975
P0322,Smart Watch 322,Watches,Smart Watch,software,19,47.5,36.05,36.86,Moderate Market Gap,40.3,Moderate Opportunity,Improve Watches products by addressing software problems,1976
P0019,Fitness Watch 19,Watches,Fitness Watch,performance,17,42.5,41.05,36.86,Moderate Market Gap,40.3,Moderate Opportunity,Improve Watches products by addressing performance problems,1977
P0160,Smart Fan 160,Home Appliances,Smart Fan,delivery,13,32.5,51.52,36.23,Moderate Market Gap,40.28,Moderate Opportunity,Improve Home Appliances products by addressing delivery problems,1978
P0164,Smart Fan 164,Home Appliances,Smart Fan,performance,15,37.5,46.5,36.23,Moderate Market Gap,40.27,Moderate Opportunity,Improve Home Appliances products by addressing performance problems,1979
P0344,Smartphone 344,Mobile,Smartphone,software,6,15.0,68.77,36.43,Moderate Market Gap,40.25,Moderate Opportunity,Improve Mobile products by addressing software problems,1980
P0332,Smart Watch 332,Watches,Smart Watch,comfort,11,27.5,55.9,36.86,Moderate Market Gap,40.25,Moderate Opportunity,Improve Watches products by addressing comfort problems,1981
P0332,Smart Watch 332,Watches,Smart Watch,price,11,27.5,55.9,36.86,Moderate Market Gap,40.25,Moderate Opportunity,Improve Watches products by addressing price problems,1982
P0335,Headphones 335,Audio,Headphones,delivery,16,40.0,44.81,35.19,Moderate Market Gap,40.24,Moderate Opportunity,Improve Audio products by addressing delivery problems,1983
P0407,Fitness Band 407,Wearables,Fitness Band,comfort,10,25.0,59.66,35.35,Moderate Market Gap,40.24,Moderate Opportunity,Improve Wearables products by addressing comfort problems,1984
P0169,Analog Watch 169,Watches,Analog Watch,performance,13,32.5,50.87,36.86,Moderate Market Gap,40.24,Moderate Opportunity,Improve Watches products by addressing performance problems,1985
P0407,Fitness Band 407,Wearables,Fitness Band,price,10,25.0,59.66,35.35,Moderate Market Gap,40.24,Moderate Opportunity,Improve Wearables products by addressing price problems,1986
P0258,Smart Watch 258,Watches,Smart Watch,comfort,7,17.5,65.83,36.86,Moderate Market Gap,40.22,Moderate Opportunity,Improve Watches products by addressing comfort problems,1987
P0028,Fitness Band 28,Wearables,Fitness Band,comfort,7,17.5,67.1,35.35,Moderate Market Gap,40.21,Moderate Opportunity,Improve Wearables products by addressing comfort problems,1988
P0432,Air Purifier 432,Home Appliances,Air Purifier,quality,21,52.5,31.34,36.23,Moderate Market Gap,40.21,Moderate Opportunity,Improve Home Appliances products by addressing quality problems,1989
P0233,Air Purifier 233,Home Appliances,Air Purifier,performance,10,25.0,58.79,36.23,Moderate Market Gap,40.2,Moderate Opportunity,Improve Home Appliances products by addressing performance problems,1990
P0132,Fitness Band 132,Wearables,Fitness Band,quality,13,32.5,52.05,35.35,Moderate Market Gap,40.2,Moderate Opportunity,Improve Wearables products by addressing quality problems,1991
P0376,Smart Fan 376,Home Appliances,Smart Fan,comfort,7,17.5,66.23,36.23,Moderate Market Gap,40.17,Moderate Opportunity,Improve Home Appliances products by addressing comfort problems,1992
P0239,Tablet 239,Mobile,Tablet,price,9,22.5,61.06,36.43,Moderate Market Gap,40.17,Moderate Opportunity,Improve Mobile products by addressing price problems,1993
P0353,Analog Watch 353,Watches,Analog Watch,software,9,22.5,60.67,36.86,Moderate Market Gap,40.17,Moderate Opportunity,Improve Watches products by addressing software problems,1994
P0239,Tablet 239,Mobile,Tablet,delivery,9,22.5,61.06,36.43,Moderate Market Gap,40.17,Moderate Opportunity,Improve Mobile products by addressing delivery problems,1995
P0121,Fitness Band 121,Wearables,Fitness Band,software,9,22.5,61.96,35.35,Moderate Market Gap,40.17,Moderate Opportunity,Improve Wearables products by addressing software problems,1996
P0429,Smart Ring 429,Wearables,Smart Ring,performance,16,40.0,44.48,35.35,Moderate Market Gap,40.17,Moderate Opportunity,Improve Wearables products by addressing performance problems,1997
P0297,Smartphone 297,Mobile,Smartphone,price,4,10.0,73.51,36.43,Moderate Market Gap,40.16,Moderate Opportunity,Improve Mobile products by addressing price problems,1998
P0203,Smart Light 203,Home Appliances,Smart Light,price,5,12.5,71.18,36.23,Moderate Market Gap,40.16,Moderate Opportunity,Improve Home Appliances products by addressing price problems,1999
P0215,Smart Light 215,Home Appliances,Smart Light,software,14,35.0,48.63,36.23,Moderate Market Gap,40.14,Moderate Opportunity,Improve Home Appliances products by addressing software problems,2000
P0215,Smart Light 215,Home Appliances,Smart Light,price,14,35.0,48.63,36.23,Moderate Market Gap,40.14,Moderate Opportunity,Improve Home Appliances products by addressing price problems,2001
P0482,Smartphone 482,Mobile,Smartphone,battery,20,50.0,33.44,36.43,Moderate Market Gap,40.13,Moderate Opportunity,Improve Mobile products by addressing battery problems,2002
P0080,Wireless Earbuds 80,Audio,Wireless Earbuds,performance,11,27.5,56.98,35.19,Moderate Market Gap,40.12,Moderate Opportunity,Improve Audio products by addressing performance problems,2003
P0080,Wireless Earbuds 80,Audio,Wireless Earbuds,software,11,27.5,56.98,35.19,Moderate Market Gap,40.12,Moderate Opportunity,Improve Audio products by addressing software problems,2004
P0402,Wireless Earbuds 402,Audio,Wireless Earbuds,comfort,12,30.0,54.48,35.19,Moderate Market Gap,40.12,Moderate Opportunity,Improve Audio products by addressing comfort problems,2005
P0418,Smart Fan 418,Home Appliances,Smart Fan,software,12,30.0,53.57,36.23,Moderate Market Gap,40.12,Moderate Opportunity,Improve Home Appliances products by addressing software problems,2006
P0251,Fitness Band 251,Wearables,Fitness Band,battery,18,45.0,39.32,35.35,Moderate Market Gap,40.12,Moderate Opportunity,Improve Wearables products by addressing battery problems,2007
P0403,Smart Watch 403,Watches,Smart Watch,battery,18,45.0,38.02,36.86,Moderate Market Gap,40.11,Moderate Opportunity,Improve Watches products by addressing battery problems,2008
P0245,Smart Ring 245,Wearables,Smart Ring,price,11,27.5,56.8,35.35,Moderate Market Gap,40.11,Moderate Opportunity,Improve Wearables products by addressing price problems,2009
P0336,Tablet 336,Mobile,Tablet,delivery,8,20.0,63.36,36.43,Moderate Market Gap,40.1,Moderate Opportunity,Improve Mobile products by addressing delivery problems,2010
P0321,Smart Ring 321,Wearables,Smart Ring,price,12,30.0,54.26,35.35,Moderate Market Gap,40.1,Moderate Opportunity,Improve Wearables products by addressing price problems,2011
P0216,Headphones 216,Audio,Headphones,performance,6,15.0,69.4,35.19,Moderate Market Gap,40.1,Moderate Opportunity,Improve Audio products by addressing performance problems,2012
P0216,Headphones 216,Audio,Headphones,delivery,6,15.0,69.4,35.19,Moderate Market Gap,40.1,Moderate Opportunity,Improve Audio products by addressing delivery problems,2013
P0171,Smart Watch 171,Watches,Smart Watch,software,9,22.5,60.45,36.86,Moderate Market Gap,40.09,Moderate Opportunity,Improve Watches products by addressing software problems,2014
P0442,Smartphone 442,Mobile,Smartphone,software,11,27.5,55.81,36.43,Moderate Market Gap,40.09,Moderate Opportunity,Improve Mobile products by addressing software problems,2015
P0005,Air Purifier 5,Home Appliances,Air Purifier,comfort,11,27.5,56.0,36.23,Moderate Market Gap,40.09,Moderate Opportunity,Improve Home Appliances products by addressing comfort problems,2016
P0250,Fitness Band 250,Wearables,Fitness Band,price,7,17.5,66.68,35.35,Moderate Market Gap,40.07,Moderate Opportunity,Improve Wearables products by addressing price problems,2017
P0320,Smart Ring 320,Wearables,Smart Ring,price,14,35.0,49.19,35.35,Moderate Market Gap,40.07,Moderate Opportunity,Improve Wearables products by addressing price problems,2018
P0324,Air Purifier 324,Home Appliances,Air Purifier,performance,18,45.0,38.41,36.23,Moderate Market Gap,40.06,Moderate Opportunity,Improve Home Appliances products by addressing performance problems,2019
P0367,Smart Fan 367,Home Appliances,Smart Fan,delivery,14,35.0,48.31,36.23,Moderate Market Gap,40.03,Moderate Opportunity,Improve Home Appliances products by addressing delivery problems,2020
P0285,Smart Light 285,Home Appliances,Smart Light,software,9,22.5,60.79,36.23,Moderate Market Gap,40.02,Moderate Opportunity,Improve Home Appliances products by addressing software problems,2021
P0392,Wireless Earbuds 392,Audio,Wireless Earbuds,quality,21,52.5,31.69,35.19,Moderate Market Gap,40.02,Moderate Opportunity,Improve Audio products by addressing quality problems,2022
P0261,Analog Watch 261,Watches,Analog Watch,delivery,8,20.0,62.76,36.86,Moderate Market Gap,40.02,Moderate Opportunity,Improve Watches products by addressing delivery problems,2023
P0223,Smartphone 223,Mobile,Smartphone,software,12,30.0,53.09,36.43,Moderate Market Gap,40.01,Moderate Opportunity,Improve Mobile products by addressing software problems,2024
P0469,Smart Ring 469,Wearables,Smart Ring,software,13,32.5,51.5,35.35,Moderate Market Gap,40.0,Moderate Opportunity,Improve Wearables products by addressing software problems,2025
P0369,Air Purifier 369,Home Appliances,Air Purifier,comfort,11,27.5,55.73,36.23,Moderate Market Gap,40.0,Moderate Opportunity,Improve Home Appliances products by addressing comfort problems,2026
P0495,Tablet 495,Mobile,Tablet,performance,14,35.0,48.06,36.43,Moderate Market Gap,40.0,Moderate Opportunity,Improve Mobile products by addressing performance problems,2027
P0369,Air Purifier 369,Home Appliances,Air Purifier,delivery,11,27.5,55.73,36.23,Moderate Market Gap,40.0,Moderate Opportunity,Improve Home Appliances products by addressing delivery problems,2028
P0405,Air Purifier 405,Home Appliances,Air Purifier,software,6,15.0,68.21,36.23,Moderate Market Gap,39.99,Moderate Opportunity,Improve Home Appliances products by addressing software problems,2029
P0303,Fitness Watch 303,Watches,Fitness Watch,performance,13,32.5,50.15,36.86,Moderate Market Gap,39.99,Moderate Opportunity,Improve Watches products by addressing performance problems,2030
P0006,Headphones 6,Audio,Headphones,price,11,27.5,56.59,35.19,Moderate Market Gap,39.99,Moderate Opportunity,Improve Audio products by addressing price problems,2031
P0355,Analog Watch 355,Watches,Analog Watch,quality,19,47.5,35.17,36.86,Moderate Market Gap,39.99,Moderate Opportunity,Improve Watches products by addressing quality problems,2032
P0383,Smart Ring 383,Wearables,Smart Ring,price,6,15.0,68.97,35.35,Moderate Market Gap,39.99,Moderate Opportunity,Improve Wearables products by addressing price problems,2033
P0173,Smartphone 173,Mobile,Smartphone,delivery,11,27.5,55.5,36.43,Moderate Market Gap,39.98,Moderate Opportunity,Improve Mobile products by addressing delivery problems,2034
P0214,Fitness Band 214,Wearables,Fitness Band,comfort,11,27.5,56.44,35.35,Moderate Market Gap,39.98,Moderate Opportunity,Improve Wearables products by addressing comfort problems,2035
P0173,Smartphone 173,Mobile,Smartphone,comfort,11,27.5,55.5,36.43,Moderate Market Gap,39.98,Moderate Opportunity,Improve Mobile products by addressing comfort problems,2036
P0205,Tablet 205,Mobile,Tablet,delivery,5,12.5,70.49,36.43,Moderate Market Gap,39.98,Moderate Opportunity,Improve Mobile products by addressing delivery problems,2037
P0053,Tablet 53,Mobile,Tablet,delivery,12,30.0,53.0,36.43,Moderate Market Gap,39.98,Moderate Opportunity,Improve Mobile products by addressing delivery problems,2038
P0050,Analog Watch 50,Watches,Analog Watch,software,9,22.5,60.12,36.86,Moderate Market Gap,39.97,Moderate Opportunity,Improve Watches products by addressing software problems,2039
P0116,Smart Fan 116,Home Appliances,Smart Fan,software,12,30.0,53.12,36.23,Moderate Market Gap,39.96,Moderate Opportunity,Improve Home Appliances products by addressing software problems,2040
P0311,Smart Light 311,Home Appliances,Smart Light,software,6,15.0,68.11,36.23,Moderate Market Gap,39.96,Moderate Opportunity,Improve Home Appliances products by addressing software problems,2041
P0311,Smart Light 311,Home Appliances,Smart Light,comfort,6,15.0,68.11,36.23,Moderate Market Gap,39.96,Moderate Opportunity,Improve Home Appliances products by addressing comfort problems,2042
P0143,Headphones 143,Audio,Headphones,quality,16,40.0,43.94,35.19,Moderate Market Gap,39.94,Moderate Opportunity,Improve Audio products by addressing quality problems,2043
P0380,Fitness Band 380,Wearables,Fitness Band,delivery,8,20.0,63.8,35.35,Moderate Market Gap,39.94,Moderate Opportunity,Improve Wearables products by addressing delivery problems,2044
P0085,Fitness Band 85,Wearables,Fitness Band,comfort,12,30.0,53.82,35.35,Moderate Market Gap,39.94,Moderate Opportunity,Improve Wearables products by addressing comfort problems,2045
P0085,Fitness Band 85,Wearables,Fitness Band,software,12,30.0,53.82,35.35,Moderate Market Gap,39.94,Moderate Opportunity,Improve Wearables products by addressing software problems,2046
P0380,Fitness Band 380,Wearables,Fitness Band,price,8,20.0,63.8,35.35,Moderate Market Gap,39.94,Moderate Opportunity,Improve Wearables products by addressing price problems,2047
P0410,Analog Watch 410,Watches,Analog Watch,battery,20,50.0,32.53,36.86,Moderate Market Gap,39.94,Moderate Opportunity,Improve Watches products by addressing battery problems,2048
P0085,Fitness Band 85,Wearables,Fitness Band,delivery,12,30.0,53.82,35.35,Moderate Market Gap,39.94,Moderate Opportunity,Improve Wearables products by addressing delivery problems,2049
P0085,Fitness Band 85,Wearables,Fitness Band,price,12,30.0,53.82,35.35,Moderate Market Gap,39.94,Moderate Opportunity,Improve Wearables products by addressing price problems,2050
P0212,Smartphone 212,Mobile,Smartphone,software,9,22.5,60.35,36.43,Moderate Market Gap,39.93,Moderate Opportunity,Improve Mobile products by addressing software problems,2051
P0212,Smartphone 212,Mobile,Smartphone,comfort,9,22.5,60.35,36.43,Moderate Market Gap,39.93,Moderate Opportunity,Improve Mobile products by addressing comfort problems,2052
P0212,Smartphone 212,Mobile,Smartphone,price,9,22.5,60.35,36.43,Moderate Market Gap,39.93,Moderate Opportunity,Improve Mobile products by addressing price problems,2053
P0156,Wireless Earbuds 156,Audio,Wireless Earbuds,price,7,17.5,66.39,35.19,Moderate Market Gap,39.92,Moderate Opportunity,Improve Audio products by addressing price problems,2054
P0201,Fitness Band 201,Wearables,Fitness Band,software,16,40.0,43.73,35.35,Moderate Market Gap,39.91,Moderate Opportunity,Improve Wearables products by addressing software problems,2055
P0092,Fitness Band 92,Wearables,Fitness Band,comfort,10,25.0,58.71,35.35,Moderate Market Gap,39.9,Moderate Opportunity,Improve Wearables products by addressing comfort problems,2056
P0249,Smart Light 249,Home Appliances,Smart Light,quality,19,47.5,35.46,36.23,Moderate Market Gap,39.9,Moderate Opportunity,Improve Home Appliances products by addressing quality problems,2057
P0191,Headphones 191,Audio,Headphones,delivery,8,20.0,63.82,35.19,Moderate Market Gap,39.89,Moderate Opportunity,Improve Audio products by addressing delivery problems,2058
P0217,Fitness Watch 217,Watches,Fitness Watch,comfort,5,12.5,69.85,36.86,Moderate Market Gap,39.88,Moderate Opportunity,Improve Watches products by addressing comfort problems,2059
P0296,Headphones 296,Audio,Headphones,software,13,32.5,51.28,35.19,Moderate Market Gap,39.88,Moderate Opportunity,Improve Audio products by addressing software problems,2060
P0217,Fitness Watch 217,Watches,Fitness Watch,delivery,5,12.5,69.85,36.86,Moderate Market Gap,39.88,Moderate Opportunity,Improve Watches products by addressing delivery problems,2061
P0426,Headphones 426,Audio,Headphones,quality,18,45.0,38.77,35.19,Moderate Market Gap,39.88,Moderate Opportunity,Improve Audio products by addressing quality problems,2062
P0351,Tablet 351,Mobile,Tablet,performance,12,30.0,52.67,36.43,Moderate Market Gap,39.86,Moderate Opportunity,Improve Mobile products by addressing performance problems,2063
P0037,Analog Watch 37,Watches,Analog Watch,performance,18,45.0,37.3,36.86,Moderate Market Gap,39.86,Moderate Opportunity,Improve Watches products by addressing performance problems,2064
P0394,Fitness Watch 394,Watches,Fitness Watch,software,8,20.0,62.27,36.86,Moderate Market Gap,39.85,Moderate Opportunity,Improve Watches products by addressing software problems,2065
P0394,Fitness Watch 394,Watches,Fitness Watch,delivery,8,20.0,62.27,36.86,Moderate Market Gap,39.85,Moderate Opportunity,Improve Watches products by addressing delivery problems,2066
P0478,Smart Fan 478,Home Appliances,Smart Fan,performance,10,25.0,57.74,36.23,Moderate Market Gap,39.83,Moderate Opportunity,Improve Home Appliances products by addressing performance problems,2067
P0018,Smart Ring 18,Wearables,Smart Ring,performance,18,45.0,38.46,35.35,Moderate Market Gap,39.82,Moderate Opportunity,Improve Wearables products by addressing performance problems,2068
P0326,Smart Watch 326,Watches,Smart Watch,price,8,20.0,62.16,36.86,Moderate Market Gap,39.81,Moderate Opportunity,Improve Watches products by addressing price problems,2069
P0417,Smart Light 417,Home Appliances,Smart Light,comfort,12,30.0,52.69,36.23,Moderate Market Gap,39.81,Moderate Opportunity,Improve Home Appliances products by addressing comfort problems,2070
P0404,Bluetooth Speaker 404,Audio,Bluetooth Speaker,delivery,7,17.5,66.09,35.19,Moderate Market Gap,39.81,Moderate Opportunity,Improve Audio products by addressing delivery problems,2071
P0077,Fitness Watch 77,Watches,Fitness Watch,comfort,7,17.5,64.66,36.86,Moderate Market Gap,39.81,Moderate Opportunity,Improve Watches products by addressing comfort problems,2072
P0326,Smart Watch 326,Watches,Smart Watch,comfort,8,20.0,62.16,36.86,Moderate Market Gap,39.81,Moderate Opportunity,Improve Watches products by addressing comfort problems,2073
P0292,Smart Fan 292,Home Appliances,Smart Fan,price,15,37.5,45.15,36.23,Moderate Market Gap,39.8,Moderate Opportunity,Improve Home Appliances products by addressing price problems,2074
P0243,Bluetooth Speaker 243,Audio,Bluetooth Speaker,quality,21,52.5,31.01,35.19,Moderate Market Gap,39.79,Moderate Opportunity,Improve Audio products by addressing quality problems,2075
P0175,Fitness Band 175,Wearables,Fitness Band,comfort,15,37.5,45.82,35.35,Moderate Market Gap,39.77,Moderate Opportunity,Improve Wearables products by addressing comfort problems,2076
P0246,Fitness Watch 246,Watches,Fitness Watch,performance,17,42.5,39.51,36.86,Moderate Market Gap,39.76,Moderate Opportunity,Improve Watches products by addressing performance problems,2077
P0446,Tablet 446,Mobile,Tablet,delivery,13,32.5,49.88,36.43,Moderate Market Gap,39.76,Moderate Opportunity,Improve Mobile products by addressing delivery problems,2078
P0337,Analog Watch 337,Watches,Analog Watch,delivery,12,30.0,51.99,36.86,Moderate Market Gap,39.75,Moderate Opportunity,Improve Watches products by addressing delivery problems,2079
P0424,Smart Ring 424,Wearables,Smart Ring,price,12,30.0,53.26,35.35,Moderate Market Gap,39.75,Moderate Opportunity,Improve Wearables products by addressing price problems,2080
P0337,Analog Watch 337,Watches,Analog Watch,price,12,30.0,51.99,36.86,Moderate Market Gap,39.75,Moderate Opportunity,Improve Watches products by addressing price problems,2081
P0323,Smart Watch 323,Watches,Smart Watch,price,10,25.0,56.94,36.86,Moderate Market Gap,39.74,Moderate Opportunity,Improve Watches products by addressing price problems,2082
P0289,Smart Ring 289,Wearables,Smart Ring,comfort,13,32.5,50.73,35.35,Moderate Market Gap,39.74,Moderate Opportunity,Improve Wearables products by addressing comfort problems,2083
P0381,Bluetooth Speaker 381,Audio,Bluetooth Speaker,quality,18,45.0,38.34,35.19,Moderate Market Gap,39.73,Moderate Opportunity,Improve Audio products by addressing quality problems,2084
P0189,Smartphone 189,Mobile,Smartphone,price,12,30.0,52.29,36.43,Moderate Market Gap,39.73,Moderate Opportunity,Improve Mobile products by addressing price problems,2085
P0441,Smartphone 441,Mobile,Smartphone,quality,19,47.5,34.8,36.43,Moderate Market Gap,39.73,Moderate Opportunity,Improve Mobile products by addressing quality problems,2086
P0126,Tablet 126,Mobile,Tablet,quality,18,45.0,37.28,36.43,Moderate Market Gap,39.73,Moderate Opportunity,Improve Mobile products by addressing quality problems,2087
P0317,Smart Light 317,Home Appliances,Smart Light,comfort,11,27.5,54.92,36.23,Moderate Market Gap,39.72,Moderate Opportunity,Improve Home Appliances products by addressing comfort problems,2088
P0317,Smart Light 317,Home Appliances,Smart Light,delivery,11,27.5,54.92,36.23,Moderate Market Gap,39.72,Moderate Opportunity,Improve Home Appliances products by addressing delivery problems,2089
P0259,Smart Fan 259,Home Appliances,Smart Fan,quality,16,40.0,42.44,36.23,Moderate Market Gap,39.72,Moderate Opportunity,Improve Home Appliances products by addressing quality problems,2090
P0159,Analog Watch 159,Watches,Analog Watch,quality,19,47.5,34.37,36.86,Moderate Market Gap,39.71,Moderate Opportunity,Improve Watches products by addressing quality problems,2091
P0219,Smart Ring 219,Wearables,Smart Ring,comfort,13,32.5,50.65,35.35,Moderate Market Gap,39.71,Moderate Opportunity,Improve Wearables products by addressing comfort problems,2092
P0472,Smartphone 472,Mobile,Smartphone,quality,19,47.5,34.7,36.43,Moderate Market Gap,39.7,Moderate Opportunity,Improve Mobile products by addressing quality problems,2093
P0059,Air Purifier 59,Home Appliances,Air Purifier,delivery,9,22.5,59.83,36.23,Moderate Market Gap,39.68,Moderate Opportunity,Improve Home Appliances products by addressing delivery problems,2094
P0494,Fitness Watch 494,Watches,Fitness Watch,software,11,27.5,54.27,36.86,Moderate Market Gap,39.68,Moderate Opportunity,Improve Watches products by addressing software problems,2095
P0066,Smart Fan 66,Home Appliances,Smart Fan,delivery,16,40.0,42.32,36.23,Moderate Market Gap,39.68,Moderate Opportunity,Improve Home Appliances products by addressing delivery problems,2096
P0494,Fitness Watch 494,Watches,Fitness Watch,price,11,27.5,54.27,36.86,Moderate Market Gap,39.68,Moderate Opportunity,Improve Watches products by addressing price problems,2097
P0363,Tablet 363,Mobile,Tablet,software,8,20.0,62.14,36.43,Moderate Market Gap,39.68,Moderate Opportunity,Improve Mobile products by addressing software problems,2098
P0458,Headphones 458,Audio,Headphones,software,11,27.5,55.69,35.19,Moderate Market Gap,39.67,Moderate Opportunity,Improve Audio products by addressing software problems,2099
P0443,Wireless Earbuds 443,Audio,Wireless Earbuds,battery,19,47.5,35.69,35.19,Moderate Market Gap,39.67,Moderate Opportunity,Improve Audio products by addressing battery problems,2100
P0056,Analog Watch 56,Watches,Analog Watch,price,8,20.0,61.72,36.86,Moderate Market Gap,39.66,Moderate Opportunity,Improve Watches products by addressing price problems,2101
P0012,Fitness Band 12,Wearables,Fitness Band,software,8,20.0,63.02,35.35,Moderate Market Gap,39.66,Moderate Opportunity,Improve Wearables products by addressing software problems,2102
P0056,Analog Watch 56,Watches,Analog Watch,delivery,8,20.0,61.72,36.86,Moderate Market Gap,39.66,Moderate Opportunity,Improve Watches products by addressing delivery problems,2103
P0238,Air Purifier 238,Home Appliances,Air Purifier,delivery,11,27.5,54.77,36.23,Moderate Market Gap,39.66,Moderate Opportunity,Improve Home Appliances products by addressing delivery problems,2104
P0302,Bluetooth Speaker 302,Audio,Bluetooth Speaker,price,10,25.0,58.13,35.19,Moderate Market Gap,39.65,Moderate Opportunity,Improve Audio products by addressing price problems,2105
P0302,Bluetooth Speaker 302,Audio,Bluetooth Speaker,delivery,10,25.0,58.13,35.19,Moderate Market Gap,39.65,Moderate Opportunity,Improve Audio products by addressing delivery problems,2106
P0302,Bluetooth Speaker 302,Audio,Bluetooth Speaker,software,10,25.0,58.13,35.19,Moderate Market Gap,39.65,Moderate Opportunity,Improve Audio products by addressing software problems,2107
P0255,Bluetooth Speaker 255,Audio,Bluetooth Speaker,software,7,17.5,65.63,35.19,Moderate Market Gap,39.65,Moderate Opportunity,Improve Audio products by addressing software problems,2108
P0140,Smartphone 140,Mobile,Smartphone,software,9,22.5,59.51,36.43,Moderate Market Gap,39.63,Moderate Opportunity,Improve Mobile products by addressing software problems,2109
P0231,Smartphone 231,Mobile,Smartphone,performance,16,40.0,41.99,36.43,Moderate Market Gap,39.63,Moderate Opportunity,Improve Mobile products by addressing performance problems,2110
P0140,Smartphone 140,Mobile,Smartphone,delivery,9,22.5,59.51,36.43,Moderate Market Gap,39.63,Moderate Opportunity,Improve Mobile products by addressing delivery problems,2111
P0083,Air Purifier 83,Home Appliances,Air Purifier,delivery,12,30.0,52.12,36.23,Moderate Market Gap,39.61,Moderate Opportunity,Improve Home Appliances products by addressing delivery problems,2112
P0061,Wireless Earbuds 61,Audio,Wireless Earbuds,price,9,22.5,60.52,35.19,Moderate Market Gap,39.61,Moderate Opportunity,Improve Audio products by addressing price problems,2113
P0061,Wireless Earbuds 61,Audio,Wireless Earbuds,software,9,22.5,60.52,35.19,Moderate Market Gap,39.61,Moderate Opportunity,Improve Audio products by addressing software problems,2114
P0234,Air Purifier 234,Home Appliances,Air Purifier,delivery,8,20.0,62.11,36.23,Moderate Market Gap,39.61,Moderate Opportunity,Improve Home Appliances products by addressing delivery problems,2115
P0083,Air Purifier 83,Home Appliances,Air Purifier,comfort,12,30.0,52.12,36.23,Moderate Market Gap,39.61,Moderate Opportunity,Improve Home Appliances products by addressing comfort problems,2116
P0041,Headphones 41,Audio,Headphones,delivery,12,30.0,52.99,35.19,Moderate Market Gap,39.6,Moderate Opportunity,Improve Audio products by addressing delivery problems,2117
P0342,Smartphone 342,Mobile,Smartphone,delivery,5,12.5,69.43,36.43,Moderate Market Gap,39.6,Moderate Opportunity,Improve Mobile products by addressing delivery problems,2118
P0069,Headphones 69,Audio,Headphones,delivery,4,10.0,72.94,35.19,Moderate Market Gap,39.59,Moderate Opportunity,Improve Audio products by addressing delivery problems,2119
P0349,Smart Fan 349,Home Appliances,Smart Fan,comfort,12,30.0,52.07,36.23,Moderate Market Gap,39.59,Moderate Opportunity,Improve Home Appliances products by addressing comfort problems,2120
P0195,Fitness Band 195,Wearables,Fitness Band,comfort,13,32.5,50.32,35.35,Moderate Market Gap,39.59,Moderate Opportunity,Improve Wearables products by addressing comfort problems,2121
P0264,Tablet 264,Mobile,Tablet,comfort,9,22.5,59.35,36.43,Moderate Market Gap,39.58,Moderate Opportunity,Improve Mobile products by addressing comfort problems,2122
P0310,Fitness Band 310,Wearables,Fitness Band,comfort,14,35.0,47.79,35.35,Moderate Market Gap,39.58,Moderate Opportunity,Improve Wearables products by addressing comfort problems,2123
P0384,Bluetooth Speaker 384,Audio,Bluetooth Speaker,performance,13,32.5,50.39,35.19,Moderate Market Gap,39.57,Moderate Opportunity,Improve Audio products by addressing performance problems,2124
P0384,Bluetooth Speaker 384,Audio,Bluetooth Speaker,delivery,13,32.5,50.39,35.19,Moderate Market Gap,39.57,Moderate Opportunity,Improve Audio products by addressing delivery problems,2125
P0248,Headphones 248,Audio,Headphones,software,6,15.0,67.87,35.19,Moderate Market Gap,39.56,Moderate Opportunity,Improve Audio products by addressing software problems,2126
P0193,Fitness Band 193,Wearables,Fitness Band,comfort,7,17.5,65.23,35.35,Moderate Market Gap,39.56,Moderate Opportunity,Improve Wearables products by addressing comfort problems,2127
P0248,Headphones 248,Audio,Headphones,delivery,6,15.0,67.87,35.19,Moderate Market Gap,39.56,Moderate Opportunity,Improve Audio products by addressing delivery problems,2128
P0406,Fitness Band 406,Wearables,Fitness Band,performance,12,30.0,52.74,35.35,Moderate Market Gap,39.56,Moderate Opportunity,Improve Wearables products by addressing performance problems,2129
P0406,Fitness Band 406,Wearables,Fitness Band,price,12,30.0,52.74,35.35,Moderate Market Gap,39.56,Moderate Opportunity,Improve Wearables products by addressing price problems,2130
P0444,Fitness Band 444,Wearables,Fitness Band,battery,17,42.5,40.24,35.35,Moderate Market Gap,39.56,Moderate Opportunity,Improve Wearables products by addressing battery problems,2131
P0101,Bluetooth Speaker 101,Audio,Bluetooth Speaker,performance,17,42.5,40.33,35.19,Moderate Market Gap,39.55,Moderate Opportunity,Improve Audio products by addressing performance problems,2132
P0275,Tablet 275,Mobile,Tablet,price,14,35.0,46.77,36.43,Moderate Market Gap,39.55,Moderate Opportunity,Improve Mobile products by addressing price problems,2133
P0348,Analog Watch 348,Watches,Analog Watch,software,13,32.5,48.9,36.86,Moderate Market Gap,39.55,Moderate Opportunity,Improve Watches products by addressing software problems,2134
P0364,Bluetooth Speaker 364,Audio,Bluetooth Speaker,battery,19,47.5,35.3,35.19,Moderate Market Gap,39.54,Moderate Opportunity,Improve Audio products by addressing battery problems,2135
P0025,Smart Watch 25,Watches,Smart Watch,comfort,9,22.5,58.86,36.86,Moderate Market Gap,39.53,Moderate Opportunity,Improve Watches products by addressing comfort problems,2136
P0288,Smart Ring 288,Wearables,Smart Ring,price,6,15.0,67.62,35.35,Moderate Market Gap,39.52,Moderate Opportunity,Improve Wearables products by addressing price problems,2137
P0465,Fitness Band 465,Wearables,Fitness Band,comfort,10,25.0,57.58,35.35,Moderate Market Gap,39.51,Moderate Opportunity,Improve Wearables products by addressing comfort problems,2138
P0148,Analog Watch 148,Watches,Analog Watch,performance,13,32.5,48.76,36.86,Moderate Market Gap,39.5,Moderate Opportunity,Improve Watches products by addressing performance problems,2139
P0252,Smartphone 252,Mobile,Smartphone,performance,11,27.5,54.1,36.43,Moderate Market Gap,39.49,Moderate Opportunity,Improve Mobile products by addressing performance problems,2140
P0209,Wireless Earbuds 209,Audio,Wireless Earbuds,software,7,17.5,65.11,35.19,Moderate Market Gap,39.47,Moderate Opportunity,Improve Audio products by addressing software problems,2141
P0408,Smartphone 408,Mobile,Smartphone,comfort,14,35.0,46.53,36.43,Moderate Market Gap,39.46,Moderate Opportunity,Improve Mobile products by addressing comfort problems,2142
P0328,Smartphone 328,Mobile,Smartphone,delivery,9,22.5,58.98,36.43,Moderate Market Gap,39.45,Moderate Opportunity,Improve Mobile products by addressing delivery problems,2143
P0366,Air Purifier 366,Home Appliances,Air Purifier,quality,20,50.0,31.61,36.23,Moderate Market Gap,39.43,Moderate Opportunity,Improve Home Appliances products by addressing quality problems,2144
P0322,Smart Watch 322,Watches,Smart Watch,quality,18,45.0,36.05,36.86,Moderate Market Gap,39.43,Moderate Opportunity,Improve Watches products by addressing quality problems,2145
P0019,Fitness Watch 19,Watches,Fitness Watch,comfort,16,40.0,41.05,36.86,Moderate Market Gap,39.43,Moderate Opportunity,Improve Watches products by addressing comfort problems,2146
P0188,Headphones 188,Audio,Headphones,comfort,11,27.5,54.98,35.19,Moderate Market Gap,39.42,Moderate Opportunity,Improve Audio products by addressing comfort problems,2147
P0412,Air Purifier 412,Home Appliances,Air Purifier,quality,12,30.0,51.55,36.23,Moderate Market Gap,39.41,Moderate Opportunity,Improve Home Appliances products by addressing quality problems,2148
P0453,Smartphone 453,Mobile,Smartphone,delivery,12,30.0,51.37,36.43,Moderate Market Gap,39.41,Moderate Opportunity,Improve Mobile products by addressing delivery problems,2149
P0125,Air Purifier 125,Home Appliances,Air Purifier,comfort,8,20.0,61.54,36.23,Moderate Market Gap,39.41,Moderate Opportunity,Improve Home Appliances products by addressing comfort problems,2150
P0153,Fitness Band 153,Wearables,Fitness Band,comfort,5,12.5,69.77,35.35,Moderate Market Gap,39.4,Moderate Opportunity,Improve Wearables products by addressing comfort problems,2151
P0078,Smart Ring 78,Wearables,Smart Ring,price,8,20.0,62.24,35.35,Moderate Market Gap,39.39,Moderate Opportunity,Improve Wearables products by addressing price problems,2152
P0185,Smart Ring 185,Wearables,Smart Ring,software,17,42.5,39.75,35.35,Moderate Market Gap,39.39,Moderate Opportunity,Improve Wearables products by addressing software problems,2153
P0449,Bluetooth Speaker 449,Audio,Bluetooth Speaker,quality,20,50.0,32.35,35.19,Moderate Market Gap,39.38,Moderate Opportunity,Improve Audio products by addressing quality problems,2154
P0024,Fitness Band 24,Wearables,Fitness Band,quality,17,42.5,39.68,35.35,Moderate Market Gap,39.37,Moderate Opportunity,Improve Wearables products by addressing quality problems,2155
P0332,Smart Watch 332,Watches,Smart Watch,delivery,10,25.0,55.9,36.86,Moderate Market Gap,39.37,Moderate Opportunity,Improve Watches products by addressing delivery problems,2156
P0107,Analog Watch 107,Watches,Analog Watch,software,15,37.5,43.39,36.86,Moderate Market Gap,39.37,Moderate Opportunity,Improve Watches products by addressing software problems,2157
P0335,Headphones 335,Audio,Headphones,quality,15,37.5,44.81,35.19,Moderate Market Gap,39.37,Moderate Opportunity,Improve Audio products by addressing quality problems,2158
P0422,Tablet 422,Mobile,Tablet,comfort,14,35.0,46.22,36.43,Moderate Market Gap,39.36,Moderate Opportunity,Improve Mobile products by addressing comfort problems,2159
P0021,Wireless Earbuds 21,Audio,Wireless Earbuds,price,11,27.5,54.7,35.19,Moderate Market Gap,39.33,Moderate Opportunity,Improve Audio products by addressing price problems,2160
P0377,Smart Ring 377,Wearables,Smart Ring,quality,14,35.0,47.07,35.35,Moderate Market Gap,39.33,Moderate Opportunity,Improve Wearables products by addressing quality problems,2161
P0319,Smart Ring 319,Wearables,Smart Ring,delivery,12,30.0,52.07,35.35,Moderate Market Gap,39.33,Moderate Opportunity,Improve Wearables products by addressing delivery problems,2162
P0319,Smart Ring 319,Wearables,Smart Ring,comfort,12,30.0,52.07,35.35,Moderate Market Gap,39.33,Moderate Opportunity,Improve Wearables products by addressing comfort problems,2163
P0132,Fitness Band 132,Wearables,Fitness Band,software,12,30.0,52.05,35.35,Moderate Market Gap,39.32,Moderate Opportunity,Improve Wearables products by addressing software problems,2164
P0132,Fitness Band 132,Wearables,Fitness Band,performance,12,30.0,52.05,35.35,Moderate Market Gap,39.32,Moderate Opportunity,Improve Wearables products by addressing performance problems,2165
P0172,Air Purifier 172,Home Appliances,Air Purifier,software,10,25.0,56.26,36.23,Moderate Market Gap,39.31,Moderate Opportunity,Improve Home Appliances products by addressing software problems,2166
P0181,Smart Light 181,Home Appliances,Smart Light,delivery,16,40.0,41.26,36.23,Moderate Market Gap,39.31,Moderate Opportunity,Improve Home Appliances products by addressing delivery problems,2167
P0398,Wireless Earbuds 398,Audio,Wireless Earbuds,delivery,7,17.5,64.63,35.19,Moderate Market Gap,39.3,Moderate Opportunity,Improve Audio products by addressing delivery problems,2168
P0272,Tablet 272,Mobile,Tablet,performance,15,37.5,43.57,36.43,Moderate Market Gap,39.3,Moderate Opportunity,Improve Mobile products by addressing performance problems,2169
P0228,Fitness Watch 228,Watches,Fitness Watch,quality,20,50.0,30.7,36.86,Moderate Market Gap,39.3,Moderate Opportunity,Improve Watches products by addressing quality problems,2170
P0376,Smart Fan 376,Home Appliances,Smart Fan,price,6,15.0,66.23,36.23,Moderate Market Gap,39.3,Moderate Opportunity,Improve Home Appliances products by addressing price problems,2171
P0359,Smart Light 359,Home Appliances,Smart Light,comfort,9,22.5,58.66,36.23,Moderate Market Gap,39.28,Moderate Opportunity,Improve Home Appliances products by addressing comfort problems,2172
P0359,Smart Light 359,Home Appliances,Smart Light,delivery,9,22.5,58.66,36.23,Moderate Market Gap,39.28,Moderate Opportunity,Improve Home Appliances products by addressing delivery problems,2173
P0482,Smartphone 482,Mobile,Smartphone,performance,19,47.5,33.44,36.43,Moderate Market Gap,39.26,Moderate Opportunity,Improve Mobile products by addressing performance problems,2174
P0457,Air Purifier 457,Home Appliances,Air Purifier,performance,15,37.5,43.58,36.23,Moderate Market Gap,39.25,Moderate Opportunity,Improve Home Appliances products by addressing performance problems,2175
P0080,Wireless Earbuds 80,Audio,Wireless Earbuds,comfort,10,25.0,56.98,35.19,Moderate Market Gap,39.25,Moderate Opportunity,Improve Audio products by addressing comfort problems,2176
P0457,Air Purifier 457,Home Appliances,Air Purifier,delivery,15,37.5,43.58,36.23,Moderate Market Gap,39.25,Moderate Opportunity,Improve Home Appliances products by addressing delivery problems,2177
P0031,Fitness Band 31,Wearables,Fitness Band,quality,19,47.5,34.34,35.35,Moderate Market Gap,39.25,Moderate Opportunity,Improve Wearables products by addressing quality problems,2178
P0457,Air Purifier 457,Home Appliances,Air Purifier,price,15,37.5,43.58,36.23,Moderate Market Gap,39.25,Moderate Opportunity,Improve Home Appliances products by addressing price problems,2179
P0147,Fitness Band 147,Wearables,Fitness Band,delivery,10,25.0,56.82,35.35,Moderate Market Gap,39.24,Moderate Opportunity,Improve Wearables products by addressing delivery problems,2180
P0245,Smart Ring 245,Wearables,Smart Ring,delivery,10,25.0,56.8,35.35,Moderate Market Gap,39.24,Moderate Opportunity,Improve Wearables products by addressing delivery problems,2181
P0251,Fitness Band 251,Wearables,Fitness Band,comfort,17,42.5,39.32,35.35,Moderate Market Gap,39.24,Moderate Opportunity,Improve Wearables products by addressing comfort problems,2182
P0042,Smart Watch 42,Watches,Smart Watch,price,12,30.0,50.48,36.86,Moderate Market Gap,39.23,Moderate Opportunity,Improve Watches products by addressing price problems,2183
P0216,Headphones 216,Audio,Headphones,comfort,5,12.5,69.4,35.19,Moderate Market Gap,39.22,Moderate Opportunity,Improve Audio products by addressing comfort problems,2184
P0171,Smart Watch 171,Watches,Smart Watch,comfort,8,20.0,60.45,36.86,Moderate Market Gap,39.22,Moderate Opportunity,Improve Watches products by addressing comfort problems,2185
P0199,Smart Ring 199,Wearables,Smart Ring,delivery,7,17.5,64.24,35.35,Moderate Market Gap,39.21,Moderate Opportunity,Improve Wearables products by addressing delivery problems,2186
P0320,Smart Ring 320,Wearables,Smart Ring,delivery,13,32.5,49.19,35.35,Moderate Market Gap,39.2,Moderate Opportunity,Improve Wearables products by addressing delivery problems,2187
P0127,Smartphone 127,Mobile,Smartphone,software,6,15.0,65.78,36.43,Moderate Market Gap,39.2,Moderate Opportunity,Improve Mobile products by addressing software problems,2188
P0022,Analog Watch 22,Watches,Analog Watch,delivery,13,32.5,47.84,36.86,Moderate Market Gap,39.18,Moderate Opportunity,Improve Watches products by addressing delivery problems,2189
P0313,Smart Watch 313,Watches,Smart Watch,quality,17,42.5,37.79,36.86,Moderate Market Gap,39.16,Moderate Opportunity,Improve Watches products by addressing quality problems,2190
P0122,Smart Fan 122,Home Appliances,Smart Fan,delivery,9,22.5,58.33,36.23,Moderate Market Gap,39.16,Moderate Opportunity,Improve Home Appliances products by addressing delivery problems,2191
P0499,Tablet 499,Mobile,Tablet,performance,12,30.0,50.57,36.43,Moderate Market Gap,39.13,Moderate Opportunity,Improve Mobile products by addressing performance problems,2192
P0469,Smart Ring 469,Wearables,Smart Ring,delivery,12,30.0,51.5,35.35,Moderate Market Gap,39.13,Moderate Opportunity,Improve Wearables products by addressing delivery problems,2193
P0294,Smart Ring 294,Wearables,Smart Ring,comfort,9,22.5,58.98,35.35,Moderate Market Gap,39.12,Moderate Opportunity,Improve Wearables products by addressing comfort problems,2194
P0391,Smart Light 391,Home Appliances,Smart Light,software,11,27.5,53.23,36.23,Moderate Market Gap,39.12,Moderate Opportunity,Improve Home Appliances products by addressing software problems,2195
P0355,Analog Watch 355,Watches,Analog Watch,performance,18,45.0,35.17,36.86,Moderate Market Gap,39.12,Moderate Opportunity,Improve Watches products by addressing performance problems,2196
P0343,Tablet 343,Mobile,Tablet,price,15,37.5,43.06,36.43,Moderate Market Gap,39.12,Moderate Opportunity,Improve Mobile products by addressing price problems,2197
P0405,Air Purifier 405,Home Appliances,Air Purifier,delivery,5,12.5,68.21,36.23,Moderate Market Gap,39.12,Moderate Opportunity,Improve Home Appliances products by addressing delivery problems,2198
P0391,Smart Light 391,Home Appliances,Smart Light,performance,11,27.5,53.23,36.23,Moderate Market Gap,39.12,Moderate Opportunity,Improve Home Appliances products by addressing performance problems,2199
P0004,Headphones 4,Audio,Headphones,quality,15,37.5,44.08,35.19,Moderate Market Gap,39.11,Moderate Opportunity,Improve Audio products by addressing quality problems,2200
P0214,Fitness Band 214,Wearables,Fitness Band,delivery,10,25.0,56.44,35.35,Moderate Market Gap,39.11,Moderate Opportunity,Improve Wearables products by addressing delivery problems,2201
P0187,Bluetooth Speaker 187,Audio,Bluetooth Speaker,quality,18,45.0,36.59,35.19,Moderate Market Gap,39.11,Moderate Opportunity,Improve Audio products by addressing quality problems,2202
P0214,Fitness Band 214,Wearables,Fitness Band,performance,10,25.0,56.44,35.35,Moderate Market Gap,39.11,Moderate Opportunity,Improve Wearables products by addressing performance problems,2203
P0247,Bluetooth Speaker 247,Audio,Bluetooth Speaker,price,13,32.5,49.06,35.19,Moderate Market Gap,39.1,Moderate Opportunity,Improve Audio products by addressing price problems,2204
P0116,Smart Fan 116,Home Appliances,Smart Fan,performance,11,27.5,53.12,36.23,Moderate Market Gap,39.09,Moderate Opportunity,Improve Home Appliances products by addressing performance problems,2205
P0222,Air Purifier 222,Home Appliances,Air Purifier,comfort,6,15.0,65.63,36.23,Moderate Market Gap,39.09,Moderate Opportunity,Improve Home Appliances products by addressing comfort problems,2206
P0279,Tablet 279,Mobile,Tablet,delivery,11,27.5,52.96,36.43,Moderate Market Gap,39.09,Moderate Opportunity,Improve Mobile products by addressing delivery problems,2207
P0116,Smart Fan 116,Home Appliances,Smart Fan,price,11,27.5,53.12,36.23,Moderate Market Gap,39.09,Moderate Opportunity,Improve Home Appliances products by addressing price problems,2208
P0360,Analog Watch 360,Watches,Analog Watch,software,8,20.0,60.06,36.86,Moderate Market Gap,39.08,Moderate Opportunity,Improve Watches products by addressing software problems,2209
P0048,Smart Watch 48,Watches,Smart Watch,performance,15,37.5,42.55,36.86,Moderate Market Gap,39.08,Moderate Opportunity,Improve Watches products by addressing performance problems,2210
P0410,Analog Watch 410,Watches,Analog Watch,quality,19,47.5,32.53,36.86,Moderate Market Gap,39.07,Moderate Opportunity,Improve Watches products by addressing quality problems,2211
P0290,Fitness Band 290,Wearables,Fitness Band,quality,19,47.5,33.81,35.35,Moderate Market Gap,39.06,Moderate Opportunity,Improve Wearables products by addressing quality problems,2212
P0290,Fitness Band 290,Wearables,Fitness Band,battery,19,47.5,33.81,35.35,Moderate Market Gap,39.06,Moderate Opportunity,Improve Wearables products by addressing battery problems,2213
P0435,Bluetooth Speaker 435,Audio,Bluetooth Speaker,comfort,9,22.5,58.93,35.19,Moderate Market Gap,39.06,Moderate Opportunity,Improve Audio products by addressing comfort problems,2214
P0152,Wireless Earbuds 152,Audio,Wireless Earbuds,price,9,22.5,58.95,35.19,Moderate Market Gap,39.06,Moderate Opportunity,Improve Audio products by addressing price problems,2215
P0156,Wireless Earbuds 156,Audio,Wireless Earbuds,comfort,6,15.0,66.39,35.19,Moderate Market Gap,39.04,Moderate Opportunity,Improve Audio products by addressing comfort problems,2216
P0350,Analog Watch 350,Watches,Analog Watch,delivery,14,35.0,44.92,36.86,Moderate Market Gap,39.03,Moderate Opportunity,Improve Watches products by addressing delivery problems,2217
P0092,Fitness Band 92,Wearables,Fitness Band,price,9,22.5,58.71,35.35,Moderate Market Gap,39.03,Moderate Opportunity,Improve Wearables products by addressing price problems,2218
P0134,Smartphone 134,Mobile,Smartphone,comfort,12,30.0,50.27,36.43,Moderate Market Gap,39.02,Moderate Opportunity,Improve Mobile products by addressing comfort problems,2219
P0090,Smartphone 90,Mobile,Smartphone,delivery,16,40.0,40.21,36.43,Moderate Market Gap,39.0,Moderate Opportunity,Improve Mobile products by addressing delivery problems,2220
P0351,Tablet 351,Mobile,Tablet,software,11,27.5,52.67,36.43,Moderate Market Gap,38.99,Moderate Opportunity,Improve Mobile products by addressing software problems,2221
P0241,Wireless Earbuds 241,Audio,Wireless Earbuds,quality,15,37.5,43.72,35.19,Moderate Market Gap,38.98,Moderate Opportunity,Improve Audio products by addressing quality problems,2222
P0447,Smartphone 447,Mobile,Smartphone,price,12,30.0,50.12,36.43,Moderate Market Gap,38.97,Moderate Opportunity,Improve Mobile products by addressing price problems,2223
P0447,Smartphone 447,Mobile,Smartphone,comfort,12,30.0,50.12,36.43,Moderate Market Gap,38.97,Moderate Opportunity,Improve Mobile products by addressing comfort problems,2224
P0306,Fitness Band 306,Wearables,Fitness Band,performance,11,27.5,53.54,35.35,Moderate Market Gap,38.97,Moderate Opportunity,Improve Wearables products by addressing performance problems,2225
P0211,Air Purifier 211,Home Appliances,Air Purifier,delivery,7,17.5,62.77,36.23,Moderate Market Gap,38.96,Moderate Opportunity,Improve Home Appliances products by addressing delivery problems,2226
P0211,Air Purifier 211,Home Appliances,Air Purifier,comfort,7,17.5,62.77,36.23,Moderate Market Gap,38.96,Moderate Opportunity,Improve Home Appliances products by addressing comfort problems,2227
P0358,Bluetooth Speaker 358,Audio,Bluetooth Speaker,software,8,20.0,61.14,35.19,Moderate Market Gap,38.96,Moderate Opportunity,Improve Audio products by addressing software problems,2228
P0063,Fitness Band 63,Wearables,Fitness Band,delivery,11,27.5,53.45,35.35,Moderate Market Gap,38.94,Moderate Opportunity,Improve Wearables products by addressing delivery problems,2229
P0433,Smart Fan 433,Home Appliances,Smart Fan,delivery,8,20.0,60.2,36.23,Moderate Market Gap,38.94,Moderate Opportunity,Improve Home Appliances products by addressing delivery problems,2230
P0326,Smart Watch 326,Watches,Smart Watch,software,7,17.5,62.16,36.86,Moderate Market Gap,38.94,Moderate Opportunity,Improve Watches products by addressing software problems,2231
P0451,Bluetooth Speaker 451,Audio,Bluetooth Speaker,price,7,17.5,63.56,35.19,Moderate Market Gap,38.93,Moderate Opportunity,Improve Audio products by addressing price problems,2232
P0111,Smartphone 111,Mobile,Smartphone,price,5,12.5,67.48,36.43,Moderate Market Gap,38.92,Moderate Opportunity,Improve Mobile products by addressing price problems,2233
P0170,Tablet 170,Mobile,Tablet,performance,7,17.5,62.48,36.43,Moderate Market Gap,38.92,Moderate Opportunity,Improve Mobile products by addressing performance problems,2234
P0176,Smart Light 176,Home Appliances,Smart Light,performance,13,32.5,47.62,36.23,Moderate Market Gap,38.91,Moderate Opportunity,Improve Home Appliances products by addressing performance problems,2235
P0036,Smart Watch 36,Watches,Smart Watch,delivery,10,25.0,54.59,36.86,Moderate Market Gap,38.91,Moderate Opportunity,Improve Watches products by addressing delivery problems,2236
P0036,Smart Watch 36,Watches,Smart Watch,software,10,25.0,54.59,36.86,Moderate Market Gap,38.91,Moderate Opportunity,Improve Watches products by addressing software problems,2237
P0176,Smart Light 176,Home Appliances,Smart Light,software,13,32.5,47.62,36.23,Moderate Market Gap,38.91,Moderate Opportunity,Improve Home Appliances products by addressing software problems,2238
P0243,Bluetooth Speaker 243,Audio,Bluetooth Speaker,battery,20,50.0,31.01,35.19,Moderate Market Gap,38.91,Moderate Opportunity,Improve Audio products by addressing battery problems,2239
P0462,Smart Ring 462,Wearables,Smart Ring,software,9,22.5,58.28,35.35,Moderate Market Gap,38.88,Moderate Opportunity,Improve Wearables products by addressing software problems,2240
P0039,Bluetooth Speaker 39,Audio,Bluetooth Speaker,comfort,4,10.0,70.91,35.19,Moderate Market Gap,38.88,Moderate Opportunity,Improve Audio products by addressing comfort problems,2241
P0129,Air Purifier 129,Home Appliances,Air Purifier,performance,18,45.0,35.02,36.23,Moderate Market Gap,38.88,Moderate Opportunity,Improve Home Appliances products by addressing performance problems,2242
P0183,Wireless Earbuds 183,Audio,Wireless Earbuds,price,7,17.5,63.35,35.19,Moderate Market Gap,38.85,Moderate Opportunity,Improve Audio products by addressing price problems,2243
P0098,Analog Watch 98,Watches,Analog Watch,performance,12,30.0,49.37,36.86,Moderate Market Gap,38.84,Moderate Opportunity,Improve Watches products by addressing performance problems,2244
P0060,Smartphone 60,Mobile,Smartphone,price,12,30.0,49.75,36.43,Moderate Market Gap,38.84,Moderate Opportunity,Improve Mobile products by addressing price problems,2245
P0219,Smart Ring 219,Wearables,Smart Ring,delivery,12,30.0,50.65,35.35,Moderate Market Gap,38.83,Moderate Opportunity,Improve Wearables products by addressing delivery problems,2246
P0472,Smartphone 472,Mobile,Smartphone,comfort,18,45.0,34.7,36.43,Moderate Market Gap,38.82,Moderate Opportunity,Improve Mobile products by addressing comfort problems,2247
P0186,Smart Ring 186,Wearables,Smart Ring,software,6,15.0,65.58,35.35,Moderate Market Gap,38.81,Moderate Opportunity,Improve Wearables products by addressing software problems,2248
P0396,Fitness Watch 396,Watches,Fitness Watch,quality,17,42.5,36.72,36.86,Moderate Market Gap,38.78,Moderate Opportunity,Improve Watches products by addressing quality problems,2249
P0260,Headphones 260,Audio,Headphones,performance,16,40.0,40.65,35.19,Moderate Market Gap,38.78,Moderate Opportunity,Improve Audio products by addressing performance problems,2250
P0464,Smart Light 464,Home Appliances,Smart Light,delivery,9,22.5,57.22,36.23,Moderate Market Gap,38.77,Moderate Opportunity,Improve Home Appliances products by addressing delivery problems,2251
P0464,Smart Light 464,Home Appliances,Smart Light,performance,9,22.5,57.22,36.23,Moderate Market Gap,38.77,Moderate Opportunity,Improve Home Appliances products by addressing performance problems,2252
P0180,Smart Light 180,Home Appliances,Smart Light,performance,13,32.5,47.23,36.23,Moderate Market Gap,38.77,Moderate Opportunity,Improve Home Appliances products by addressing performance problems,2253
P0421,Air Purifier 421,Home Appliances,Air Purifier,price,16,40.0,39.7,36.23,Moderate Market Gap,38.76,Moderate Opportunity,Improve Home Appliances products by addressing price problems,2254
P0421,Air Purifier 421,Home Appliances,Air Purifier,performance,16,40.0,39.7,36.23,Moderate Market Gap,38.76,Moderate Opportunity,Improve Home Appliances products by addressing performance problems,2255
P0210,Tablet 210,Mobile,Tablet,quality,17,42.5,37.01,36.43,Moderate Market Gap,38.76,Moderate Opportunity,Improve Mobile products by addressing quality problems,2256
P0361,Air Purifier 361,Home Appliances,Air Purifier,performance,16,40.0,39.63,36.23,Moderate Market Gap,38.74,Moderate Opportunity,Improve Home Appliances products by addressing performance problems,2257
P0361,Air Purifier 361,Home Appliances,Air Purifier,delivery,16,40.0,39.63,36.23,Moderate Market Gap,38.74,Moderate Opportunity,Improve Home Appliances products by addressing delivery problems,2258
P0157,Smartphone 157,Mobile,Smartphone,price,15,37.5,41.97,36.43,Moderate Market Gap,38.74,Moderate Opportunity,Improve Mobile products by addressing price problems,2259
P0041,Headphones 41,Audio,Headphones,price,11,27.5,52.99,35.19,Moderate Market Gap,38.73,Moderate Opportunity,Improve Audio products by addressing price problems,2260
P0234,Air Purifier 234,Home Appliances,Air Purifier,software,7,17.5,62.11,36.23,Moderate Market Gap,38.73,Moderate Opportunity,Improve Home Appliances products by addressing software problems,2261
P0234,Air Purifier 234,Home Appliances,Air Purifier,price,7,17.5,62.11,36.23,Moderate Market Gap,38.73,Moderate Opportunity,Improve Home Appliances products by addressing price problems,2262
P0386,Smart Fan 386,Home Appliances,Smart Fan,battery,21,52.5,27.09,36.23,Moderate Market Gap,38.73,Moderate Opportunity,Improve Home Appliances products by addressing battery problems,2263
P0016,Air Purifier 16,Home Appliances,Air Purifier,delivery,9,22.5,57.11,36.23,Moderate Market Gap,38.73,Moderate Opportunity,Improve Home Appliances products by addressing delivery problems,2264
P0354,Smartphone 354,Mobile,Smartphone,price,8,20.0,59.41,36.43,Moderate Market Gap,38.72,Moderate Opportunity,Improve Mobile products by addressing price problems,2265
P0054,Wireless Earbuds 54,Audio,Wireless Earbuds,battery,18,45.0,35.48,35.19,Moderate Market Gap,38.72,Moderate Opportunity,Improve Audio products by addressing battery problems,2266
P0349,Smart Fan 349,Home Appliances,Smart Fan,performance,11,27.5,52.07,36.23,Moderate Market Gap,38.72,Moderate Opportunity,Improve Home Appliances products by addressing performance problems,2267
P0333,Smart Light 333,Home Appliances,Smart Light,comfort,14,35.0,44.55,36.23,Moderate Market Gap,38.71,Moderate Opportunity,Improve Home Appliances products by addressing comfort problems,2268
P0477,Fitness Watch 477,Watches,Fitness Watch,price,5,12.5,66.47,36.86,Moderate Market Gap,38.7,Moderate Opportunity,Improve Watches products by addressing price problems,2269
P0389,Fitness Watch 389,Watches,Fitness Watch,price,3,7.5,71.47,36.86,Moderate Market Gap,38.7,Moderate Opportunity,Improve Watches products by addressing price problems,2270
P0264,Tablet 264,Mobile,Tablet,price,8,20.0,59.35,36.43,Moderate Market Gap,38.7,Moderate Opportunity,Improve Mobile products by addressing price problems,2271
P0264,Tablet 264,Mobile,Tablet,delivery,8,20.0,59.35,36.43,Moderate Market Gap,38.7,Moderate Opportunity,Improve Mobile products by addressing delivery problems,2272
P0067,Smart Fan 67,Home Appliances,Smart Fan,price,13,32.5,47.01,36.23,Moderate Market Gap,38.7,Moderate Opportunity,Improve Home Appliances products by addressing price problems,2273
P0484,Bluetooth Speaker 484,Audio,Bluetooth Speaker,performance,15,37.5,42.91,35.19,Moderate Market Gap,38.7,Moderate Opportunity,Improve Audio products by addressing performance problems,2274
P0415,Fitness Band 415,Wearables,Fitness Band,delivery,8,20.0,60.25,35.35,Moderate Market Gap,38.69,Moderate Opportunity,Improve Wearables products by addressing delivery problems,2275
P0275,Tablet 275,Mobile,Tablet,software,13,32.5,46.77,36.43,Moderate Market Gap,38.67,Moderate Opportunity,Improve Mobile products by addressing software problems,2276
P0390,Smart Light 390,Home Appliances,Smart Light,performance,18,45.0,34.44,36.23,Moderate Market Gap,38.67,Moderate Opportunity,Improve Home Appliances products by addressing performance problems,2277
P0420,Smart Ring 420,Wearables,Smart Ring,price,9,22.5,57.69,35.35,Moderate Market Gap,38.67,Moderate Opportunity,Improve Wearables products by addressing price problems,2278
P0025,Smart Watch 25,Watches,Smart Watch,software,8,20.0,58.86,36.86,Moderate Market Gap,38.66,Moderate Opportunity,Improve Watches products by addressing software problems,2279
P0436,Wireless Earbuds 436,Audio,Wireless Earbuds,performance,18,45.0,35.27,35.19,Moderate Market Gap,38.65,Moderate Opportunity,Improve Audio products by addressing performance problems,2280
P0112,Smart Light 112,Home Appliances,Smart Light,performance,17,42.5,36.83,36.23,Moderate Market Gap,38.63,Moderate Opportunity,Improve Home Appliances products by addressing performance problems,2281
P0465,Fitness Band 465,Wearables,Fitness Band,delivery,9,22.5,57.58,35.35,Moderate Market Gap,38.63,Moderate Opportunity,Improve Wearables products by addressing delivery problems,2282
P0346,Smart Ring 346,Wearables,Smart Ring,software,9,22.5,57.55,35.35,Moderate Market Gap,38.62,Moderate Opportunity,Improve Wearables products by addressing software problems,2283
P0209,Wireless Earbuds 209,Audio,Wireless Earbuds,price,6,15.0,65.11,35.19,Moderate Market Gap,38.6,Moderate Opportunity,Improve Audio products by addressing price problems,2284
P0439,Smartphone 439,Mobile,Smartphone,comfort,10,25.0,54.06,36.43,Moderate Market Gap,38.6,Moderate Opportunity,Improve Mobile products by addressing comfort problems,2285
P0439,Smartphone 439,Mobile,Smartphone,performance,10,25.0,54.06,36.43,Moderate Market Gap,38.6,Moderate Opportunity,Improve Mobile products by addressing performance problems,2286
P0329,Wireless Earbuds 329,Audio,Wireless Earbuds,price,7,17.5,62.56,35.19,Moderate Market Gap,38.58,Moderate Opportunity,Improve Audio products by addressing price problems,2287
P0019,Fitness Watch 19,Watches,Fitness Watch,software,15,37.5,41.05,36.86,Moderate Market Gap,38.55,Moderate Opportunity,Improve Watches products by addressing software problems,2288
P0046,Bluetooth Speaker 46,Audio,Bluetooth Speaker,performance,18,45.0,34.94,35.19,Moderate Market Gap,38.54,Moderate Opportunity,Improve Audio products by addressing performance problems,2289
P0184,Smart Ring 184,Wearables,Smart Ring,performance,16,40.0,39.8,35.35,Moderate Market Gap,38.53,Moderate Opportunity,Improve Wearables products by addressing performance problems,2290
P0453,Smartphone 453,Mobile,Smartphone,software,11,27.5,51.37,36.43,Moderate Market Gap,38.53,Moderate Opportunity,Improve Mobile products by addressing software problems,2291
P0160,Smart Fan 160,Home Appliances,Smart Fan,price,11,27.5,51.52,36.23,Moderate Market Gap,38.53,Moderate Opportunity,Improve Home Appliances products by addressing price problems,2292
P0114,Smart Light 114,Home Appliances,Smart Light,delivery,12,30.0,49.0,36.23,Moderate Market Gap,38.52,Moderate Opportunity,Improve Home Appliances products by addressing delivery problems,2293
P0200,Bluetooth Speaker 200,Audio,Bluetooth Speaker,delivery,9,22.5,57.33,35.19,Moderate Market Gap,38.5,Moderate Opportunity,Improve Audio products by addressing delivery problems,2294
P0332,Smart Watch 332,Watches,Smart Watch,performance,9,22.5,55.9,36.86,Moderate Market Gap,38.5,Moderate Opportunity,Improve Watches products by addressing performance problems,2295
P0332,Smart Watch 332,Watches,Smart Watch,software,9,22.5,55.9,36.86,Moderate Market Gap,38.5,Moderate Opportunity,Improve Watches products by addressing software problems,2296
P0040,Analog Watch 40,Watches,Analog Watch,price,9,22.5,55.87,36.86,Moderate Market Gap,38.49,Moderate Opportunity,Improve Watches products by addressing price problems,2297
P0169,Analog Watch 169,Watches,Analog Watch,comfort,11,27.5,50.87,36.86,Moderate Market Gap,38.49,Moderate Opportunity,Improve Watches products by addressing comfort problems,2298
P0137,Analog Watch 137,Watches,Analog Watch,quality,17,42.5,35.85,36.86,Moderate Market Gap,38.48,Moderate Opportunity,Improve Watches products by addressing quality problems,2299
P0258,Smart Watch 258,Watches,Smart Watch,software,5,12.5,65.83,36.86,Moderate Market Gap,38.47,Moderate Opportunity,Improve Watches products by addressing software problems,2300
P0372,Smart Watch 372,Watches,Smart Watch,software,7,17.5,60.78,36.86,Moderate Market Gap,38.46,Moderate Opportunity,Improve Watches products by addressing software problems,2301
P0432,Air Purifier 432,Home Appliances,Air Purifier,battery,19,47.5,31.34,36.23,Moderate Market Gap,38.46,Moderate Opportunity,Improve Home Appliances products by addressing battery problems,2302
P0377,Smart Ring 377,Wearables,Smart Ring,delivery,13,32.5,47.07,35.35,Moderate Market Gap,38.45,Moderate Opportunity,Improve Wearables products by addressing delivery problems,2303
P0233,Air Purifier 233,Home Appliances,Air Purifier,software,8,20.0,58.79,36.23,Moderate Market Gap,38.45,Moderate Opportunity,Improve Home Appliances products by addressing software problems,2304
P0272,Tablet 272,Mobile,Tablet,delivery,14,35.0,43.57,36.43,Moderate Market Gap,38.43,Moderate Opportunity,Improve Mobile products by addressing delivery problems,2305
P0353,Analog Watch 353,Watches,Analog Watch,comfort,7,17.5,60.67,36.86,Moderate Market Gap,38.42,Moderate Opportunity,Improve Watches products by addressing comfort problems,2306
P0353,Analog Watch 353,Watches,Analog Watch,performance,7,17.5,60.67,36.86,Moderate Market Gap,38.42,Moderate Opportunity,Improve Watches products by addressing performance problems,2307
P0429,Smart Ring 429,Wearables,Smart Ring,quality,14,35.0,44.48,35.35,Moderate Market Gap,38.42,Moderate Opportunity,Improve Wearables products by addressing quality problems,2308
P0429,Smart Ring 429,Wearables,Smart Ring,price,14,35.0,44.48,35.35,Moderate Market Gap,38.42,Moderate Opportunity,Improve Wearables products by addressing price problems,2309
P0121,Fitness Band 121,Wearables,Fitness Band,comfort,7,17.5,61.96,35.35,Moderate Market Gap,38.42,Moderate Opportunity,Improve Wearables products by addressing comfort problems,2310
P0121,Fitness Band 121,Wearables,Fitness Band,delivery,7,17.5,61.96,35.35,Moderate Market Gap,38.42,Moderate Opportunity,Improve Wearables products by addressing delivery problems,2311
P0068,Headphones 68,Audio,Headphones,quality,19,47.5,32.07,35.19,Moderate Market Gap,38.41,Moderate Opportunity,Improve Audio products by addressing quality problems,2312
P0215,Smart Light 215,Home Appliances,Smart Light,performance,12,30.0,48.63,36.23,Moderate Market Gap,38.39,Moderate Opportunity,Improve Home Appliances products by addressing performance problems,2313
P0402,Wireless Earbuds 402,Audio,Wireless Earbuds,performance,10,25.0,54.48,35.19,Moderate Market Gap,38.38,Moderate Opportunity,Improve Audio products by addressing performance problems,2314
P0130,Fitness Band 130,Wearables,Fitness Band,quality,15,37.5,41.83,35.35,Moderate Market Gap,38.37,Moderate Opportunity,Improve Wearables products by addressing quality problems,2315
P0251,Fitness Band 251,Wearables,Fitness Band,price,16,40.0,39.32,35.35,Moderate Market Gap,38.37,Moderate Opportunity,Improve Wearables products by addressing price problems,2316
P0027,Smart Ring 27,Wearables,Smart Ring,battery,18,45.0,34.28,35.35,Moderate Market Gap,38.35,Moderate Opportunity,Improve Wearables products by addressing battery problems,2317
P0042,Smart Watch 42,Watches,Smart Watch,performance,11,27.5,50.48,36.86,Moderate Market Gap,38.35,Moderate Opportunity,Improve Watches products by addressing performance problems,2318
P0321,Smart Ring 321,Wearables,Smart Ring,comfort,10,25.0,54.26,35.35,Moderate Market Gap,38.35,Moderate Opportunity,Improve Wearables products by addressing comfort problems,2319
P0135,Smart Watch 135,Watches,Smart Watch,performance,14,35.0,42.96,36.86,Moderate Market Gap,38.34,Moderate Opportunity,Improve Watches products by addressing performance problems,2320
P0254,Tablet 254,Mobile,Tablet,price,8,20.0,58.33,36.43,Moderate Market Gap,38.34,Moderate Opportunity,Improve Mobile products by addressing price problems,2321
P0450,Fitness Band 450,Wearables,Fitness Band,software,8,20.0,59.21,35.35,Moderate Market Gap,38.33,Moderate Opportunity,Improve Wearables products by addressing software problems,2322
P0320,Smart Ring 320,Wearables,Smart Ring,comfort,12,30.0,49.19,35.35,Moderate Market Gap,38.32,Moderate Opportunity,Improve Wearables products by addressing comfort problems,2323
P0276,Fitness Watch 276,Watches,Fitness Watch,comfort,8,20.0,57.88,36.86,Moderate Market Gap,38.32,Moderate Opportunity,Improve Watches products by addressing comfort problems,2324
P0286,Fitness Band 286,Wearables,Fitness Band,price,9,22.5,56.67,35.35,Moderate Market Gap,38.31,Moderate Opportunity,Improve Wearables products by addressing price problems,2325
P0286,Fitness Band 286,Wearables,Fitness Band,software,9,22.5,56.67,35.35,Moderate Market Gap,38.31,Moderate Opportunity,Improve Wearables products by addressing software problems,2326
P0003,Smart Light 3,Home Appliances,Smart Light,delivery,15,37.5,40.9,36.23,Moderate Market Gap,38.31,Moderate Opportunity,Improve Home Appliances products by addressing delivery problems,2327
P0022,Analog Watch 22,Watches,Analog Watch,comfort,12,30.0,47.84,36.86,Moderate Market Gap,38.3,Moderate Opportunity,Improve Watches products by addressing comfort problems,2328
P0218,Tablet 218,Mobile,Tablet,comfort,8,20.0,58.21,36.43,Moderate Market Gap,38.3,Moderate Opportunity,Improve Mobile products by addressing comfort problems,2329
P0438,Fitness Band 438,Wearables,Fitness Band,quality,19,47.5,31.61,35.35,Moderate Market Gap,38.29,Moderate Opportunity,Improve Wearables products by addressing quality problems,2330
P0460,Headphones 460,Audio,Headphones,software,7,17.5,61.7,35.19,Moderate Market Gap,38.28,Moderate Opportunity,Improve Audio products by addressing software problems,2331
P0089,Fitness Band 89,Wearables,Fitness Band,performance,15,37.5,41.58,35.35,Moderate Market Gap,38.28,Moderate Opportunity,Improve Wearables products by addressing performance problems,2332
P0122,Smart Fan 122,Home Appliances,Smart Fan,price,8,20.0,58.33,36.23,Moderate Market Gap,38.28,Moderate Opportunity,Improve Home Appliances products by addressing price problems,2333
P0265,Smart Fan 265,Home Appliances,Smart Fan,comfort,7,17.5,60.78,36.23,Moderate Market Gap,38.27,Moderate Opportunity,Improve Home Appliances products by addressing comfort problems,2334
P0387,Fitness Band 387,Wearables,Fitness Band,quality,16,40.0,39.05,35.35,Moderate Market Gap,38.27,Moderate Opportunity,Improve Wearables products by addressing quality problems,2335
P0221,Tablet 221,Mobile,Tablet,comfort,8,20.0,58.08,36.43,Moderate Market Gap,38.26,Moderate Opportunity,Improve Mobile products by addressing comfort problems,2336
P0144,Smart Fan 144,Home Appliances,Smart Fan,performance,16,40.0,38.23,36.23,Moderate Market Gap,38.25,Moderate Opportunity,Improve Home Appliances products by addressing performance problems,2337
P0499,Tablet 499,Mobile,Tablet,comfort,11,27.5,50.57,36.43,Moderate Market Gap,38.25,Moderate Opportunity,Improve Mobile products by addressing comfort problems,2338
P0499,Tablet 499,Mobile,Tablet,price,11,27.5,50.57,36.43,Moderate Market Gap,38.25,Moderate Opportunity,Improve Mobile products by addressing price problems,2339
P0499,Tablet 499,Mobile,Tablet,software,11,27.5,50.57,36.43,Moderate Market Gap,38.25,Moderate Opportunity,Improve Mobile products by addressing software problems,2340
P0294,Smart Ring 294,Wearables,Smart Ring,price,8,20.0,58.98,35.35,Moderate Market Gap,38.25,Moderate Opportunity,Improve Wearables products by addressing price problems,2341
P0074,Smart Watch 74,Watches,Smart Watch,delivery,17,42.5,35.16,36.86,Moderate Market Gap,38.24,Moderate Opportunity,Improve Watches products by addressing delivery problems,2342
P0303,Fitness Watch 303,Watches,Fitness Watch,software,11,27.5,50.15,36.86,Moderate Market Gap,38.24,Moderate Opportunity,Improve Watches products by addressing software problems,2343
P0053,Tablet 53,Mobile,Tablet,software,10,25.0,53.0,36.43,Moderate Market Gap,38.23,Moderate Opportunity,Improve Mobile products by addressing software problems,2344
P0065,Smart Ring 65,Wearables,Smart Ring,software,11,27.5,51.44,35.35,Moderate Market Gap,38.23,Moderate Opportunity,Improve Wearables products by addressing software problems,2345
P0214,Fitness Band 214,Wearables,Fitness Band,price,9,22.5,56.44,35.35,Moderate Market Gap,38.23,Moderate Opportunity,Improve Wearables products by addressing price problems,2346
P0173,Smartphone 173,Mobile,Smartphone,software,9,22.5,55.5,36.43,Moderate Market Gap,38.23,Moderate Opportunity,Improve Mobile products by addressing software problems,2347
P0065,Smart Ring 65,Wearables,Smart Ring,delivery,11,27.5,51.44,35.35,Moderate Market Gap,38.23,Moderate Opportunity,Improve Wearables products by addressing delivery problems,2348
P0108,Wireless Earbuds 108,Audio,Wireless Earbuds,delivery,10,25.0,54.05,35.19,Moderate Market Gap,38.22,Moderate Opportunity,Improve Audio products by addressing delivery problems,2349
P0108,Wireless Earbuds 108,Audio,Wireless Earbuds,price,10,25.0,54.05,35.19,Moderate Market Gap,38.22,Moderate Opportunity,Improve Audio products by addressing price problems,2350
P0050,Analog Watch 50,Watches,Analog Watch,delivery,7,17.5,60.12,36.86,Moderate Market Gap,38.22,Moderate Opportunity,Improve Watches products by addressing delivery problems,2351
P0026,Headphones 26,Audio,Headphones,delivery,6,15.0,64.01,35.19,Moderate Market Gap,38.21,Moderate Opportunity,Improve Audio products by addressing delivery problems,2352
P0411,Smart Fan 411,Home Appliances,Smart Fan,delivery,8,20.0,58.11,36.23,Moderate Market Gap,38.21,Moderate Opportunity,Improve Home Appliances products by addressing delivery problems,2353
P0305,Fitness Band 305,Wearables,Fitness Band,software,12,30.0,48.85,35.35,Moderate Market Gap,38.2,Moderate Opportunity,Improve Wearables products by addressing software problems,2354
P0224,Air Purifier 224,Home Appliances,Air Purifier,delivery,5,12.5,65.6,36.23,Moderate Market Gap,38.2,Moderate Opportunity,Improve Home Appliances products by addressing delivery problems,2355
P0152,Wireless Earbuds 152,Audio,Wireless Earbuds,comfort,8,20.0,58.95,35.19,Moderate Market Gap,38.19,Moderate Opportunity,Improve Audio products by addressing comfort problems,2356
P0290,Fitness Band 290,Wearables,Fitness Band,price,18,45.0,33.81,35.35,Moderate Market Gap,38.19,Moderate Opportunity,Improve Wearables products by addressing price problems,2357
P0143,Headphones 143,Audio,Headphones,comfort,14,35.0,43.94,35.19,Moderate Market Gap,38.19,Moderate Opportunity,Improve Audio products by addressing comfort problems,2358
P0212,Smartphone 212,Mobile,Smartphone,delivery,7,17.5,60.35,36.43,Moderate Market Gap,38.18,Moderate Opportunity,Improve Mobile products by addressing delivery problems,2359
P0263,Smart Light 263,Home Appliances,Smart Light,comfort,3,7.5,70.47,36.23,Moderate Market Gap,38.16,Moderate Opportunity,Improve Home Appliances products by addressing comfort problems,2360
P0371,Wireless Earbuds 371,Audio,Wireless Earbuds,quality,15,37.5,41.38,35.19,Moderate Market Gap,38.16,Moderate Opportunity,Improve Audio products by addressing quality problems,2361
P0463,Air Purifier 463,Home Appliances,Air Purifier,delivery,6,15.0,62.98,36.23,Moderate Market Gap,38.16,Moderate Opportunity,Improve Home Appliances products by addressing delivery problems,2362
P0350,Analog Watch 350,Watches,Analog Watch,software,13,32.5,44.92,36.86,Moderate Market Gap,38.16,Moderate Opportunity,Improve Watches products by addressing software problems,2363
P0249,Smart Light 249,Home Appliances,Smart Light,battery,17,42.5,35.46,36.23,Moderate Market Gap,38.15,Moderate Opportunity,Improve Home Appliances products by addressing battery problems,2364
P0249,Smart Light 249,Home Appliances,Smart Light,performance,17,42.5,35.46,36.23,Moderate Market Gap,38.15,Moderate Opportunity,Improve Home Appliances products by addressing performance problems,2365
P0134,Smartphone 134,Mobile,Smartphone,software,11,27.5,50.27,36.43,Moderate Market Gap,38.15,Moderate Opportunity,Improve Mobile products by addressing software problems,2366
P0134,Smartphone 134,Mobile,Smartphone,price,11,27.5,50.27,36.43,Moderate Market Gap,38.15,Moderate Opportunity,Improve Mobile products by addressing price problems,2367
P0191,Headphones 191,Audio,Headphones,software,6,15.0,63.82,35.19,Moderate Market Gap,38.14,Moderate Opportunity,Improve Audio products by addressing software problems,2368
P0309,Fitness Band 309,Wearables,Fitness Band,comfort,13,32.5,46.05,35.35,Moderate Market Gap,38.1,Moderate Opportunity,Improve Wearables products by addressing comfort problems,2369
P0447,Smartphone 447,Mobile,Smartphone,delivery,11,27.5,50.12,36.43,Moderate Market Gap,38.1,Moderate Opportunity,Improve Mobile products by addressing delivery problems,2370
P0306,Fitness Band 306,Wearables,Fitness Band,price,10,25.0,53.54,35.35,Moderate Market Gap,38.09,Moderate Opportunity,Improve Wearables products by addressing price problems,2371
P0454,Smart Fan 454,Home Appliances,Smart Fan,performance,6,15.0,62.76,36.23,Moderate Market Gap,38.08,Moderate Opportunity,Improve Home Appliances products by addressing performance problems,2372
P0358,Bluetooth Speaker 358,Audio,Bluetooth Speaker,comfort,7,17.5,61.14,35.19,Moderate Market Gap,38.08,Moderate Opportunity,Improve Audio products by addressing comfort problems,2373
P0478,Smart Fan 478,Home Appliances,Smart Fan,price,8,20.0,57.74,36.23,Moderate Market Gap,38.08,Moderate Opportunity,Improve Home Appliances products by addressing price problems,2374
P0018,Smart Ring 18,Wearables,Smart Ring,price,16,40.0,38.46,35.35,Moderate Market Gap,38.07,Moderate Opportunity,Improve Wearables products by addressing price problems,2375
P0433,Smart Fan 433,Home Appliances,Smart Fan,price,7,17.5,60.2,36.23,Moderate Market Gap,38.06,Moderate Opportunity,Improve Home Appliances products by addressing price problems,2376
P0404,Bluetooth Speaker 404,Audio,Bluetooth Speaker,software,5,12.5,66.09,35.19,Moderate Market Gap,38.06,Moderate Opportunity,Improve Audio products by addressing software problems,2377
P0417,Smart Light 417,Home Appliances,Smart Light,software,10,25.0,52.69,36.23,Moderate Market Gap,38.06,Moderate Opportunity,Improve Home Appliances products by addressing software problems,2378
P0063,Fitness Band 63,Wearables,Fitness Band,software,10,25.0,53.45,35.35,Moderate Market Gap,38.06,Moderate Opportunity,Improve Wearables products by addressing software problems,2379
P0266,Headphones 266,Audio,Headphones,price,7,17.5,61.02,35.19,Moderate Market Gap,38.04,Moderate Opportunity,Improve Audio products by addressing price problems,2380
P0035,Smartphone 35,Mobile,Smartphone,delivery,11,27.5,49.93,36.43,Moderate Market Gap,38.03,Moderate Opportunity,Improve Mobile products by addressing delivery problems,2381
P0374,Headphones 374,Audio,Headphones,price,2,5.0,73.48,35.19,Moderate Market Gap,38.02,Moderate Opportunity,Improve Audio products by addressing price problems,2382
P0268,Fitness Band 268,Wearables,Fitness Band,comfort,6,15.0,63.34,35.35,Moderate Market Gap,38.02,Moderate Opportunity,Improve Wearables products by addressing comfort problems,2383
P0468,Fitness Band 468,Wearables,Fitness Band,comfort,10,25.0,53.34,35.35,Moderate Market Gap,38.02,Moderate Opportunity,Improve Wearables products by addressing comfort problems,2384
P0468,Fitness Band 468,Wearables,Fitness Band,delivery,10,25.0,53.34,35.35,Moderate Market Gap,38.02,Moderate Opportunity,Improve Wearables products by addressing delivery problems,2385
P0446,Tablet 446,Mobile,Tablet,software,11,27.5,49.88,36.43,Moderate Market Gap,38.01,Moderate Opportunity,Improve Mobile products by addressing software problems,2386
P0119,Wireless Earbuds 119,Audio,Wireless Earbuds,price,10,25.0,53.42,35.19,Moderate Market Gap,38.0,Moderate Opportunity,Improve Audio products by addressing price problems,2387
P0120,Smart Light 120,Home Appliances,Smart Light,performance,11,27.5,49.98,36.23,Moderate Market Gap,37.99,Moderate Opportunity,Improve Home Appliances products by addressing performance problems,2388
P0189,Smartphone 189,Mobile,Smartphone,software,10,25.0,52.29,36.43,Moderate Market Gap,37.98,Moderate Opportunity,Improve Mobile products by addressing software problems,2389
P0493,Air Purifier 493,Home Appliances,Air Purifier,delivery,8,20.0,57.45,36.23,Moderate Market Gap,37.98,Moderate Opportunity,Improve Home Appliances products by addressing delivery problems,2390
P0194,Air Purifier 194,Home Appliances,Air Purifier,delivery,12,30.0,47.47,36.23,Moderate Market Gap,37.98,Moderate Opportunity,Improve Home Appliances products by addressing delivery problems,2391
P0441,Smartphone 441,Mobile,Smartphone,performance,17,42.5,34.8,36.43,Moderate Market Gap,37.98,Moderate Opportunity,Improve Mobile products by addressing performance problems,2392
P0317,Smart Light 317,Home Appliances,Smart Light,software,9,22.5,54.92,36.23,Moderate Market Gap,37.97,Moderate Opportunity,Improve Home Appliances products by addressing software problems,2393
P0219,Smart Ring 219,Wearables,Smart Ring,software,11,27.5,50.65,35.35,Moderate Market Gap,37.96,Moderate Opportunity,Improve Wearables products by addressing software problems,2394
P0098,Analog Watch 98,Watches,Analog Watch,software,11,27.5,49.37,36.86,Moderate Market Gap,37.96,Moderate Opportunity,Improve Watches products by addressing software problems,2395
P0284,Wireless Earbuds 284,Audio,Wireless Earbuds,delivery,12,30.0,48.29,35.19,Moderate Market Gap,37.96,Moderate Opportunity,Improve Audio products by addressing delivery problems,2396
P0015,Smart Ring 15,Wearables,Smart Ring,performance,13,32.5,45.62,35.35,Moderate Market Gap,37.95,Moderate Opportunity,Improve Wearables products by addressing performance problems,2397
P0015,Smart Ring 15,Wearables,Smart Ring,delivery,13,32.5,45.62,35.35,Moderate Market Gap,37.95,Moderate Opportunity,Improve Wearables products by addressing delivery problems,2398
P0472,Smartphone 472,Mobile,Smartphone,battery,17,42.5,34.7,36.43,Moderate Market Gap,37.95,Moderate Opportunity,Improve Mobile products by addressing battery problems,2399
P0314,Smart Light 314,Home Appliances,Smart Light,comfort,14,35.0,42.37,36.23,Moderate Market Gap,37.95,Moderate Opportunity,Improve Home Appliances products by addressing comfort problems,2400
P0059,Air Purifier 59,Home Appliances,Air Purifier,price,7,17.5,59.83,36.23,Moderate Market Gap,37.93,Moderate Opportunity,Improve Home Appliances products by addressing price problems,2401
P0029,Smart Light 29,Home Appliances,Smart Light,price,12,30.0,47.31,36.23,Moderate Market Gap,37.93,Moderate Opportunity,Improve Home Appliances products by addressing price problems,2402
P0029,Smart Light 29,Home Appliances,Smart Light,software,12,30.0,47.31,36.23,Moderate Market Gap,37.93,Moderate Opportunity,Improve Home Appliances products by addressing software problems,2403
P0066,Smart Fan 66,Home Appliances,Smart Fan,performance,14,35.0,42.32,36.23,Moderate Market Gap,37.93,Moderate Opportunity,Improve Home Appliances products by addressing performance problems,2404
P0458,Headphones 458,Audio,Headphones,performance,9,22.5,55.69,35.19,Moderate Market Gap,37.92,Moderate Opportunity,Improve Audio products by addressing performance problems,2405
P0458,Headphones 458,Audio,Headphones,delivery,9,22.5,55.69,35.19,Moderate Market Gap,37.92,Moderate Opportunity,Improve Audio products by addressing delivery problems,2406
P0270,Smart Watch 270,Watches,Smart Watch,price,7,17.5,59.26,36.86,Moderate Market Gap,37.92,Moderate Opportunity,Improve Watches products by addressing price problems,2407
P0456,Bluetooth Speaker 456,Audio,Bluetooth Speaker,delivery,9,22.5,55.64,35.19,Moderate Market Gap,37.91,Moderate Opportunity,Improve Audio products by addressing delivery problems,2408
P0238,Air Purifier 238,Home Appliances,Air Purifier,performance,9,22.5,54.77,36.23,Moderate Market Gap,37.91,Moderate Opportunity,Improve Home Appliances products by addressing performance problems,2409
P0238,Air Purifier 238,Home Appliances,Air Purifier,comfort,9,22.5,54.77,36.23,Moderate Market Gap,37.91,Moderate Opportunity,Improve Home Appliances products by addressing comfort problems,2410
P0238,Air Purifier 238,Home Appliances,Air Purifier,software,9,22.5,54.77,36.23,Moderate Market Gap,37.91,Moderate Opportunity,Improve Home Appliances products by addressing software problems,2411
P0180,Smart Light 180,Home Appliances,Smart Light,comfort,12,30.0,47.23,36.23,Moderate Market Gap,37.9,Moderate Opportunity,Improve Home Appliances products by addressing comfort problems,2412
P0255,Bluetooth Speaker 255,Audio,Bluetooth Speaker,delivery,5,12.5,65.63,35.19,Moderate Market Gap,37.9,Moderate Opportunity,Improve Audio products by addressing delivery problems,2413
P0464,Smart Light 464,Home Appliances,Smart Light,software,8,20.0,57.22,36.23,Moderate Market Gap,37.9,Moderate Opportunity,Improve Home Appliances products by addressing software problems,2414
P0423,Air Purifier 423,Home Appliances,Air Purifier,quality,16,40.0,37.2,36.23,Moderate Market Gap,37.89,Moderate Opportunity,Improve Home Appliances products by addressing quality problems,2415
P0423,Air Purifier 423,Home Appliances,Air Purifier,battery,16,40.0,37.2,36.23,Moderate Market Gap,37.89,Moderate Opportunity,Improve Home Appliances products by addressing battery problems,2416
P0425,Fitness Watch 425,Watches,Fitness Watch,delivery,10,25.0,51.64,36.86,Moderate Market Gap,37.88,Moderate Opportunity,Improve Watches products by addressing delivery problems,2417
P0274,Smart Watch 274,Watches,Smart Watch,software,14,35.0,41.62,36.86,Moderate Market Gap,37.88,Moderate Opportunity,Improve Watches products by addressing software problems,2418
P0109,Smart Fan 109,Home Appliances,Smart Fan,delivery,9,22.5,54.68,36.23,Moderate Market Gap,37.88,Moderate Opportunity,Improve Home Appliances products by addressing delivery problems,2419
P0034,Bluetooth Speaker 34,Audio,Bluetooth Speaker,performance,15,37.5,40.56,35.19,Moderate Market Gap,37.88,Moderate Opportunity,Improve Audio products by addressing performance problems,2420
P0425,Fitness Watch 425,Watches,Fitness Watch,performance,10,25.0,51.64,36.86,Moderate Market Gap,37.88,Moderate Opportunity,Improve Watches products by addressing performance problems,2421
P0016,Air Purifier 16,Home Appliances,Air Purifier,price,8,20.0,57.11,36.23,Moderate Market Gap,37.86,Moderate Opportunity,Improve Home Appliances products by addressing price problems,2422
P0013,Smart Ring 13,Wearables,Smart Ring,performance,14,35.0,42.87,35.35,Moderate Market Gap,37.86,Moderate Opportunity,Improve Wearables products by addressing performance problems,2423
P0013,Smart Ring 13,Wearables,Smart Ring,comfort,14,35.0,42.87,35.35,Moderate Market Gap,37.86,Moderate Opportunity,Improve Wearables products by addressing comfort problems,2424
P0016,Air Purifier 16,Home Appliances,Air Purifier,comfort,8,20.0,57.11,36.23,Moderate Market Gap,37.86,Moderate Opportunity,Improve Home Appliances products by addressing comfort problems,2425
P0467,Air Purifier 467,Home Appliances,Air Purifier,performance,11,27.5,49.59,36.23,Moderate Market Gap,37.85,Moderate Opportunity,Improve Home Appliances products by addressing performance problems,2426
P0041,Headphones 41,Audio,Headphones,software,10,25.0,52.99,35.19,Moderate Market Gap,37.85,Moderate Opportunity,Improve Audio products by addressing software problems,2427
P0162,Smart Light 162,Home Appliances,Smart Light,comfort,12,30.0,47.1,36.23,Moderate Market Gap,37.85,Moderate Opportunity,Improve Home Appliances products by addressing comfort problems,2428
P0162,Smart Light 162,Home Appliances,Smart Light,delivery,12,30.0,47.1,36.23,Moderate Market Gap,37.85,Moderate Opportunity,Improve Home Appliances products by addressing delivery problems,2429
P0162,Smart Light 162,Home Appliances,Smart Light,software,12,30.0,47.1,36.23,Moderate Market Gap,37.85,Moderate Opportunity,Improve Home Appliances products by addressing software problems,2430
P0354,Smartphone 354,Mobile,Smartphone,comfort,7,17.5,59.41,36.43,Moderate Market Gap,37.85,Moderate Opportunity,Improve Mobile products by addressing comfort problems,2431
P0174,Tablet 174,Mobile,Tablet,comfort,8,20.0,56.89,36.43,Moderate Market Gap,37.84,Moderate Opportunity,Improve Mobile products by addressing comfort problems,2432
P0333,Smart Light 333,Home Appliances,Smart Light,performance,13,32.5,44.55,36.23,Moderate Market Gap,37.84,Moderate Opportunity,Improve Home Appliances products by addressing performance problems,2433
P0207,Wireless Earbuds 207,Audio,Wireless Earbuds,delivery,12,30.0,47.93,35.19,Moderate Market Gap,37.83,Moderate Opportunity,Improve Audio products by addressing delivery problems,2434
P0207,Wireless Earbuds 207,Audio,Wireless Earbuds,software,12,30.0,47.93,35.19,Moderate Market Gap,37.83,Moderate Opportunity,Improve Audio products by addressing software problems,2435
P0264,Tablet 264,Mobile,Tablet,software,7,17.5,59.35,36.43,Moderate Market Gap,37.83,Moderate Opportunity,Improve Mobile products by addressing software problems,2436
P0384,Bluetooth Speaker 384,Audio,Bluetooth Speaker,comfort,11,27.5,50.39,35.19,Moderate Market Gap,37.82,Moderate Opportunity,Improve Audio products by addressing comfort problems,2437
P0437,Tablet 437,Mobile,Tablet,price,10,25.0,51.82,36.43,Moderate Market Gap,37.82,Moderate Opportunity,Improve Mobile products by addressing price problems,2438
P0384,Bluetooth Speaker 384,Audio,Bluetooth Speaker,software,11,27.5,50.39,35.19,Moderate Market Gap,37.82,Moderate Opportunity,Improve Audio products by addressing software problems,2439
P0248,Headphones 248,Audio,Headphones,price,4,10.0,67.87,35.19,Moderate Market Gap,37.81,Moderate Opportunity,Improve Audio products by addressing price problems,2440
P0193,Fitness Band 193,Wearables,Fitness Band,price,5,12.5,65.23,35.35,Moderate Market Gap,37.81,Moderate Opportunity,Improve Wearables products by addressing price problems,2441
P0455,Fitness Band 455,Wearables,Fitness Band,software,4,10.0,67.7,35.35,Moderate Market Gap,37.8,Moderate Opportunity,Improve Wearables products by addressing software problems,2442
P0232,Smart Ring 232,Wearables,Smart Ring,comfort,6,15.0,62.71,35.35,Moderate Market Gap,37.8,Moderate Opportunity,Improve Wearables products by addressing comfort problems,2443
P0420,Smart Ring 420,Wearables,Smart Ring,comfort,8,20.0,57.69,35.35,Moderate Market Gap,37.8,Moderate Opportunity,Improve Wearables products by addressing comfort problems,2444
P0420,Smart Ring 420,Wearables,Smart Ring,software,8,20.0,57.69,35.35,Moderate Market Gap,37.8,Moderate Opportunity,Improve Wearables products by addressing software problems,2445
P0155,Tablet 155,Mobile,Tablet,software,7,17.5,59.26,36.43,Moderate Market Gap,37.8,Moderate Opportunity,Improve Mobile products by addressing software problems,2446
P0044,Fitness Band 44,Wearables,Fitness Band,price,10,25.0,52.63,35.35,Moderate Market Gap,37.78,Moderate Opportunity,Improve Wearables products by addressing price problems,2447
P0382,Smart Watch 382,Watches,Smart Watch,comfort,9,22.5,53.78,36.86,Moderate Market Gap,37.76,Moderate Opportunity,Improve Watches products by addressing comfort problems,2448
P0382,Smart Watch 382,Watches,Smart Watch,software,9,22.5,53.78,36.86,Moderate Market Gap,37.76,Moderate Opportunity,Improve Watches products by addressing software problems,2449
P0346,Smart Ring 346,Wearables,Smart Ring,comfort,8,20.0,57.55,35.35,Moderate Market Gap,37.75,Moderate Opportunity,Improve Wearables products by addressing comfort problems,2450
P0252,Smartphone 252,Mobile,Smartphone,delivery,9,22.5,54.1,36.43,Moderate Market Gap,37.74,Moderate Opportunity,Improve Mobile products by addressing delivery problems,2451
P0252,Smartphone 252,Mobile,Smartphone,comfort,9,22.5,54.1,36.43,Moderate Market Gap,37.74,Moderate Opportunity,Improve Mobile products by addressing comfort problems,2452
P0439,Smartphone 439,Mobile,Smartphone,price,9,22.5,54.06,36.43,Moderate Market Gap,37.72,Moderate Opportunity,Improve Mobile products by addressing price problems,2453
P0278,Tablet 278,Mobile,Tablet,comfort,10,25.0,51.56,36.43,Moderate Market Gap,37.72,Moderate Opportunity,Improve Mobile products by addressing comfort problems,2454
P0439,Smartphone 439,Mobile,Smartphone,software,9,22.5,54.06,36.43,Moderate Market Gap,37.72,Moderate Opportunity,Improve Mobile products by addressing software problems,2455
P0480,Headphones 480,Audio,Headphones,quality,18,45.0,32.56,35.19,Moderate Market Gap,37.7,Moderate Opportunity,Improve Audio products by addressing quality problems,2456
P0357,Tablet 357,Mobile,Tablet,quality,11,27.5,49.0,36.43,Moderate Market Gap,37.7,Moderate Opportunity,Improve Mobile products by addressing quality problems,2457
P0188,Headphones 188,Audio,Headphones,software,9,22.5,54.98,35.19,Moderate Market Gap,37.67,Moderate Opportunity,Improve Audio products by addressing software problems,2458
P0287,Analog Watch 287,Watches,Analog Watch,comfort,8,20.0,56.02,36.86,Moderate Market Gap,37.66,Moderate Opportunity,Improve Watches products by addressing comfort problems,2459
P0412,Air Purifier 412,Home Appliances,Air Purifier,software,10,25.0,51.55,36.23,Moderate Market Gap,37.66,Moderate Opportunity,Improve Home Appliances products by addressing software problems,2460
P0412,Air Purifier 412,Home Appliances,Air Purifier,comfort,10,25.0,51.55,36.23,Moderate Market Gap,37.66,Moderate Opportunity,Improve Home Appliances products by addressing comfort problems,2461
P0287,Analog Watch 287,Watches,Analog Watch,delivery,8,20.0,56.02,36.86,Moderate Market Gap,37.66,Moderate Opportunity,Improve Watches products by addressing delivery problems,2462
P0160,Smart Fan 160,Home Appliances,Smart Fan,software,10,25.0,51.52,36.23,Moderate Market Gap,37.65,Moderate Opportunity,Improve Home Appliances products by addressing software problems,2463
P0496,Fitness Band 496,Wearables,Fitness Band,software,13,32.5,44.73,35.35,Moderate Market Gap,37.64,Moderate Opportunity,Improve Wearables products by addressing software problems,2464
P0164,Smart Fan 164,Home Appliances,Smart Fan,comfort,12,30.0,46.5,36.23,Moderate Market Gap,37.64,Moderate Opportunity,Improve Home Appliances products by addressing comfort problems,2465
P0449,Bluetooth Speaker 449,Audio,Bluetooth Speaker,performance,18,45.0,32.35,35.19,Moderate Market Gap,37.63,Moderate Opportunity,Improve Audio products by addressing performance problems,2466
P0335,Headphones 335,Audio,Headphones,software,13,32.5,44.81,35.19,Moderate Market Gap,37.62,Moderate Opportunity,Improve Audio products by addressing software problems,2467
P0335,Headphones 335,Audio,Headphones,performance,13,32.5,44.81,35.19,Moderate Market Gap,37.62,Moderate Opportunity,Improve Audio products by addressing performance problems,2468
P0422,Tablet 422,Mobile,Tablet,software,12,30.0,46.22,36.43,Moderate Market Gap,37.61,Moderate Opportunity,Improve Mobile products by addressing software problems,2469
P0378,Tablet 378,Mobile,Tablet,battery,17,42.5,33.68,36.43,Moderate Market Gap,37.59,Moderate Opportunity,Improve Mobile products by addressing battery problems,2470
P0319,Smart Ring 319,Wearables,Smart Ring,software,10,25.0,52.07,35.35,Moderate Market Gap,37.58,Moderate Opportunity,Improve Wearables products by addressing software problems,2471
P0021,Wireless Earbuds 21,Audio,Wireless Earbuds,software,9,22.5,54.7,35.19,Moderate Market Gap,37.58,Moderate Opportunity,Improve Audio products by addressing software problems,2472
P0233,Air Purifier 233,Home Appliances,Air Purifier,comfort,7,17.5,58.79,36.23,Moderate Market Gap,37.57,Moderate Opportunity,Improve Home Appliances products by addressing comfort problems,2473
P0132,Fitness Band 132,Wearables,Fitness Band,comfort,10,25.0,52.05,35.35,Moderate Market Gap,37.57,Moderate Opportunity,Improve Wearables products by addressing comfort problems,2474
P0398,Wireless Earbuds 398,Audio,Wireless Earbuds,comfort,5,12.5,64.63,35.19,Moderate Market Gap,37.55,Moderate Opportunity,Improve Audio products by addressing comfort problems,2475
P0091,Tablet 91,Mobile,Tablet,comfort,11,27.5,48.54,36.43,Moderate Market Gap,37.54,Moderate Opportunity,Improve Mobile products by addressing comfort problems,2476
P0204,Wireless Earbuds 204,Audio,Wireless Earbuds,delivery,12,30.0,47.09,35.19,Moderate Market Gap,37.54,Moderate Opportunity,Improve Audio products by addressing delivery problems,2477
P0300,Smart Watch 300,Watches,Smart Watch,performance,15,37.5,38.11,36.86,Moderate Market Gap,37.52,Moderate Opportunity,Improve Watches products by addressing performance problems,2478
P0052,Bluetooth Speaker 52,Audio,Bluetooth Speaker,comfort,5,12.5,64.5,35.19,Moderate Market Gap,37.51,Moderate Opportunity,Improve Audio products by addressing comfort problems,2479
P0031,Fitness Band 31,Wearables,Fitness Band,performance,17,42.5,34.34,35.35,Moderate Market Gap,37.5,Moderate Opportunity,Improve Wearables products by addressing performance problems,2480
P0080,Wireless Earbuds 80,Audio,Wireless Earbuds,delivery,8,20.0,56.98,35.19,Moderate Market Gap,37.5,Moderate Opportunity,Improve Audio products by addressing delivery problems,2481
P0257,Analog Watch 257,Watches,Analog Watch,performance,15,37.5,38.02,36.86,Moderate Market Gap,37.49,Moderate Opportunity,Improve Watches products by addressing performance problems,2482
P0327,Smart Fan 327,Home Appliances,Smart Fan,software,11,27.5,48.56,36.23,Moderate Market Gap,37.49,Moderate Opportunity,Improve Home Appliances products by addressing software problems,2483
P0418,Smart Fan 418,Home Appliances,Smart Fan,delivery,9,22.5,53.57,36.23,Moderate Market Gap,37.49,Moderate Opportunity,Improve Home Appliances products by addressing delivery problems,2484
P0327,Smart Fan 327,Home Appliances,Smart Fan,price,11,27.5,48.56,36.23,Moderate Market Gap,37.49,Moderate Opportunity,Improve Home Appliances products by addressing price problems,2485
P0027,Smart Ring 27,Wearables,Smart Ring,delivery,17,42.5,34.28,35.35,Moderate Market Gap,37.48,Moderate Opportunity,Improve Wearables products by addressing delivery problems,2486
P0448,Smart Fan 448,Home Appliances,Smart Fan,performance,16,40.0,36.02,36.23,Moderate Market Gap,37.48,Moderate Opportunity,Improve Home Appliances products by addressing performance problems,2487
P0486,Tablet 486,Mobile,Tablet,comfort,6,15.0,60.85,36.43,Moderate Market Gap,37.48,Moderate Opportunity,Improve Mobile products by addressing comfort problems,2488
P0486,Tablet 486,Mobile,Tablet,price,6,15.0,60.85,36.43,Moderate Market Gap,37.48,Moderate Opportunity,Improve Mobile products by addressing price problems,2489
P0042,Smart Watch 42,Watches,Smart Watch,delivery,10,25.0,50.48,36.86,Moderate Market Gap,37.48,Moderate Opportunity,Improve Watches products by addressing delivery problems,2490
P0171,Smart Watch 171,Watches,Smart Watch,price,6,15.0,60.45,36.86,Moderate Market Gap,37.47,Moderate Opportunity,Improve Watches products by addressing price problems,2491
P0005,Air Purifier 5,Home Appliances,Air Purifier,price,8,20.0,56.0,36.23,Moderate Market Gap,37.47,Moderate Opportunity,Improve Home Appliances products by addressing price problems,2492
P0171,Smart Watch 171,Watches,Smart Watch,delivery,6,15.0,60.45,36.86,Moderate Market Gap,37.47,Moderate Opportunity,Improve Watches products by addressing delivery problems,2493
P0321,Smart Ring 321,Wearables,Smart Ring,software,9,22.5,54.26,35.35,Moderate Market Gap,37.47,Moderate Opportunity,Improve Wearables products by addressing software problems,2494
P0097,Fitness Watch 97,Watches,Fitness Watch,performance,12,30.0,45.42,36.86,Moderate Market Gap,37.46,Moderate Opportunity,Improve Watches products by addressing performance problems,2495
P0442,Smartphone 442,Mobile,Smartphone,delivery,8,20.0,55.81,36.43,Moderate Market Gap,37.46,Moderate Opportunity,Improve Mobile products by addressing delivery problems,2496
P0450,Fitness Band 450,Wearables,Fitness Band,delivery,7,17.5,59.21,35.35,Moderate Market Gap,37.45,Moderate Opportunity,Improve Wearables products by addressing delivery problems,2497
P0118,Bluetooth Speaker 118,Audio,Bluetooth Speaker,price,13,32.5,44.34,35.19,Moderate Market Gap,37.45,Moderate Opportunity,Improve Audio products by addressing price problems,2498
P0286,Fitness Band 286,Wearables,Fitness Band,delivery,8,20.0,56.67,35.35,Moderate Market Gap,37.44,Moderate Opportunity,Improve Wearables products by addressing delivery problems,2499
P0324,Air Purifier 324,Home Appliances,Air Purifier,quality,15,37.5,38.41,36.23,Moderate Market Gap,37.44,Moderate Opportunity,Improve Home Appliances products by addressing quality problems,2500
P0276,Fitness Watch 276,Watches,Fitness Watch,price,7,17.5,57.88,36.86,Moderate Market Gap,37.44,Moderate Opportunity,Improve Watches products by addressing price problems,2501
P0002,Smart Watch 2,Watches,Smart Watch,performance,16,40.0,35.34,36.86,Moderate Market Gap,37.43,Moderate Opportunity,Improve Watches products by addressing performance problems,2502
P0452,Bluetooth Speaker 452,Audio,Bluetooth Speaker,comfort,9,22.5,54.22,35.19,Moderate Market Gap,37.41,Moderate Opportunity,Improve Audio products by addressing comfort problems,2503
P0452,Bluetooth Speaker 452,Audio,Bluetooth Speaker,delivery,9,22.5,54.22,35.19,Moderate Market Gap,37.41,Moderate Opportunity,Improve Audio products by addressing delivery problems,2504
P0227,Smart Ring 227,Wearables,Smart Ring,comfort,7,17.5,59.09,35.35,Moderate Market Gap,37.41,Moderate Opportunity,Improve Wearables products by addressing comfort problems,2505
P0460,Headphones 460,Audio,Headphones,price,6,15.0,61.7,35.19,Moderate Market Gap,37.4,Moderate Opportunity,Improve Audio products by addressing price problems,2506
P0285,Smart Light 285,Home Appliances,Smart Light,comfort,6,15.0,60.79,36.23,Moderate Market Gap,37.4,Moderate Opportunity,Improve Home Appliances products by addressing comfort problems,2507
P0367,Smart Fan 367,Home Appliances,Smart Fan,performance,11,27.5,48.31,36.23,Moderate Market Gap,37.4,Moderate Opportunity,Improve Home Appliances products by addressing performance problems,2508
P0223,Smartphone 223,Mobile,Smartphone,comfort,9,22.5,53.09,36.43,Moderate Market Gap,37.39,Moderate Opportunity,Improve Mobile products by addressing comfort problems,2509
P0223,Smartphone 223,Mobile,Smartphone,delivery,9,22.5,53.09,36.43,Moderate Market Gap,37.39,Moderate Opportunity,Improve Mobile products by addressing delivery problems,2510
P0495,Tablet 495,Mobile,Tablet,software,11,27.5,48.06,36.43,Moderate Market Gap,37.38,Moderate Opportunity,Improve Mobile products by addressing software problems,2511
P0469,Smart Ring 469,Wearables,Smart Ring,performance,10,25.0,51.5,35.35,Moderate Market Gap,37.38,Moderate Opportunity,Improve Wearables products by addressing performance problems,2512
P0469,Smart Ring 469,Wearables,Smart Ring,price,10,25.0,51.5,35.35,Moderate Market Gap,37.38,Moderate Opportunity,Improve Wearables products by addressing price problems,2513
P0221,Tablet 221,Mobile,Tablet,software,7,17.5,58.08,36.43,Moderate Market Gap,37.38,Moderate Opportunity,Improve Mobile products by addressing software problems,2514
P0221,Tablet 221,Mobile,Tablet,delivery,7,17.5,58.08,36.43,Moderate Market Gap,37.38,Moderate Opportunity,Improve Mobile products by addressing delivery problems,2515
P0049,Smart Fan 49,Home Appliances,Smart Fan,software,8,20.0,55.75,36.23,Moderate Market Gap,37.38,Moderate Opportunity,Improve Home Appliances products by addressing software problems,2516
P0197,Fitness Band 197,Wearables,Fitness Band,comfort,9,22.5,54.0,35.35,Moderate Market Gap,37.38,Moderate Opportunity,Improve Wearables products by addressing comfort problems,2517
P0221,Tablet 221,Mobile,Tablet,price,7,17.5,58.08,36.43,Moderate Market Gap,37.38,Moderate Opportunity,Improve Mobile products by addressing price problems,2518
P0178,Fitness Watch 178,Watches,Fitness Watch,battery,17,42.5,32.69,36.86,Moderate Market Gap,37.37,Moderate Opportunity,Improve Watches products by addressing battery problems,2519
P0045,Smart Ring 45,Wearables,Smart Ring,software,10,25.0,51.43,35.35,Moderate Market Gap,37.36,Moderate Opportunity,Improve Wearables products by addressing software problems,2520
P0045,Smart Ring 45,Wearables,Smart Ring,comfort,10,25.0,51.43,35.35,Moderate Market Gap,37.36,Moderate Opportunity,Improve Wearables products by addressing comfort problems,2521
P0050,Analog Watch 50,Watches,Analog Watch,comfort,6,15.0,60.12,36.86,Moderate Market Gap,37.35,Moderate Opportunity,Improve Watches products by addressing comfort problems,2522
P0053,Tablet 53,Mobile,Tablet,comfort,9,22.5,53.0,36.43,Moderate Market Gap,37.35,Moderate Opportunity,Improve Mobile products by addressing comfort problems,2523
P0116,Smart Fan 116,Home Appliances,Smart Fan,delivery,9,22.5,53.12,36.23,Moderate Market Gap,37.34,Moderate Opportunity,Improve Home Appliances products by addressing delivery problems,2524
P0411,Smart Fan 411,Home Appliances,Smart Fan,price,7,17.5,58.11,36.23,Moderate Market Gap,37.33,Moderate Opportunity,Improve Home Appliances products by addressing price problems,2525
P0481,Bluetooth Speaker 481,Audio,Bluetooth Speaker,delivery,8,20.0,56.46,35.19,Moderate Market Gap,37.32,Moderate Opportunity,Improve Audio products by addressing delivery problems,2526
P0152,Wireless Earbuds 152,Audio,Wireless Earbuds,delivery,7,17.5,58.95,35.19,Moderate Market Gap,37.31,Moderate Opportunity,Improve Audio products by addressing delivery problems,2527
P0014,Fitness Band 14,Wearables,Fitness Band,price,4,10.0,66.23,35.35,Moderate Market Gap,37.29,Moderate Opportunity,Improve Wearables products by addressing price problems,2528
P0030,Tablet 30,Mobile,Tablet,delivery,11,27.5,47.76,36.43,Moderate Market Gap,37.27,Moderate Opportunity,Improve Mobile products by addressing delivery problems,2529
P0134,Smartphone 134,Mobile,Smartphone,delivery,10,25.0,50.27,36.43,Moderate Market Gap,37.27,Moderate Opportunity,Improve Mobile products by addressing delivery problems,2530
P0030,Tablet 30,Mobile,Tablet,performance,11,27.5,47.76,36.43,Moderate Market Gap,37.27,Moderate Opportunity,Improve Mobile products by addressing performance problems,2531
P0136,Tablet 136,Mobile,Tablet,performance,12,30.0,45.22,36.43,Moderate Market Gap,37.26,Moderate Opportunity,Improve Mobile products by addressing performance problems,2532
P0136,Tablet 136,Mobile,Tablet,delivery,12,30.0,45.22,36.43,Moderate Market Gap,37.26,Moderate Opportunity,Improve Mobile products by addressing delivery problems,2533
P0379,Bluetooth Speaker 379,Audio,Bluetooth Speaker,software,12,30.0,46.26,35.19,Moderate Market Gap,37.25,Moderate Opportunity,Improve Audio products by addressing software problems,2534
P0454,Smart Fan 454,Home Appliances,Smart Fan,delivery,5,12.5,62.76,36.23,Moderate Market Gap,37.21,Moderate Opportunity,Improve Home Appliances products by addressing delivery problems,2535
P0478,Smart Fan 478,Home Appliances,Smart Fan,software,7,17.5,57.74,36.23,Moderate Market Gap,37.2,Moderate Opportunity,Improve Home Appliances products by addressing software problems,2536
P0478,Smart Fan 478,Home Appliances,Smart Fan,delivery,7,17.5,57.74,36.23,Moderate Market Gap,37.2,Moderate Opportunity,Improve Home Appliances products by addressing delivery problems,2537
P0368,Headphones 368,Audio,Headphones,performance,13,32.5,43.61,35.19,Moderate Market Gap,37.2,Moderate Opportunity,Improve Audio products by addressing performance problems,2538
P0018,Smart Ring 18,Wearables,Smart Ring,software,15,37.5,38.46,35.35,Moderate Market Gap,37.19,Moderate Opportunity,Improve Wearables products by addressing software problems,2539
P0433,Smart Fan 433,Home Appliances,Smart Fan,comfort,6,15.0,60.2,36.23,Moderate Market Gap,37.19,Moderate Opportunity,Improve Home Appliances products by addressing comfort problems,2540
P0168,Smart Ring 168,Wearables,Smart Ring,price,11,27.5,48.47,35.35,Moderate Market Gap,37.19,Moderate Opportunity,Improve Wearables products by addressing price problems,2541
P0433,Smart Fan 433,Home Appliances,Smart Fan,software,6,15.0,60.2,36.23,Moderate Market Gap,37.19,Moderate Opportunity,Improve Home Appliances products by addressing software problems,2542
P0326,Smart Watch 326,Watches,Smart Watch,delivery,5,12.5,62.16,36.86,Moderate Market Gap,37.19,Moderate Opportunity,Improve Watches products by addressing delivery problems,2543
P0063,Fitness Band 63,Wearables,Fitness Band,comfort,9,22.5,53.45,35.35,Moderate Market Gap,37.19,Moderate Opportunity,Improve Wearables products by addressing comfort problems,2544
P0208,Fitness Watch 208,Watches,Fitness Watch,quality,16,40.0,34.67,36.86,Moderate Market Gap,37.19,Moderate Opportunity,Improve Watches products by addressing quality problems,2545
P0325,Tablet 325,Mobile,Tablet,performance,14,35.0,40.0,36.43,Moderate Market Gap,37.18,Moderate Opportunity,Improve Mobile products by addressing performance problems,2546
P0035,Smartphone 35,Mobile,Smartphone,comfort,10,25.0,49.93,36.43,Moderate Market Gap,37.15,Moderate Opportunity,Improve Mobile products by addressing comfort problems,2547
P0268,Fitness Band 268,Wearables,Fitness Band,price,5,12.5,63.34,35.35,Moderate Market Gap,37.15,Moderate Opportunity,Improve Wearables products by addressing price problems,2548
P0395,Analog Watch 395,Watches,Analog Watch,delivery,11,27.5,46.98,36.86,Moderate Market Gap,37.13,Moderate Opportunity,Improve Watches products by addressing delivery problems,2549
P0096,Smart Watch 96,Watches,Smart Watch,quality,16,40.0,34.5,36.86,Moderate Market Gap,37.13,Moderate Opportunity,Improve Watches products by addressing quality problems,2550
P0119,Wireless Earbuds 119,Audio,Wireless Earbuds,comfort,9,22.5,53.42,35.19,Moderate Market Gap,37.13,Moderate Opportunity,Improve Audio products by addressing comfort problems,2551
P0395,Analog Watch 395,Watches,Analog Watch,performance,11,27.5,46.98,36.86,Moderate Market Gap,37.13,Moderate Opportunity,Improve Watches products by addressing performance problems,2552
P0128,Smart Light 128,Home Appliances,Smart Light,comfort,9,22.5,52.5,36.23,Moderate Market Gap,37.12,Moderate Opportunity,Improve Home Appliances products by addressing comfort problems,2553
P0189,Smartphone 189,Mobile,Smartphone,performance,9,22.5,52.29,36.43,Moderate Market Gap,37.11,Moderate Opportunity,Improve Mobile products by addressing performance problems,2554
P0289,Smart Ring 289,Wearables,Smart Ring,delivery,10,25.0,50.73,35.35,Moderate Market Gap,37.11,Moderate Opportunity,Improve Wearables products by addressing delivery problems,2555
P0323,Smart Watch 323,Watches,Smart Watch,software,7,17.5,56.94,36.86,Moderate Market Gap,37.11,Moderate Opportunity,Improve Watches products by addressing software problems,2556
P0194,Air Purifier 194,Home Appliances,Air Purifier,performance,11,27.5,47.47,36.23,Moderate Market Gap,37.11,Moderate Opportunity,Improve Home Appliances products by addressing performance problems,2557
P0323,Smart Watch 323,Watches,Smart Watch,comfort,7,17.5,56.94,36.86,Moderate Market Gap,37.11,Moderate Opportunity,Improve Watches products by addressing comfort problems,2558
P0289,Smart Ring 289,Wearables,Smart Ring,software,10,25.0,50.73,35.35,Moderate Market Gap,37.11,Moderate Opportunity,Improve Wearables products by addressing software problems,2559
P0183,Wireless Earbuds 183,Audio,Wireless Earbuds,software,5,12.5,63.35,35.19,Moderate Market Gap,37.1,Moderate Opportunity,Improve Audio products by addressing software problems,2560
P0493,Air Purifier 493,Home Appliances,Air Purifier,software,7,17.5,57.45,36.23,Moderate Market Gap,37.1,Moderate Opportunity,Improve Home Appliances products by addressing software problems,2561
P0098,Analog Watch 98,Watches,Analog Watch,comfort,10,25.0,49.37,36.86,Moderate Market Gap,37.09,Moderate Opportunity,Improve Watches products by addressing comfort problems,2562
P0060,Smartphone 60,Mobile,Smartphone,delivery,10,25.0,49.75,36.43,Moderate Market Gap,37.09,Moderate Opportunity,Improve Mobile products by addressing delivery problems,2563
P0159,Analog Watch 159,Watches,Analog Watch,battery,16,40.0,34.37,36.86,Moderate Market Gap,37.09,Moderate Opportunity,Improve Watches products by addressing battery problems,2564
P0314,Smart Light 314,Home Appliances,Smart Light,software,13,32.5,42.37,36.23,Moderate Market Gap,37.07,Moderate Opportunity,Improve Home Appliances products by addressing software problems,2565
P0226,Bluetooth Speaker 226,Audio,Bluetooth Speaker,price,12,30.0,45.76,35.19,Moderate Market Gap,37.07,Moderate Opportunity,Improve Audio products by addressing price problems,2566
P0314,Smart Light 314,Home Appliances,Smart Light,performance,13,32.5,42.37,36.23,Moderate Market Gap,37.07,Moderate Opportunity,Improve Home Appliances products by addressing performance problems,2567
P0179,Fitness Band 179,Wearables,Fitness Band,performance,12,30.0,45.59,35.35,Moderate Market Gap,37.06,Moderate Opportunity,Improve Wearables products by addressing performance problems,2568
P0458,Headphones 458,Audio,Headphones,comfort,8,20.0,55.69,35.19,Moderate Market Gap,37.05,Moderate Opportunity,Improve Audio products by addressing comfort problems,2569
P0238,Air Purifier 238,Home Appliances,Air Purifier,price,8,20.0,54.77,36.23,Moderate Market Gap,37.04,Moderate Opportunity,Improve Home Appliances products by addressing price problems,2570
P0079,Smartphone 79,Mobile,Smartphone,delivery,11,27.5,47.1,36.43,Moderate Market Gap,37.04,Moderate Opportunity,Improve Mobile products by addressing delivery problems,2571
P0456,Bluetooth Speaker 456,Audio,Bluetooth Speaker,comfort,8,20.0,55.64,35.19,Moderate Market Gap,37.03,Moderate Opportunity,Improve Audio products by addressing comfort problems,2572
P0396,Fitness Watch 396,Watches,Fitness Watch,performance,15,37.5,36.72,36.86,Moderate Market Gap,37.03,Moderate Opportunity,Improve Watches products by addressing performance problems,2573
P0260,Headphones 260,Audio,Headphones,comfort,14,35.0,40.65,35.19,Moderate Market Gap,37.03,Moderate Opportunity,Improve Audio products by addressing comfort problems,2574
P0302,Bluetooth Speaker 302,Audio,Bluetooth Speaker,comfort,7,17.5,58.13,35.19,Moderate Market Gap,37.03,Moderate Opportunity,Improve Audio products by addressing comfort problems,2575
P0213,Wireless Earbuds 213,Audio,Wireless Earbuds,price,11,27.5,48.11,35.19,Moderate Market Gap,37.02,Moderate Opportunity,Improve Audio products by addressing price problems,2576
P0011,Smartphone 11,Mobile,Smartphone,quality,17,42.5,32.06,36.43,Moderate Market Gap,37.02,Moderate Opportunity,Improve Mobile products by addressing quality problems,2577
P0299,Smart Ring 299,Wearables,Smart Ring,quality,16,40.0,35.47,35.35,Moderate Market Gap,37.02,Moderate Opportunity,Improve Wearables products by addressing quality problems,2578
P0109,Smart Fan 109,Home Appliances,Smart Fan,comfort,8,20.0,54.68,36.23,Moderate Market Gap,37.01,Moderate Opportunity,Improve Home Appliances products by addressing comfort problems,2579
P0157,Smartphone 157,Mobile,Smartphone,comfort,13,32.5,41.97,36.43,Moderate Market Gap,36.99,Moderate Opportunity,Improve Mobile products by addressing comfort problems,2580
P0157,Smartphone 157,Mobile,Smartphone,delivery,13,32.5,41.97,36.43,Moderate Market Gap,36.99,Moderate Opportunity,Improve Mobile products by addressing delivery problems,2581
P0088,Air Purifier 88,Home Appliances,Air Purifier,software,6,15.0,59.64,36.23,Moderate Market Gap,36.99,Moderate Opportunity,Improve Home Appliances products by addressing software problems,2582
P0083,Air Purifier 83,Home Appliances,Air Purifier,software,9,22.5,52.12,36.23,Moderate Market Gap,36.99,Moderate Opportunity,Improve Home Appliances products by addressing software problems,2583
P0427,Analog Watch 427,Watches,Analog Watch,comfort,6,15.0,59.06,36.86,Moderate Market Gap,36.98,Moderate Opportunity,Improve Watches products by addressing comfort problems,2584
P0427,Analog Watch 427,Watches,Analog Watch,software,6,15.0,59.06,36.86,Moderate Market Gap,36.98,Moderate Opportunity,Improve Watches products by addressing software problems,2585
P0162,Smart Light 162,Home Appliances,Smart Light,performance,11,27.5,47.1,36.23,Moderate Market Gap,36.98,Moderate Opportunity,Improve Home Appliances products by addressing performance problems,2586
P0162,Smart Light 162,Home Appliances,Smart Light,price,11,27.5,47.1,36.23,Moderate Market Gap,36.98,Moderate Opportunity,Improve Home Appliances products by addressing price problems,2587
P0467,Air Purifier 467,Home Appliances,Air Purifier,comfort,10,25.0,49.59,36.23,Moderate Market Gap,36.98,Moderate Opportunity,Improve Home Appliances products by addressing comfort problems,2588
P0354,Smartphone 354,Mobile,Smartphone,software,6,15.0,59.41,36.43,Moderate Market Gap,36.97,Moderate Opportunity,Improve Mobile products by addressing software problems,2589
P0174,Tablet 174,Mobile,Tablet,price,7,17.5,56.89,36.43,Moderate Market Gap,36.97,Moderate Opportunity,Improve Mobile products by addressing price problems,2590
P0484,Bluetooth Speaker 484,Audio,Bluetooth Speaker,quality,13,32.5,42.91,35.19,Moderate Market Gap,36.95,Moderate Opportunity,Improve Audio products by addressing quality problems,2591
P0067,Smart Fan 67,Home Appliances,Smart Fan,software,11,27.5,47.01,36.23,Moderate Market Gap,36.95,Moderate Opportunity,Improve Home Appliances products by addressing software problems,2592
P0444,Fitness Band 444,Wearables,Fitness Band,quality,14,35.0,40.24,35.35,Moderate Market Gap,36.94,Moderate Opportunity,Improve Wearables products by addressing quality problems,2593
P0193,Fitness Band 193,Wearables,Fitness Band,delivery,4,10.0,65.23,35.35,Moderate Market Gap,36.94,Moderate Opportunity,Improve Wearables products by addressing delivery problems,2594
P0193,Fitness Band 193,Wearables,Fitness Band,software,4,10.0,65.23,35.35,Moderate Market Gap,36.94,Moderate Opportunity,Improve Wearables products by addressing software problems,2595
P0430,Smart Light 430,Home Appliances,Smart Light,comfort,13,32.5,41.98,36.23,Moderate Market Gap,36.94,Moderate Opportunity,Improve Home Appliances products by addressing comfort problems,2596
P0444,Fitness Band 444,Wearables,Fitness Band,price,14,35.0,40.24,35.35,Moderate Market Gap,36.94,Moderate Opportunity,Improve Wearables products by addressing price problems,2597
P0415,Fitness Band 415,Wearables,Fitness Band,comfort,6,15.0,60.25,35.35,Moderate Market Gap,36.94,Moderate Opportunity,Improve Wearables products by addressing comfort problems,2598
P0434,Analog Watch 434,Watches,Analog Watch,price,15,37.5,36.43,36.86,Moderate Market Gap,36.93,Moderate Opportunity,Improve Watches products by addressing price problems,2599
P0082,Fitness Watch 82,Watches,Fitness Watch,performance,14,35.0,38.89,36.86,Moderate Market Gap,36.92,Moderate Opportunity,Improve Watches products by addressing performance problems,2600
P0072,Smart Light 72,Home Appliances,Smart Light,comfort,11,27.5,46.94,36.23,Moderate Market Gap,36.92,Moderate Opportunity,Improve Home Appliances products by addressing comfort problems,2601
P0072,Smart Light 72,Home Appliances,Smart Light,price,11,27.5,46.94,36.23,Moderate Market Gap,36.92,Moderate Opportunity,Improve Home Appliances products by addressing price problems,2602
P0364,Bluetooth Speaker 364,Audio,Bluetooth Speaker,performance,16,40.0,35.3,35.19,Moderate Market Gap,36.91,Moderate Opportunity,Improve Audio products by addressing performance problems,2603
P0365,Smart Ring 365,Wearables,Smart Ring,price,4,10.0,65.13,35.35,Moderate Market Gap,36.9,Moderate Opportunity,Improve Wearables products by addressing price problems,2604
P0044,Fitness Band 44,Wearables,Fitness Band,software,9,22.5,52.63,35.35,Moderate Market Gap,36.9,Moderate Opportunity,Improve Wearables products by addressing software problems,2605
P0352,Smart Ring 352,Wearables,Smart Ring,quality,16,40.0,35.1,35.35,Moderate Market Gap,36.89,Moderate Opportunity,Improve Wearables products by addressing quality problems,2606
P0112,Smart Light 112,Home Appliances,Smart Light,quality,15,37.5,36.83,36.23,Moderate Market Gap,36.88,Moderate Opportunity,Improve Home Appliances products by addressing quality problems,2607
P0382,Smart Watch 382,Watches,Smart Watch,delivery,8,20.0,53.78,36.86,Moderate Market Gap,36.88,Moderate Opportunity,Improve Watches products by addressing delivery problems,2608
P0148,Analog Watch 148,Watches,Analog Watch,comfort,10,25.0,48.76,36.86,Moderate Market Gap,36.87,Moderate Opportunity,Improve Watches products by addressing comfort problems,2609
P0346,Smart Ring 346,Wearables,Smart Ring,delivery,7,17.5,57.55,35.35,Moderate Market Gap,36.87,Moderate Opportunity,Improve Wearables products by addressing delivery problems,2610
P0253,Bluetooth Speaker 253,Audio,Bluetooth Speaker,price,8,20.0,55.11,35.19,Moderate Market Gap,36.85,Moderate Opportunity,Improve Audio products by addressing price problems,2611
P0278,Tablet 278,Mobile,Tablet,price,9,22.5,51.56,36.43,Moderate Market Gap,36.85,Moderate Opportunity,Improve Mobile products by addressing price problems,2612
P0131,Smartphone 131,Mobile,Smartphone,software,9,22.5,51.57,36.43,Moderate Market Gap,36.85,Moderate Opportunity,Improve Mobile products by addressing software problems,2613
P0131,Smartphone 131,Mobile,Smartphone,comfort,9,22.5,51.57,36.43,Moderate Market Gap,36.85,Moderate Opportunity,Improve Mobile products by addressing comfort problems,2614
P0408,Smartphone 408,Mobile,Smartphone,software,11,27.5,46.53,36.43,Moderate Market Gap,36.84,Moderate Opportunity,Improve Mobile products by addressing software problems,2615
P0329,Wireless Earbuds 329,Audio,Wireless Earbuds,comfort,5,12.5,62.56,35.19,Moderate Market Gap,36.83,Moderate Opportunity,Improve Audio products by addressing comfort problems,2616
P0328,Smartphone 328,Mobile,Smartphone,software,6,15.0,58.98,36.43,Moderate Market Gap,36.82,Moderate Opportunity,Improve Mobile products by addressing software problems,2617
P0093,Tablet 93,Mobile,Tablet,performance,13,32.5,41.47,36.43,Moderate Market Gap,36.82,Moderate Opportunity,Improve Mobile products by addressing performance problems,2618
P0133,Wireless Earbuds 133,Audio,Wireless Earbuds,price,7,17.5,57.5,35.19,Moderate Market Gap,36.81,Moderate Opportunity,Improve Audio products by addressing price problems,2619
P0322,Smart Watch 322,Watches,Smart Watch,performance,15,37.5,36.05,36.86,Moderate Market Gap,36.8,Moderate Opportunity,Improve Watches products by addressing performance problems,2620
P0412,Air Purifier 412,Home Appliances,Air Purifier,delivery,9,22.5,51.55,36.23,Moderate Market Gap,36.79,Moderate Opportunity,Improve Home Appliances products by addressing delivery problems,2621
P0046,Bluetooth Speaker 46,Audio,Bluetooth Speaker,comfort,16,40.0,34.94,35.19,Moderate Market Gap,36.79,Moderate Opportunity,Improve Audio products by addressing comfort problems,2622
P0287,Analog Watch 287,Watches,Analog Watch,software,7,17.5,56.02,36.86,Moderate Market Gap,36.79,Moderate Opportunity,Improve Watches products by addressing software problems,2623
P0190,Smart Light 190,Home Appliances,Smart Light,comfort,13,32.5,41.53,36.23,Moderate Market Gap,36.78,Moderate Opportunity,Improve Home Appliances products by addressing comfort problems,2624
P0114,Smart Light 114,Home Appliances,Smart Light,performance,10,25.0,49.0,36.23,Moderate Market Gap,36.77,Moderate Opportunity,Improve Home Appliances products by addressing performance problems,2625
P0496,Fitness Band 496,Wearables,Fitness Band,comfort,12,30.0,44.73,35.35,Moderate Market Gap,36.76,Moderate Opportunity,Improve Wearables products by addressing comfort problems,2626
P0078,Smart Ring 78,Wearables,Smart Ring,comfort,5,12.5,62.24,35.35,Moderate Market Gap,36.76,Moderate Opportunity,Improve Wearables products by addressing comfort problems,2627
P0169,Analog Watch 169,Watches,Analog Watch,software,9,22.5,50.87,36.86,Moderate Market Gap,36.74,Moderate Opportunity,Improve Watches products by addressing software problems,2628
P0087,Tablet 87,Mobile,Tablet,price,10,25.0,48.74,36.43,Moderate Market Gap,36.74,Moderate Opportunity,Improve Mobile products by addressing price problems,2629
P0378,Tablet 378,Mobile,Tablet,quality,16,40.0,33.68,36.43,Moderate Market Gap,36.72,Moderate Opportunity,Improve Mobile products by addressing quality problems,2630
P0393,Analog Watch 393,Watches,Analog Watch,software,14,35.0,38.29,36.86,Moderate Market Gap,36.71,Moderate Opportunity,Improve Watches products by addressing software problems,2631
P0021,Wireless Earbuds 21,Audio,Wireless Earbuds,delivery,8,20.0,54.7,35.19,Moderate Market Gap,36.7,Moderate Opportunity,Improve Audio products by addressing delivery problems,2632
P0377,Smart Ring 377,Wearables,Smart Ring,performance,11,27.5,47.07,35.35,Moderate Market Gap,36.7,Moderate Opportunity,Improve Wearables products by addressing performance problems,2633
P0319,Smart Ring 319,Wearables,Smart Ring,price,9,22.5,52.07,35.35,Moderate Market Gap,36.7,Moderate Opportunity,Improve Wearables products by addressing price problems,2634
P0132,Fitness Band 132,Wearables,Fitness Band,price,9,22.5,52.05,35.35,Moderate Market Gap,36.7,Moderate Opportunity,Improve Wearables products by addressing price problems,2635
P0204,Wireless Earbuds 204,Audio,Wireless Earbuds,comfort,11,27.5,47.09,35.19,Moderate Market Gap,36.66,Moderate Opportunity,Improve Audio products by addressing comfort problems,2636
P0204,Wireless Earbuds 204,Audio,Wireless Earbuds,performance,11,27.5,47.09,35.19,Moderate Market Gap,36.66,Moderate Opportunity,Improve Audio products by addressing performance problems,2637
P0459,Smart Watch 459,Watches,Smart Watch,comfort,11,27.5,45.57,36.86,Moderate Market Gap,36.63,Moderate Opportunity,Improve Watches products by addressing comfort problems,2638
P0147,Fitness Band 147,Wearables,Fitness Band,price,7,17.5,56.82,35.35,Moderate Market Gap,36.62,Moderate Opportunity,Improve Wearables products by addressing price problems,2639
P0403,Smart Watch 403,Watches,Smart Watch,software,14,35.0,38.02,36.86,Moderate Market Gap,36.62,Moderate Opportunity,Improve Watches products by addressing software problems,2640
P0402,Wireless Earbuds 402,Audio,Wireless Earbuds,software,8,20.0,54.48,35.19,Moderate Market Gap,36.62,Moderate Opportunity,Improve Audio products by addressing software problems,2641
P0245,Smart Ring 245,Wearables,Smart Ring,comfort,7,17.5,56.8,35.35,Moderate Market Gap,36.61,Moderate Opportunity,Improve Wearables products by addressing comfort problems,2642
P0327,Smart Fan 327,Home Appliances,Smart Fan,delivery,10,25.0,48.56,36.23,Moderate Market Gap,36.61,Moderate Opportunity,Improve Home Appliances products by addressing delivery problems,2643
P0135,Smart Watch 135,Watches,Smart Watch,comfort,12,30.0,42.96,36.86,Moderate Market Gap,36.59,Moderate Opportunity,Improve Watches products by addressing comfort problems,2644
P0442,Smartphone 442,Mobile,Smartphone,comfort,7,17.5,55.81,36.43,Moderate Market Gap,36.59,Moderate Opportunity,Improve Mobile products by addressing comfort problems,2645
P0097,Fitness Watch 97,Watches,Fitness Watch,software,11,27.5,45.42,36.86,Moderate Market Gap,36.58,Moderate Opportunity,Improve Watches products by addressing software problems,2646
P0324,Air Purifier 324,Home Appliances,Air Purifier,comfort,14,35.0,38.41,36.23,Moderate Market Gap,36.56,Moderate Opportunity,Improve Home Appliances products by addressing comfort problems,2647
P0452,Bluetooth Speaker 452,Audio,Bluetooth Speaker,software,8,20.0,54.22,35.19,Moderate Market Gap,36.53,Moderate Opportunity,Improve Audio products by addressing software problems,2648
P0452,Bluetooth Speaker 452,Audio,Bluetooth Speaker,price,8,20.0,54.22,35.19,Moderate Market Gap,36.53,Moderate Opportunity,Improve Audio products by addressing price problems,2649
P0313,Smart Watch 313,Watches,Smart Watch,delivery,14,35.0,37.79,36.86,Moderate Market Gap,36.53,Moderate Opportunity,Improve Watches products by addressing delivery problems,2650
P0049,Smart Fan 49,Home Appliances,Smart Fan,delivery,7,17.5,55.75,36.23,Moderate Market Gap,36.51,Moderate Opportunity,Improve Home Appliances products by addressing delivery problems,2651
P0469,Smart Ring 469,Wearables,Smart Ring,comfort,9,22.5,51.5,35.35,Moderate Market Gap,36.5,Moderate Opportunity,Improve Wearables products by addressing comfort problems,2652
P0499,Tablet 499,Mobile,Tablet,delivery,9,22.5,50.57,36.43,Moderate Market Gap,36.5,Moderate Opportunity,Improve Mobile products by addressing delivery problems,2653
P0343,Tablet 343,Mobile,Tablet,delivery,12,30.0,43.06,36.43,Moderate Market Gap,36.5,Moderate Opportunity,Improve Mobile products by addressing delivery problems,2654
P0495,Tablet 495,Mobile,Tablet,comfort,10,25.0,48.06,36.43,Moderate Market Gap,36.5,Moderate Opportunity,Improve Mobile products by addressing comfort problems,2655
P0197,Fitness Band 197,Wearables,Fitness Band,price,8,20.0,54.0,35.35,Moderate Market Gap,36.5,Moderate Opportunity,Improve Wearables products by addressing price problems,2656
P0144,Smart Fan 144,Home Appliances,Smart Fan,delivery,14,35.0,38.23,36.23,Moderate Market Gap,36.5,Moderate Opportunity,Improve Home Appliances products by addressing delivery problems,2657
P0440,Fitness Band 440,Wearables,Fitness Band,delivery,4,10.0,63.98,35.35,Moderate Market Gap,36.5,Moderate Opportunity,Improve Wearables products by addressing delivery problems,2658
P0391,Smart Light 391,Home Appliances,Smart Light,price,8,20.0,53.23,36.23,Moderate Market Gap,36.5,Moderate Opportunity,Improve Home Appliances products by addressing price problems,2659
P0045,Smart Ring 45,Wearables,Smart Ring,delivery,9,22.5,51.43,35.35,Moderate Market Gap,36.48,Moderate Opportunity,Improve Wearables products by addressing delivery problems,2660
P0004,Headphones 4,Audio,Headphones,performance,12,30.0,44.08,35.19,Moderate Market Gap,36.48,Moderate Opportunity,Improve Audio products by addressing performance problems,2661
P0247,Bluetooth Speaker 247,Audio,Bluetooth Speaker,performance,10,25.0,49.06,35.19,Moderate Market Gap,36.48,Moderate Opportunity,Improve Audio products by addressing performance problems,2662
P0108,Wireless Earbuds 108,Audio,Wireless Earbuds,comfort,8,20.0,54.05,35.19,Moderate Market Gap,36.47,Moderate Opportunity,Improve Audio products by addressing comfort problems,2663
P0023,Air Purifier 23,Home Appliances,Air Purifier,comfort,15,37.5,35.59,36.23,Moderate Market Gap,36.45,Moderate Opportunity,Improve Home Appliances products by addressing comfort problems,2664
P0023,Air Purifier 23,Home Appliances,Air Purifier,performance,15,37.5,35.59,36.23,Moderate Market Gap,36.45,Moderate Opportunity,Improve Home Appliances products by addressing performance problems,2665
P0305,Fitness Band 305,Wearables,Fitness Band,price,10,25.0,48.85,35.35,Moderate Market Gap,36.45,Moderate Opportunity,Improve Wearables products by addressing price problems,2666
P0048,Smart Watch 48,Watches,Smart Watch,software,12,30.0,42.55,36.86,Moderate Market Gap,36.45,Moderate Opportunity,Improve Watches products by addressing software problems,2667
P0426,Headphones 426,Audio,Headphones,performance,14,35.0,38.77,35.19,Moderate Market Gap,36.38,Moderate Opportunity,Improve Audio products by addressing performance problems,2668
P0158,Smartphone 158,Mobile,Smartphone,price,12,30.0,42.65,36.43,Moderate Market Gap,36.36,Moderate Opportunity,Improve Mobile products by addressing price problems,2669
P0351,Tablet 351,Mobile,Tablet,delivery,8,20.0,52.67,36.43,Moderate Market Gap,36.36,Moderate Opportunity,Improve Mobile products by addressing delivery problems,2670
P0309,Fitness Band 309,Wearables,Fitness Band,price,11,27.5,46.05,35.35,Moderate Market Gap,36.35,Moderate Opportunity,Improve Wearables products by addressing price problems,2671
P0394,Fitness Watch 394,Watches,Fitness Watch,comfort,4,10.0,62.27,36.86,Moderate Market Gap,36.35,Moderate Opportunity,Improve Watches products by addressing comfort problems,2672
P0306,Fitness Band 306,Wearables,Fitness Band,delivery,8,20.0,53.54,35.35,Moderate Market Gap,36.34,Moderate Opportunity,Improve Wearables products by addressing delivery problems,2673
P0166,Smart Ring 166,Wearables,Smart Ring,price,7,17.5,56.03,35.35,Moderate Market Gap,36.34,Moderate Opportunity,Improve Wearables products by addressing price problems,2674
P0358,Bluetooth Speaker 358,Audio,Bluetooth Speaker,price,5,12.5,61.14,35.19,Moderate Market Gap,36.33,Moderate Opportunity,Improve Audio products by addressing price problems,2675
P0182,Fitness Band 182,Wearables,Fitness Band,quality,16,40.0,33.5,35.35,Moderate Market Gap,36.33,Moderate Opportunity,Improve Wearables products by addressing quality problems,2676
P0018,Smart Ring 18,Wearables,Smart Ring,comfort,14,35.0,38.46,35.35,Moderate Market Gap,36.32,Moderate Opportunity,Improve Wearables products by addressing comfort problems,2677
P0208,Fitness Watch 208,Watches,Fitness Watch,performance,15,37.5,34.67,36.86,Moderate Market Gap,36.32,Moderate Opportunity,Improve Watches products by addressing performance problems,2678
P0368,Headphones 368,Audio,Headphones,software,12,30.0,43.61,35.19,Moderate Market Gap,36.32,Moderate Opportunity,Improve Audio products by addressing software problems,2679
P0401,Headphones 401,Audio,Headphones,price,11,27.5,46.12,35.19,Moderate Market Gap,36.32,Moderate Opportunity,Improve Audio products by addressing price problems,2680
P0417,Smart Light 417,Home Appliances,Smart Light,delivery,8,20.0,52.69,36.23,Moderate Market Gap,36.31,Moderate Opportunity,Improve Home Appliances products by addressing delivery problems,2681
P0417,Smart Light 417,Home Appliances,Smart Light,performance,8,20.0,52.69,36.23,Moderate Market Gap,36.31,Moderate Opportunity,Improve Home Appliances products by addressing performance problems,2682
P0170,Tablet 170,Mobile,Tablet,price,4,10.0,62.48,36.43,Moderate Market Gap,36.3,Moderate Opportunity,Improve Mobile products by addressing price problems,2683
P0476,Wireless Earbuds 476,Audio,Wireless Earbuds,comfort,9,22.5,50.98,35.19,Moderate Market Gap,36.27,Moderate Opportunity,Improve Audio products by addressing comfort problems,2684
P0468,Fitness Band 468,Wearables,Fitness Band,price,8,20.0,53.34,35.35,Moderate Market Gap,36.27,Moderate Opportunity,Improve Wearables products by addressing price problems,2685
P0468,Fitness Band 468,Wearables,Fitness Band,software,8,20.0,53.34,35.35,Moderate Market Gap,36.27,Moderate Opportunity,Improve Wearables products by addressing software problems,2686
P0038,Tablet 38,Mobile,Tablet,delivery,10,25.0,47.36,36.43,Moderate Market Gap,36.26,Moderate Opportunity,Improve Mobile products by addressing delivery problems,2687
P0119,Wireless Earbuds 119,Audio,Wireless Earbuds,software,8,20.0,53.42,35.19,Moderate Market Gap,36.25,Moderate Opportunity,Improve Audio products by addressing software problems,2688
P0120,Smart Light 120,Home Appliances,Smart Light,price,9,22.5,49.98,36.23,Moderate Market Gap,36.24,Moderate Opportunity,Improve Home Appliances products by addressing price problems,2689
P0323,Smart Watch 323,Watches,Smart Watch,delivery,6,15.0,56.94,36.86,Moderate Market Gap,36.24,Moderate Opportunity,Improve Watches products by addressing delivery problems,2690
P0128,Smart Light 128,Home Appliances,Smart Light,software,8,20.0,52.5,36.23,Moderate Market Gap,36.24,Moderate Opportunity,Improve Home Appliances products by addressing software problems,2691
P0194,Air Purifier 194,Home Appliances,Air Purifier,price,10,25.0,47.47,36.23,Moderate Market Gap,36.23,Moderate Opportunity,Improve Home Appliances products by addressing price problems,2692
P0381,Bluetooth Speaker 381,Audio,Bluetooth Speaker,delivery,14,35.0,38.34,35.19,Moderate Market Gap,36.23,Moderate Opportunity,Improve Audio products by addressing delivery problems,2693
P0381,Bluetooth Speaker 381,Audio,Bluetooth Speaker,battery,14,35.0,38.34,35.19,Moderate Market Gap,36.23,Moderate Opportunity,Improve Audio products by addressing battery problems,2694
P0259,Smart Fan 259,Home Appliances,Smart Fan,performance,12,30.0,42.44,36.23,Moderate Market Gap,36.22,Moderate Opportunity,Improve Home Appliances products by addressing performance problems,2695
P0445,Bluetooth Speaker 445,Audio,Bluetooth Speaker,performance,16,40.0,33.29,35.19,Moderate Market Gap,36.21,Moderate Opportunity,Improve Audio products by addressing performance problems,2696
P0098,Analog Watch 98,Watches,Analog Watch,delivery,9,22.5,49.37,36.86,Moderate Market Gap,36.21,Moderate Opportunity,Improve Watches products by addressing delivery problems,2697
P0226,Bluetooth Speaker 226,Audio,Bluetooth Speaker,software,11,27.5,45.76,35.19,Moderate Market Gap,36.2,Moderate Opportunity,Improve Audio products by addressing software problems,2698
P0102,Smart Light 102,Home Appliances,Smart Light,software,6,15.0,57.37,36.23,Moderate Market Gap,36.2,Moderate Opportunity,Improve Home Appliances products by addressing software problems,2699
P0015,Smart Ring 15,Wearables,Smart Ring,software,11,27.5,45.62,35.35,Moderate Market Gap,36.2,Moderate Opportunity,Improve Wearables products by addressing software problems,2700
P0102,Smart Light 102,Home Appliances,Smart Light,price,6,15.0,57.37,36.23,Moderate Market Gap,36.2,Moderate Opportunity,Improve Home Appliances products by addressing price problems,2701
P0029,Smart Light 29,Home Appliances,Smart Light,delivery,10,25.0,47.31,36.23,Moderate Market Gap,36.18,Moderate Opportunity,Improve Home Appliances products by addressing delivery problems,2702
P0017,Bluetooth Speaker 17,Audio,Bluetooth Speaker,comfort,6,15.0,58.19,35.19,Moderate Market Gap,36.17,Moderate Opportunity,Improve Audio products by addressing comfort problems,2703
P0095,Analog Watch 95,Watches,Analog Watch,software,7,17.5,54.25,36.86,Moderate Market Gap,36.17,Moderate Opportunity,Improve Watches products by addressing software problems,2704
P0443,Wireless Earbuds 443,Audio,Wireless Earbuds,performance,15,37.5,35.69,35.19,Moderate Market Gap,36.17,Moderate Opportunity,Improve Audio products by addressing performance problems,2705
P0396,Fitness Watch 396,Watches,Fitness Watch,delivery,14,35.0,36.72,36.86,Moderate Market Gap,36.16,Moderate Opportunity,Improve Watches products by addressing delivery problems,2706
P0180,Smart Light 180,Home Appliances,Smart Light,software,10,25.0,47.23,36.23,Moderate Market Gap,36.15,Moderate Opportunity,Improve Home Appliances products by addressing software problems,2707
P0011,Smartphone 11,Mobile,Smartphone,battery,16,40.0,32.06,36.43,Moderate Market Gap,36.15,Moderate Opportunity,Improve Mobile products by addressing battery problems,2708
P0180,Smart Light 180,Home Appliances,Smart Light,price,10,25.0,47.23,36.23,Moderate Market Gap,36.15,Moderate Opportunity,Improve Home Appliances products by addressing price problems,2709
P0421,Air Purifier 421,Home Appliances,Air Purifier,delivery,13,32.5,39.7,36.23,Moderate Market Gap,36.14,Moderate Opportunity,Improve Home Appliances products by addressing delivery problems,2710
P0421,Air Purifier 421,Home Appliances,Air Purifier,software,13,32.5,39.7,36.23,Moderate Market Gap,36.14,Moderate Opportunity,Improve Home Appliances products by addressing software problems,2711
P0109,Smart Fan 109,Home Appliances,Smart Fan,price,7,17.5,54.68,36.23,Moderate Market Gap,36.13,Moderate Opportunity,Improve Home Appliances products by addressing price problems,2712
P0210,Tablet 210,Mobile,Tablet,software,14,35.0,37.01,36.43,Moderate Market Gap,36.13,Moderate Opportunity,Improve Mobile products by addressing software problems,2713
P0109,Smart Fan 109,Home Appliances,Smart Fan,software,7,17.5,54.68,36.23,Moderate Market Gap,36.13,Moderate Opportunity,Improve Home Appliances products by addressing software problems,2714
P0013,Smart Ring 13,Wearables,Smart Ring,delivery,12,30.0,42.87,35.35,Moderate Market Gap,36.11,Moderate Opportunity,Improve Wearables products by addressing delivery problems,2715
P0013,Smart Ring 13,Wearables,Smart Ring,price,12,30.0,42.87,35.35,Moderate Market Gap,36.11,Moderate Opportunity,Improve Wearables products by addressing price problems,2716
P0054,Wireless Earbuds 54,Audio,Wireless Earbuds,software,15,37.5,35.48,35.19,Moderate Market Gap,36.1,Moderate Opportunity,Improve Audio products by addressing software problems,2717
P0409,Analog Watch 409,Watches,Analog Watch,delivery,4,10.0,61.53,36.86,Moderate Market Gap,36.09,Moderate Opportunity,Improve Watches products by addressing delivery problems,2718
P0349,Smart Fan 349,Home Appliances,Smart Fan,delivery,8,20.0,52.07,36.23,Moderate Market Gap,36.09,Moderate Opportunity,Improve Home Appliances products by addressing delivery problems,2719
P0349,Smart Fan 349,Home Appliances,Smart Fan,software,8,20.0,52.07,36.23,Moderate Market Gap,36.09,Moderate Opportunity,Improve Home Appliances products by addressing software problems,2720
P0310,Fitness Band 310,Wearables,Fitness Band,price,10,25.0,47.79,35.35,Moderate Market Gap,36.08,Moderate Opportunity,Improve Wearables products by addressing price problems,2721
P0310,Fitness Band 310,Wearables,Fitness Band,software,10,25.0,47.79,35.35,Moderate Market Gap,36.08,Moderate Opportunity,Improve Wearables products by addressing software problems,2722
P0484,Bluetooth Speaker 484,Audio,Bluetooth Speaker,delivery,12,30.0,42.91,35.19,Moderate Market Gap,36.08,Moderate Opportunity,Improve Audio products by addressing delivery problems,2723
P0141,Wireless Earbuds 141,Audio,Wireless Earbuds,software,12,30.0,42.92,35.19,Moderate Market Gap,36.08,Moderate Opportunity,Improve Audio products by addressing software problems,2724
P0207,Wireless Earbuds 207,Audio,Wireless Earbuds,price,10,25.0,47.93,35.19,Moderate Market Gap,36.08,Moderate Opportunity,Improve Audio products by addressing price problems,2725
P0141,Wireless Earbuds 141,Audio,Wireless Earbuds,comfort,12,30.0,42.92,35.19,Moderate Market Gap,36.08,Moderate Opportunity,Improve Audio products by addressing comfort problems,2726
P0141,Wireless Earbuds 141,Audio,Wireless Earbuds,delivery,12,30.0,42.92,35.19,Moderate Market Gap,36.08,Moderate Opportunity,Improve Audio products by addressing delivery problems,2727
P0067,Smart Fan 67,Home Appliances,Smart Fan,comfort,10,25.0,47.01,36.23,Moderate Market Gap,36.07,Moderate Opportunity,Improve Home Appliances products by addressing comfort problems,2728
P0415,Fitness Band 415,Wearables,Fitness Band,software,5,12.5,60.25,35.35,Moderate Market Gap,36.07,Moderate Opportunity,Improve Wearables products by addressing software problems,2729
P0430,Smart Light 430,Home Appliances,Smart Light,delivery,12,30.0,41.98,36.23,Moderate Market Gap,36.06,Moderate Opportunity,Improve Home Appliances products by addressing delivery problems,2730
P0444,Fitness Band 444,Wearables,Fitness Band,comfort,13,32.5,40.24,35.35,Moderate Market Gap,36.06,Moderate Opportunity,Improve Wearables products by addressing comfort problems,2731
P0444,Fitness Band 444,Wearables,Fitness Band,performance,13,32.5,40.24,35.35,Moderate Market Gap,36.06,Moderate Opportunity,Improve Wearables products by addressing performance problems,2732
P0348,Analog Watch 348,Watches,Analog Watch,price,9,22.5,48.9,36.86,Moderate Market Gap,36.05,Moderate Opportunity,Improve Watches products by addressing price problems,2733
P0397,Fitness Band 397,Wearables,Fitness Band,price,13,32.5,40.2,35.35,Moderate Market Gap,36.05,Moderate Opportunity,Improve Wearables products by addressing price problems,2734
P0101,Bluetooth Speaker 101,Audio,Bluetooth Speaker,quality,13,32.5,40.33,35.19,Moderate Market Gap,36.05,Moderate Opportunity,Improve Audio products by addressing quality problems,2735
P0232,Smart Ring 232,Wearables,Smart Ring,price,4,10.0,62.71,35.35,Moderate Market Gap,36.05,Moderate Opportunity,Improve Wearables products by addressing price problems,2736
P0385,Tablet 385,Mobile,Tablet,quality,13,32.5,39.25,36.43,Moderate Market Gap,36.04,Moderate Opportunity,Improve Mobile products by addressing quality problems,2737
P0082,Fitness Watch 82,Watches,Fitness Watch,comfort,13,32.5,38.89,36.86,Moderate Market Gap,36.04,Moderate Opportunity,Improve Watches products by addressing comfort problems,2738
P0385,Tablet 385,Mobile,Tablet,software,13,32.5,39.25,36.43,Moderate Market Gap,36.04,Moderate Opportunity,Improve Mobile products by addressing software problems,2739
P0145,Fitness Band 145,Wearables,Fitness Band,comfort,10,25.0,47.62,35.35,Moderate Market Gap,36.02,Moderate Opportunity,Improve Wearables products by addressing comfort problems,2740
P0148,Analog Watch 148,Watches,Analog Watch,delivery,9,22.5,48.76,36.86,Moderate Market Gap,36.0,Moderate Opportunity,Improve Watches products by addressing delivery problems,2741
P0267,Smartphone 267,Mobile,Smartphone,price,6,15.0,56.54,36.43,Moderate Market Gap,35.97,Moderate Opportunity,Improve Mobile products by addressing price problems,2742
P0104,Smartphone 104,Mobile,Smartphone,software,6,15.0,56.5,36.43,Moderate Market Gap,35.95,Moderate Opportunity,Improve Mobile products by addressing software problems,2743
P0093,Tablet 93,Mobile,Tablet,comfort,12,30.0,41.47,36.43,Moderate Market Gap,35.94,Moderate Opportunity,Improve Mobile products by addressing comfort problems,2744
P0093,Tablet 93,Mobile,Tablet,delivery,12,30.0,41.47,36.43,Moderate Market Gap,35.94,Moderate Opportunity,Improve Mobile products by addressing delivery problems,2745
P0019,Fitness Watch 19,Watches,Fitness Watch,price,12,30.0,41.05,36.86,Moderate Market Gap,35.93,Moderate Opportunity,Improve Watches products by addressing price problems,2746
P0453,Smartphone 453,Mobile,Smartphone,comfort,8,20.0,51.37,36.43,Moderate Market Gap,35.91,Moderate Opportunity,Improve Mobile products by addressing comfort problems,2747
P0184,Smart Ring 184,Wearables,Smart Ring,software,13,32.5,39.8,35.35,Moderate Market Gap,35.91,Moderate Opportunity,Improve Wearables products by addressing software problems,2748
P0046,Bluetooth Speaker 46,Audio,Bluetooth Speaker,quality,15,37.5,34.94,35.19,Moderate Market Gap,35.91,Moderate Opportunity,Improve Audio products by addressing quality problems,2749
P0114,Smart Light 114,Home Appliances,Smart Light,comfort,9,22.5,49.0,36.23,Moderate Market Gap,35.89,Moderate Opportunity,Improve Home Appliances products by addressing comfort problems,2750
P0335,Headphones 335,Audio,Headphones,comfort,11,27.5,44.81,35.19,Moderate Market Gap,35.87,Moderate Opportunity,Improve Audio products by addressing comfort problems,2751
P0422,Tablet 422,Mobile,Tablet,performance,10,25.0,46.22,36.43,Moderate Market Gap,35.86,Moderate Opportunity,Improve Mobile products by addressing performance problems,2752
P0272,Tablet 272,Mobile,Tablet,comfort,11,27.5,43.57,36.43,Moderate Market Gap,35.8,Moderate Opportunity,Improve Mobile products by addressing comfort problems,2753
P0429,Smart Ring 429,Wearables,Smart Ring,delivery,11,27.5,44.48,35.35,Moderate Market Gap,35.8,Moderate Opportunity,Improve Wearables products by addressing delivery problems,2754
P0204,Wireless Earbuds 204,Audio,Wireless Earbuds,software,10,25.0,47.09,35.19,Moderate Market Gap,35.79,Moderate Opportunity,Improve Audio products by addressing software problems,2755
P0359,Smart Light 359,Home Appliances,Smart Light,software,5,12.5,58.66,36.23,Moderate Market Gap,35.78,Moderate Opportunity,Improve Home Appliances products by addressing software problems,2756
P0068,Headphones 68,Audio,Headphones,performance,16,40.0,32.07,35.19,Moderate Market Gap,35.78,Moderate Opportunity,Improve Audio products by addressing performance problems,2757
P0071,Smart Watch 71,Watches,Smart Watch,software,10,25.0,45.6,36.86,Moderate Market Gap,35.77,Moderate Opportunity,Improve Watches products by addressing software problems,2758
P0071,Smart Watch 71,Watches,Smart Watch,performance,10,25.0,45.6,36.86,Moderate Market Gap,35.77,Moderate Opportunity,Improve Watches products by addressing performance problems,2759
P0215,Smart Light 215,Home Appliances,Smart Light,comfort,9,22.5,48.63,36.23,Moderate Market Gap,35.76,Moderate Opportunity,Improve Home Appliances products by addressing comfort problems,2760
P0482,Smartphone 482,Mobile,Smartphone,quality,15,37.5,33.44,36.43,Moderate Market Gap,35.76,Moderate Opportunity,Improve Mobile products by addressing quality problems,2761
P0490,Smart Light 490,Home Appliances,Smart Light,comfort,12,30.0,41.09,36.23,Moderate Market Gap,35.75,Moderate Opportunity,Improve Home Appliances products by addressing comfort problems,2762
P0070,Smart Watch 70,Watches,Smart Watch,comfort,10,25.0,45.56,36.86,Moderate Market Gap,35.75,Moderate Opportunity,Improve Watches products by addressing comfort problems,2763
P0418,Smart Fan 418,Home Appliances,Smart Fan,comfort,7,17.5,53.57,36.23,Moderate Market Gap,35.74,Moderate Opportunity,Improve Home Appliances products by addressing comfort problems,2764
P0403,Smart Watch 403,Watches,Smart Watch,performance,13,32.5,38.02,36.86,Moderate Market Gap,35.74,Moderate Opportunity,Improve Watches products by addressing performance problems,2765
P0138,Smart Fan 138,Home Appliances,Smart Fan,price,12,30.0,41.05,36.23,Moderate Market Gap,35.74,Moderate Opportunity,Improve Home Appliances products by addressing price problems,2766
P0138,Smart Fan 138,Home Appliances,Smart Fan,delivery,12,30.0,41.05,36.23,Moderate Market Gap,35.74,Moderate Opportunity,Improve Home Appliances products by addressing delivery problems,2767
P0257,Analog Watch 257,Watches,Analog Watch,comfort,13,32.5,38.02,36.86,Moderate Market Gap,35.74,Moderate Opportunity,Improve Watches products by addressing comfort problems,2768
P0251,Fitness Band 251,Wearables,Fitness Band,quality,13,32.5,39.32,35.35,Moderate Market Gap,35.74,Moderate Opportunity,Improve Wearables products by addressing quality problems,2769
P0147,Fitness Band 147,Wearables,Fitness Band,comfort,6,15.0,56.82,35.35,Moderate Market Gap,35.74,Moderate Opportunity,Improve Wearables products by addressing comfort problems,2770
P0448,Smart Fan 448,Home Appliances,Smart Fan,quality,14,35.0,36.02,36.23,Moderate Market Gap,35.73,Moderate Opportunity,Improve Home Appliances products by addressing quality problems,2771
P0135,Smart Watch 135,Watches,Smart Watch,software,11,27.5,42.96,36.86,Moderate Market Gap,35.72,Moderate Opportunity,Improve Watches products by addressing software problems,2772
P0254,Tablet 254,Mobile,Tablet,software,5,12.5,58.33,36.43,Moderate Market Gap,35.72,Moderate Opportunity,Improve Mobile products by addressing software problems,2773
P0276,Fitness Watch 276,Watches,Fitness Watch,delivery,5,12.5,57.88,36.86,Moderate Market Gap,35.69,Moderate Opportunity,Improve Watches products by addressing delivery problems,2774
P0003,Smart Light 3,Home Appliances,Smart Light,comfort,12,30.0,40.9,36.23,Moderate Market Gap,35.68,Moderate Opportunity,Improve Home Appliances products by addressing comfort problems,2775
P0022,Analog Watch 22,Watches,Analog Watch,software,9,22.5,47.84,36.86,Moderate Market Gap,35.68,Moderate Opportunity,Improve Watches products by addressing software problems,2776
P0089,Fitness Band 89,Wearables,Fitness Band,price,12,30.0,41.58,35.35,Moderate Market Gap,35.66,Moderate Opportunity,Improve Wearables products by addressing price problems,2777
P0367,Smart Fan 367,Home Appliances,Smart Fan,comfort,9,22.5,48.31,36.23,Moderate Market Gap,35.65,Moderate Opportunity,Improve Home Appliances products by addressing comfort problems,2778
P0073,Smartphone 73,Mobile,Smartphone,performance,11,27.5,43.14,36.43,Moderate Market Gap,35.65,Moderate Opportunity,Improve Mobile products by addressing performance problems,2779
P0073,Smartphone 73,Mobile,Smartphone,comfort,11,27.5,43.14,36.43,Moderate Market Gap,35.65,Moderate Opportunity,Improve Mobile products by addressing comfort problems,2780
P0367,Smart Fan 367,Home Appliances,Smart Fan,software,9,22.5,48.31,36.23,Moderate Market Gap,35.65,Moderate Opportunity,Improve Home Appliances products by addressing software problems,2781
P0223,Smartphone 223,Mobile,Smartphone,price,7,17.5,53.09,36.43,Moderate Market Gap,35.64,Moderate Opportunity,Improve Mobile products by addressing price problems,2782
P0294,Smart Ring 294,Wearables,Smart Ring,software,5,12.5,58.98,35.35,Moderate Market Gap,35.62,Moderate Opportunity,Improve Wearables products by addressing software problems,2783
P0391,Smart Light 391,Home Appliances,Smart Light,delivery,7,17.5,53.23,36.23,Moderate Market Gap,35.62,Moderate Opportunity,Improve Home Appliances products by addressing delivery problems,2784
P0065,Smart Ring 65,Wearables,Smart Ring,price,8,20.0,51.44,35.35,Moderate Market Gap,35.61,Moderate Opportunity,Improve Wearables products by addressing price problems,2785
P0303,Fitness Watch 303,Watches,Fitness Watch,price,8,20.0,50.15,36.86,Moderate Market Gap,35.61,Moderate Opportunity,Improve Watches products by addressing price problems,2786
P0247,Bluetooth Speaker 247,Audio,Bluetooth Speaker,software,9,22.5,49.06,35.19,Moderate Market Gap,35.6,Moderate Opportunity,Improve Audio products by addressing software problems,2787
P0173,Smartphone 173,Mobile,Smartphone,price,6,15.0,55.5,36.43,Moderate Market Gap,35.6,Moderate Opportunity,Improve Mobile products by addressing price problems,2788
P0116,Smart Fan 116,Home Appliances,Smart Fan,comfort,7,17.5,53.12,36.23,Moderate Market Gap,35.59,Moderate Opportunity,Improve Home Appliances products by addressing comfort problems,2789
P0305,Fitness Band 305,Wearables,Fitness Band,delivery,9,22.5,48.85,35.35,Moderate Market Gap,35.58,Moderate Opportunity,Improve Wearables products by addressing delivery problems,2790
P0305,Fitness Band 305,Wearables,Fitness Band,comfort,9,22.5,48.85,35.35,Moderate Market Gap,35.58,Moderate Opportunity,Improve Wearables products by addressing comfort problems,2791
P0481,Bluetooth Speaker 481,Audio,Bluetooth Speaker,comfort,6,15.0,56.46,35.19,Moderate Market Gap,35.57,Moderate Opportunity,Improve Audio products by addressing comfort problems,2792
P0290,Fitness Band 290,Wearables,Fitness Band,performance,15,37.5,33.81,35.35,Moderate Market Gap,35.56,Moderate Opportunity,Improve Wearables products by addressing performance problems,2793
P0143,Headphones 143,Audio,Headphones,performance,11,27.5,43.94,35.19,Moderate Market Gap,35.56,Moderate Opportunity,Improve Audio products by addressing performance problems,2794
P0143,Headphones 143,Audio,Headphones,software,11,27.5,43.94,35.19,Moderate Market Gap,35.56,Moderate Opportunity,Improve Audio products by addressing software problems,2795
P0350,Analog Watch 350,Watches,Analog Watch,price,10,25.0,44.92,36.86,Moderate Market Gap,35.53,Moderate Opportunity,Improve Watches products by addressing price problems,2796
P0030,Tablet 30,Mobile,Tablet,price,9,22.5,47.76,36.43,Moderate Market Gap,35.52,Moderate Opportunity,Improve Mobile products by addressing price problems,2797
P0295,Smart Ring 295,Wearables,Smart Ring,price,16,40.0,31.13,35.35,Moderate Market Gap,35.5,Moderate Opportunity,Improve Wearables products by addressing price problems,2798
P0295,Smart Ring 295,Wearables,Smart Ring,quality,16,40.0,31.13,35.35,Moderate Market Gap,35.5,Moderate Opportunity,Improve Wearables products by addressing quality problems,2799
P0296,Headphones 296,Audio,Headphones,comfort,8,20.0,51.28,35.19,Moderate Market Gap,35.5,Moderate Opportunity,Improve Audio products by addressing comfort problems,2800
P0158,Smartphone 158,Mobile,Smartphone,performance,11,27.5,42.65,36.43,Moderate Market Gap,35.48,Moderate Opportunity,Improve Mobile products by addressing performance problems,2801
P0241,Wireless Earbuds 241,Audio,Wireless Earbuds,software,11,27.5,43.72,35.19,Moderate Market Gap,35.48,Moderate Opportunity,Improve Audio products by addressing software problems,2802
P0166,Smart Ring 166,Wearables,Smart Ring,delivery,6,15.0,56.03,35.35,Moderate Market Gap,35.47,Moderate Opportunity,Improve Wearables products by addressing delivery problems,2803
P0330,Smart Watch 330,Watches,Smart Watch,software,11,27.5,42.22,36.86,Moderate Market Gap,35.46,Moderate Opportunity,Improve Watches products by addressing software problems,2804
P0182,Fitness Band 182,Wearables,Fitness Band,performance,15,37.5,33.5,35.35,Moderate Market Gap,35.46,Moderate Opportunity,Improve Wearables products by addressing performance problems,2805
P0330,Smart Watch 330,Watches,Smart Watch,delivery,11,27.5,42.22,36.86,Moderate Market Gap,35.46,Moderate Opportunity,Improve Watches products by addressing delivery problems,2806
P0401,Headphones 401,Audio,Headphones,software,10,25.0,46.12,35.19,Moderate Market Gap,35.45,Moderate Opportunity,Improve Audio products by addressing software problems,2807
P0292,Smart Fan 292,Home Appliances,Smart Fan,software,10,25.0,45.15,36.23,Moderate Market Gap,35.42,Moderate Opportunity,Improve Home Appliances products by addressing software problems,2808
P0176,Smart Light 176,Home Appliances,Smart Light,price,9,22.5,47.62,36.23,Moderate Market Gap,35.41,Moderate Opportunity,Improve Home Appliances products by addressing price problems,2809
P0176,Smart Light 176,Home Appliances,Smart Light,comfort,9,22.5,47.62,36.23,Moderate Market Gap,35.41,Moderate Opportunity,Improve Home Appliances products by addressing comfort problems,2810
P0035,Smartphone 35,Mobile,Smartphone,price,8,20.0,49.93,36.43,Moderate Market Gap,35.4,Moderate Opportunity,Improve Mobile products by addressing price problems,2811
P0399,Analog Watch 399,Watches,Analog Watch,performance,11,27.5,42.05,36.86,Moderate Market Gap,35.4,Moderate Opportunity,Improve Watches products by addressing performance problems,2812
P0399,Analog Watch 399,Watches,Analog Watch,price,11,27.5,42.05,36.86,Moderate Market Gap,35.4,Moderate Opportunity,Improve Watches products by addressing price problems,2813
P0175,Fitness Band 175,Wearables,Fitness Band,software,10,25.0,45.82,35.35,Moderate Market Gap,35.39,Moderate Opportunity,Improve Wearables products by addressing software problems,2814
P0446,Tablet 446,Mobile,Tablet,comfort,8,20.0,49.88,36.43,Moderate Market Gap,35.39,Moderate Opportunity,Improve Mobile products by addressing comfort problems,2815
P0038,Tablet 38,Mobile,Tablet,price,9,22.5,47.36,36.43,Moderate Market Gap,35.38,Moderate Opportunity,Improve Mobile products by addressing price problems,2816
P0395,Analog Watch 395,Watches,Analog Watch,price,9,22.5,46.98,36.86,Moderate Market Gap,35.38,Moderate Opportunity,Improve Watches products by addressing price problems,2817
P0462,Smart Ring 462,Wearables,Smart Ring,delivery,5,12.5,58.28,35.35,Moderate Market Gap,35.38,Moderate Opportunity,Improve Wearables products by addressing delivery problems,2818
P0038,Tablet 38,Mobile,Tablet,software,9,22.5,47.36,36.43,Moderate Market Gap,35.38,Moderate Opportunity,Improve Mobile products by addressing software problems,2819
P0424,Smart Ring 424,Wearables,Smart Ring,comfort,7,17.5,53.26,35.35,Moderate Market Gap,35.37,Moderate Opportunity,Improve Wearables products by addressing comfort problems,2820
P0194,Air Purifier 194,Home Appliances,Air Purifier,comfort,9,22.5,47.47,36.23,Moderate Market Gap,35.36,Moderate Opportunity,Improve Home Appliances products by addressing comfort problems,2821
P0289,Smart Ring 289,Wearables,Smart Ring,price,8,20.0,50.73,35.35,Moderate Market Gap,35.36,Moderate Opportunity,Improve Wearables products by addressing price problems,2822
P0259,Smart Fan 259,Home Appliances,Smart Fan,price,11,27.5,42.44,36.23,Moderate Market Gap,35.35,Moderate Opportunity,Improve Home Appliances products by addressing price problems,2823
P0381,Bluetooth Speaker 381,Audio,Bluetooth Speaker,software,13,32.5,38.34,35.19,Moderate Market Gap,35.35,Moderate Opportunity,Improve Audio products by addressing software problems,2824
P0493,Air Purifier 493,Home Appliances,Air Purifier,price,5,12.5,57.45,36.23,Moderate Market Gap,35.35,Moderate Opportunity,Improve Home Appliances products by addressing price problems,2825
P0098,Analog Watch 98,Watches,Analog Watch,price,8,20.0,49.37,36.86,Moderate Market Gap,35.34,Moderate Opportunity,Improve Watches products by addressing price problems,2826
P0060,Smartphone 60,Mobile,Smartphone,performance,8,20.0,49.75,36.43,Moderate Market Gap,35.34,Moderate Opportunity,Improve Mobile products by addressing performance problems,2827
P0060,Smartphone 60,Mobile,Smartphone,comfort,8,20.0,49.75,36.43,Moderate Market Gap,35.34,Moderate Opportunity,Improve Mobile products by addressing comfort problems,2828
P0317,Smart Light 317,Home Appliances,Smart Light,price,6,15.0,54.92,36.23,Moderate Market Gap,35.34,Moderate Opportunity,Improve Home Appliances products by addressing price problems,2829
P0284,Wireless Earbuds 284,Audio,Wireless Earbuds,price,9,22.5,48.29,35.19,Moderate Market Gap,35.33,Moderate Opportunity,Improve Audio products by addressing price problems,2830
P0277,Smartphone 277,Mobile,Smartphone,performance,12,30.0,39.7,36.43,Moderate Market Gap,35.32,Moderate Opportunity,Improve Mobile products by addressing performance problems,2831
P0015,Smart Ring 15,Wearables,Smart Ring,price,10,25.0,45.62,35.35,Moderate Market Gap,35.32,Moderate Opportunity,Improve Wearables products by addressing price problems,2832
P0314,Smart Light 314,Home Appliances,Smart Light,price,11,27.5,42.37,36.23,Moderate Market Gap,35.32,Moderate Opportunity,Improve Home Appliances products by addressing price problems,2833
P0066,Smart Fan 66,Home Appliances,Smart Fan,price,11,27.5,42.32,36.23,Moderate Market Gap,35.31,Moderate Opportunity,Improve Home Appliances products by addressing price problems,2834
P0066,Smart Fan 66,Home Appliances,Smart Fan,software,11,27.5,42.32,36.23,Moderate Market Gap,35.31,Moderate Opportunity,Improve Home Appliances products by addressing software problems,2835
P0458,Headphones 458,Audio,Headphones,price,6,15.0,55.69,35.19,Moderate Market Gap,35.3,Moderate Opportunity,Improve Audio products by addressing price problems,2836
P0029,Smart Light 29,Home Appliances,Smart Light,performance,9,22.5,47.31,36.23,Moderate Market Gap,35.3,Moderate Opportunity,Improve Home Appliances products by addressing performance problems,2837
P0298,Smartphone 298,Mobile,Smartphone,delivery,16,40.0,29.63,36.43,Moderate Market Gap,35.3,Moderate Opportunity,Improve Mobile products by addressing delivery problems,2838
P0307,Smartphone 307,Mobile,Smartphone,price,15,37.5,32.1,36.43,Moderate Market Gap,35.29,Moderate Opportunity,Improve Mobile products by addressing price problems,2839
P0079,Smartphone 79,Mobile,Smartphone,comfort,9,22.5,47.1,36.43,Moderate Market Gap,35.29,Moderate Opportunity,Improve Mobile products by addressing comfort problems,2840
P0307,Smartphone 307,Mobile,Smartphone,software,15,37.5,32.1,36.43,Moderate Market Gap,35.29,Moderate Opportunity,Improve Mobile products by addressing software problems,2841
P0456,Bluetooth Speaker 456,Audio,Bluetooth Speaker,software,6,15.0,55.64,35.19,Moderate Market Gap,35.28,Moderate Opportunity,Improve Audio products by addressing software problems,2842
P0011,Smartphone 11,Mobile,Smartphone,performance,15,37.5,32.06,36.43,Moderate Market Gap,35.28,Moderate Opportunity,Improve Mobile products by addressing performance problems,2843
P0140,Smartphone 140,Mobile,Smartphone,price,4,10.0,59.51,36.43,Moderate Market Gap,35.26,Moderate Opportunity,Improve Mobile products by addressing price problems,2844
P0421,Air Purifier 421,Home Appliances,Air Purifier,comfort,12,30.0,39.7,36.23,Moderate Market Gap,35.26,Moderate Opportunity,Improve Home Appliances products by addressing comfort problems,2845
P0425,Fitness Watch 425,Watches,Fitness Watch,comfort,7,17.5,51.64,36.86,Moderate Market Gap,35.26,Moderate Opportunity,Improve Watches products by addressing comfort problems,2846
P0425,Fitness Watch 425,Watches,Fitness Watch,price,7,17.5,51.64,36.86,Moderate Market Gap,35.26,Moderate Opportunity,Improve Watches products by addressing price problems,2847
P0274,Smart Watch 274,Watches,Smart Watch,comfort,11,27.5,41.62,36.86,Moderate Market Gap,35.25,Moderate Opportunity,Improve Watches products by addressing comfort problems,2848
P0088,Air Purifier 88,Home Appliances,Air Purifier,delivery,4,10.0,59.64,36.23,Moderate Market Gap,35.24,Moderate Opportunity,Improve Home Appliances products by addressing delivery problems,2849
P0157,Smartphone 157,Mobile,Smartphone,performance,11,27.5,41.97,36.43,Moderate Market Gap,35.24,Moderate Opportunity,Improve Mobile products by addressing performance problems,2850
P0427,Analog Watch 427,Watches,Analog Watch,price,4,10.0,59.06,36.86,Moderate Market Gap,35.23,Moderate Opportunity,Improve Watches products by addressing price problems,2851
P0467,Air Purifier 467,Home Appliances,Air Purifier,software,8,20.0,49.59,36.23,Moderate Market Gap,35.23,Moderate Opportunity,Improve Home Appliances products by addressing software problems,2852
P0054,Wireless Earbuds 54,Audio,Wireless Earbuds,price,14,35.0,35.48,35.19,Moderate Market Gap,35.22,Moderate Opportunity,Improve Audio products by addressing price problems,2853
P0174,Tablet 174,Mobile,Tablet,software,5,12.5,56.89,36.43,Moderate Market Gap,35.22,Moderate Opportunity,Improve Mobile products by addressing software problems,2854
P0310,Fitness Band 310,Wearables,Fitness Band,delivery,9,22.5,47.79,35.35,Moderate Market Gap,35.21,Moderate Opportunity,Improve Wearables products by addressing delivery problems,2855
P0207,Wireless Earbuds 207,Audio,Wireless Earbuds,comfort,9,22.5,47.93,35.19,Moderate Market Gap,35.21,Moderate Opportunity,Improve Audio products by addressing comfort problems,2856
P0141,Wireless Earbuds 141,Audio,Wireless Earbuds,price,11,27.5,42.92,35.19,Moderate Market Gap,35.2,Moderate Opportunity,Improve Audio products by addressing price problems,2857
P0167,Fitness Watch 167,Watches,Fitness Watch,quality,12,30.0,38.98,36.86,Moderate Market Gap,35.2,Moderate Opportunity,Improve Watches products by addressing quality problems,2858
P0301,Bluetooth Speaker 301,Audio,Bluetooth Speaker,performance,15,37.5,32.9,35.19,Moderate Market Gap,35.2,Moderate Opportunity,Improve Audio products by addressing performance problems,2859
P0301,Bluetooth Speaker 301,Audio,Bluetooth Speaker,delivery,15,37.5,32.9,35.19,Moderate Market Gap,35.2,Moderate Opportunity,Improve Audio products by addressing delivery problems,2860
P0141,Wireless Earbuds 141,Audio,Wireless Earbuds,performance,11,27.5,42.92,35.19,Moderate Market Gap,35.2,Moderate Opportunity,Improve Audio products by addressing performance problems,2861
P0437,Tablet 437,Mobile,Tablet,software,7,17.5,51.82,36.43,Moderate Market Gap,35.19,Moderate Opportunity,Improve Mobile products by addressing software problems,2862
P0430,Smart Light 430,Home Appliances,Smart Light,quality,11,27.5,41.98,36.23,Moderate Market Gap,35.19,Moderate Opportunity,Improve Home Appliances products by addressing quality problems,2863
P0397,Fitness Band 397,Wearables,Fitness Band,comfort,12,30.0,40.2,35.35,Moderate Market Gap,35.17,Moderate Opportunity,Improve Wearables products by addressing comfort problems,2864
P0385,Tablet 385,Mobile,Tablet,price,12,30.0,39.25,36.43,Moderate Market Gap,35.17,Moderate Opportunity,Improve Mobile products by addressing price problems,2865
P0385,Tablet 385,Mobile,Tablet,comfort,12,30.0,39.25,36.43,Moderate Market Gap,35.17,Moderate Opportunity,Improve Mobile products by addressing comfort problems,2866
P0436,Wireless Earbuds 436,Audio,Wireless Earbuds,delivery,14,35.0,35.27,35.19,Moderate Market Gap,35.15,Moderate Opportunity,Improve Audio products by addressing delivery problems,2867
P0436,Wireless Earbuds 436,Audio,Wireless Earbuds,comfort,14,35.0,35.27,35.19,Moderate Market Gap,35.15,Moderate Opportunity,Improve Audio products by addressing comfort problems,2868
P0044,Fitness Band 44,Wearables,Fitness Band,comfort,7,17.5,52.63,35.35,Moderate Market Gap,35.15,Moderate Opportunity,Improve Wearables products by addressing comfort problems,2869
P0145,Fitness Band 145,Wearables,Fitness Band,software,9,22.5,47.62,35.35,Moderate Market Gap,35.15,Moderate Opportunity,Improve Wearables products by addressing software problems,2870
P0145,Fitness Band 145,Wearables,Fitness Band,delivery,9,22.5,47.62,35.35,Moderate Market Gap,35.15,Moderate Opportunity,Improve Wearables products by addressing delivery problems,2871
P0382,Smart Watch 382,Watches,Smart Watch,price,6,15.0,53.78,36.86,Moderate Market Gap,35.13,Moderate Opportunity,Improve Watches products by addressing price problems,2872
P0112,Smart Light 112,Home Appliances,Smart Light,software,13,32.5,36.83,36.23,Moderate Market Gap,35.13,Moderate Opportunity,Improve Home Appliances products by addressing software problems,2873
P0148,Analog Watch 148,Watches,Analog Watch,price,8,20.0,48.76,36.86,Moderate Market Gap,35.12,Moderate Opportunity,Improve Watches products by addressing price problems,2874
P0206,Smartphone 206,Mobile,Smartphone,quality,15,37.5,31.62,36.43,Moderate Market Gap,35.12,Moderate Opportunity,Improve Mobile products by addressing quality problems,2875
P0206,Smartphone 206,Mobile,Smartphone,performance,15,37.5,31.62,36.43,Moderate Market Gap,35.12,Moderate Opportunity,Improve Mobile products by addressing performance problems,2876
P0278,Tablet 278,Mobile,Tablet,delivery,7,17.5,51.56,36.43,Moderate Market Gap,35.1,Moderate Opportunity,Improve Mobile products by addressing delivery problems,2877
P0106,Bluetooth Speaker 106,Audio,Bluetooth Speaker,delivery,8,20.0,50.07,35.19,Moderate Market Gap,35.08,Moderate Opportunity,Improve Audio products by addressing delivery problems,2878
P0357,Tablet 357,Mobile,Tablet,software,8,20.0,49.0,36.43,Moderate Market Gap,35.08,Moderate Opportunity,Improve Mobile products by addressing software problems,2879
P0133,Wireless Earbuds 133,Audio,Wireless Earbuds,delivery,5,12.5,57.5,35.19,Moderate Market Gap,35.06,Moderate Opportunity,Improve Audio products by addressing delivery problems,2880
P0322,Smart Watch 322,Watches,Smart Watch,delivery,13,32.5,36.05,36.86,Moderate Market Gap,35.05,Moderate Opportunity,Improve Watches products by addressing delivery problems,2881
P0489,Headphones 489,Audio,Headphones,performance,11,27.5,42.48,35.19,Moderate Market Gap,35.05,Moderate Opportunity,Improve Audio products by addressing performance problems,2882
P0184,Smart Ring 184,Wearables,Smart Ring,price,12,30.0,39.8,35.35,Moderate Market Gap,35.03,Moderate Opportunity,Improve Wearables products by addressing price problems,2883
P0190,Smart Light 190,Home Appliances,Smart Light,software,11,27.5,41.53,36.23,Moderate Market Gap,35.03,Moderate Opportunity,Improve Home Appliances products by addressing software problems,2884
P0190,Smart Light 190,Home Appliances,Smart Light,delivery,11,27.5,41.53,36.23,Moderate Market Gap,35.03,Moderate Opportunity,Improve Home Appliances products by addressing delivery problems,2885
P0185,Smart Ring 185,Wearables,Smart Ring,performance,12,30.0,39.75,35.35,Moderate Market Gap,35.02,Moderate Opportunity,Improve Wearables products by addressing performance problems,2886
P0200,Bluetooth Speaker 200,Audio,Bluetooth Speaker,price,5,12.5,57.33,35.19,Moderate Market Gap,35.0,Moderate Opportunity,Improve Audio products by addressing price problems,2887
P0449,Bluetooth Speaker 449,Audio,Bluetooth Speaker,battery,15,37.5,32.35,35.19,Moderate Market Gap,35.0,Moderate Opportunity,Improve Audio products by addressing battery problems,2888
P0040,Analog Watch 40,Watches,Analog Watch,software,5,12.5,55.87,36.86,Moderate Market Gap,34.99,Moderate Opportunity,Improve Watches products by addressing software problems,2889
P0024,Fitness Band 24,Wearables,Fitness Band,comfort,12,30.0,39.68,35.35,Moderate Market Gap,34.99,Moderate Opportunity,Improve Wearables products by addressing comfort problems,2890
P0107,Analog Watch 107,Watches,Analog Watch,price,10,25.0,43.39,36.86,Moderate Market Gap,34.99,Moderate Opportunity,Improve Watches products by addressing price problems,2891
P0137,Analog Watch 137,Watches,Analog Watch,comfort,13,32.5,35.85,36.86,Moderate Market Gap,34.98,Moderate Opportunity,Improve Watches products by addressing comfort problems,2892
P0500,Wireless Earbuds 500,Audio,Wireless Earbuds,price,10,25.0,44.74,35.19,Moderate Market Gap,34.97,Moderate Opportunity,Improve Audio products by addressing price problems,2893
P0362,Bluetooth Speaker 362,Audio,Bluetooth Speaker,battery,16,40.0,29.71,35.19,Moderate Market Gap,34.96,Moderate Opportunity,Improve Audio products by addressing battery problems,2894
P0021,Wireless Earbuds 21,Audio,Wireless Earbuds,comfort,6,15.0,54.7,35.19,Moderate Market Gap,34.95,Moderate Opportunity,Improve Audio products by addressing comfort problems,2895
P0151,Smart Ring 151,Wearables,Smart Ring,performance,12,30.0,39.55,35.35,Moderate Market Gap,34.95,Moderate Opportunity,Improve Wearables products by addressing performance problems,2896
P0172,Air Purifier 172,Home Appliances,Air Purifier,delivery,5,12.5,56.26,36.23,Moderate Market Gap,34.93,Moderate Opportunity,Improve Home Appliances products by addressing delivery problems,2897
P0228,Fitness Watch 228,Watches,Fitness Watch,performance,15,37.5,30.7,36.86,Moderate Market Gap,34.93,Moderate Opportunity,Improve Watches products by addressing performance problems,2898
P0272,Tablet 272,Mobile,Tablet,price,10,25.0,43.57,36.43,Moderate Market Gap,34.93,Moderate Opportunity,Improve Mobile products by addressing price problems,2899
P0181,Smart Light 181,Home Appliances,Smart Light,comfort,11,27.5,41.26,36.23,Moderate Market Gap,34.93,Moderate Opportunity,Improve Home Appliances products by addressing comfort problems,2900
P0172,Air Purifier 172,Home Appliances,Air Purifier,performance,5,12.5,56.26,36.23,Moderate Market Gap,34.93,Moderate Opportunity,Improve Home Appliances products by addressing performance problems,2901
P0091,Tablet 91,Mobile,Tablet,price,8,20.0,48.54,36.43,Moderate Market Gap,34.92,Moderate Opportunity,Improve Mobile products by addressing price problems,2902
P0459,Smart Watch 459,Watches,Smart Watch,price,9,22.5,45.57,36.86,Moderate Market Gap,34.88,Moderate Opportunity,Improve Watches products by addressing price problems,2903
P0080,Wireless Earbuds 80,Audio,Wireless Earbuds,price,5,12.5,56.98,35.19,Moderate Market Gap,34.88,Moderate Opportunity,Improve Audio products by addressing price problems,2904
P0418,Smart Fan 418,Home Appliances,Smart Fan,price,6,15.0,53.57,36.23,Moderate Market Gap,34.87,Moderate Opportunity,Improve Home Appliances products by addressing price problems,2905
P0138,Smart Fan 138,Home Appliances,Smart Fan,software,11,27.5,41.05,36.23,Moderate Market Gap,34.86,Moderate Opportunity,Improve Home Appliances products by addressing software problems,2906
P0403,Smart Watch 403,Watches,Smart Watch,delivery,12,30.0,38.02,36.86,Moderate Market Gap,34.86,Moderate Opportunity,Improve Watches products by addressing delivery problems,2907
P0005,Air Purifier 5,Home Appliances,Air Purifier,software,5,12.5,56.0,36.23,Moderate Market Gap,34.84,Moderate Opportunity,Improve Home Appliances products by addressing software problems,2908
P0097,Fitness Watch 97,Watches,Fitness Watch,comfort,9,22.5,45.42,36.86,Moderate Market Gap,34.83,Moderate Opportunity,Improve Watches products by addressing comfort problems,2909
P0324,Air Purifier 324,Home Appliances,Air Purifier,software,12,30.0,38.41,36.23,Moderate Market Gap,34.81,Moderate Opportunity,Improve Home Appliances products by addressing software problems,2910
P0002,Smart Watch 2,Watches,Smart Watch,price,13,32.5,35.34,36.86,Moderate Market Gap,34.8,Moderate Opportunity,Improve Watches products by addressing price problems,2911
P0022,Analog Watch 22,Watches,Analog Watch,price,8,20.0,47.84,36.86,Moderate Market Gap,34.8,Moderate Opportunity,Improve Watches products by addressing price problems,2912
P0073,Smartphone 73,Mobile,Smartphone,software,10,25.0,43.14,36.43,Moderate Market Gap,34.78,Moderate Opportunity,Improve Mobile products by addressing software problems,2913
P0073,Smartphone 73,Mobile,Smartphone,price,10,25.0,43.14,36.43,Moderate Market Gap,34.78,Moderate Opportunity,Improve Mobile products by addressing price problems,2914
P0089,Fitness Band 89,Wearables,Fitness Band,comfort,11,27.5,41.58,35.35,Moderate Market Gap,34.78,Moderate Opportunity,Improve Wearables products by addressing comfort problems,2915
P0313,Smart Watch 313,Watches,Smart Watch,comfort,12,30.0,37.79,36.86,Moderate Market Gap,34.78,Moderate Opportunity,Improve Watches products by addressing comfort problems,2916
P0073,Smartphone 73,Mobile,Smartphone,delivery,10,25.0,43.14,36.43,Moderate Market Gap,34.78,Moderate Opportunity,Improve Mobile products by addressing delivery problems,2917
P0387,Fitness Band 387,Wearables,Fitness Band,software,12,30.0,39.05,35.35,Moderate Market Gap,34.77,Moderate Opportunity,Improve Wearables products by addressing software problems,2918
P0294,Smart Ring 294,Wearables,Smart Ring,delivery,4,10.0,58.98,35.35,Moderate Market Gap,34.75,Moderate Opportunity,Improve Wearables products by addressing delivery problems,2919
P0197,Fitness Band 197,Wearables,Fitness Band,software,6,15.0,54.0,35.35,Moderate Market Gap,34.75,Moderate Opportunity,Improve Wearables products by addressing software problems,2920
P0074,Smart Watch 74,Watches,Smart Watch,performance,13,32.5,35.16,36.86,Moderate Market Gap,34.74,Moderate Opportunity,Improve Watches products by addressing performance problems,2921
P0187,Bluetooth Speaker 187,Audio,Bluetooth Speaker,performance,13,32.5,36.59,35.19,Moderate Market Gap,34.74,Moderate Opportunity,Improve Audio products by addressing performance problems,2922
P0004,Headphones 4,Audio,Headphones,price,10,25.0,44.08,35.19,Moderate Market Gap,34.74,Moderate Opportunity,Improve Audio products by addressing price problems,2923
P0187,Bluetooth Speaker 187,Audio,Bluetooth Speaker,software,13,32.5,36.59,35.19,Moderate Market Gap,34.74,Moderate Opportunity,Improve Audio products by addressing software problems,2924
P0247,Bluetooth Speaker 247,Audio,Bluetooth Speaker,delivery,8,20.0,49.06,35.19,Moderate Market Gap,34.73,Moderate Opportunity,Improve Audio products by addressing delivery problems,2925
P0411,Smart Fan 411,Home Appliances,Smart Fan,software,4,10.0,58.11,36.23,Moderate Market Gap,34.71,Moderate Opportunity,Improve Home Appliances products by addressing software problems,2926
P0100,Bluetooth Speaker 100,Audio,Bluetooth Speaker,delivery,14,35.0,34.02,35.19,Moderate Market Gap,34.71,Moderate Opportunity,Improve Audio products by addressing delivery problems,2927
P0048,Smart Watch 48,Watches,Smart Watch,delivery,10,25.0,42.55,36.86,Moderate Market Gap,34.7,Moderate Opportunity,Improve Watches products by addressing delivery problems,2928
P0410,Analog Watch 410,Watches,Analog Watch,software,14,35.0,32.53,36.86,Moderate Market Gap,34.69,Moderate Opportunity,Improve Watches products by addressing software problems,2929
P0201,Fitness Band 201,Wearables,Fitness Band,delivery,10,25.0,43.73,35.35,Moderate Market Gap,34.66,Moderate Opportunity,Improve Wearables products by addressing delivery problems,2930
P0371,Wireless Earbuds 371,Audio,Wireless Earbuds,comfort,11,27.5,41.38,35.19,Moderate Market Gap,34.66,Moderate Opportunity,Improve Audio products by addressing comfort problems,2931
P0030,Tablet 30,Mobile,Tablet,software,8,20.0,47.76,36.43,Moderate Market Gap,34.64,Moderate Opportunity,Improve Mobile products by addressing software problems,2932
P0090,Smartphone 90,Mobile,Smartphone,software,11,27.5,40.21,36.43,Moderate Market Gap,34.63,Moderate Opportunity,Improve Mobile products by addressing software problems,2933
P0426,Headphones 426,Audio,Headphones,software,12,30.0,38.77,35.19,Moderate Market Gap,34.63,Moderate Opportunity,Improve Audio products by addressing software problems,2934
P0136,Tablet 136,Mobile,Tablet,software,9,22.5,45.22,36.43,Moderate Market Gap,34.63,Moderate Opportunity,Improve Mobile products by addressing software problems,2935
P0379,Bluetooth Speaker 379,Audio,Bluetooth Speaker,delivery,9,22.5,46.26,35.19,Moderate Market Gap,34.62,Moderate Opportunity,Improve Audio products by addressing delivery problems,2936
P0351,Tablet 351,Mobile,Tablet,price,6,15.0,52.67,36.43,Moderate Market Gap,34.61,Moderate Opportunity,Improve Mobile products by addressing price problems,2937
P0037,Analog Watch 37,Watches,Analog Watch,comfort,12,30.0,37.3,36.86,Moderate Market Gap,34.61,Moderate Opportunity,Improve Watches products by addressing comfort problems,2938
P0241,Wireless Earbuds 241,Audio,Wireless Earbuds,delivery,10,25.0,43.72,35.19,Moderate Market Gap,34.61,Moderate Opportunity,Improve Audio products by addressing delivery problems,2939
P0158,Smartphone 158,Mobile,Smartphone,delivery,10,25.0,42.65,36.43,Moderate Market Gap,34.61,Moderate Opportunity,Improve Mobile products by addressing delivery problems,2940
P0158,Smartphone 158,Mobile,Smartphone,software,10,25.0,42.65,36.43,Moderate Market Gap,34.61,Moderate Opportunity,Improve Mobile products by addressing software problems,2941
P0168,Smart Ring 168,Wearables,Smart Ring,delivery,8,20.0,48.47,35.35,Moderate Market Gap,34.57,Moderate Opportunity,Improve Wearables products by addressing delivery problems,2942
P0175,Fitness Band 175,Wearables,Fitness Band,price,9,22.5,45.82,35.35,Moderate Market Gap,34.52,Moderate Opportunity,Improve Wearables products by addressing price problems,2943
P0476,Wireless Earbuds 476,Audio,Wireless Earbuds,price,7,17.5,50.98,35.19,Moderate Market Gap,34.52,Moderate Opportunity,Improve Audio products by addressing price problems,2944
P0476,Wireless Earbuds 476,Audio,Wireless Earbuds,performance,7,17.5,50.98,35.19,Moderate Market Gap,34.52,Moderate Opportunity,Improve Audio products by addressing performance problems,2945
P0096,Smart Watch 96,Watches,Smart Watch,performance,13,32.5,34.5,36.86,Moderate Market Gap,34.51,Moderate Opportunity,Improve Watches products by addressing performance problems,2946
P0424,Smart Ring 424,Wearables,Smart Ring,delivery,6,15.0,53.26,35.35,Moderate Market Gap,34.5,Moderate Opportunity,Improve Wearables products by addressing delivery problems,2947
P0381,Bluetooth Speaker 381,Audio,Bluetooth Speaker,price,12,30.0,38.34,35.19,Moderate Market Gap,34.48,Moderate Opportunity,Improve Audio products by addressing price problems,2948
P0441,Smartphone 441,Mobile,Smartphone,comfort,13,32.5,34.8,36.43,Moderate Market Gap,34.48,Moderate Opportunity,Improve Mobile products by addressing comfort problems,2949
P0189,Smartphone 189,Mobile,Smartphone,comfort,6,15.0,52.29,36.43,Moderate Market Gap,34.48,Moderate Opportunity,Improve Mobile products by addressing comfort problems,2950
P0194,Air Purifier 194,Home Appliances,Air Purifier,software,8,20.0,47.47,36.23,Moderate Market Gap,34.48,Moderate Opportunity,Improve Home Appliances products by addressing software problems,2951
P0284,Wireless Earbuds 284,Audio,Wireless Earbuds,software,8,20.0,48.29,35.19,Moderate Market Gap,34.46,Moderate Opportunity,Improve Audio products by addressing software problems,2952
P0277,Smartphone 277,Mobile,Smartphone,comfort,11,27.5,39.7,36.43,Moderate Market Gap,34.45,Moderate Opportunity,Improve Mobile products by addressing comfort problems,2953
P0015,Smart Ring 15,Wearables,Smart Ring,comfort,9,22.5,45.62,35.35,Moderate Market Gap,34.45,Moderate Opportunity,Improve Wearables products by addressing comfort problems,2954
P0179,Fitness Band 179,Wearables,Fitness Band,comfort,9,22.5,45.59,35.35,Moderate Market Gap,34.44,Moderate Opportunity,Improve Wearables products by addressing comfort problems,2955
P0179,Fitness Band 179,Wearables,Fitness Band,delivery,9,22.5,45.59,35.35,Moderate Market Gap,34.44,Moderate Opportunity,Improve Wearables products by addressing delivery problems,2956
P0179,Fitness Band 179,Wearables,Fitness Band,price,9,22.5,45.59,35.35,Moderate Market Gap,34.44,Moderate Opportunity,Improve Wearables products by addressing price problems,2957
P0282,Smartphone 282,Mobile,Smartphone,delivery,12,30.0,37.14,36.43,Moderate Market Gap,34.43,Moderate Opportunity,Improve Mobile products by addressing delivery problems,2958
P0282,Smartphone 282,Mobile,Smartphone,comfort,12,30.0,37.14,36.43,Moderate Market Gap,34.43,Moderate Opportunity,Improve Mobile products by addressing comfort problems,2959
P0282,Smartphone 282,Mobile,Smartphone,software,12,30.0,37.14,36.43,Moderate Market Gap,34.43,Moderate Opportunity,Improve Mobile products by addressing software problems,2960
P0282,Smartphone 282,Mobile,Smartphone,price,12,30.0,37.14,36.43,Moderate Market Gap,34.43,Moderate Opportunity,Improve Mobile products by addressing price problems,2961
P0443,Wireless Earbuds 443,Audio,Wireless Earbuds,quality,13,32.5,35.69,35.19,Moderate Market Gap,34.42,Moderate Opportunity,Improve Audio products by addressing quality problems,2962
P0095,Analog Watch 95,Watches,Analog Watch,delivery,5,12.5,54.25,36.86,Moderate Market Gap,34.42,Moderate Opportunity,Improve Watches products by addressing delivery problems,2963
P0396,Fitness Watch 396,Watches,Fitness Watch,price,12,30.0,36.72,36.86,Moderate Market Gap,34.41,Moderate Opportunity,Improve Watches products by addressing price problems,2964
P0180,Smart Light 180,Home Appliances,Smart Light,delivery,8,20.0,47.23,36.23,Moderate Market Gap,34.4,Moderate Opportunity,Improve Home Appliances products by addressing delivery problems,2965
P0213,Wireless Earbuds 213,Audio,Wireless Earbuds,delivery,8,20.0,48.11,35.19,Moderate Market Gap,34.4,Moderate Opportunity,Improve Audio products by addressing delivery problems,2966
P0423,Air Purifier 423,Home Appliances,Air Purifier,delivery,12,30.0,37.2,36.23,Moderate Market Gap,34.39,Moderate Opportunity,Improve Home Appliances products by addressing delivery problems,2967
P0210,Tablet 210,Mobile,Tablet,delivery,12,30.0,37.01,36.43,Moderate Market Gap,34.38,Moderate Opportunity,Improve Mobile products by addressing delivery problems,2968
P0210,Tablet 210,Mobile,Tablet,performance,12,30.0,37.01,36.43,Moderate Market Gap,34.38,Moderate Opportunity,Improve Mobile products by addressing performance problems,2969
P0467,Air Purifier 467,Home Appliances,Air Purifier,price,7,17.5,49.59,36.23,Moderate Market Gap,34.35,Moderate Opportunity,Improve Home Appliances products by addressing price problems,2970
P0244,Air Purifier 244,Home Appliances,Air Purifier,delivery,14,35.0,32.1,36.23,Moderate Market Gap,34.35,Moderate Opportunity,Improve Home Appliances products by addressing delivery problems,2971
P0240,Tablet 240,Mobile,Tablet,performance,12,30.0,36.9,36.43,Moderate Market Gap,34.34,Moderate Opportunity,Improve Mobile products by addressing performance problems,2972
P0240,Tablet 240,Mobile,Tablet,comfort,12,30.0,36.9,36.43,Moderate Market Gap,34.34,Moderate Opportunity,Improve Mobile products by addressing comfort problems,2973
P0167,Fitness Watch 167,Watches,Fitness Watch,comfort,11,27.5,38.98,36.86,Moderate Market Gap,34.33,Moderate Opportunity,Improve Watches products by addressing comfort problems,2974
P0301,Bluetooth Speaker 301,Audio,Bluetooth Speaker,comfort,14,35.0,32.9,35.19,Moderate Market Gap,34.32,Moderate Opportunity,Improve Audio products by addressing comfort problems,2975
P0437,Tablet 437,Mobile,Tablet,delivery,6,15.0,51.82,36.43,Moderate Market Gap,34.32,Moderate Opportunity,Improve Mobile products by addressing delivery problems,2976
P0430,Smart Light 430,Home Appliances,Smart Light,performance,10,25.0,41.98,36.23,Moderate Market Gap,34.31,Moderate Opportunity,Improve Home Appliances products by addressing performance problems,2977
P0406,Fitness Band 406,Wearables,Fitness Band,comfort,6,15.0,52.74,35.35,Moderate Market Gap,34.31,Moderate Opportunity,Improve Wearables products by addressing comfort problems,2978
P0406,Fitness Band 406,Wearables,Fitness Band,delivery,6,15.0,52.74,35.35,Moderate Market Gap,34.31,Moderate Opportunity,Improve Wearables products by addressing delivery problems,2979
P0275,Tablet 275,Mobile,Tablet,comfort,8,20.0,46.77,36.43,Moderate Market Gap,34.3,Moderate Opportunity,Improve Mobile products by addressing comfort problems,2980
P0275,Tablet 275,Mobile,Tablet,delivery,8,20.0,46.77,36.43,Moderate Market Gap,34.3,Moderate Opportunity,Improve Mobile products by addressing delivery problems,2981
P0072,Smart Light 72,Home Appliances,Smart Light,software,8,20.0,46.94,36.23,Moderate Market Gap,34.3,Moderate Opportunity,Improve Home Appliances products by addressing software problems,2982
P0397,Fitness Band 397,Wearables,Fitness Band,delivery,11,27.5,40.2,35.35,Moderate Market Gap,34.3,Moderate Opportunity,Improve Wearables products by addressing delivery problems,2983
P0364,Bluetooth Speaker 364,Audio,Bluetooth Speaker,price,13,32.5,35.3,35.19,Moderate Market Gap,34.29,Moderate Opportunity,Improve Audio products by addressing price problems,2984
P0112,Smart Light 112,Home Appliances,Smart Light,delivery,12,30.0,36.83,36.23,Moderate Market Gap,34.26,Moderate Opportunity,Improve Home Appliances products by addressing delivery problems,2985
P0352,Smart Ring 352,Wearables,Smart Ring,performance,13,32.5,35.1,35.35,Moderate Market Gap,34.26,Moderate Opportunity,Improve Wearables products by addressing performance problems,2986
P0131,Smartphone 131,Mobile,Smartphone,delivery,6,15.0,51.57,36.43,Moderate Market Gap,34.23,Moderate Opportunity,Improve Mobile products by addressing delivery problems,2987
P0278,Tablet 278,Mobile,Tablet,software,6,15.0,51.56,36.43,Moderate Market Gap,34.22,Moderate Opportunity,Improve Mobile products by addressing software problems,2988
P0267,Smartphone 267,Mobile,Smartphone,delivery,4,10.0,56.54,36.43,Moderate Market Gap,34.22,Moderate Opportunity,Improve Mobile products by addressing delivery problems,2989
P0408,Smartphone 408,Mobile,Smartphone,delivery,8,20.0,46.53,36.43,Moderate Market Gap,34.21,Moderate Opportunity,Improve Mobile products by addressing delivery problems,2990
P0480,Headphones 480,Audio,Headphones,performance,14,35.0,32.56,35.19,Moderate Market Gap,34.2,Moderate Opportunity,Improve Audio products by addressing performance problems,2991
P0357,Tablet 357,Mobile,Tablet,price,7,17.5,49.0,36.43,Moderate Market Gap,34.2,Moderate Opportunity,Improve Mobile products by addressing price problems,2992
P0093,Tablet 93,Mobile,Tablet,software,10,25.0,41.47,36.43,Moderate Market Gap,34.19,Moderate Opportunity,Improve Mobile products by addressing software problems,2993
P0093,Tablet 93,Mobile,Tablet,price,10,25.0,41.47,36.43,Moderate Market Gap,34.19,Moderate Opportunity,Improve Mobile products by addressing price problems,2994
P0489,Headphones 489,Audio,Headphones,price,10,25.0,42.48,35.19,Moderate Market Gap,34.17,Moderate Opportunity,Improve Audio products by addressing price problems,2995
P0414,Wireless Earbuds 414,Audio,Wireless Earbuds,comfort,10,25.0,42.47,35.19,Moderate Market Gap,34.17,Moderate Opportunity,Improve Audio products by addressing comfort problems,2996
P0414,Wireless Earbuds 414,Audio,Wireless Earbuds,delivery,10,25.0,42.47,35.19,Moderate Market Gap,34.17,Moderate Opportunity,Improve Audio products by addressing delivery problems,2997
P0184,Smart Ring 184,Wearables,Smart Ring,delivery,11,27.5,39.8,35.35,Moderate Market Gap,34.16,Moderate Opportunity,Improve Wearables products by addressing delivery problems,2998
P0185,Smart Ring 185,Wearables,Smart Ring,comfort,11,27.5,39.75,35.35,Moderate Market Gap,34.14,Moderate Opportunity,Improve Wearables products by addressing comfort problems,2999
P0114,Smart Light 114,Home Appliances,Smart Light,software,7,17.5,49.0,36.23,Moderate Market Gap,34.14,Moderate Opportunity,Improve Home Appliances products by addressing software problems,3000
P0024,Fitness Band 24,Wearables,Fitness Band,software,11,27.5,39.68,35.35,Moderate Market Gap,34.12,Moderate Opportunity,Improve Wearables products by addressing software problems,3001
P0169,Analog Watch 169,Watches,Analog Watch,delivery,6,15.0,50.87,36.86,Moderate Market Gap,34.11,Moderate Opportunity,Improve Watches products by addressing delivery problems,3002
P0422,Tablet 422,Mobile,Tablet,price,8,20.0,46.22,36.43,Moderate Market Gap,34.11,Moderate Opportunity,Improve Mobile products by addressing price problems,3003
P0422,Tablet 422,Mobile,Tablet,delivery,8,20.0,46.22,36.43,Moderate Market Gap,34.11,Moderate Opportunity,Improve Mobile products by addressing delivery problems,3004
P0040,Analog Watch 40,Watches,Analog Watch,comfort,4,10.0,55.87,36.86,Moderate Market Gap,34.11,Moderate Opportunity,Improve Watches products by addressing comfort problems,3005
P0137,Analog Watch 137,Watches,Analog Watch,software,12,30.0,35.85,36.86,Moderate Market Gap,34.11,Moderate Opportunity,Improve Watches products by addressing software problems,3006
P0378,Tablet 378,Mobile,Tablet,delivery,13,32.5,33.68,36.43,Moderate Market Gap,34.09,Moderate Opportunity,Improve Mobile products by addressing delivery problems,3007
P0378,Tablet 378,Mobile,Tablet,comfort,13,32.5,33.68,36.43,Moderate Market Gap,34.09,Moderate Opportunity,Improve Mobile products by addressing comfort problems,3008
P0500,Wireless Earbuds 500,Audio,Wireless Earbuds,comfort,9,22.5,44.74,35.19,Moderate Market Gap,34.09,Moderate Opportunity,Improve Audio products by addressing comfort problems,3009
P0432,Air Purifier 432,Home Appliances,Air Purifier,performance,14,35.0,31.34,36.23,Moderate Market Gap,34.09,Moderate Opportunity,Improve Home Appliances products by addressing performance problems,3010
P0377,Smart Ring 377,Wearables,Smart Ring,comfort,8,20.0,47.07,35.35,Moderate Market Gap,34.08,Moderate Opportunity,Improve Wearables products by addressing comfort problems,3011
P0362,Bluetooth Speaker 362,Audio,Bluetooth Speaker,performance,15,37.5,29.71,35.19,Moderate Market Gap,34.08,Moderate Opportunity,Improve Audio products by addressing performance problems,3012
P0362,Bluetooth Speaker 362,Audio,Bluetooth Speaker,price,15,37.5,29.71,35.19,Moderate Market Gap,34.08,Moderate Opportunity,Improve Audio products by addressing price problems,3013
P0151,Smart Ring 151,Wearables,Smart Ring,software,11,27.5,39.55,35.35,Moderate Market Gap,34.07,Moderate Opportunity,Improve Wearables products by addressing software problems,3014
P0181,Smart Light 181,Home Appliances,Smart Light,software,10,25.0,41.26,36.23,Moderate Market Gap,34.06,Moderate Opportunity,Improve Home Appliances products by addressing software problems,3015
P0091,Tablet 91,Mobile,Tablet,software,7,17.5,48.54,36.43,Moderate Market Gap,34.04,Moderate Opportunity,Improve Mobile products by addressing software problems,3016
P0204,Wireless Earbuds 204,Audio,Wireless Earbuds,price,8,20.0,47.09,35.19,Moderate Market Gap,34.04,Moderate Opportunity,Improve Audio products by addressing price problems,3017
P0068,Headphones 68,Audio,Headphones,software,14,35.0,32.07,35.19,Moderate Market Gap,34.03,Moderate Opportunity,Improve Audio products by addressing software problems,3018
P0071,Smart Watch 71,Watches,Smart Watch,delivery,8,20.0,45.6,36.86,Moderate Market Gap,34.02,Moderate Opportunity,Improve Watches products by addressing delivery problems,3019
P0071,Smart Watch 71,Watches,Smart Watch,comfort,8,20.0,45.6,36.86,Moderate Market Gap,34.02,Moderate Opportunity,Improve Watches products by addressing comfort problems,3020
P0459,Smart Watch 459,Watches,Smart Watch,delivery,8,20.0,45.57,36.86,Moderate Market Gap,34.01,Moderate Opportunity,Improve Watches products by addressing delivery problems,3021
P0215,Smart Light 215,Home Appliances,Smart Light,delivery,7,17.5,48.63,36.23,Moderate Market Gap,34.01,Moderate Opportunity,Improve Home Appliances products by addressing delivery problems,3022
P0130,Fitness Band 130,Wearables,Fitness Band,performance,10,25.0,41.83,35.35,Moderate Market Gap,34.0,Moderate Opportunity,Improve Wearables products by addressing performance problems,3023
P0130,Fitness Band 130,Wearables,Fitness Band,price,10,25.0,41.83,35.35,Moderate Market Gap,34.0,Moderate Opportunity,Improve Wearables products by addressing price problems,3024
P0327,Smart Fan 327,Home Appliances,Smart Fan,comfort,7,17.5,48.56,36.23,Moderate Market Gap,33.99,Moderate Opportunity,Improve Home Appliances products by addressing comfort problems,3025
P0257,Analog Watch 257,Watches,Analog Watch,software,11,27.5,38.02,36.86,Moderate Market Gap,33.99,Moderate Opportunity,Improve Watches products by addressing software problems,3026
P0027,Smart Ring 27,Wearables,Smart Ring,comfort,13,32.5,34.28,35.35,Moderate Market Gap,33.98,Moderate Opportunity,Improve Wearables products by addressing comfort problems,3027
P0118,Bluetooth Speaker 118,Audio,Bluetooth Speaker,comfort,9,22.5,44.34,35.19,Moderate Market Gap,33.95,Moderate Opportunity,Improve Audio products by addressing comfort problems,3028
P0320,Smart Ring 320,Wearables,Smart Ring,software,7,17.5,49.19,35.35,Moderate Market Gap,33.95,Moderate Opportunity,Improve Wearables products by addressing software problems,3029
P0324,Air Purifier 324,Home Appliances,Air Purifier,price,11,27.5,38.41,36.23,Moderate Market Gap,33.94,Moderate Opportunity,Improve Home Appliances products by addressing price problems,3030
P0002,Smart Watch 2,Watches,Smart Watch,comfort,12,30.0,35.34,36.86,Moderate Market Gap,33.93,Moderate Opportunity,Improve Watches products by addressing comfort problems,3031
P0144,Smart Fan 144,Home Appliances,Smart Fan,software,11,27.5,38.23,36.23,Moderate Market Gap,33.87,Moderate Opportunity,Improve Home Appliances products by addressing software problems,3032
P0355,Analog Watch 355,Watches,Analog Watch,price,12,30.0,35.17,36.86,Moderate Market Gap,33.87,Moderate Opportunity,Improve Watches products by addressing price problems,3033
P0144,Smart Fan 144,Home Appliances,Smart Fan,comfort,11,27.5,38.23,36.23,Moderate Market Gap,33.87,Moderate Opportunity,Improve Home Appliances products by addressing comfort problems,3034
P0006,Headphones 6,Audio,Headphones,delivery,4,10.0,56.59,35.19,Moderate Market Gap,33.86,Moderate Opportunity,Improve Audio products by addressing delivery problems,3035
P0065,Smart Ring 65,Wearables,Smart Ring,comfort,6,15.0,51.44,35.35,Moderate Market Gap,33.86,Moderate Opportunity,Improve Wearables products by addressing comfort problems,3036
P0108,Wireless Earbuds 108,Audio,Wireless Earbuds,software,5,12.5,54.05,35.19,Moderate Market Gap,33.85,Moderate Opportunity,Improve Audio products by addressing software problems,3037
P0023,Air Purifier 23,Home Appliances,Air Purifier,software,12,30.0,35.59,36.23,Moderate Market Gap,33.83,Moderate Opportunity,Improve Home Appliances products by addressing software problems,3038
P0371,Wireless Earbuds 371,Audio,Wireless Earbuds,software,10,25.0,41.38,35.19,Moderate Market Gap,33.79,Moderate Opportunity,Improve Audio products by addressing software problems,3039
P0350,Analog Watch 350,Watches,Analog Watch,comfort,8,20.0,44.92,36.86,Moderate Market Gap,33.78,Moderate Opportunity,Improve Watches products by addressing comfort problems,3040
P0030,Tablet 30,Mobile,Tablet,comfort,7,17.5,47.76,36.43,Moderate Market Gap,33.77,Moderate Opportunity,Improve Mobile products by addressing comfort problems,3041
P0090,Smartphone 90,Mobile,Smartphone,price,10,25.0,40.21,36.43,Moderate Market Gap,33.75,Moderate Opportunity,Improve Mobile products by addressing price problems,3042
P0295,Smart Ring 295,Wearables,Smart Ring,performance,14,35.0,31.13,35.35,Moderate Market Gap,33.75,Moderate Opportunity,Improve Wearables products by addressing performance problems,3043
P0090,Smartphone 90,Mobile,Smartphone,performance,10,25.0,40.21,36.43,Moderate Market Gap,33.75,Moderate Opportunity,Improve Mobile products by addressing performance problems,3044
P0158,Smartphone 158,Mobile,Smartphone,comfort,9,22.5,42.65,36.43,Moderate Market Gap,33.73,Moderate Opportunity,Improve Mobile products by addressing comfort problems,3045
P0309,Fitness Band 309,Wearables,Fitness Band,delivery,8,20.0,46.05,35.35,Moderate Market Gap,33.72,Moderate Opportunity,Improve Wearables products by addressing delivery problems,3046
P0166,Smart Ring 166,Wearables,Smart Ring,software,4,10.0,56.03,35.35,Moderate Market Gap,33.72,Moderate Opportunity,Improve Wearables products by addressing software problems,3047
P0168,Smart Ring 168,Wearables,Smart Ring,software,7,17.5,48.47,35.35,Moderate Market Gap,33.69,Moderate Opportunity,Improve Wearables products by addressing software problems,3048
P0208,Fitness Watch 208,Watches,Fitness Watch,delivery,12,30.0,34.67,36.86,Moderate Market Gap,33.69,Moderate Opportunity,Improve Watches products by addressing delivery problems,3049
P0168,Smart Ring 168,Wearables,Smart Ring,comfort,7,17.5,48.47,35.35,Moderate Market Gap,33.69,Moderate Opportunity,Improve Wearables products by addressing comfort problems,3050
P0325,Tablet 325,Mobile,Tablet,price,10,25.0,40.0,36.43,Moderate Market Gap,33.68,Moderate Opportunity,Improve Mobile products by addressing price problems,3051
P0176,Smart Light 176,Home Appliances,Smart Light,delivery,7,17.5,47.62,36.23,Moderate Market Gap,33.66,Moderate Opportunity,Improve Home Appliances products by addressing delivery problems,3052
P0189,Smartphone 189,Mobile,Smartphone,delivery,5,12.5,52.29,36.43,Moderate Market Gap,33.61,Moderate Opportunity,Improve Mobile products by addressing delivery problems,3053
P0126,Tablet 126,Mobile,Tablet,delivery,11,27.5,37.28,36.43,Moderate Market Gap,33.6,Moderate Opportunity,Improve Mobile products by addressing delivery problems,3054
P0259,Smart Fan 259,Home Appliances,Smart Fan,delivery,9,22.5,42.44,36.23,Moderate Market Gap,33.6,Moderate Opportunity,Improve Home Appliances products by addressing delivery problems,3055
P0159,Analog Watch 159,Watches,Analog Watch,software,12,30.0,34.37,36.86,Moderate Market Gap,33.59,Moderate Opportunity,Improve Watches products by addressing software problems,3056
P0219,Smart Ring 219,Wearables,Smart Ring,price,6,15.0,50.65,35.35,Moderate Market Gap,33.58,Moderate Opportunity,Improve Wearables products by addressing price problems,3057
P0277,Smartphone 277,Mobile,Smartphone,price,10,25.0,39.7,36.43,Moderate Market Gap,33.57,Moderate Opportunity,Improve Mobile products by addressing price problems,3058
P0226,Bluetooth Speaker 226,Audio,Bluetooth Speaker,comfort,8,20.0,45.76,35.19,Moderate Market Gap,33.57,Moderate Opportunity,Improve Audio products by addressing comfort problems,3059
P0472,Smartphone 472,Mobile,Smartphone,performance,12,30.0,34.7,36.43,Moderate Market Gap,33.57,Moderate Opportunity,Improve Mobile products by addressing performance problems,3060
P0066,Smart Fan 66,Home Appliances,Smart Fan,comfort,9,22.5,42.32,36.23,Moderate Market Gap,33.56,Moderate Opportunity,Improve Home Appliances products by addressing comfort problems,3061
P0179,Fitness Band 179,Wearables,Fitness Band,software,8,20.0,45.59,35.35,Moderate Market Gap,33.56,Moderate Opportunity,Improve Wearables products by addressing software problems,3062
P0298,Smartphone 298,Mobile,Smartphone,quality,14,35.0,29.63,36.43,Moderate Market Gap,33.55,Moderate Opportunity,Improve Mobile products by addressing quality problems,3063
P0494,Fitness Watch 494,Watches,Fitness Watch,comfort,4,10.0,54.27,36.86,Moderate Market Gap,33.55,Moderate Opportunity,Improve Watches products by addressing comfort problems,3064
P0307,Smartphone 307,Mobile,Smartphone,performance,13,32.5,32.1,36.43,Moderate Market Gap,33.54,Moderate Opportunity,Improve Mobile products by addressing performance problems,3065
P0260,Headphones 260,Audio,Headphones,delivery,10,25.0,40.65,35.19,Moderate Market Gap,33.53,Moderate Opportunity,Improve Audio products by addressing delivery problems,3066
P0425,Fitness Watch 425,Watches,Fitness Watch,software,5,12.5,51.64,36.86,Moderate Market Gap,33.51,Moderate Opportunity,Improve Watches products by addressing software problems,3067
P0423,Air Purifier 423,Home Appliances,Air Purifier,performance,11,27.5,37.2,36.23,Moderate Market Gap,33.51,Moderate Opportunity,Improve Home Appliances products by addressing performance problems,3068
P0361,Air Purifier 361,Home Appliances,Air Purifier,software,10,25.0,39.63,36.23,Moderate Market Gap,33.49,Moderate Opportunity,Improve Home Appliances products by addressing software problems,3069
P0195,Fitness Band 195,Wearables,Fitness Band,delivery,6,15.0,50.32,35.35,Moderate Market Gap,33.47,Moderate Opportunity,Improve Wearables products by addressing delivery problems,3070
P0333,Smart Light 333,Home Appliances,Smart Light,delivery,8,20.0,44.55,36.23,Moderate Market Gap,33.46,Moderate Opportunity,Improve Home Appliances products by addressing delivery problems,3071
P0430,Smart Light 430,Home Appliances,Smart Light,software,9,22.5,41.98,36.23,Moderate Market Gap,33.44,Moderate Opportunity,Improve Home Appliances products by addressing software problems,3072
P0444,Fitness Band 444,Wearables,Fitness Band,delivery,10,25.0,40.24,35.35,Moderate Market Gap,33.44,Moderate Opportunity,Improve Wearables products by addressing delivery problems,3073
P0434,Analog Watch 434,Watches,Analog Watch,delivery,11,27.5,36.43,36.86,Moderate Market Gap,33.43,Moderate Opportunity,Improve Watches products by addressing delivery problems,3074
P0101,Bluetooth Speaker 101,Audio,Bluetooth Speaker,comfort,10,25.0,40.33,35.19,Moderate Market Gap,33.42,Moderate Opportunity,Improve Audio products by addressing comfort problems,3075
P0397,Fitness Band 397,Wearables,Fitness Band,software,10,25.0,40.2,35.35,Moderate Market Gap,33.42,Moderate Opportunity,Improve Wearables products by addressing software problems,3076
P0082,Fitness Watch 82,Watches,Fitness Watch,software,10,25.0,38.89,36.86,Moderate Market Gap,33.42,Moderate Opportunity,Improve Watches products by addressing software problems,3077
P0348,Analog Watch 348,Watches,Analog Watch,comfort,6,15.0,48.9,36.86,Moderate Market Gap,33.42,Moderate Opportunity,Improve Watches products by addressing comfort problems,3078
P0101,Bluetooth Speaker 101,Audio,Bluetooth Speaker,price,10,25.0,40.33,35.19,Moderate Market Gap,33.42,Moderate Opportunity,Improve Audio products by addressing price problems,3079
P0101,Bluetooth Speaker 101,Audio,Bluetooth Speaker,delivery,10,25.0,40.33,35.19,Moderate Market Gap,33.42,Moderate Opportunity,Improve Audio products by addressing delivery problems,3080
P0385,Tablet 385,Mobile,Tablet,delivery,10,25.0,39.25,36.43,Moderate Market Gap,33.42,Moderate Opportunity,Improve Mobile products by addressing delivery problems,3081
P0475,Fitness Watch 475,Watches,Fitness Watch,comfort,10,25.0,38.81,36.86,Moderate Market Gap,33.39,Moderate Opportunity,Improve Watches products by addressing comfort problems,3082
P0475,Fitness Watch 475,Watches,Fitness Watch,performance,10,25.0,38.81,36.86,Moderate Market Gap,33.39,Moderate Opportunity,Improve Watches products by addressing performance problems,3083
P0475,Fitness Watch 475,Watches,Fitness Watch,delivery,10,25.0,38.81,36.86,Moderate Market Gap,33.39,Moderate Opportunity,Improve Watches products by addressing delivery problems,3084
P0112,Smart Light 112,Home Appliances,Smart Light,comfort,11,27.5,36.83,36.23,Moderate Market Gap,33.38,Moderate Opportunity,Improve Home Appliances products by addressing comfort problems,3085
P0106,Bluetooth Speaker 106,Audio,Bluetooth Speaker,comfort,6,15.0,50.07,35.19,Moderate Market Gap,33.33,Moderate Opportunity,Improve Audio products by addressing comfort problems,3086
P0489,Headphones 489,Audio,Headphones,software,9,22.5,42.48,35.19,Moderate Market Gap,33.3,Moderate Opportunity,Improve Audio products by addressing software problems,3087
P0414,Wireless Earbuds 414,Audio,Wireless Earbuds,software,9,22.5,42.47,35.19,Moderate Market Gap,33.3,Moderate Opportunity,Improve Audio products by addressing software problems,3088
P0046,Bluetooth Speaker 46,Audio,Bluetooth Speaker,delivery,12,30.0,34.94,35.19,Moderate Market Gap,33.29,Moderate Opportunity,Improve Audio products by addressing delivery problems,3089
P0190,Smart Light 190,Home Appliances,Smart Light,performance,9,22.5,41.53,36.23,Moderate Market Gap,33.28,Moderate Opportunity,Improve Home Appliances products by addressing performance problems,3090
P0164,Smart Fan 164,Home Appliances,Smart Fan,price,7,17.5,46.5,36.23,Moderate Market Gap,33.27,Moderate Opportunity,Improve Home Appliances products by addressing price problems,3091
P0164,Smart Fan 164,Home Appliances,Smart Fan,delivery,7,17.5,46.5,36.23,Moderate Market Gap,33.27,Moderate Opportunity,Improve Home Appliances products by addressing delivery problems,3092
P0024,Fitness Band 24,Wearables,Fitness Band,price,10,25.0,39.68,35.35,Moderate Market Gap,33.24,Moderate Opportunity,Improve Wearables products by addressing price problems,3093
P0087,Tablet 87,Mobile,Tablet,comfort,6,15.0,48.74,36.43,Moderate Market Gap,33.24,Moderate Opportunity,Improve Mobile products by addressing comfort problems,3094
P0500,Wireless Earbuds 500,Audio,Wireless Earbuds,performance,8,20.0,44.74,35.19,Moderate Market Gap,33.22,Moderate Opportunity,Improve Audio products by addressing performance problems,3095
P0378,Tablet 378,Mobile,Tablet,software,12,30.0,33.68,36.43,Moderate Market Gap,33.22,Moderate Opportunity,Improve Mobile products by addressing software problems,3096
P0500,Wireless Earbuds 500,Audio,Wireless Earbuds,delivery,8,20.0,44.74,35.19,Moderate Market Gap,33.22,Moderate Opportunity,Improve Audio products by addressing delivery problems,3097
P0084,Fitness Band 84,Wearables,Fitness Band,software,11,27.5,37.11,35.35,Moderate Market Gap,33.22,Moderate Opportunity,Improve Wearables products by addressing software problems,3098
P0393,Analog Watch 393,Watches,Analog Watch,comfort,10,25.0,38.29,36.86,Moderate Market Gap,33.21,Moderate Opportunity,Improve Watches products by addressing comfort problems,3099
P0393,Analog Watch 393,Watches,Analog Watch,delivery,10,25.0,38.29,36.86,Moderate Market Gap,33.21,Moderate Opportunity,Improve Watches products by addressing delivery problems,3100
P0362,Bluetooth Speaker 362,Audio,Bluetooth Speaker,quality,14,35.0,29.71,35.19,Moderate Market Gap,33.21,Moderate Opportunity,Improve Audio products by addressing quality problems,3101
P0272,Tablet 272,Mobile,Tablet,software,8,20.0,43.57,36.43,Moderate Market Gap,33.18,Moderate Opportunity,Improve Mobile products by addressing software problems,3102
P0429,Smart Ring 429,Wearables,Smart Ring,comfort,8,20.0,44.48,35.35,Moderate Market Gap,33.17,Moderate Opportunity,Improve Wearables products by addressing comfort problems,3103
P0429,Smart Ring 429,Wearables,Smart Ring,software,8,20.0,44.48,35.35,Moderate Market Gap,33.17,Moderate Opportunity,Improve Wearables products by addressing software problems,3104
P0071,Smart Watch 71,Watches,Smart Watch,price,7,17.5,45.6,36.86,Moderate Market Gap,33.14,Moderate Opportunity,Improve Watches products by addressing price problems,3105
P0490,Smart Light 490,Home Appliances,Smart Light,software,9,22.5,41.09,36.23,Moderate Market Gap,33.13,Moderate Opportunity,Improve Home Appliances products by addressing software problems,3106
P0245,Smart Ring 245,Wearables,Smart Ring,software,3,7.5,56.8,35.35,Moderate Market Gap,33.11,Moderate Opportunity,Improve Wearables products by addressing software problems,3107
P0138,Smart Fan 138,Home Appliances,Smart Fan,performance,9,22.5,41.05,36.23,Moderate Market Gap,33.11,Moderate Opportunity,Improve Home Appliances products by addressing performance problems,3108
P0027,Smart Ring 27,Wearables,Smart Ring,performance,12,30.0,34.28,35.35,Moderate Market Gap,33.1,Moderate Opportunity,Improve Wearables products by addressing performance problems,3109
P0448,Smart Fan 448,Home Appliances,Smart Fan,comfort,11,27.5,36.02,36.23,Moderate Market Gap,33.1,Moderate Opportunity,Improve Home Appliances products by addressing comfort problems,3110
P0135,Smart Watch 135,Watches,Smart Watch,price,8,20.0,42.96,36.86,Moderate Market Gap,33.09,Moderate Opportunity,Improve Watches products by addressing price problems,3111
P0135,Smart Watch 135,Watches,Smart Watch,delivery,8,20.0,42.96,36.86,Moderate Market Gap,33.09,Moderate Opportunity,Improve Watches products by addressing delivery problems,3112
P0118,Bluetooth Speaker 118,Audio,Bluetooth Speaker,delivery,8,20.0,44.34,35.19,Moderate Market Gap,33.08,Moderate Opportunity,Improve Audio products by addressing delivery problems,3113
P0002,Smart Watch 2,Watches,Smart Watch,software,11,27.5,35.34,36.86,Moderate Market Gap,33.05,Moderate Opportunity,Improve Watches products by addressing software problems,3114
P0218,Tablet 218,Mobile,Tablet,software,2,5.0,58.21,36.43,Moderate Market Gap,33.05,Moderate Opportunity,Improve Mobile products by addressing software problems,3115
P0438,Fitness Band 438,Wearables,Fitness Band,battery,13,32.5,31.61,35.35,Moderate Market Gap,33.04,Moderate Opportunity,Improve Wearables products by addressing battery problems,3116
P0089,Fitness Band 89,Wearables,Fitness Band,software,9,22.5,41.58,35.35,Moderate Market Gap,33.03,Moderate Opportunity,Improve Wearables products by addressing software problems,3117
P0313,Smart Watch 313,Watches,Smart Watch,software,10,25.0,37.79,36.86,Moderate Market Gap,33.03,Moderate Opportunity,Improve Watches products by addressing software problems,3118
P0392,Wireless Earbuds 392,Audio,Wireless Earbuds,performance,13,32.5,31.69,35.19,Moderate Market Gap,33.02,Moderate Opportunity,Improve Audio products by addressing performance problems,3119
P0197,Fitness Band 197,Wearables,Fitness Band,delivery,4,10.0,54.0,35.35,Moderate Market Gap,33.0,Moderate Opportunity,Improve Wearables products by addressing delivery problems,3120
P0178,Fitness Watch 178,Watches,Fitness Watch,quality,12,30.0,32.69,36.86,Moderate Market Gap,33.0,Moderate Opportunity,Improve Watches products by addressing quality problems,3121
P0004,Headphones 4,Audio,Headphones,delivery,8,20.0,44.08,35.19,Moderate Market Gap,32.98,Moderate Opportunity,Improve Audio products by addressing delivery problems,3122
P0004,Headphones 4,Audio,Headphones,comfort,8,20.0,44.08,35.19,Moderate Market Gap,32.98,Moderate Opportunity,Improve Audio products by addressing comfort problems,3123
P0315,Bluetooth Speaker 315,Audio,Bluetooth Speaker,performance,12,30.0,34.01,35.19,Moderate Market Gap,32.96,Moderate Opportunity,Improve Audio products by addressing performance problems,3124
P0048,Smart Watch 48,Watches,Smart Watch,price,8,20.0,42.55,36.86,Moderate Market Gap,32.95,Moderate Opportunity,Improve Watches products by addressing price problems,3125
P0143,Headphones 143,Audio,Headphones,delivery,8,20.0,43.94,35.19,Moderate Market Gap,32.94,Moderate Opportunity,Improve Audio products by addressing delivery problems,3126
P0290,Fitness Band 290,Wearables,Fitness Band,comfort,12,30.0,33.81,35.35,Moderate Market Gap,32.94,Moderate Opportunity,Improve Wearables products by addressing comfort problems,3127
P0086,Analog Watch 86,Watches,Analog Watch,comfort,10,25.0,37.5,36.86,Moderate Market Gap,32.93,Moderate Opportunity,Improve Watches products by addressing comfort problems,3128
P0136,Tablet 136,Mobile,Tablet,price,7,17.5,45.22,36.43,Moderate Market Gap,32.88,Moderate Opportunity,Improve Mobile products by addressing price problems,3129
P0379,Bluetooth Speaker 379,Audio,Bluetooth Speaker,comfort,7,17.5,46.26,35.19,Moderate Market Gap,32.87,Moderate Opportunity,Improve Audio products by addressing comfort problems,3130
P0037,Analog Watch 37,Watches,Analog Watch,software,10,25.0,37.3,36.86,Moderate Market Gap,32.86,Moderate Opportunity,Improve Watches products by addressing software problems,3131
P0037,Analog Watch 37,Watches,Analog Watch,delivery,10,25.0,37.3,36.86,Moderate Market Gap,32.86,Moderate Opportunity,Improve Watches products by addressing delivery problems,3132
P0330,Smart Watch 330,Watches,Smart Watch,price,8,20.0,42.22,36.86,Moderate Market Gap,32.84,Moderate Opportunity,Improve Watches products by addressing price problems,3133
P0182,Fitness Band 182,Wearables,Fitness Band,software,12,30.0,33.5,35.35,Moderate Market Gap,32.83,Moderate Opportunity,Improve Wearables products by addressing software problems,3134
P0018,Smart Ring 18,Wearables,Smart Ring,delivery,10,25.0,38.46,35.35,Moderate Market Gap,32.82,Moderate Opportunity,Improve Wearables products by addressing delivery problems,3135
P0208,Fitness Watch 208,Watches,Fitness Watch,software,11,27.5,34.67,36.86,Moderate Market Gap,32.82,Moderate Opportunity,Improve Watches products by addressing software problems,3136
P0401,Headphones 401,Audio,Headphones,delivery,7,17.5,46.12,35.19,Moderate Market Gap,32.82,Moderate Opportunity,Improve Audio products by addressing delivery problems,3137
P0325,Tablet 325,Mobile,Tablet,delivery,9,22.5,40.0,36.43,Moderate Market Gap,32.8,Moderate Opportunity,Improve Mobile products by addressing delivery problems,3138
P0243,Bluetooth Speaker 243,Audio,Bluetooth Speaker,performance,13,32.5,31.01,35.19,Moderate Market Gap,32.79,Moderate Opportunity,Improve Audio products by addressing performance problems,3139
P0096,Smart Watch 96,Watches,Smart Watch,comfort,11,27.5,34.5,36.86,Moderate Market Gap,32.76,Moderate Opportunity,Improve Watches products by addressing comfort problems,3140
P0246,Fitness Watch 246,Watches,Fitness Watch,delivery,9,22.5,39.51,36.86,Moderate Market Gap,32.76,Moderate Opportunity,Improve Watches products by addressing delivery problems,3141
P0246,Fitness Watch 246,Watches,Fitness Watch,price,9,22.5,39.51,36.86,Moderate Market Gap,32.76,Moderate Opportunity,Improve Watches products by addressing price problems,3142
P0246,Fitness Watch 246,Watches,Fitness Watch,comfort,9,22.5,39.51,36.86,Moderate Market Gap,32.76,Moderate Opportunity,Improve Watches products by addressing comfort problems,3143
P0395,Analog Watch 395,Watches,Analog Watch,software,6,15.0,46.98,36.86,Moderate Market Gap,32.75,Moderate Opportunity,Improve Watches products by addressing software problems,3144
P0120,Smart Light 120,Home Appliances,Smart Light,comfort,5,12.5,49.98,36.23,Moderate Market Gap,32.74,Moderate Opportunity,Improve Home Appliances products by addressing comfort problems,3145
P0441,Smartphone 441,Mobile,Smartphone,price,11,27.5,34.8,36.43,Moderate Market Gap,32.73,Moderate Opportunity,Improve Mobile products by addressing price problems,3146
P0126,Tablet 126,Mobile,Tablet,software,10,25.0,37.28,36.43,Moderate Market Gap,32.73,Moderate Opportunity,Improve Mobile products by addressing software problems,3147
P0498,Tablet 498,Mobile,Tablet,battery,12,30.0,32.26,36.43,Moderate Market Gap,32.72,Moderate Opportunity,Improve Mobile products by addressing battery problems,3148
P0498,Tablet 498,Mobile,Tablet,performance,12,30.0,32.26,36.43,Moderate Market Gap,32.72,Moderate Opportunity,Improve Mobile products by addressing performance problems,3149
P0284,Wireless Earbuds 284,Audio,Wireless Earbuds,comfort,6,15.0,48.29,35.19,Moderate Market Gap,32.71,Moderate Opportunity,Improve Audio products by addressing comfort problems,3150
P0029,Smart Light 29,Home Appliances,Smart Light,comfort,6,15.0,47.31,36.23,Moderate Market Gap,32.68,Moderate Opportunity,Improve Home Appliances products by addressing comfort problems,3151
P0079,Smartphone 79,Mobile,Smartphone,software,6,15.0,47.1,36.43,Moderate Market Gap,32.66,Moderate Opportunity,Improve Mobile products by addressing software problems,3152
P0396,Fitness Watch 396,Watches,Fitness Watch,comfort,10,25.0,36.72,36.86,Moderate Market Gap,32.66,Moderate Opportunity,Improve Watches products by addressing comfort problems,3153
P0213,Wireless Earbuds 213,Audio,Wireless Earbuds,comfort,6,15.0,48.11,35.19,Moderate Market Gap,32.65,Moderate Opportunity,Improve Audio products by addressing comfort problems,3154
P0299,Smart Ring 299,Wearables,Smart Ring,price,11,27.5,35.47,35.35,Moderate Market Gap,32.64,Moderate Opportunity,Improve Wearables products by addressing price problems,3155
P0231,Smartphone 231,Mobile,Smartphone,software,8,20.0,41.99,36.43,Moderate Market Gap,32.63,Moderate Opportunity,Improve Mobile products by addressing software problems,3156
P0157,Smartphone 157,Mobile,Smartphone,software,8,20.0,41.97,36.43,Moderate Market Gap,32.62,Moderate Opportunity,Improve Mobile products by addressing software problems,3157
P0274,Smart Watch 274,Watches,Smart Watch,delivery,8,20.0,41.62,36.86,Moderate Market Gap,32.62,Moderate Opportunity,Improve Watches products by addressing delivery problems,3158
P0461,Headphones 461,Audio,Headphones,delivery,9,22.5,40.5,35.19,Moderate Market Gap,32.61,Moderate Opportunity,Improve Audio products by addressing delivery problems,3159
P0013,Smart Ring 13,Wearables,Smart Ring,software,8,20.0,42.87,35.35,Moderate Market Gap,32.61,Moderate Opportunity,Improve Wearables products by addressing software problems,3160
P0361,Air Purifier 361,Home Appliances,Air Purifier,comfort,9,22.5,39.63,36.23,Moderate Market Gap,32.61,Moderate Opportunity,Improve Home Appliances products by addressing comfort problems,3161
P0467,Air Purifier 467,Home Appliances,Air Purifier,delivery,5,12.5,49.59,36.23,Moderate Market Gap,32.6,Moderate Opportunity,Improve Home Appliances products by addressing delivery problems,3162
P0195,Fitness Band 195,Wearables,Fitness Band,software,5,12.5,50.32,35.35,Moderate Market Gap,32.59,Moderate Opportunity,Improve Wearables products by addressing software problems,3163
P0333,Smart Light 333,Home Appliances,Smart Light,software,7,17.5,44.55,36.23,Moderate Market Gap,32.59,Moderate Opportunity,Improve Home Appliances products by addressing software problems,3164
P0349,Smart Fan 349,Home Appliances,Smart Fan,price,4,10.0,52.07,36.23,Moderate Market Gap,32.59,Moderate Opportunity,Improve Home Appliances products by addressing price problems,3165
P0167,Fitness Watch 167,Watches,Fitness Watch,price,9,22.5,38.98,36.86,Moderate Market Gap,32.58,Moderate Opportunity,Improve Watches products by addressing price problems,3166
P0484,Bluetooth Speaker 484,Audio,Bluetooth Speaker,comfort,8,20.0,42.91,35.19,Moderate Market Gap,32.58,Moderate Opportunity,Improve Audio products by addressing comfort problems,3167
P0484,Bluetooth Speaker 484,Audio,Bluetooth Speaker,software,8,20.0,42.91,35.19,Moderate Market Gap,32.58,Moderate Opportunity,Improve Audio products by addressing software problems,3168
P0390,Smart Light 390,Home Appliances,Smart Light,comfort,11,27.5,34.44,36.23,Moderate Market Gap,32.55,Moderate Opportunity,Improve Home Appliances products by addressing comfort problems,3169
P0072,Smart Light 72,Home Appliances,Smart Light,delivery,6,15.0,46.94,36.23,Moderate Market Gap,32.55,Moderate Opportunity,Improve Home Appliances products by addressing delivery problems,3170
P0390,Smart Light 390,Home Appliances,Smart Light,software,11,27.5,34.44,36.23,Moderate Market Gap,32.55,Moderate Opportunity,Improve Home Appliances products by addressing software problems,3171
P0364,Bluetooth Speaker 364,Audio,Bluetooth Speaker,delivery,11,27.5,35.3,35.19,Moderate Market Gap,32.54,Moderate Opportunity,Improve Audio products by addressing delivery problems,3172
P0352,Smart Ring 352,Wearables,Smart Ring,delivery,11,27.5,35.1,35.35,Moderate Market Gap,32.52,Moderate Opportunity,Improve Wearables products by addressing delivery problems,3173
P0131,Smartphone 131,Mobile,Smartphone,price,4,10.0,51.57,36.43,Moderate Market Gap,32.48,Moderate Opportunity,Improve Mobile products by addressing price problems,3174
P0357,Tablet 357,Mobile,Tablet,delivery,5,12.5,49.0,36.43,Moderate Market Gap,32.45,Moderate Opportunity,Improve Mobile products by addressing delivery problems,3175
P0480,Headphones 480,Audio,Headphones,delivery,12,30.0,32.56,35.19,Moderate Market Gap,32.45,Moderate Opportunity,Improve Audio products by addressing delivery problems,3176
P0366,Air Purifier 366,Home Appliances,Air Purifier,performance,12,30.0,31.61,36.23,Moderate Market Gap,32.43,Moderate Opportunity,Improve Home Appliances products by addressing performance problems,3177
P0489,Headphones 489,Audio,Headphones,comfort,8,20.0,42.48,35.19,Moderate Market Gap,32.42,Moderate Opportunity,Improve Audio products by addressing comfort problems,3178
P0190,Smart Light 190,Home Appliances,Smart Light,price,8,20.0,41.53,36.23,Moderate Market Gap,32.4,Moderate Opportunity,Improve Home Appliances products by addressing price problems,3179
P0164,Smart Fan 164,Home Appliances,Smart Fan,software,6,15.0,46.5,36.23,Moderate Market Gap,32.39,Moderate Opportunity,Improve Home Appliances products by addressing software problems,3180
P0496,Fitness Band 496,Wearables,Fitness Band,delivery,7,17.5,44.73,35.35,Moderate Market Gap,32.39,Moderate Opportunity,Improve Wearables products by addressing delivery problems,3181
P0335,Headphones 335,Audio,Headphones,price,7,17.5,44.81,35.19,Moderate Market Gap,32.37,Moderate Opportunity,Improve Audio products by addressing price problems,3182
P0416,Smart Ring 416,Wearables,Smart Ring,price,9,22.5,39.68,35.35,Moderate Market Gap,32.37,Moderate Opportunity,Improve Wearables products by addressing price problems,3183
P0107,Analog Watch 107,Watches,Analog Watch,comfort,7,17.5,43.39,36.86,Moderate Market Gap,32.37,Moderate Opportunity,Improve Watches products by addressing comfort problems,3184
P0137,Analog Watch 137,Watches,Analog Watch,delivery,10,25.0,35.85,36.86,Moderate Market Gap,32.36,Moderate Opportunity,Improve Watches products by addressing delivery problems,3185
P0169,Analog Watch 169,Watches,Analog Watch,price,4,10.0,50.87,36.86,Moderate Market Gap,32.36,Moderate Opportunity,Improve Watches products by addressing price problems,3186
P0084,Fitness Band 84,Wearables,Fitness Band,comfort,10,25.0,37.11,35.35,Moderate Market Gap,32.34,Moderate Opportunity,Improve Wearables products by addressing comfort problems,3187
P0432,Air Purifier 432,Home Appliances,Air Purifier,price,12,30.0,31.34,36.23,Moderate Market Gap,32.34,Moderate Opportunity,Improve Home Appliances products by addressing price problems,3188
P0300,Smart Watch 300,Watches,Smart Watch,price,9,22.5,38.11,36.86,Moderate Market Gap,32.27,Moderate Opportunity,Improve Watches products by addressing price problems,3189
P0300,Smart Watch 300,Watches,Smart Watch,delivery,9,22.5,38.11,36.86,Moderate Market Gap,32.27,Moderate Opportunity,Improve Watches products by addressing delivery problems,3190
P0482,Smartphone 482,Mobile,Smartphone,delivery,11,27.5,33.44,36.43,Moderate Market Gap,32.26,Moderate Opportunity,Improve Mobile products by addressing delivery problems,3191
P0130,Fitness Band 130,Wearables,Fitness Band,software,8,20.0,41.83,35.35,Moderate Market Gap,32.25,Moderate Opportunity,Improve Wearables products by addressing software problems,3192
P0130,Fitness Band 130,Wearables,Fitness Band,delivery,8,20.0,41.83,35.35,Moderate Market Gap,32.25,Moderate Opportunity,Improve Wearables products by addressing delivery problems,3193
P0490,Smart Light 490,Home Appliances,Smart Light,delivery,8,20.0,41.09,36.23,Moderate Market Gap,32.25,Moderate Opportunity,Improve Home Appliances products by addressing delivery problems,3194
P0457,Air Purifier 457,Home Appliances,Air Purifier,software,7,17.5,43.58,36.23,Moderate Market Gap,32.25,Moderate Opportunity,Improve Home Appliances products by addressing software problems,3195
P0070,Smart Watch 70,Watches,Smart Watch,software,6,15.0,45.56,36.86,Moderate Market Gap,32.25,Moderate Opportunity,Improve Watches products by addressing software problems,3196
P0138,Smart Fan 138,Home Appliances,Smart Fan,comfort,8,20.0,41.05,36.23,Moderate Market Gap,32.24,Moderate Opportunity,Improve Home Appliances products by addressing comfort problems,3197
P0403,Smart Watch 403,Watches,Smart Watch,comfort,9,22.5,38.02,36.86,Moderate Market Gap,32.24,Moderate Opportunity,Improve Watches products by addressing comfort problems,3198
P0027,Smart Ring 27,Wearables,Smart Ring,price,11,27.5,34.28,35.35,Moderate Market Gap,32.23,Moderate Opportunity,Improve Wearables products by addressing price problems,3199
P0097,Fitness Watch 97,Watches,Fitness Watch,price,6,15.0,45.42,36.86,Moderate Market Gap,32.2,Moderate Opportunity,Improve Watches products by addressing price problems,3200
P0438,Fitness Band 438,Wearables,Fitness Band,comfort,12,30.0,31.61,35.35,Moderate Market Gap,32.17,Moderate Opportunity,Improve Wearables products by addressing comfort problems,3201
P0089,Fitness Band 89,Wearables,Fitness Band,delivery,8,20.0,41.58,35.35,Moderate Market Gap,32.16,Moderate Opportunity,Improve Wearables products by addressing delivery problems,3202
P0387,Fitness Band 387,Wearables,Fitness Band,comfort,9,22.5,39.05,35.35,Moderate Market Gap,32.15,Moderate Opportunity,Improve Wearables products by addressing comfort problems,3203
P0178,Fitness Watch 178,Watches,Fitness Watch,performance,11,27.5,32.69,36.86,Moderate Market Gap,32.12,Moderate Opportunity,Improve Watches products by addressing performance problems,3204
P0343,Tablet 343,Mobile,Tablet,software,7,17.5,43.06,36.43,Moderate Market Gap,32.12,Moderate Opportunity,Improve Mobile products by addressing software problems,3205
P0303,Fitness Watch 303,Watches,Fitness Watch,delivery,4,10.0,50.15,36.86,Moderate Market Gap,32.11,Moderate Opportunity,Improve Watches products by addressing delivery problems,3206
P0100,Bluetooth Speaker 100,Audio,Bluetooth Speaker,performance,11,27.5,34.02,35.19,Moderate Market Gap,32.09,Moderate Opportunity,Improve Audio products by addressing performance problems,3207
P0315,Bluetooth Speaker 315,Audio,Bluetooth Speaker,price,11,27.5,34.01,35.19,Moderate Market Gap,32.09,Moderate Opportunity,Improve Audio products by addressing price problems,3208
P0048,Smart Watch 48,Watches,Smart Watch,comfort,7,17.5,42.55,36.86,Moderate Market Gap,32.08,Moderate Opportunity,Improve Watches products by addressing comfort problems,3209
P0023,Air Purifier 23,Home Appliances,Air Purifier,delivery,10,25.0,35.59,36.23,Moderate Market Gap,32.08,Moderate Opportunity,Improve Home Appliances products by addressing delivery problems,3210
P0410,Analog Watch 410,Watches,Analog Watch,delivery,11,27.5,32.53,36.86,Moderate Market Gap,32.07,Moderate Opportunity,Improve Watches products by addressing delivery problems,3211
P0410,Analog Watch 410,Watches,Analog Watch,price,11,27.5,32.53,36.86,Moderate Market Gap,32.07,Moderate Opportunity,Improve Watches products by addressing price problems,3212
P0086,Analog Watch 86,Watches,Analog Watch,software,9,22.5,37.5,36.86,Moderate Market Gap,32.06,Moderate Opportunity,Improve Watches products by addressing software problems,3213
P0086,Analog Watch 86,Watches,Analog Watch,price,9,22.5,37.5,36.86,Moderate Market Gap,32.06,Moderate Opportunity,Improve Watches products by addressing price problems,3214
P0371,Wireless Earbuds 371,Audio,Wireless Earbuds,price,8,20.0,41.38,35.19,Moderate Market Gap,32.04,Moderate Opportunity,Improve Audio products by addressing price problems,3215
P0371,Wireless Earbuds 371,Audio,Wireless Earbuds,delivery,8,20.0,41.38,35.19,Moderate Market Gap,32.04,Moderate Opportunity,Improve Audio products by addressing delivery problems,3216
P0426,Headphones 426,Audio,Headphones,comfort,9,22.5,38.77,35.19,Moderate Market Gap,32.0,Moderate Opportunity,Improve Audio products by addressing comfort problems,3217
P0379,Bluetooth Speaker 379,Audio,Bluetooth Speaker,price,6,15.0,46.26,35.19,Moderate Market Gap,32.0,Moderate Opportunity,Improve Audio products by addressing price problems,3218
P0241,Wireless Earbuds 241,Audio,Wireless Earbuds,price,7,17.5,43.72,35.19,Moderate Market Gap,31.98,Moderate Opportunity,Improve Audio products by addressing price problems,3219
P0241,Wireless Earbuds 241,Audio,Wireless Earbuds,comfort,7,17.5,43.72,35.19,Moderate Market Gap,31.98,Moderate Opportunity,Improve Audio products by addressing comfort problems,3220
P0182,Fitness Band 182,Wearables,Fitness Band,price,11,27.5,33.5,35.35,Moderate Market Gap,31.96,Moderate Opportunity,Improve Wearables products by addressing price problems,3221
P0246,Fitness Watch 246,Watches,Fitness Watch,software,8,20.0,39.51,36.86,Moderate Market Gap,31.89,Moderate Opportunity,Improve Watches products by addressing software problems,3222
P0446,Tablet 446,Mobile,Tablet,price,4,10.0,49.88,36.43,Moderate Market Gap,31.89,Moderate Opportunity,Improve Mobile products by addressing price problems,3223
P0096,Smart Watch 96,Watches,Smart Watch,price,10,25.0,34.5,36.86,Moderate Market Gap,31.88,Moderate Opportunity,Improve Watches products by addressing price problems,3224
P0096,Smart Watch 96,Watches,Smart Watch,delivery,10,25.0,34.5,36.86,Moderate Market Gap,31.88,Moderate Opportunity,Improve Watches products by addressing delivery problems,3225
P0120,Smart Light 120,Home Appliances,Smart Light,delivery,4,10.0,49.98,36.23,Moderate Market Gap,31.86,Moderate Opportunity,Improve Home Appliances products by addressing delivery problems,3226
P0259,Smart Fan 259,Home Appliances,Smart Fan,software,7,17.5,42.44,36.23,Moderate Market Gap,31.85,Moderate Opportunity,Improve Home Appliances products by addressing software problems,3227
P0126,Tablet 126,Mobile,Tablet,price,9,22.5,37.28,36.43,Moderate Market Gap,31.85,Moderate Opportunity,Improve Mobile products by addressing price problems,3228
P0159,Analog Watch 159,Watches,Analog Watch,performance,10,25.0,34.37,36.86,Moderate Market Gap,31.84,Moderate Opportunity,Improve Watches products by addressing performance problems,3229
P0314,Smart Light 314,Home Appliances,Smart Light,delivery,7,17.5,42.37,36.23,Moderate Market Gap,31.82,Moderate Opportunity,Improve Home Appliances products by addressing delivery problems,3230
P0443,Wireless Earbuds 443,Audio,Wireless Earbuds,price,10,25.0,35.69,35.19,Moderate Market Gap,31.8,Moderate Opportunity,Improve Audio products by addressing price problems,3231
P0081,Headphones 81,Audio,Headphones,price,12,30.0,30.67,35.19,Moderate Market Gap,31.79,Moderate Opportunity,Improve Audio products by addressing price problems,3232
P0396,Fitness Watch 396,Watches,Fitness Watch,software,9,22.5,36.72,36.86,Moderate Market Gap,31.78,Moderate Opportunity,Improve Watches products by addressing software problems,3233
P0011,Smartphone 11,Mobile,Smartphone,software,11,27.5,32.06,36.43,Moderate Market Gap,31.78,Moderate Opportunity,Improve Mobile products by addressing software problems,3234
P0011,Smartphone 11,Mobile,Smartphone,comfort,11,27.5,32.06,36.43,Moderate Market Gap,31.78,Moderate Opportunity,Improve Mobile products by addressing comfort problems,3235
P0299,Smart Ring 299,Wearables,Smart Ring,delivery,10,25.0,35.47,35.35,Moderate Market Gap,31.77,Moderate Opportunity,Improve Wearables products by addressing delivery problems,3236
P0299,Smart Ring 299,Wearables,Smart Ring,performance,10,25.0,35.47,35.35,Moderate Market Gap,31.77,Moderate Opportunity,Improve Wearables products by addressing performance problems,3237
P0423,Air Purifier 423,Home Appliances,Air Purifier,software,9,22.5,37.2,36.23,Moderate Market Gap,31.76,Moderate Opportunity,Improve Home Appliances products by addressing software problems,3238
P0034,Bluetooth Speaker 34,Audio,Bluetooth Speaker,price,8,20.0,40.56,35.19,Moderate Market Gap,31.75,Moderate Opportunity,Improve Audio products by addressing price problems,3239
P0231,Smartphone 231,Mobile,Smartphone,comfort,7,17.5,41.99,36.43,Moderate Market Gap,31.75,Moderate Opportunity,Improve Mobile products by addressing comfort problems,3240
P0274,Smart Watch 274,Watches,Smart Watch,price,7,17.5,41.62,36.86,Moderate Market Gap,31.75,Moderate Opportunity,Improve Watches products by addressing price problems,3241
P0361,Air Purifier 361,Home Appliances,Air Purifier,price,8,20.0,39.63,36.23,Moderate Market Gap,31.74,Moderate Opportunity,Improve Home Appliances products by addressing price problems,3242
P0244,Air Purifier 244,Home Appliances,Air Purifier,comfort,11,27.5,32.1,36.23,Moderate Market Gap,31.73,Moderate Opportunity,Improve Home Appliances products by addressing comfort problems,3243
P0386,Smart Fan 386,Home Appliances,Smart Fan,quality,13,32.5,27.09,36.23,Moderate Market Gap,31.73,Moderate Opportunity,Improve Home Appliances products by addressing quality problems,3244
P0240,Tablet 240,Mobile,Tablet,delivery,9,22.5,36.9,36.43,Moderate Market Gap,31.72,Moderate Opportunity,Improve Mobile products by addressing delivery problems,3245
P0054,Wireless Earbuds 54,Audio,Wireless Earbuds,comfort,10,25.0,35.48,35.19,Moderate Market Gap,31.72,Moderate Opportunity,Improve Audio products by addressing comfort problems,3246
P0082,Fitness Watch 82,Watches,Fitness Watch,price,8,20.0,38.89,36.86,Moderate Market Gap,31.67,Moderate Opportunity,Improve Watches products by addressing price problems,3247
P0364,Bluetooth Speaker 364,Audio,Bluetooth Speaker,comfort,10,25.0,35.3,35.19,Moderate Market Gap,31.66,Moderate Opportunity,Improve Audio products by addressing comfort problems,3248
P0475,Fitness Watch 475,Watches,Fitness Watch,price,8,20.0,38.81,36.86,Moderate Market Gap,31.64,Moderate Opportunity,Improve Watches products by addressing price problems,3249
P0112,Smart Light 112,Home Appliances,Smart Light,price,9,22.5,36.83,36.23,Moderate Market Gap,31.63,Moderate Opportunity,Improve Home Appliances products by addressing price problems,3250
P0357,Tablet 357,Mobile,Tablet,comfort,4,10.0,49.0,36.43,Moderate Market Gap,31.58,Moderate Opportunity,Improve Mobile products by addressing comfort problems,3251
P0366,Air Purifier 366,Home Appliances,Air Purifier,software,11,27.5,31.61,36.23,Moderate Market Gap,31.56,Moderate Opportunity,Improve Home Appliances products by addressing software problems,3252
P0414,Wireless Earbuds 414,Audio,Wireless Earbuds,price,7,17.5,42.47,35.19,Moderate Market Gap,31.55,Moderate Opportunity,Improve Audio products by addressing price problems,3253
P0322,Smart Watch 322,Watches,Smart Watch,price,9,22.5,36.05,36.86,Moderate Market Gap,31.55,Moderate Opportunity,Improve Watches products by addressing price problems,3254
P0046,Bluetooth Speaker 46,Audio,Bluetooth Speaker,price,10,25.0,34.94,35.19,Moderate Market Gap,31.54,Moderate Opportunity,Improve Audio products by addressing price problems,3255
P0046,Bluetooth Speaker 46,Audio,Bluetooth Speaker,software,10,25.0,34.94,35.19,Moderate Market Gap,31.54,Moderate Opportunity,Improve Audio products by addressing software problems,3256
P0184,Smart Ring 184,Wearables,Smart Ring,comfort,8,20.0,39.8,35.35,Moderate Market Gap,31.54,Moderate Opportunity,Improve Wearables products by addressing comfort problems,3257
P0185,Smart Ring 185,Wearables,Smart Ring,delivery,8,20.0,39.75,35.35,Moderate Market Gap,31.52,Moderate Opportunity,Improve Wearables products by addressing delivery problems,3258
P0416,Smart Ring 416,Wearables,Smart Ring,delivery,8,20.0,39.68,35.35,Moderate Market Gap,31.49,Moderate Opportunity,Improve Wearables products by addressing delivery problems,3259
P0024,Fitness Band 24,Wearables,Fitness Band,delivery,8,20.0,39.68,35.35,Moderate Market Gap,31.49,Moderate Opportunity,Improve Wearables products by addressing delivery problems,3260
P0107,Analog Watch 107,Watches,Analog Watch,delivery,6,15.0,43.39,36.86,Moderate Market Gap,31.49,Moderate Opportunity,Improve Watches products by addressing delivery problems,3261
P0137,Analog Watch 137,Watches,Analog Watch,price,9,22.5,35.85,36.86,Moderate Market Gap,31.48,Moderate Opportunity,Improve Watches products by addressing price problems,3262
P0084,Fitness Band 84,Wearables,Fitness Band,price,9,22.5,37.11,35.35,Moderate Market Gap,31.47,Moderate Opportunity,Improve Wearables products by addressing price problems,3263
P0500,Wireless Earbuds 500,Audio,Wireless Earbuds,software,6,15.0,44.74,35.19,Moderate Market Gap,31.47,Moderate Opportunity,Improve Audio products by addressing software problems,3264
P0393,Analog Watch 393,Watches,Analog Watch,price,8,20.0,38.29,36.86,Moderate Market Gap,31.46,Moderate Opportunity,Improve Watches products by addressing price problems,3265
P0377,Smart Ring 377,Wearables,Smart Ring,software,5,12.5,47.07,35.35,Moderate Market Gap,31.45,Moderate Opportunity,Improve Wearables products by addressing software problems,3266
P0377,Smart Ring 377,Wearables,Smart Ring,price,5,12.5,47.07,35.35,Moderate Market Gap,31.45,Moderate Opportunity,Improve Wearables products by addressing price problems,3267
P0068,Headphones 68,Audio,Headphones,price,11,27.5,32.07,35.19,Moderate Market Gap,31.41,Moderate Opportunity,Improve Audio products by addressing price problems,3268
P0300,Smart Watch 300,Watches,Smart Watch,comfort,8,20.0,38.11,36.86,Moderate Market Gap,31.4,Moderate Opportunity,Improve Watches products by addressing comfort problems,3269
P0490,Smart Light 490,Home Appliances,Smart Light,performance,7,17.5,41.09,36.23,Moderate Market Gap,31.38,Moderate Opportunity,Improve Home Appliances products by addressing performance problems,3270
P0490,Smart Light 490,Home Appliances,Smart Light,price,7,17.5,41.09,36.23,Moderate Market Gap,31.38,Moderate Opportunity,Improve Home Appliances products by addressing price problems,3271
P0482,Smartphone 482,Mobile,Smartphone,price,10,25.0,33.44,36.43,Moderate Market Gap,31.38,Moderate Opportunity,Improve Mobile products by addressing price problems,3272
P0070,Smart Watch 70,Watches,Smart Watch,delivery,5,12.5,45.56,36.86,Moderate Market Gap,31.38,Moderate Opportunity,Improve Watches products by addressing delivery problems,3273
P0130,Fitness Band 130,Wearables,Fitness Band,comfort,7,17.5,41.83,35.35,Moderate Market Gap,31.37,Moderate Opportunity,Improve Wearables products by addressing comfort problems,3274
P0457,Air Purifier 457,Home Appliances,Air Purifier,comfort,6,15.0,43.58,36.23,Moderate Market Gap,31.37,Moderate Opportunity,Improve Home Appliances products by addressing comfort problems,3275
P0251,Fitness Band 251,Wearables,Fitness Band,delivery,8,20.0,39.32,35.35,Moderate Market Gap,31.37,Moderate Opportunity,Improve Wearables products by addressing delivery problems,3276
P0251,Fitness Band 251,Wearables,Fitness Band,performance,8,20.0,39.32,35.35,Moderate Market Gap,31.37,Moderate Opportunity,Improve Wearables products by addressing performance problems,3277
P0031,Fitness Band 31,Wearables,Fitness Band,software,10,25.0,34.34,35.35,Moderate Market Gap,31.37,Moderate Opportunity,Improve Wearables products by addressing software problems,3278
P0403,Smart Watch 403,Watches,Smart Watch,price,8,20.0,38.02,36.86,Moderate Market Gap,31.36,Moderate Opportunity,Improve Watches products by addressing price problems,3279
P0257,Analog Watch 257,Watches,Analog Watch,price,8,20.0,38.02,36.86,Moderate Market Gap,31.36,Moderate Opportunity,Improve Watches products by addressing price problems,3280
P0027,Smart Ring 27,Wearables,Smart Ring,software,10,25.0,34.28,35.35,Moderate Market Gap,31.35,Moderate Opportunity,Improve Wearables products by addressing software problems,3281
P0003,Smart Light 3,Home Appliances,Smart Light,performance,7,17.5,40.9,36.23,Moderate Market Gap,31.31,Moderate Opportunity,Improve Home Appliances products by addressing performance problems,3282
P0003,Smart Light 3,Home Appliances,Smart Light,price,7,17.5,40.9,36.23,Moderate Market Gap,31.31,Moderate Opportunity,Improve Home Appliances products by addressing price problems,3283
P0324,Air Purifier 324,Home Appliances,Air Purifier,delivery,8,20.0,38.41,36.23,Moderate Market Gap,31.31,Moderate Opportunity,Improve Home Appliances products by addressing delivery problems,3284
P0438,Fitness Band 438,Wearables,Fitness Band,price,11,27.5,31.61,35.35,Moderate Market Gap,31.29,Moderate Opportunity,Improve Wearables products by addressing price problems,3285
P0438,Fitness Band 438,Wearables,Fitness Band,performance,11,27.5,31.61,35.35,Moderate Market Gap,31.29,Moderate Opportunity,Improve Wearables products by addressing performance problems,3286
P0387,Fitness Band 387,Wearables,Fitness Band,price,8,20.0,39.05,35.35,Moderate Market Gap,31.27,Moderate Opportunity,Improve Wearables products by addressing price problems,3287
P0495,Tablet 495,Mobile,Tablet,delivery,4,10.0,48.06,36.43,Moderate Market Gap,31.25,Moderate Opportunity,Improve Mobile products by addressing delivery problems,3288
P0144,Smart Fan 144,Home Appliances,Smart Fan,price,8,20.0,38.23,36.23,Moderate Market Gap,31.25,Moderate Opportunity,Improve Home Appliances products by addressing price problems,3289
P0187,Bluetooth Speaker 187,Audio,Bluetooth Speaker,comfort,9,22.5,36.59,35.19,Moderate Market Gap,31.24,Moderate Opportunity,Improve Audio products by addressing comfort problems,3290
P0355,Analog Watch 355,Watches,Analog Watch,comfort,9,22.5,35.17,36.86,Moderate Market Gap,31.24,Moderate Opportunity,Improve Watches products by addressing comfort problems,3291
P0074,Smart Watch 74,Watches,Smart Watch,comfort,9,22.5,35.16,36.86,Moderate Market Gap,31.24,Moderate Opportunity,Improve Watches products by addressing comfort problems,3292
P0187,Bluetooth Speaker 187,Audio,Bluetooth Speaker,delivery,9,22.5,36.59,35.19,Moderate Market Gap,31.24,Moderate Opportunity,Improve Audio products by addressing delivery problems,3293
P0187,Bluetooth Speaker 187,Audio,Bluetooth Speaker,price,9,22.5,36.59,35.19,Moderate Market Gap,31.24,Moderate Opportunity,Improve Audio products by addressing price problems,3294
P0247,Bluetooth Speaker 247,Audio,Bluetooth Speaker,comfort,4,10.0,49.06,35.19,Moderate Market Gap,31.23,Moderate Opportunity,Improve Audio products by addressing comfort problems,3295
P0315,Bluetooth Speaker 315,Audio,Bluetooth Speaker,comfort,10,25.0,34.01,35.19,Moderate Market Gap,31.21,Moderate Opportunity,Improve Audio products by addressing comfort problems,3296
P0086,Analog Watch 86,Watches,Analog Watch,delivery,8,20.0,37.5,36.86,Moderate Market Gap,31.18,Moderate Opportunity,Improve Watches products by addressing delivery problems,3297
P0249,Smart Light 249,Home Appliances,Smart Light,comfort,9,22.5,35.46,36.23,Moderate Market Gap,31.15,Moderate Opportunity,Improve Home Appliances products by addressing comfort problems,3298
P0090,Smartphone 90,Mobile,Smartphone,comfort,7,17.5,40.21,36.43,Moderate Market Gap,31.13,Moderate Opportunity,Improve Mobile products by addressing comfort problems,3299
P0037,Analog Watch 37,Watches,Analog Watch,price,8,20.0,37.3,36.86,Moderate Market Gap,31.11,Moderate Opportunity,Improve Watches products by addressing price problems,3300
P0182,Fitness Band 182,Wearables,Fitness Band,delivery,10,25.0,33.5,35.35,Moderate Market Gap,31.08,Moderate Opportunity,Improve Wearables products by addressing delivery problems,3301
P0208,Fitness Watch 208,Watches,Fitness Watch,comfort,9,22.5,34.67,36.86,Moderate Market Gap,31.07,Moderate Opportunity,Improve Watches products by addressing comfort problems,3302
P0368,Headphones 368,Audio,Headphones,delivery,6,15.0,43.61,35.19,Moderate Market Gap,31.07,Moderate Opportunity,Improve Audio products by addressing delivery problems,3303
P0368,Headphones 368,Audio,Headphones,price,6,15.0,43.61,35.19,Moderate Market Gap,31.07,Moderate Opportunity,Improve Audio products by addressing price problems,3304
P0243,Bluetooth Speaker 243,Audio,Bluetooth Speaker,price,11,27.5,31.01,35.19,Moderate Market Gap,31.04,Moderate Opportunity,Improve Audio products by addressing price problems,3305
P0175,Fitness Band 175,Wearables,Fitness Band,delivery,5,12.5,45.82,35.35,Moderate Market Gap,31.02,Moderate Opportunity,Improve Wearables products by addressing delivery problems,3306
P0129,Air Purifier 129,Home Appliances,Air Purifier,software,9,22.5,35.02,36.23,Moderate Market Gap,31.0,Moderate Opportunity,Improve Home Appliances products by addressing software problems,3307
P0441,Smartphone 441,Mobile,Smartphone,software,9,22.5,34.8,36.43,Moderate Market Gap,30.98,Moderate Opportunity,Improve Mobile products by addressing software problems,3308
P0441,Smartphone 441,Mobile,Smartphone,delivery,9,22.5,34.8,36.43,Moderate Market Gap,30.98,Moderate Opportunity,Improve Mobile products by addressing delivery problems,3309
P0498,Tablet 498,Mobile,Tablet,comfort,10,25.0,32.26,36.43,Moderate Market Gap,30.97,Moderate Opportunity,Improve Mobile products by addressing comfort problems,3310
P0498,Tablet 498,Mobile,Tablet,software,10,25.0,32.26,36.43,Moderate Market Gap,30.97,Moderate Opportunity,Improve Mobile products by addressing software problems,3311
P0259,Smart Fan 259,Home Appliances,Smart Fan,comfort,6,15.0,42.44,36.23,Moderate Market Gap,30.97,Moderate Opportunity,Improve Home Appliances products by addressing comfort problems,3312
P0226,Bluetooth Speaker 226,Audio,Bluetooth Speaker,delivery,5,12.5,45.76,35.19,Moderate Market Gap,30.95,Moderate Opportunity,Improve Audio products by addressing delivery problems,3313
P0443,Wireless Earbuds 443,Audio,Wireless Earbuds,software,9,22.5,35.69,35.19,Moderate Market Gap,30.92,Moderate Opportunity,Improve Audio products by addressing software problems,3314
P0298,Smartphone 298,Mobile,Smartphone,performance,11,27.5,29.63,36.43,Moderate Market Gap,30.92,Moderate Opportunity,Improve Mobile products by addressing performance problems,3315
P0081,Headphones 81,Audio,Headphones,performance,11,27.5,30.67,35.19,Moderate Market Gap,30.92,Moderate Opportunity,Improve Audio products by addressing performance problems,3316
P0298,Smartphone 298,Mobile,Smartphone,price,11,27.5,29.63,36.43,Moderate Market Gap,30.92,Moderate Opportunity,Improve Mobile products by addressing price problems,3317
P0260,Headphones 260,Audio,Headphones,price,7,17.5,40.65,35.19,Moderate Market Gap,30.91,Moderate Opportunity,Improve Audio products by addressing price problems,3318
P0260,Headphones 260,Audio,Headphones,software,7,17.5,40.65,35.19,Moderate Market Gap,30.91,Moderate Opportunity,Improve Audio products by addressing software problems,3319
P0231,Smartphone 231,Mobile,Smartphone,delivery,6,15.0,41.99,36.43,Moderate Market Gap,30.88,Moderate Opportunity,Improve Mobile products by addressing delivery problems,3320
P0034,Bluetooth Speaker 34,Audio,Bluetooth Speaker,comfort,7,17.5,40.56,35.19,Moderate Market Gap,30.88,Moderate Opportunity,Improve Audio products by addressing comfort problems,3321
P0034,Bluetooth Speaker 34,Audio,Bluetooth Speaker,delivery,7,17.5,40.56,35.19,Moderate Market Gap,30.88,Moderate Opportunity,Improve Audio products by addressing delivery problems,3322
P0461,Headphones 461,Audio,Headphones,comfort,7,17.5,40.5,35.19,Moderate Market Gap,30.86,Moderate Opportunity,Improve Audio products by addressing comfort problems,3323
P0461,Headphones 461,Audio,Headphones,price,7,17.5,40.5,35.19,Moderate Market Gap,30.86,Moderate Opportunity,Improve Audio products by addressing price problems,3324
P0484,Bluetooth Speaker 484,Audio,Bluetooth Speaker,price,6,15.0,42.91,35.19,Moderate Market Gap,30.83,Moderate Opportunity,Improve Audio products by addressing price problems,3325
P0167,Fitness Watch 167,Watches,Fitness Watch,delivery,7,17.5,38.98,36.86,Moderate Market Gap,30.83,Moderate Opportunity,Improve Watches products by addressing delivery problems,3326
P0301,Bluetooth Speaker 301,Audio,Bluetooth Speaker,price,10,25.0,32.9,35.19,Moderate Market Gap,30.82,Moderate Opportunity,Improve Audio products by addressing price problems,3327
P0067,Smart Fan 67,Home Appliances,Smart Fan,delivery,4,10.0,47.01,36.23,Moderate Market Gap,30.82,Moderate Opportunity,Improve Home Appliances products by addressing delivery problems,3328
P0434,Analog Watch 434,Watches,Analog Watch,software,8,20.0,36.43,36.86,Moderate Market Gap,30.81,Moderate Opportunity,Improve Watches products by addressing software problems,3329
P0430,Smart Light 430,Home Appliances,Smart Light,price,6,15.0,41.98,36.23,Moderate Market Gap,30.81,Moderate Opportunity,Improve Home Appliances products by addressing price problems,3330
P0444,Fitness Band 444,Wearables,Fitness Band,software,7,17.5,40.24,35.35,Moderate Market Gap,30.81,Moderate Opportunity,Improve Wearables products by addressing software problems,3331
P0101,Bluetooth Speaker 101,Audio,Bluetooth Speaker,software,7,17.5,40.33,35.19,Moderate Market Gap,30.8,Moderate Opportunity,Improve Audio products by addressing software problems,3332
P0385,Tablet 385,Mobile,Tablet,performance,7,17.5,39.25,36.43,Moderate Market Gap,30.79,Moderate Opportunity,Improve Mobile products by addressing performance problems,3333
P0475,Fitness Watch 475,Watches,Fitness Watch,software,7,17.5,38.81,36.86,Moderate Market Gap,30.77,Moderate Opportunity,Improve Watches products by addressing software problems,3334
P0206,Smartphone 206,Mobile,Smartphone,delivery,10,25.0,31.62,36.43,Moderate Market Gap,30.75,Moderate Opportunity,Improve Mobile products by addressing delivery problems,3335
P0480,Headphones 480,Audio,Headphones,software,10,25.0,32.56,35.19,Moderate Market Gap,30.7,Moderate Opportunity,Improve Audio products by addressing software problems,3336
P0366,Air Purifier 366,Home Appliances,Air Purifier,price,10,25.0,31.61,36.23,Moderate Market Gap,30.68,Moderate Opportunity,Improve Home Appliances products by addressing price problems,3337
P0489,Headphones 489,Audio,Headphones,delivery,6,15.0,42.48,35.19,Moderate Market Gap,30.67,Moderate Opportunity,Improve Audio products by addressing delivery problems,3338
P0496,Fitness Band 496,Wearables,Fitness Band,price,5,12.5,44.73,35.35,Moderate Market Gap,30.64,Moderate Opportunity,Improve Wearables products by addressing price problems,3339
P0449,Bluetooth Speaker 449,Audio,Bluetooth Speaker,software,10,25.0,32.35,35.19,Moderate Market Gap,30.63,Moderate Opportunity,Improve Audio products by addressing software problems,3340
P0416,Smart Ring 416,Wearables,Smart Ring,software,7,17.5,39.68,35.35,Moderate Market Gap,30.62,Moderate Opportunity,Improve Wearables products by addressing software problems,3341
P0432,Air Purifier 432,Home Appliances,Air Purifier,software,10,25.0,31.34,36.23,Moderate Market Gap,30.59,Moderate Opportunity,Improve Home Appliances products by addressing software problems,3342
P0432,Air Purifier 432,Home Appliances,Air Purifier,delivery,10,25.0,31.34,36.23,Moderate Market Gap,30.59,Moderate Opportunity,Improve Home Appliances products by addressing delivery problems,3343
P0151,Smart Ring 151,Wearables,Smart Ring,price,7,17.5,39.55,35.35,Moderate Market Gap,30.57,Moderate Opportunity,Improve Wearables products by addressing price problems,3344
P0228,Fitness Watch 228,Watches,Fitness Watch,comfort,10,25.0,30.7,36.86,Moderate Market Gap,30.55,Moderate Opportunity,Improve Watches products by addressing comfort problems,3345
P0228,Fitness Watch 228,Watches,Fitness Watch,delivery,10,25.0,30.7,36.86,Moderate Market Gap,30.55,Moderate Opportunity,Improve Watches products by addressing delivery problems,3346
P0068,Headphones 68,Audio,Headphones,comfort,10,25.0,32.07,35.19,Moderate Market Gap,30.53,Moderate Opportunity,Improve Audio products by addressing comfort problems,3347
P0031,Fitness Band 31,Wearables,Fitness Band,price,9,22.5,34.34,35.35,Moderate Market Gap,30.5,Moderate Opportunity,Improve Wearables products by addressing price problems,3348
P0251,Fitness Band 251,Wearables,Fitness Band,software,7,17.5,39.32,35.35,Moderate Market Gap,30.49,Moderate Opportunity,Improve Wearables products by addressing software problems,3349
P0448,Smart Fan 448,Home Appliances,Smart Fan,software,8,20.0,36.02,36.23,Moderate Market Gap,30.48,Moderate Opportunity,Improve Home Appliances products by addressing software problems,3350
P0118,Bluetooth Speaker 118,Audio,Bluetooth Speaker,software,5,12.5,44.34,35.19,Moderate Market Gap,30.45,Moderate Opportunity,Improve Audio products by addressing software problems,3351
P0387,Fitness Band 387,Wearables,Fitness Band,delivery,7,17.5,39.05,35.35,Moderate Market Gap,30.4,Moderate Opportunity,Improve Wearables products by addressing delivery problems,3352
P0343,Tablet 343,Mobile,Tablet,comfort,5,12.5,43.06,36.43,Moderate Market Gap,30.38,Moderate Opportunity,Improve Mobile products by addressing comfort problems,3353
P0178,Fitness Watch 178,Watches,Fitness Watch,software,9,22.5,32.69,36.86,Moderate Market Gap,30.37,Moderate Opportunity,Improve Watches products by addressing software problems,3354
P0178,Fitness Watch 178,Watches,Fitness Watch,comfort,9,22.5,32.69,36.86,Moderate Market Gap,30.37,Moderate Opportunity,Improve Watches products by addressing comfort problems,3355
P0178,Fitness Watch 178,Watches,Fitness Watch,price,9,22.5,32.69,36.86,Moderate Market Gap,30.37,Moderate Opportunity,Improve Watches products by addressing price problems,3356
P0074,Smart Watch 74,Watches,Smart Watch,price,8,20.0,35.16,36.86,Moderate Market Gap,30.36,Moderate Opportunity,Improve Watches products by addressing price problems,3357
P0074,Smart Watch 74,Watches,Smart Watch,software,8,20.0,35.16,36.86,Moderate Market Gap,30.36,Moderate Opportunity,Improve Watches products by addressing software problems,3358
P0100,Bluetooth Speaker 100,Audio,Bluetooth Speaker,software,9,22.5,34.02,35.19,Moderate Market Gap,30.34,Moderate Opportunity,Improve Audio products by addressing software problems,3359
P0100,Bluetooth Speaker 100,Audio,Bluetooth Speaker,comfort,9,22.5,34.02,35.19,Moderate Market Gap,30.34,Moderate Opportunity,Improve Audio products by addressing comfort problems,3360
P0201,Fitness Band 201,Wearables,Fitness Band,comfort,5,12.5,43.73,35.35,Moderate Market Gap,30.29,Moderate Opportunity,Improve Wearables products by addressing comfort problems,3361
P0249,Smart Light 249,Home Appliances,Smart Light,delivery,8,20.0,35.46,36.23,Moderate Market Gap,30.28,Moderate Opportunity,Improve Home Appliances products by addressing delivery problems,3362
P0249,Smart Light 249,Home Appliances,Smart Light,software,8,20.0,35.46,36.23,Moderate Market Gap,30.28,Moderate Opportunity,Improve Home Appliances products by addressing software problems,3363
P0399,Analog Watch 399,Watches,Analog Watch,comfort,5,12.5,42.05,36.86,Moderate Market Gap,30.15,Moderate Opportunity,Improve Watches products by addressing comfort problems,3364
P0126,Tablet 126,Mobile,Tablet,comfort,7,17.5,37.28,36.43,Moderate Market Gap,30.1,Moderate Opportunity,Improve Mobile products by addressing comfort problems,3365
P0159,Analog Watch 159,Watches,Analog Watch,delivery,8,20.0,34.37,36.86,Moderate Market Gap,30.09,Moderate Opportunity,Improve Watches products by addressing delivery problems,3366
P0445,Bluetooth Speaker 445,Audio,Bluetooth Speaker,price,9,22.5,33.29,35.19,Moderate Market Gap,30.08,Moderate Opportunity,Improve Audio products by addressing price problems,3367
P0472,Smartphone 472,Mobile,Smartphone,software,8,20.0,34.7,36.43,Moderate Market Gap,30.07,Moderate Opportunity,Improve Mobile products by addressing software problems,3368
P0472,Smartphone 472,Mobile,Smartphone,price,8,20.0,34.7,36.43,Moderate Market Gap,30.07,Moderate Opportunity,Improve Mobile products by addressing price problems,3369
P0472,Smartphone 472,Mobile,Smartphone,delivery,8,20.0,34.7,36.43,Moderate Market Gap,30.07,Moderate Opportunity,Improve Mobile products by addressing delivery problems,3370
P0443,Wireless Earbuds 443,Audio,Wireless Earbuds,comfort,8,20.0,35.69,35.19,Moderate Market Gap,30.05,Moderate Opportunity,Improve Audio products by addressing comfort problems,3371
P0298,Smartphone 298,Mobile,Smartphone,software,10,25.0,29.63,36.43,Moderate Market Gap,30.05,Moderate Opportunity,Improve Mobile products by addressing software problems,3372
P0298,Smartphone 298,Mobile,Smartphone,comfort,10,25.0,29.63,36.43,Moderate Market Gap,30.05,Moderate Opportunity,Improve Mobile products by addressing comfort problems,3373
P0307,Smartphone 307,Mobile,Smartphone,comfort,9,22.5,32.1,36.43,Moderate Market Gap,30.04,Moderate Opportunity,Improve Mobile products by addressing comfort problems,3374
P0299,Smart Ring 299,Wearables,Smart Ring,software,8,20.0,35.47,35.35,Moderate Market Gap,30.02,Moderate Opportunity,Improve Wearables products by addressing software problems,3375
P0011,Smartphone 11,Mobile,Smartphone,delivery,9,22.5,32.06,36.43,Moderate Market Gap,30.02,Moderate Opportunity,Improve Mobile products by addressing delivery problems,3376
P0210,Tablet 210,Mobile,Tablet,comfort,7,17.5,37.01,36.43,Moderate Market Gap,30.01,Moderate Opportunity,Improve Mobile products by addressing comfort problems,3377
P0231,Smartphone 231,Mobile,Smartphone,price,5,12.5,41.99,36.43,Moderate Market Gap,30.0,Moderate Opportunity,Improve Mobile products by addressing price problems,3378
P0244,Air Purifier 244,Home Appliances,Air Purifier,performance,9,22.5,32.1,36.23,Moderate Market Gap,29.98,Moderate Opportunity,Improve Home Appliances products by addressing performance problems,3379
P0054,Wireless Earbuds 54,Audio,Wireless Earbuds,performance,8,20.0,35.48,35.19,Moderate Market Gap,29.98,Moderate Opportunity,Improve Audio products by addressing performance problems,3380
P0167,Fitness Watch 167,Watches,Fitness Watch,software,6,15.0,38.98,36.86,Moderate Market Gap,29.95,Moderate Opportunity,Improve Watches products by addressing software problems,3381
P0082,Fitness Watch 82,Watches,Fitness Watch,delivery,6,15.0,38.89,36.86,Moderate Market Gap,29.92,Moderate Opportunity,Improve Watches products by addressing delivery problems,3382
P0390,Smart Light 390,Home Appliances,Smart Light,price,8,20.0,34.44,36.23,Moderate Market Gap,29.92,Moderate Opportunity,Improve Home Appliances products by addressing price problems,3383
P0390,Smart Light 390,Home Appliances,Smart Light,delivery,8,20.0,34.44,36.23,Moderate Market Gap,29.92,Moderate Opportunity,Improve Home Appliances products by addressing delivery problems,3384
P0352,Smart Ring 352,Wearables,Smart Ring,software,8,20.0,35.1,35.35,Moderate Market Gap,29.89,Moderate Opportunity,Improve Wearables products by addressing software problems,3385
P0352,Smart Ring 352,Wearables,Smart Ring,price,8,20.0,35.1,35.35,Moderate Market Gap,29.89,Moderate Opportunity,Improve Wearables products by addressing price problems,3386
P0322,Smart Watch 322,Watches,Smart Watch,comfort,7,17.5,36.05,36.86,Moderate Market Gap,29.8,Moderate Opportunity,Improve Watches products by addressing comfort problems,3387
P0449,Bluetooth Speaker 449,Audio,Bluetooth Speaker,delivery,9,22.5,32.35,35.19,Moderate Market Gap,29.75,Moderate Opportunity,Improve Audio products by addressing delivery problems,3388
P0084,Fitness Band 84,Wearables,Fitness Band,delivery,7,17.5,37.11,35.35,Moderate Market Gap,29.72,Moderate Opportunity,Improve Wearables products by addressing delivery problems,3389
P0378,Tablet 378,Mobile,Tablet,price,8,20.0,33.68,36.43,Moderate Market Gap,29.72,Moderate Opportunity,Improve Mobile products by addressing price problems,3390
P0151,Smart Ring 151,Wearables,Smart Ring,delivery,6,15.0,39.55,35.35,Moderate Market Gap,29.7,Moderate Opportunity,Improve Wearables products by addressing delivery problems,3391
P0228,Fitness Watch 228,Watches,Fitness Watch,price,9,22.5,30.7,36.86,Moderate Market Gap,29.68,Moderate Opportunity,Improve Watches products by addressing price problems,3392
P0300,Smart Watch 300,Watches,Smart Watch,software,6,15.0,38.11,36.86,Moderate Market Gap,29.65,Moderate Opportunity,Improve Watches products by addressing software problems,3393
P0482,Smartphone 482,Mobile,Smartphone,software,8,20.0,33.44,36.43,Moderate Market Gap,29.63,Moderate Opportunity,Improve Mobile products by addressing software problems,3394
P0003,Smart Light 3,Home Appliances,Smart Light,software,5,12.5,40.9,36.23,Moderate Market Gap,29.56,Moderate Opportunity,Improve Home Appliances products by addressing software problems,3395
P0438,Fitness Band 438,Wearables,Fitness Band,delivery,9,22.5,31.61,35.35,Moderate Market Gap,29.54,Moderate Opportunity,Improve Wearables products by addressing delivery problems,3396
P0313,Smart Watch 313,Watches,Smart Watch,price,6,15.0,37.79,36.86,Moderate Market Gap,29.53,Moderate Opportunity,Improve Watches products by addressing price problems,3397
P0392,Wireless Earbuds 392,Audio,Wireless Earbuds,software,9,22.5,31.69,35.19,Moderate Market Gap,29.52,Moderate Opportunity,Improve Audio products by addressing software problems,3398
P0355,Analog Watch 355,Watches,Analog Watch,software,7,17.5,35.17,36.86,Moderate Market Gap,29.49,Moderate Opportunity,Improve Watches products by addressing software problems,3399
P0100,Bluetooth Speaker 100,Audio,Bluetooth Speaker,price,8,20.0,34.02,35.19,Moderate Market Gap,29.46,Moderate Opportunity,Improve Audio products by addressing price problems,3400
P0315,Bluetooth Speaker 315,Audio,Bluetooth Speaker,software,8,20.0,34.01,35.19,Moderate Market Gap,29.46,Moderate Opportunity,Improve Audio products by addressing software problems,3401
P0315,Bluetooth Speaker 315,Audio,Bluetooth Speaker,delivery,8,20.0,34.01,35.19,Moderate Market Gap,29.46,Moderate Opportunity,Improve Audio products by addressing delivery problems,3402
P0023,Air Purifier 23,Home Appliances,Air Purifier,price,7,17.5,35.59,36.23,Moderate Market Gap,29.45,Moderate Opportunity,Improve Home Appliances products by addressing price problems,3403
P0143,Headphones 143,Audio,Headphones,price,4,10.0,43.94,35.19,Moderate Market Gap,29.44,Moderate Opportunity,Improve Audio products by addressing price problems,3404
P0410,Analog Watch 410,Watches,Analog Watch,performance,8,20.0,32.53,36.86,Moderate Market Gap,29.44,Moderate Opportunity,Improve Watches products by addressing performance problems,3405
P0290,Fitness Band 290,Wearables,Fitness Band,software,8,20.0,33.81,35.35,Moderate Market Gap,29.44,Moderate Opportunity,Improve Wearables products by addressing software problems,3406
P0182,Fitness Band 182,Wearables,Fitness Band,comfort,8,20.0,33.5,35.35,Moderate Market Gap,29.33,Moderate Opportunity,Improve Wearables products by addressing comfort problems,3407
P0325,Tablet 325,Mobile,Tablet,comfort,5,12.5,40.0,36.43,Moderate Market Gap,29.3,Moderate Opportunity,Improve Mobile products by addressing comfort problems,3408
P0399,Analog Watch 399,Watches,Analog Watch,delivery,4,10.0,42.05,36.86,Moderate Market Gap,29.28,Moderate Opportunity,Improve Watches products by addressing delivery problems,3409
P0399,Analog Watch 399,Watches,Analog Watch,software,4,10.0,42.05,36.86,Moderate Market Gap,29.28,Moderate Opportunity,Improve Watches products by addressing software problems,3410
P0096,Smart Watch 96,Watches,Smart Watch,software,7,17.5,34.5,36.86,Moderate Market Gap,29.26,Moderate Opportunity,Improve Watches products by addressing software problems,3411
P0129,Air Purifier 129,Home Appliances,Air Purifier,comfort,7,17.5,35.02,36.23,Moderate Market Gap,29.25,Moderate Opportunity,Improve Home Appliances products by addressing comfort problems,3412
P0129,Air Purifier 129,Home Appliances,Air Purifier,price,7,17.5,35.02,36.23,Moderate Market Gap,29.25,Moderate Opportunity,Improve Home Appliances products by addressing price problems,3413
P0498,Tablet 498,Mobile,Tablet,delivery,8,20.0,32.26,36.43,Moderate Market Gap,29.22,Moderate Opportunity,Improve Mobile products by addressing delivery problems,3414
P0159,Analog Watch 159,Watches,Analog Watch,comfort,7,17.5,34.37,36.86,Moderate Market Gap,29.21,Moderate Opportunity,Improve Watches products by addressing comfort problems,3415
P0159,Analog Watch 159,Watches,Analog Watch,price,7,17.5,34.37,36.86,Moderate Market Gap,29.21,Moderate Opportunity,Improve Watches products by addressing price problems,3416
P0277,Smartphone 277,Mobile,Smartphone,delivery,5,12.5,39.7,36.43,Moderate Market Gap,29.2,Moderate Opportunity,Improve Mobile products by addressing delivery problems,3417
P0011,Smartphone 11,Mobile,Smartphone,price,8,20.0,32.06,36.43,Moderate Market Gap,29.15,Moderate Opportunity,Improve Mobile products by addressing price problems,3418
P0423,Air Purifier 423,Home Appliances,Air Purifier,price,6,15.0,37.2,36.23,Moderate Market Gap,29.14,Moderate Opportunity,Improve Home Appliances products by addressing price problems,3419
P0299,Smart Ring 299,Wearables,Smart Ring,comfort,7,17.5,35.47,35.35,Moderate Market Gap,29.14,Moderate Opportunity,Improve Wearables products by addressing comfort problems,3420
P0244,Air Purifier 244,Home Appliances,Air Purifier,software,8,20.0,32.1,36.23,Moderate Market Gap,29.1,Moderate Opportunity,Improve Home Appliances products by addressing software problems,3421
P0244,Air Purifier 244,Home Appliances,Air Purifier,price,8,20.0,32.1,36.23,Moderate Market Gap,29.1,Moderate Opportunity,Improve Home Appliances products by addressing price problems,3422
P0434,Analog Watch 434,Watches,Analog Watch,comfort,6,15.0,36.43,36.86,Moderate Market Gap,29.06,Moderate Opportunity,Improve Watches products by addressing comfort problems,3423
P0436,Wireless Earbuds 436,Audio,Wireless Earbuds,software,7,17.5,35.27,35.19,Moderate Market Gap,29.03,Moderate Opportunity,Improve Audio products by addressing software problems,3424
P0480,Headphones 480,Audio,Headphones,comfort,8,20.0,32.56,35.19,Moderate Market Gap,28.95,Moderate Opportunity,Improve Audio products by addressing comfort problems,3425
P0185,Smart Ring 185,Wearables,Smart Ring,price,5,12.5,39.75,35.35,Moderate Market Gap,28.89,Moderate Opportunity,Improve Wearables products by addressing price problems,3426
P0416,Smart Ring 416,Wearables,Smart Ring,comfort,5,12.5,39.68,35.35,Moderate Market Gap,28.87,Moderate Opportunity,Improve Wearables products by addressing comfort problems,3427
P0137,Analog Watch 137,Watches,Analog Watch,performance,6,15.0,35.85,36.86,Moderate Market Gap,28.86,Moderate Opportunity,Improve Watches products by addressing performance problems,3428
P0432,Air Purifier 432,Home Appliances,Air Purifier,comfort,8,20.0,31.34,36.23,Moderate Market Gap,28.84,Moderate Opportunity,Improve Home Appliances products by addressing comfort problems,3429
P0362,Bluetooth Speaker 362,Audio,Bluetooth Speaker,delivery,9,22.5,29.71,35.19,Moderate Market Gap,28.83,Moderate Opportunity,Improve Audio products by addressing delivery problems,3430
P0228,Fitness Watch 228,Watches,Fitness Watch,software,8,20.0,30.7,36.86,Moderate Market Gap,28.8,Moderate Opportunity,Improve Watches products by addressing software problems,3431
P0482,Smartphone 482,Mobile,Smartphone,comfort,7,17.5,33.44,36.43,Moderate Market Gap,28.76,Moderate Opportunity,Improve Mobile products by addressing comfort problems,3432
P0031,Fitness Band 31,Wearables,Fitness Band,comfort,7,17.5,34.34,35.35,Moderate Market Gap,28.75,Moderate Opportunity,Improve Wearables products by addressing comfort problems,3433
P0257,Analog Watch 257,Watches,Analog Watch,delivery,5,12.5,38.02,36.86,Moderate Market Gap,28.74,Moderate Opportunity,Improve Watches products by addressing delivery problems,3434
P0002,Smart Watch 2,Watches,Smart Watch,delivery,6,15.0,35.34,36.86,Moderate Market Gap,28.68,Moderate Opportunity,Improve Watches products by addressing delivery problems,3435
P0438,Fitness Band 438,Wearables,Fitness Band,software,8,20.0,31.61,35.35,Moderate Market Gap,28.67,Moderate Opportunity,Improve Wearables products by addressing software problems,3436
P0392,Wireless Earbuds 392,Audio,Wireless Earbuds,price,8,20.0,31.69,35.19,Moderate Market Gap,28.65,Moderate Opportunity,Improve Audio products by addressing price problems,3437
P0392,Wireless Earbuds 392,Audio,Wireless Earbuds,comfort,8,20.0,31.69,35.19,Moderate Market Gap,28.65,Moderate Opportunity,Improve Audio products by addressing comfort problems,3438
P0355,Analog Watch 355,Watches,Analog Watch,delivery,6,15.0,35.17,36.86,Moderate Market Gap,28.62,Moderate Opportunity,Improve Watches products by addressing delivery problems,3439
P0178,Fitness Watch 178,Watches,Fitness Watch,delivery,7,17.5,32.69,36.86,Moderate Market Gap,28.62,Moderate Opportunity,Improve Watches products by addressing delivery problems,3440
P0201,Fitness Band 201,Wearables,Fitness Band,price,3,7.5,43.73,35.35,Moderate Market Gap,28.54,Moderate Opportunity,Improve Wearables products by addressing price problems,3441
P0295,Smart Ring 295,Wearables,Smart Ring,delivery,8,20.0,31.13,35.35,Moderate Market Gap,28.5,Moderate Opportunity,Improve Wearables products by addressing delivery problems,3442
P0330,Smart Watch 330,Watches,Smart Watch,comfort,3,7.5,42.22,36.86,Moderate Market Gap,28.46,Moderate Opportunity,Improve Watches products by addressing comfort problems,3443
P0368,Headphones 368,Audio,Headphones,comfort,3,7.5,43.61,35.19,Moderate Market Gap,28.45,Moderate Opportunity,Improve Audio products by addressing comfort problems,3444
P0325,Tablet 325,Mobile,Tablet,software,4,10.0,40.0,36.43,Moderate Market Gap,28.43,Moderate Opportunity,Improve Mobile products by addressing software problems,3445
P0243,Bluetooth Speaker 243,Audio,Bluetooth Speaker,comfort,8,20.0,31.01,35.19,Moderate Market Gap,28.41,Moderate Opportunity,Improve Audio products by addressing comfort problems,3446
P0243,Bluetooth Speaker 243,Audio,Bluetooth Speaker,software,8,20.0,31.01,35.19,Moderate Market Gap,28.41,Moderate Opportunity,Improve Audio products by addressing software problems,3447
P0129,Air Purifier 129,Home Appliances,Air Purifier,delivery,6,15.0,35.02,36.23,Moderate Market Gap,28.38,Moderate Opportunity,Improve Home Appliances products by addressing delivery problems,3448
P0381,Bluetooth Speaker 381,Audio,Bluetooth Speaker,comfort,5,12.5,38.34,35.19,Moderate Market Gap,28.35,Moderate Opportunity,Improve Audio products by addressing comfort problems,3449
P0445,Bluetooth Speaker 445,Audio,Bluetooth Speaker,comfort,7,17.5,33.29,35.19,Moderate Market Gap,28.33,Moderate Opportunity,Improve Audio products by addressing comfort problems,3450
P0277,Smartphone 277,Mobile,Smartphone,software,4,10.0,39.7,36.43,Moderate Market Gap,28.32,Moderate Opportunity,Improve Mobile products by addressing software problems,3451
P0443,Wireless Earbuds 443,Audio,Wireless Earbuds,delivery,6,15.0,35.69,35.19,Moderate Market Gap,28.3,Moderate Opportunity,Improve Audio products by addressing delivery problems,3452
P0423,Air Purifier 423,Home Appliances,Air Purifier,comfort,5,12.5,37.2,36.23,Moderate Market Gap,28.26,Moderate Opportunity,Improve Home Appliances products by addressing comfort problems,3453
P0210,Tablet 210,Mobile,Tablet,price,5,12.5,37.01,36.43,Moderate Market Gap,28.26,Moderate Opportunity,Improve Mobile products by addressing price problems,3454
P0034,Bluetooth Speaker 34,Audio,Bluetooth Speaker,software,4,10.0,40.56,35.19,Moderate Market Gap,28.25,Moderate Opportunity,Improve Audio products by addressing software problems,3455
P0386,Smart Fan 386,Home Appliances,Smart Fan,delivery,9,22.5,27.09,36.23,Moderate Market Gap,28.23,Moderate Opportunity,Improve Home Appliances products by addressing delivery problems,3456
P0240,Tablet 240,Mobile,Tablet,price,5,12.5,36.9,36.43,Moderate Market Gap,28.22,Moderate Opportunity,Improve Mobile products by addressing price problems,3457
P0301,Bluetooth Speaker 301,Audio,Bluetooth Speaker,software,7,17.5,32.9,35.19,Moderate Market Gap,28.2,Moderate Opportunity,Improve Audio products by addressing software problems,3458
P0364,Bluetooth Speaker 364,Audio,Bluetooth Speaker,software,6,15.0,35.3,35.19,Moderate Market Gap,28.16,Moderate Opportunity,Improve Audio products by addressing software problems,3459
P0436,Wireless Earbuds 436,Audio,Wireless Earbuds,price,6,15.0,35.27,35.19,Moderate Market Gap,28.15,Moderate Opportunity,Improve Audio products by addressing price problems,3460
P0366,Air Purifier 366,Home Appliances,Air Purifier,comfort,7,17.5,31.61,36.23,Moderate Market Gap,28.06,Moderate Opportunity,Improve Home Appliances products by addressing comfort problems,3461
P0449,Bluetooth Speaker 449,Audio,Bluetooth Speaker,price,7,17.5,32.35,35.19,Moderate Market Gap,28.0,Moderate Opportunity,Improve Audio products by addressing price problems,3462
P0449,Bluetooth Speaker 449,Audio,Bluetooth Speaker,comfort,7,17.5,32.35,35.19,Moderate Market Gap,28.0,Moderate Opportunity,Improve Audio products by addressing comfort problems,3463
P0362,Bluetooth Speaker 362,Audio,Bluetooth Speaker,comfort,8,20.0,29.71,35.19,Moderate Market Gap,27.96,Moderate Opportunity,Improve Audio products by addressing comfort problems,3464
P0362,Bluetooth Speaker 362,Audio,Bluetooth Speaker,software,8,20.0,29.71,35.19,Moderate Market Gap,27.96,Moderate Opportunity,Improve Audio products by addressing software problems,3465
P0151,Smart Ring 151,Wearables,Smart Ring,comfort,4,10.0,39.55,35.35,Moderate Market Gap,27.95,Moderate Opportunity,Improve Wearables products by addressing comfort problems,3466
P0068,Headphones 68,Audio,Headphones,delivery,7,17.5,32.07,35.19,Moderate Market Gap,27.91,Moderate Opportunity,Improve Audio products by addressing delivery problems,3467
P0448,Smart Fan 448,Home Appliances,Smart Fan,price,5,12.5,36.02,36.23,Moderate Market Gap,27.85,Moderate Opportunity,Improve Home Appliances products by addressing price problems,3468
P0392,Wireless Earbuds 392,Audio,Wireless Earbuds,delivery,7,17.5,31.69,35.19,Moderate Market Gap,27.77,Moderate Opportunity,Improve Audio products by addressing delivery problems,3469
P0004,Headphones 4,Audio,Headphones,software,2,5.0,44.08,35.19,Moderate Market Gap,27.73,Moderate Opportunity,Improve Audio products by addressing software problems,3470
P0290,Fitness Band 290,Wearables,Fitness Band,delivery,6,15.0,33.81,35.35,Moderate Market Gap,27.69,Moderate Opportunity,Improve Wearables products by addressing delivery problems,3471
P0410,Analog Watch 410,Watches,Analog Watch,comfort,6,15.0,32.53,36.86,Moderate Market Gap,27.69,Moderate Opportunity,Improve Watches products by addressing comfort problems,3472
P0295,Smart Ring 295,Wearables,Smart Ring,comfort,7,17.5,31.13,35.35,Moderate Market Gap,27.63,Moderate Opportunity,Improve Wearables products by addressing comfort problems,3473
P0208,Fitness Watch 208,Watches,Fitness Watch,price,5,12.5,34.67,36.86,Moderate Market Gap,27.57,Moderate Opportunity,Improve Watches products by addressing price problems,3474
P0498,Tablet 498,Mobile,Tablet,price,6,15.0,32.26,36.43,Moderate Market Gap,27.47,Moderate Opportunity,Improve Mobile products by addressing price problems,3475
P0307,Smartphone 307,Mobile,Smartphone,delivery,6,15.0,32.1,36.43,Moderate Market Gap,27.41,Moderate Opportunity,Improve Mobile products by addressing delivery problems,3476
P0386,Smart Fan 386,Home Appliances,Smart Fan,software,8,20.0,27.09,36.23,Moderate Market Gap,27.35,Moderate Opportunity,Improve Home Appliances products by addressing software problems,3477
P0386,Smart Fan 386,Home Appliances,Smart Fan,price,8,20.0,27.09,36.23,Moderate Market Gap,27.35,Moderate Opportunity,Improve Home Appliances products by addressing price problems,3478
P0386,Smart Fan 386,Home Appliances,Smart Fan,performance,8,20.0,27.09,36.23,Moderate Market Gap,27.35,Moderate Opportunity,Improve Home Appliances products by addressing performance problems,3479
P0240,Tablet 240,Mobile,Tablet,software,4,10.0,36.9,36.43,Moderate Market Gap,27.34,Moderate Opportunity,Improve Mobile products by addressing software problems,3480
P0480,Headphones 480,Audio,Headphones,price,6,15.0,32.56,35.19,Moderate Market Gap,27.2,Moderate Opportunity,Improve Audio products by addressing price problems,3481
P0366,Air Purifier 366,Home Appliances,Air Purifier,delivery,6,15.0,31.61,36.23,Moderate Market Gap,27.18,Moderate Opportunity,Improve Home Appliances products by addressing delivery problems,3482
P0249,Smart Light 249,Home Appliances,Smart Light,price,4,10.0,35.46,36.23,Moderate Market Gap,26.78,Moderate Opportunity,Improve Home Appliances products by addressing price problems,3483
P0426,Headphones 426,Audio,Headphones,delivery,3,7.5,38.77,35.19,Moderate Market Gap,26.75,Moderate Opportunity,Improve Audio products by addressing delivery problems,3484
P0426,Headphones 426,Audio,Headphones,price,3,7.5,38.77,35.19,Moderate Market Gap,26.75,Moderate Opportunity,Improve Audio products by addressing price problems,3485
P0243,Bluetooth Speaker 243,Audio,Bluetooth Speaker,delivery,6,15.0,31.01,35.19,Moderate Market Gap,26.66,Moderate Opportunity,Improve Audio products by addressing delivery problems,3486
P0445,Bluetooth Speaker 445,Audio,Bluetooth Speaker,software,5,12.5,33.29,35.19,Moderate Market Gap,26.58,Moderate Opportunity,Improve Audio products by addressing software problems,3487
P0081,Headphones 81,Audio,Headphones,delivery,6,15.0,30.67,35.19,Moderate Market Gap,26.54,Moderate Opportunity,Improve Audio products by addressing delivery problems,3488
P0461,Headphones 461,Audio,Headphones,software,2,5.0,40.5,35.19,Moderate Market Gap,26.48,Moderate Opportunity,Improve Audio products by addressing software problems,3489
P0386,Smart Fan 386,Home Appliances,Smart Fan,comfort,7,17.5,27.09,36.23,Moderate Market Gap,26.48,Moderate Opportunity,Improve Home Appliances products by addressing comfort problems,3490
P0054,Wireless Earbuds 54,Audio,Wireless Earbuds,delivery,4,10.0,35.48,35.19,Moderate Market Gap,26.47,Moderate Opportunity,Improve Audio products by addressing delivery problems,3491
P0352,Smart Ring 352,Wearables,Smart Ring,comfort,4,10.0,35.1,35.35,Moderate Market Gap,26.39,Moderate Opportunity,Improve Wearables products by addressing comfort problems,3492
P0206,Smartphone 206,Mobile,Smartphone,comfort,5,12.5,31.62,36.43,Moderate Market Gap,26.37,Moderate Opportunity,Improve Mobile products by addressing comfort problems,3493
P0206,Smartphone 206,Mobile,Smartphone,software,5,12.5,31.62,36.43,Moderate Market Gap,26.37,Moderate Opportunity,Improve Mobile products by addressing software problems,3494
P0206,Smartphone 206,Mobile,Smartphone,price,5,12.5,31.62,36.43,Moderate Market Gap,26.37,Moderate Opportunity,Improve Mobile products by addressing price problems,3495
P0295,Smart Ring 295,Wearables,Smart Ring,software,5,12.5,31.13,35.35,Moderate Market Gap,25.88,Moderate Opportunity,Improve Wearables products by addressing software problems,3496
P0445,Bluetooth Speaker 445,Audio,Bluetooth Speaker,delivery,4,10.0,33.29,35.19,Moderate Market Gap,25.71,Moderate Opportunity,Improve Audio products by addressing delivery problems,3497
P0081,Headphones 81,Audio,Headphones,comfort,5,12.5,30.67,35.19,Moderate Market Gap,25.67,Moderate Opportunity,Improve Audio products by addressing comfort problems,3498
P0081,Headphones 81,Audio,Headphones,software,4,10.0,30.67,35.19,Moderate Market Gap,24.79,Low Priority Opportunity,Improve Audio products by addressing software problems,3499
P0031,Fitness Band 31,Wearables,Fitness Band,delivery,1,2.5,34.34,35.35,Moderate Market Gap,23.5,Low Priority Opportunity,Improve Wearables products by addressing delivery problems,3500
