product_id,company_id,product_name,category,subcategory,description,launch_date,price,cost,rating,total_sales,return_rate,lifecycle_stage,status,sales_score,rating_score,return_score,profit_margin,profitability_score,performance_score,performance_category
P0293,C006,Smart Fan 293,Home Appliances,Smart Fan,Smart Fan designed for modern consumers with practical features and reliable performance.,2024-07-27,39139,17641.59,4.5,96539,0.023,Mature,Active,97.33308996511722,90.0,90.64748201438849,54.92580290758578,99.81964227402312,94.1690242317722,Excellent
P0492,C010,Smart Ring 492,Wearables,Smart Ring,Smart Ring designed for modern consumers with practical features and reliable performance.,2022-01-20,25961,13209.45,4.6,97302,0.031,Growth,Discontinued,98.10679808550337,92.0,84.89208633093526,49.11810022726397,80.39253122804895,90.97467628032057,Excellent
P0055,C002,Smart Watch 55,Watches,Smart Watch,Smart Watch designed for modern consumers with practical features and reliable performance.,2025-03-25,28534,16174.3,4.5,91663,0.013,Decline,Discontinued,92.38865904112923,90.0,97.84172661870504,43.31569355856172,60.983135656074914,88.05184633654747,Excellent
P0388,C008,Smart Fan 388,Home Appliances,Smart Fan,Smart Fan designed for modern consumers with practical features and reliable performance.,2022-01-29,26121,11791.04,4.1,96268,0.062,Mature,Active,97.05828668775858,82.0,62.589928057553955,54.85992113625052,99.59926382869185,86.02827552653007,Excellent
P0062,C002,Tablet 62,Mobile,Tablet,Tablet designed for modern consumers with practical features and reliable performance.,2022-12-02,11996,7578.69,4.8,94656,0.026,Mature,Active,95.42366350287985,96.0,88.48920863309353,36.8231910636879,39.26532848224261,85.78592322496304,Excellent
P0237,C005,Tablet 237,Mobile,Tablet,Tablet designed for modern consumers with practical features and reliable performance.,2024-09-07,2004,1029.14,3.5,97686,0.026,Growth,Active,98.49618723128093,70.0,88.48920863309353,48.645708582834324,78.81235306834043,84.9933602178181,Excellent
P0001,C001,Smart Watch 1,Watches,Smart Watch,Smart Watch designed for modern consumers with practical features and reliable performance.,2025-01-21,49598,26411.37,3.6,97030,0.024,Introduction,Discontinued,97.83098077391092,72.0,89.92805755395683,46.74912294850599,72.46816126748634,84.69667897178314,Excellent
P0263,C006,Smart Light 263,Home Appliances,Smart Light,Smart Light designed for modern consumers with practical features and reliable performance.,2023-10-06,39954,19610.92,3.7,91633,0.038,Growth,Discontinued,92.35823801411536,74.0,79.85611510791367,50.91625369174552,86.40746156367875,83.45772556107492,Excellent
P0205,C005,Tablet 205,Mobile,Tablet,Tablet designed for modern consumers with practical features and reliable performance.,2022-09-07,23859,14748.35,4.8,95089,0.048,Decline,Discontinued,95.86274032611341,96.0,72.66187050359711,38.185380778741774,43.821934134543184,83.4576233350406,Excellent
P0099,C002,Bluetooth Speaker 99,Audio,Bluetooth Speaker,Bluetooth Speaker designed for modern consumers with practical features and reliable performance.,2022-07-21,45852,33301.33,4.9,98380,0.023,Introduction,Discontinued,99.19992698953517,98.00000000000001,90.64748201438849,27.372132077117676,7.650973798373337,83.39711691897102,Excellent
P0419,C009,Fitness Band 419,Wearables,Fitness Band,Fitness Band designed for modern consumers with practical features and reliable performance.,2025-10-09,14165,7265.42,4.4,90495,0.058,Growth,Active,91.20426705605581,88.00000000000001,65.46762589928056,48.708648076244266,79.02288941893482,83.26845206231586,Excellent
P0193,C004,Fitness Band 193,Wearables,Fitness Band,Fitness Band designed for modern consumers with practical features and reliable performance.,2024-04-05,8044,4659.71,4.7,95855,0.061,Mature,Active,96.63949054920094,94.0,63.309352517985616,42.072227747389356,56.82366852677977,83.20924247483441,Excellent
P0491,C010,Tablet 491,Mobile,Tablet,Tablet designed for modern consumers with practical features and reliable performance.,2022-07-24,12789,7947.38,4.9,90416,0.042,Mature,Active,91.12415835158595,98.00000000000001,76.97841726618705,37.85769020251779,42.72578965824401,83.09800732502909,Excellent
P0304,C007,Bluetooth Speaker 304,Audio,Bluetooth Speaker,Bluetooth Speaker designed for modern consumers with practical features and reliable performance.,2025-09-10,40387,25443.91,4.2,91002,0.014,Mature,Active,91.71838241259024,84.00000000000001,97.12230215827337,36.999752395572834,39.855936643465434,82.70428477258108,Excellent
P0127,C003,Smartphone 127,Mobile,Smartphone,Smartphone designed for modern consumers with practical features and reliable performance.,2022-09-08,37462,17532.0,4.8,74120,0.056,Decline,Active,74.59945647765068,96.0,66.90647482014388,53.20057658427206,94.0486575650407,82.39840336596262,Excellent
P0280,C006,Smartphone 280,Mobile,Smartphone,Smartphone designed for modern consumers with practical features and reliable performance.,2024-03-06,16635,9009.75,3.5,91390,0.03,Decline,Active,92.11182769530299,70.0,85.61151079136691,45.83859332732192,69.42238550466584,80.7747996773293,Excellent
P0196,C004,Smart Ring 196,Wearables,Smart Ring,Smart Ring designed for modern consumers with practical features and reliable performance.,2024-08-28,33773,15605.71,3.3,94031,0.057,Decline,Active,94.78989210675752,65.99999999999999,66.18705035971222,53.79234891777456,96.02817123330088,80.6180979943027,Excellent
P0014,C001,Fitness Band 14,Wearables,Fitness Band,Fitness Band designed for modern consumers with practical features and reliable performance.,2024-02-05,41979,22649.07,4.3,80318,0.038,Growth,Active,80.88444065871664,86.0,79.85611510791367,46.04666619023798,70.11840161224319,80.59853749397004,Excellent
P0473,C010,Analog Watch 473,Watches,Analog Watch,Analog Watch designed for modern consumers with practical features and reliable performance.,2024-03-31,15533,8717.9,4.2,95460,0.064,Mature,Active,96.23894702685163,84.00000000000001,61.15107913669065,43.87497585785103,62.85396822661193,80.54194252072799,Excellent
P0008,C001,Headphones 8,Audio,Headphones,Headphones designed for modern consumers with practical features and reliable performance.,2025-11-03,25867,13734.97,4.8,90698,0.088,Mature,Active,91.41011600551636,96.0,43.88489208633093,46.90157343333205,72.97811721061052,80.51723660078846,Excellent
P0338,C007,Wireless Earbuds 338,Audio,Wireless Earbuds,Wireless Earbuds designed for modern consumers with practical features and reliable performance.,2023-03-26,17243,11157.24,3.7,97107,0.018,Decline,Active,97.9090614099132,74.0,94.24460431654677,35.29409035550658,34.15039562609472,80.43965170069319,Excellent
P0047,C001,Smart Fan 47,Home Appliances,Smart Fan,Smart Fan designed for modern consumers with practical features and reliable performance.,2022-06-23,29977,19565.63,4.1,96963,0.034,Mature,Active,97.76304048024662,82.0,82.73381294964028,34.73119391533508,32.26747353925171,80.20394778890213,Excellent
P0218,C005,Tablet 218,Mobile,Tablet,Tablet designed for modern consumers with practical features and reliable performance.,2025-05-25,41280,21311.0,4.8,63176,0.031,Mature,Discontinued,63.50186582299019,96.0,84.89208633093526,48.37451550387597,77.90519608220978,79.68984971656508,Strong
P0374,C008,Headphones 374,Audio,Headphones,Headphones designed for modern consumers with practical features and reliable performance.,2022-09-28,43702,25034.79,3.2,89917,0.011,Growth,Active,90.61815526892187,64.0,99.28057553956835,42.71477277927783,58.97301989230882,79.61842243588264,Strong
P0236,C005,Fitness Band 236,Wearables,Fitness Band,Fitness Band designed for modern consumers with practical features and reliable performance.,2023-03-21,5769,2921.7,4.5,95436,0.104,Decline,Active,96.21461020524052,90.0,32.37410071942445,49.355174206968286,81.18555779695924,79.32776738526296,Strong
P0139,C003,Analog Watch 139,Watches,Analog Watch,Analog Watch designed for modern consumers with practical features and reliable performance.,2023-09-28,7937,4151.01,4.2,69176,0.021,Mature,Active,69.58607122576458,84.00000000000001,92.0863309352518,47.700516567972784,75.65062953612515,79.31998554648673,Strong
P0052,C002,Bluetooth Speaker 52,Audio,Bluetooth Speaker,Bluetooth Speaker designed for modern consumers with practical features and reliable performance.,2024-12-03,32108,18783.85,4.5,84079,0.049,Decline,Active,84.69822341202239,90.0,71.94244604316546,41.49791329263736,54.9025525017499,79.26825027810341,Strong
P0354,C008,Smartphone 354,Mobile,Smartphone,Smartphone designed for modern consumers with practical features and reliable performance.,2024-01-09,7285,3386.73,4.2,64849,0.032,Introduction,Discontinued,65.19834509613045,84.00000000000001,84.17266187050359,53.51091283459163,95.0867507885415,79.1169657760276,Strong
P0485,C010,Smart Watch 485,Watches,Smart Watch,Smart Watch designed for modern consumers with practical features and reliable performance.,2025-01-13,6143,4009.8,4.3,80955,0.011,Introduction,Discontinued,81.53038046564453,86.0,99.28057553956835,34.725704053394104,32.249109624391565,79.02911471454799,Strong
P0339,C007,Wireless Earbuds 339,Audio,Wireless Earbuds,Wireless Earbuds designed for modern consumers with practical features and reliable performance.,2025-04-26,16502,10359.23,4.6,91939,0.06,Introduction,Active,92.66853248965685,92.0,64.02877697841727,37.2243970427827,40.607386355589455,78.93084972040177,Strong
P0191,C004,Headphones 191,Audio,Headphones,Headphones designed for modern consumers with practical features and reliable performance.,2024-03-16,34733,20494.02,4.7,65691,0.013,Decline,Active,66.05216192098645,94.0,97.84172661870504,40.99553738519563,53.22207519808882,78.86991327579959,Strong
P0012,C001,Fitness Band 12,Wearables,Fitness Band,Fitness Band designed for modern consumers with practical features and reliable performance.,2025-02-07,26216,14798.56,4.9,69852,0.045,Introduction,Active,70.2715583678105,98.00000000000001,74.82014388489209,43.551418980775104,61.77165121993377,78.22482188870217,Strong
P0229,C005,Smart Light 229,Home Appliances,Smart Light,Smart Light designed for modern consumers with practical features and reliable performance.,2024-06-17,45041,29771.47,3.3,97564,0.016,Growth,Active,98.37247505475784,65.99999999999999,95.68345323741008,33.90140094580493,29.491766680350022,77.79082191869975,Strong
P0173,C004,Smartphone 173,Mobile,Smartphone,Smartphone designed for modern consumers with practical features and reliable performance.,2022-05-18,3040,1498.21,4.2,57932,0.015,Growth,Active,58.18427030096536,84.00000000000001,96.40287769784173,50.71677631578947,85.74019787144665,77.70609982562323,Strong
P0478,C010,Smart Fan 478,Home Appliances,Smart Fan,Smart Fan designed for modern consumers with practical features and reliable performance.,2022-05-29,38677,17458.62,3.5,66853,0.025,Mature,Active,67.2304697006571,70.0,89.20863309352518,54.860459704734076,99.6010653723162,77.31255081978244,Strong
P0123,C003,Smart Watch 123,Watches,Smart Watch,Smart Watch designed for modern consumers with practical features and reliable performance.,2025-05-08,19023,12123.27,4.2,93843,0.056,Mature,Discontinued,94.59925367080393,84.00000000000001,66.90647482014388,36.270462072228355,37.416417116342785,77.30349631626157,Strong
P0400,C008,Analog Watch 400,Watches,Analog Watch,Analog Watch designed for modern consumers with practical features and reliable performance.,2022-04-04,24607,16990.61,3.7,97301,0.026,Introduction,Active,98.10578405126958,74.0,88.48920863309353,30.95212744341041,19.62627132190087,77.17880684284819,Strong
P0346,C007,Smart Ring 346,Wearables,Smart Ring,Smart Ring designed for modern consumers with practical features and reliable performance.,2022-06-09,41067,21201.6,4.2,65535,0.03,Growth,Active,65.89397258051432,84.00000000000001,85.61151079136691,48.373146321864276,77.90061608690915,77.07028497448977,Strong
P0094,C002,Smart Ring 94,Wearables,Smart Ring,Smart Ring designed for modern consumers with practical features and reliable performance.,2024-02-24,30841,22509.48,4.7,91922,0.043,Growth,Discontinued,92.65129390768232,94.0,76.2589928057554,27.01442884471969,6.454435201305459,76.8479167090357,Strong
P0163,C004,Smart Ring 163,Wearables,Smart Ring,Smart Ring designed for modern consumers with practical features and reliable performance.,2024-01-09,16765,10414.4,3.5,88084,0.022,Introduction,Active,88.7594305183743,70.0,91.36690647482014,37.88010736653743,42.80077640579585,76.7592984372644,Strong
P0250,C005,Fitness Band 250,Wearables,Fitness Band,Fitness Band designed for modern consumers with practical features and reliable performance.,2022-04-06,16057,8244.07,4.7,74789,0.077,Introduction,Active,75.27784538006003,94.0,51.79856115107913,48.65747026219094,78.85169658565276,76.73471260108475,Strong
P0020,C001,Air Purifier 20,Home Appliances,Air Purifier,Air Purifier designed for modern consumers with practical features and reliable performance.,2023-05-13,36339,17794.97,4.8,75347,0.091,Decline,Discontinued,75.84367648251805,96.0,41.72661870503597,51.03065576928368,86.79014332040065,76.7091320079486,Strong
P0316,C007,Wireless Earbuds 316,Audio,Wireless Earbuds,Wireless Earbuds designed for modern consumers with practical features and reliable performance.,2023-04-05,3317,2042.81,4.8,97580,0.102,Mature,Active,98.38869960249858,96.0,33.81294964028776,38.41392824841724,44.586439020047365,76.68660064193915,Strong
P0256,C006,Smartphone 256,Mobile,Smartphone,Smartphone designed for modern consumers with practical features and reliable performance.,2024-01-09,25903,17186.72,4.3,97448,0.065,Introduction,Active,98.25484708363754,86.0,60.431654676258994,33.64969308574296,28.649788910872083,76.57299575115574,Strong
P0010,C001,Smart Light 10,Home Appliances,Smart Light,Smart Light designed for modern consumers with practical features and reliable performance.,2023-06-23,31071,15313.7,3.4,98147,0.089,Decline,Discontinued,98.96365701306075,68.0,43.16546762589928,50.71384892665186,85.73040558059063,76.52993431683971,Strong
P0033,C001,Smart Watch 33,Watches,Smart Watch,Smart Watch designed for modern consumers with practical features and reliable performance.,2023-08-01,18332,8884.21,3.4,73012,0.032,Growth,Active,73.47590654660502,68.0,84.17266187050359,51.53714815622955,88.4843904929492,76.22375823935485,Strong
P0358,C008,Bluetooth Speaker 358,Audio,Bluetooth Speaker,Bluetooth Speaker designed for modern consumers with practical features and reliable performance.,2025-04-22,44743,21432.38,4.3,71468,0.068,Growth,Active,71.9102376896244,86.0,58.273381294964025,52.09892050153096,90.36355241556387,76.17779231269593,Strong
P0050,C001,Analog Watch 50,Watches,Analog Watch,Analog Watch designed for modern consumers with practical features and reliable performance.,2025-02-15,15341,7712.93,4.8,68389,0.075,Growth,Active,68.78802628376735,96.0,53.237410071942435,49.72342089824653,82.4173648913573,75.88589594741065,Strong
P0253,C006,Bluetooth Speaker 253,Audio,Bluetooth Speaker,Bluetooth Speaker designed for modern consumers with practical features and reliable performance.,2024-06-14,48458,22946.23,4.5,45832,0.018,Growth,Active,45.91445607203699,90.0,94.24460431654677,52.64717900037146,92.19750971764175,75.74860694616856,Strong
P0051,C002,Air Purifier 51,Home Appliances,Air Purifier,Air Purifier designed for modern consumers with practical features and reliable performance.,2024-06-25,31450,20451.1,4.9,78547,0.054,Decline,Discontinued,79.0885860306644,98.00000000000001,68.34532374100719,34.972655007949136,33.075175261894906,75.71134614821821,Strong
P0311,C007,Smart Light 311,Home Appliances,Smart Light,Smart Light designed for modern consumers with practical features and reliable performance.,2022-09-02,40900,19080.2,4.3,86752,0.114,Introduction,Active,87.40873691895838,86.0,25.179856115107903,53.34914425427873,94.54562526155185,75.6108729338898,Strong
P0154,C004,Smart Fan 154,Home Appliances,Smart Fan,Smart Fan designed for modern consumers with practical features and reliable performance.,2024-07-08,45326,30181.48,4.8,80531,0.05,Growth,Active,81.10042995051514,96.0,71.22302158273382,33.41243436438248,27.856144370129073,75.60817645474641,Strong
P0331,C007,Smart Ring 331,Wearables,Smart Ring,Smart Ring designed for modern consumers with practical features and reliable performance.,2022-09-21,5914,2699.98,3.3,85170,0.072,Introduction,Active,85.80453476109354,65.99999999999999,55.39568345323741,54.34595874196822,97.8800290371092,75.5927282125966,Strong
P0376,C008,Smart Fan 376,Home Appliances,Smart Fan,Smart Fan designed for modern consumers with practical features and reliable performance.,2022-07-29,15300,9027.14,4.4,82237,0.066,Introduction,Active,82.83037235337065,88.00000000000001,59.71223021582733,40.999084967320265,53.23394207139028,75.31816767755375,Strong
P0291,C006,Wireless Earbuds 291,Audio,Wireless Earbuds,Wireless Earbuds designed for modern consumers with practical features and reliable performance.,2022-10-19,47621,26031.02,3.6,89135,0.065,Mature,Discontinued,89.82518049809362,72.0,60.431654676258994,45.33709917893366,67.74485773750662,75.28687277021055,Strong
P0413,C009,Smart Watch 413,Watches,Smart Watch,Smart Watch designed for modern consumers with practical features and reliable performance.,2022-08-08,11758,7028.07,4.6,97822,0.111,Mature,Active,98.63409588707714,92.0,27.338129496402864,40.227334580711,50.652391106112404,75.18741812567443,Strong
P0288,C006,Smart Ring 288,Wearables,Smart Ring,Smart Ring designed for modern consumers with practical features and reliable performance.,2023-02-28,47579,30121.24,3.9,81260,0.029,Growth,Active,81.83966090695222,78.0,86.33093525179856,36.69215410159944,38.82700204686137,75.1341186748222,Strong
P0212,C005,Smartphone 212,Mobile,Smartphone,Smartphone designed for modern consumers with practical features and reliable performance.,2022-10-02,22957,12290.45,4.9,71711,0.083,Decline,Active,72.15664800843676,98.00000000000001,47.48201438848919,46.463170274861696,71.51163255887946,74.87797456448261,Strong
P0198,C004,Smart Ring 198,Wearables,Smart Ring,Smart Ring designed for modern consumers with practical features and reliable performance.,2024-05-03,32122,22315.95,3.8,88817,0.025,Mature,Active,89.50271761174658,76.0,89.20863309352518,30.527520079696156,18.205934424530962,74.69856794649598,Strong
P0156,C004,Wireless Earbuds 156,Audio,Wireless Earbuds,Wireless Earbuds designed for modern consumers with practical features and reliable performance.,2024-01-31,40627,19968.97,3.6,84540,0.077,Introduction,Active,85.16569319380223,72.0,51.79856115107913,50.84803209688138,86.17925626941502,74.69459328845885,Strong
P0452,C010,Bluetooth Speaker 452,Audio,Bluetooth Speaker,Bluetooth Speaker designed for modern consumers with practical features and reliable performance.,2025-03-05,45837,22907.18,4.1,58987,0.032,Growth,Discontinued,59.25407641761986,82.0,84.17266187050359,50.02469620612169,83.42514872322117,74.68723142875083,Strong
P0273,C006,Smart Ring 273,Wearables,Smart Ring,Smart Ring designed for modern consumers with practical features and reliable performance.,2022-05-18,23826,14125.21,3.9,91826,0.073,Mature,Active,92.55394662123794,78.0,54.67625899280575,40.7151431209603,52.28413969970131,74.57175407094962,Strong
P0284,C006,Wireless Earbuds 284,Audio,Wireless Earbuds,Wireless Earbuds designed for modern consumers with practical features and reliable performance.,2023-04-06,38053,17476.15,4.5,38784,0.015,Mature,Active,38.76754279224466,90.0,96.40287769784173,54.07418600373164,96.97093305620098,74.39485547528412,Strong
P0234,C005,Air Purifier 234,Home Appliances,Air Purifier,Air Purifier designed for modern consumers with practical features and reliable performance.,2023-05-13,37856,21721.9,3.9,69967,0.029,Mature,Active,70.38817230469701,78.0,86.33093525179856,42.61966398985629,58.654875332360724,74.10027865685778,Strong
P0415,C009,Fitness Band 415,Wearables,Fitness Band,Fitness Band designed for modern consumers with practical features and reliable performance.,2024-10-18,30524,17924.19,4.2,66586,0.029,Introduction,Active,66.95972256023364,84.00000000000001,86.33093525179856,41.278371117808945,54.168170863358256,74.02731557594524,Strong
P0466,C010,Smart Fan 466,Home Appliances,Smart Fan,Smart Fan designed for modern consumers with practical features and reliable performance.,2024-05-21,23971,15022.97,4.5,91818,0.091,Growth,Active,92.54583434736757,90.0,41.72661870503597,37.32856368111469,40.95582995911931,73.87974025645374,Strong
P0025,C001,Smart Watch 25,Watches,Smart Watch,Smart Watch designed for modern consumers with practical features and reliable performance.,2025-11-27,25836,11642.91,3.9,60138,0.05,Decline,Active,60.42122982071875,78.0,71.22302158273382,54.935322805387834,99.85148689864096,73.76975778859446,Strong
P0370,C008,Tablet 370,Mobile,Tablet,Tablet designed for modern consumers with practical features and reliable performance.,2023-01-30,9889,6765.61,4.1,75037,0.014,Growth,Active,75.52932587004138,82.0,97.12230215827337,31.584487814743657,21.74155439184682,73.72095764494617,Strong
P0312,C007,Smart Watch 312,Watches,Smart Watch,Smart Watch designed for modern consumers with practical features and reliable performance.,2024-02-01,33532,24676.36,4.1,94972,0.046,Growth,Active,95.7440983207593,82.0,74.10071942446044,26.409519265179526,4.430976663333413,73.59522479665785,Strong
P0202,C005,Fitness Watch 202,Watches,Fitness Watch,Fitness Watch designed for modern consumers with practical features and reliable performance.,2024-02-11,10049,6085.72,4.2,87299,0.077,Mature,Active,87.96341364484465,84.00000000000001,51.79856115107913,39.43954622350482,48.017192174867866,73.54948583214163,Strong
P0102,C003,Smart Light 102,Home Appliances,Smart Light,Smart Light designed for modern consumers with practical features and reliable performance.,2022-01-20,10379,5393.52,4.3,60736,0.046,Decline,Active,61.02762229252859,86.0,74.10071942446044,48.03430002890451,76.76715507432141,73.49488494842531,Strong
P0233,C005,Air Purifier 233,Home Appliances,Air Purifier,Air Purifier designed for modern consumers with practical features and reliable performance.,2023-04-07,20653,11626.36,4.5,62565,0.044,Mature,Active,62.882290906140994,90.0,75.53956834532374,43.70619280491938,62.28937887132491,73.46012231691284,Strong
P0283,C006,Headphones 283,Audio,Headphones,Headphones designed for modern consumers with practical features and reliable performance.,2025-12-25,37803,22743.47,4.0,90244,0.079,Decline,Discontinued,90.94974446337308,80.0,50.35971223021583,39.836864799090016,49.34624645215987,73.30628997604774,Strong
P0069,C002,Headphones 69,Audio,Headphones,Headphones designed for modern consumers with practical features and reliable performance.,2025-02-12,17931,9899.73,4.7,92405,0.133,Introduction,Active,93.14107244260566,94.0,11.510791366906458,44.789861134348335,65.91431391563319,72.98868071563825,Strong
P0015,C001,Smart Ring 15,Wearables,Smart Ring,Smart Ring designed for modern consumers with practical features and reliable performance.,2023-05-09,33021,15052.39,4.8,40806,0.044,Introduction,Active,40.817920012979634,96.0,75.53956834532374,54.415705157324126,98.11333494665048,72.91118591560519,Strong
P0483,C010,Smartphone 483,Mobile,Smartphone,Smartphone designed for modern consumers with practical features and reliable performance.,2023-01-25,38598,20484.84,4.8,90036,0.14,Decline,Active,90.73882534274357,96.0,6.474820143884874,46.927716461992844,73.06556719709009,72.81338797830074,Strong
P0232,C005,Smart Ring 232,Wearables,Smart Ring,Smart Ring designed for modern consumers with practical features and reliable performance.,2024-12-10,4072,3020.15,4.8,88494,0.063,Mature,Discontinued,89.17518455423054,96.0,61.870503597122294,25.831286836935163,2.496754783837324,72.75992853098074,Strong
P0467,C010,Air Purifier 467,Home Appliances,Air Purifier,Air Purifier designed for modern consumers with practical features and reliable performance.,2022-01-12,6493,3473.63,4.7,54062,0.046,Introduction,Active,54.25995781617588,94.0,74.10071942446044,46.50192515016171,71.64126992281982,72.75731960897662,Strong
P0042,C001,Smart Watch 42,Watches,Smart Watch,Smart Watch designed for modern consumers with practical features and reliable performance.,2025-05-06,18118,9123.69,4.8,35295,0.015,Decline,Active,35.22957735053136,96.0,96.40287769784173,49.642951760679985,82.14819083797885,72.73315623795115,Strong
P0356,C008,Air Purifier 356,Home Appliances,Air Purifier,Air Purifier designed for modern consumers with practical features and reliable performance.,2025-08-07,21208,14537.3,4.0,87143,0.047,Decline,Active,87.80522430437252,80.0,73.38129496402878,31.453696718219543,21.304050391408232,72.60369505804736,Strong
P0203,C005,Smart Light 203,Home Appliances,Smart Light,Smart Light designed for modern consumers with practical features and reliable performance.,2025-11-20,23434,14385.71,4.3,94993,0.105,Mature,Discontinued,95.76539303966902,86.0,31.654676258992797,38.61180336263549,45.24834305142586,72.4360742733966,Strong
P0103,C003,Fitness Band 103,Wearables,Fitness Band,Fitness Band designed for modern consumers with practical features and reliable performance.,2024-05-18,5840,3401.91,3.8,77514,0.052,Mature,Discontinued,78.0410886671534,76.0,69.7841726618705,41.74811643835616,55.73949691221376,72.43214010270985,Strong
P0405,C009,Air Purifier 405,Home Appliances,Air Purifier,Air Purifier designed for modern consumers with practical features and reliable performance.,2025-12-13,27953,16274.41,3.3,86348,0.054,Growth,Active,86.99906708850492,65.99999999999999,68.34532374100719,41.779379673022575,55.844074292453726,72.29534937304621,Strong
P0105,C003,Fitness Watch 105,Watches,Fitness Watch,Fitness Watch designed for modern consumers with practical features and reliable performance.,2022-04-11,26939,14340.82,4.2,90389,0.119,Decline,Active,91.09677942727346,84.00000000000001,21.582733812949627,46.765581498942055,72.52321609804105,72.2789019768418,Strong
P0149,C003,Fitness Watch 149,Watches,Fitness Watch,Fitness Watch designed for modern consumers with practical features and reliable performance.,2024-03-13,44490,21908.14,3.8,86490,0.108,Growth,Active,87.14305994970391,76.0,29.496402877697836,50.75715891211509,85.87528005907322,72.08064356679691,Strong
P0221,C005,Tablet 221,Mobile,Tablet,Tablet designed for modern consumers with practical features and reliable performance.,2024-11-11,8617,5636.28,4.4,64571,0.023,Decline,Active,64.91644357913523,88.00000000000001,90.64748201438849,34.59115701520251,31.799041775582516,72.0201079219124,Strong
P0394,C008,Fitness Watch 394,Watches,Fitness Watch,Fitness Watch designed for modern consumers with practical features and reliable performance.,2025-12-08,8588,4938.38,3.8,72233,0.045,Growth,Active,72.68597387847814,76.0,74.82014388489209,42.49673963670237,58.24368605659645,71.94067254293523,Strong
P0076,C002,Smart Fan 76,Home Appliances,Smart Fan,Smart Fan designed for modern consumers with practical features and reliable performance.,2022-05-14,23328,11787.85,3.3,63116,0.026,Decline,Discontinued,63.441023768962445,65.99999999999999,88.48920863309353,49.46909293552812,81.56662272258752,71.93719345414368,Strong
P0337,C007,Analog Watch 337,Watches,Analog Watch,Analog Watch designed for modern consumers with practical features and reliable performance.,2024-08-24,40132,20696.32,4.7,37322,0.018,Mature,Active,37.285024742435304,94.0,94.24460431654677,48.42938303598126,78.08873124192786,71.81198920945089,Strong
P0281,C006,Smart Ring 281,Wearables,Smart Ring,Smart Ring designed for modern consumers with practical features and reliable performance.,2022-12-21,28724,14526.48,4.3,91389,0.139,Growth,Discontinued,92.1108136610692,86.0,7.194244604316536,49.427377802534465,81.4270831205154,71.69169617031484,Strong
P0165,C004,Bluetooth Speaker 165,Audio,Bluetooth Speaker,Bluetooth Speaker designed for modern consumers with practical features and reliable performance.,2022-10-01,44063,28133.22,4.5,96862,0.116,Introduction,Active,97.66062302263325,90.0,23.741007194244588,36.15228195992102,37.02109760851063,71.48258413804714,Strong
P0365,C008,Smart Ring 365,Wearables,Smart Ring,Smart Ring designed for modern consumers with practical features and reliable performance.,2022-03-18,27928,14780.64,4.3,75476,0.095,Growth,Active,75.9744868986777,86.0,38.848920863309345,47.07590948152392,73.56128166546728,71.19504683701916,Strong
P0060,C002,Smartphone 60,Mobile,Smartphone,Smartphone designed for modern consumers with practical features and reliable performance.,2022-05-21,31822,14504.94,4.1,46370,0.041,Introduction,Active,46.460006489819094,82.0,77.6978417266187,54.418515492426614,98.1227356847939,71.11898096947951,Strong
P0479,C010,Fitness Watch 479,Watches,Fitness Watch,Fitness Watch designed for modern consumers with practical features and reliable performance.,2024-06-25,17888,12751.17,4.6,75852,0.045,Decline,Discontinued,76.3557637705849,92.0,74.82014388489209,28.716625670840784,12.14838487183628,71.11080382745858,Strong
P0247,C005,Bluetooth Speaker 247,Audio,Bluetooth Speaker,Bluetooth Speaker designed for modern consumers with practical features and reliable performance.,2024-04-11,35501,18663.78,3.8,52522,0.021,Decline,Active,52.69834509613045,76.0,92.0863309352518,47.42745274780992,74.73721480934924,70.8722691920984,Strong
P0058,C002,Bluetooth Speaker 58,Audio,Bluetooth Speaker,Bluetooth Speaker designed for modern consumers with practical features and reliable performance.,2022-06-21,36004,16493.07,3.9,74475,0.103,Decline,Active,74.95943863064817,78.0,33.09352517985611,54.19100655482724,97.36170475088085,70.85876426933021,Strong
P0497,C010,Smart Ring 497,Wearables,Smart Ring,Smart Ring designed for modern consumers with practical features and reliable performance.,2025-07-17,49268,28776.41,3.3,80934,0.05,Growth,Active,81.50908574673481,65.99999999999999,71.22302158273382,41.592088170820816,55.21757307303537,70.85542028885925,Strong
P0440,C009,Fitness Band 440,Wearables,Fitness Band,Fitness Band designed for modern consumers with practical features and reliable performance.,2025-07-22,9937,6697.8,4.6,72029,0.051,Growth,Active,72.4791108947838,92.0,70.50359712230217,32.59736338935292,25.12968345884629,70.8378607564617,Strong
P0217,C005,Fitness Watch 217,Watches,Fitness Watch,Fitness Watch designed for modern consumers with practical features and reliable performance.,2025-12-11,8747,5157.39,3.5,90425,0.08,Mature,Active,91.1332846596901,70.0,49.640287769784166,41.03818452040699,53.36473240303683,70.82941704530388,Strong
P0222,C005,Air Purifier 222,Home Appliances,Air Purifier,Air Purifier designed for modern consumers with practical features and reliable performance.,2023-09-24,34636,19902.79,4.2,73742,0.075,Introduction,Discontinued,74.21615153727589,84.00000000000001,53.237410071942435,42.5372733572006,58.37927376357285,70.58002611697097,Strong
P0177,C004,Wireless Earbuds 177,Audio,Wireless Earbuds,Wireless Earbuds designed for modern consumers with practical features and reliable performance.,2022-06-29,9895,6984.36,4.0,94002,0.072,Mature,Active,94.76048511397744,80.0,55.39568345323741,29.41526023244063,14.485359051789242,70.41811033830797,Strong
P0092,C002,Fitness Band 92,Wearables,Fitness Band,Fitness Band designed for modern consumers with practical features and reliable performance.,2024-11-05,5575,2970.77,4.5,54887,0.058,Mature,Active,55.09653605905736,90.0,65.46762589928056,46.712645739910315,72.34614283420179,70.22923422565646,Strong
P0493,C010,Air Purifier 493,Home Appliances,Air Purifier,Air Purifier designed for modern consumers with practical features and reliable performance.,2025-02-25,42330,25613.97,4.4,64282,0.052,Introduction,Discontinued,64.62338768556826,88.00000000000001,69.7841726618705,39.48979447200567,48.18527555606424,70.20281155573264,Strong
P0111,C003,Smartphone 111,Mobile,Smartphone,Smartphone designed for modern consumers with practical features and reliable performance.,2025-06-03,45226,23524.15,3.2,74084,0.056,Growth,Active,74.56295124523405,64.0,66.90647482014388,47.98534029098306,76.6033818376844,70.16883517551335,Strong
P0367,C008,Smart Fan 367,Home Appliances,Smart Fan,Smart Fan designed for modern consumers with practical features and reliable performance.,2024-10-03,25408,11587.82,4.6,40222,0.054,Introduction,Active,40.22572402044293,92.0,68.34532374100719,54.39302581863979,98.03747120924487,70.05368883674319,Strong
P0007,C001,Tablet 7,Mobile,Tablet,Tablet designed for modern consumers with practical features and reliable performance.,2025-06-01,14730,9590.0,4.4,90093,0.101,Growth,Active,90.79662529406993,88.00000000000001,34.53237410071941,34.894772572980315,32.814653882624455,70.00749175546203,Strong
P0075,C002,Fitness Watch 75,Watches,Fitness Watch,Fitness Watch designed for modern consumers with practical features and reliable performance.,2022-01-26,20145,13280.09,3.4,99169,0.079,Mature,Discontinued,100.0,68.0,50.35971223021583,34.07748821047406,30.08078905852718,69.98406080482224,Strong
P0334,C007,Fitness Band 334,Wearables,Fitness Band,Fitness Band designed for modern consumers with practical features and reliable performance.,2022-06-29,43420,23383.04,3.9,72679,0.077,Mature,Discontinued,73.13823314675103,78.0,51.79856115107913,46.14684477199447,70.45350492922356,69.92611957096221,Strong
P0464,C010,Smart Light 464,Home Appliances,Smart Light,Smart Light designed for modern consumers with practical features and reliable performance.,2022-07-10,40309,18611.11,4.5,66472,0.115,Decline,Active,66.84412265758091,90.0,24.460431654676242,53.828896772432955,96.15042598186893,69.7100931583689,Strong
P0121,C003,Fitness Band 121,Wearables,Fitness Band,Fitness Band designed for modern consumers with practical features and reliable performance.,2025-08-10,48660,33330.55,4.7,68847,0.052,Introduction,Active,69.25245396284578,94.0,69.7841726618705,31.503185367858606,21.469592869212917,69.61563234975205,Strong
P0065,C002,Smart Ring 65,Wearables,Smart Ring,Smart Ring designed for modern consumers with practical features and reliable performance.,2024-05-10,44353,24889.63,4.1,45225,0.012,Decline,Active,45.29893729212298,82.0,98.56115107913669,43.88287150812797,62.880379646609384,69.59891521506178,Strong
P0026,C001,Headphones 26,Audio,Headphones,Headphones designed for modern consumers with practical features and reliable performance.,2023-10-05,15267,11306.94,4.2,71566,0.019,Introduction,Active,72.00961304453638,84.00000000000001,93.5251798561151,25.93869129494989,2.8560290868684772,69.53680489984103,Strong
P0342,C007,Smartphone 342,Mobile,Smartphone,Smartphone designed for modern consumers with practical features and reliable performance.,2022-08-16,22206,10389.45,3.5,92865,0.138,Mature,Active,93.6075281901517,70.0,7.913669064748186,53.21332072412861,94.09128747118541,69.45906180018054,Strong
P0155,C004,Tablet 155,Mobile,Tablet,Tablet designed for modern consumers with practical features and reliable performance.,2023-08-01,13715,7685.23,4.8,58249,0.075,Decline,Discontinued,58.50571915307861,96.0,53.237410071942435,43.96478308421437,63.154378742667284,69.39764052936609,Strong
P0399,C008,Analog Watch 399,Watches,Analog Watch,Analog Watch designed for modern consumers with practical features and reliable performance.,2022-04-13,43227,22449.86,4.9,39300,0.047,Introduction,Active,39.290784456883266,98.00000000000001,73.38129496402878,48.06519073727068,76.87048633192036,69.35860650250295,Strong
P0239,C005,Tablet 239,Mobile,Tablet,Tablet designed for modern consumers with practical features and reliable performance.,2023-10-18,31540,15126.03,4.9,62037,0.117,Growth,Active,62.34688083069685,98.00000000000001,23.021582733812927,52.04175649968295,90.17233542790773,69.35157515169263,Strong
P0477,C010,Fitness Watch 477,Watches,Fitness Watch,Fitness Watch designed for modern consumers with practical features and reliable performance.,2023-07-21,19644,13119.08,4.2,76906,0.059,Growth,Active,77.4245558530056,84.00000000000001,64.74820143884892,33.215841987375285,27.19853117104927,69.32801451197913,Strong
P0326,C007,Smart Watch 326,Watches,Smart Watch,Smart Watch designed for modern consumers with practical features and reliable performance.,2023-03-02,30462,17966.99,3.9,70744,0.06,Decline,Active,71.1760769043563,78.0,64.02877697841727,41.01835073205961,53.29838720082933,69.11214039233256,Strong
P0351,C008,Tablet 351,Mobile,Tablet,Tablet designed for modern consumers with practical features and reliable performance.,2022-06-03,7863,3713.38,3.5,49712,0.033,Introduction,Active,49.848908899164435,70.0,83.45323741007194,52.77400483276104,92.62174967360208,69.03102804776225,Strong
P0113,C003,Smart Watch 113,Watches,Smart Watch,Smart Watch designed for modern consumers with practical features and reliable performance.,2025-11-27,36228,17777.05,4.0,88381,0.143,Decline,Active,89.06059868581163,80.0,4.316546762589935,50.930081704758756,86.45371709002715,69.00257645605613,Strong
P0463,C010,Air Purifier 463,Home Appliances,Air Purifier,Air Purifier designed for modern consumers with practical features and reliable performance.,2022-11-03,8115,3692.07,4.1,66607,0.106,Introduction,Active,66.98101727914334,82.0,30.935251798561147,54.503142329020335,98.40581748881706,68.99127903073496,Strong
P0225,C005,Smart Fan 225,Home Appliances,Smart Fan,Smart Fan designed for modern consumers with practical features and reliable performance.,2022-09-30,25739,14483.17,4.4,87242,0.132,Mature,Active,87.90561369351829,88.00000000000001,12.230215827338109,43.73064221609231,62.3711636065309,68.96868249917867,Strong
P0271,C006,Tablet 271,Mobile,Tablet,Tablet designed for modern consumers with practical features and reliable performance.,2022-02-20,31347,21369.33,4.2,66097,0.031,Decline,Active,66.46385981990753,84.00000000000001,84.89208633093526,31.82974447315532,22.561952507933558,68.82506107934472,Strong
P0285,C006,Smart Light 285,Home Appliances,Smart Light,Smart Light designed for modern consumers with practical features and reliable performance.,2022-08-22,49661,33857.1,4.0,67452,0.026,Mature,Active,67.83787620670074,80.0,88.48920863309353,31.823563762308453,22.54127766237509,68.82229004832023,Strong
P0270,C006,Smart Watch 270,Watches,Smart Watch,Smart Watch designed for modern consumers with practical features and reliable performance.,2025-11-09,7462,3937.11,4.1,68499,0.088,Growth,Discontinued,68.89957004948486,82.0,43.88489208633093,47.23787188421335,74.10305553983956,68.60728626556181,Strong
P0057,C002,Headphones 57,Audio,Headphones,Headphones designed for modern consumers with practical features and reliable performance.,2024-04-08,29562,17609.86,3.9,88170,0.105,Growth,Discontinued,88.84663746248074,78.0,31.654676258992797,40.43075569988498,51.33284685407613,68.52718539177823,Strong
P0161,C004,Smartphone 161,Mobile,Smartphone,Smartphone designed for modern consumers with practical features and reliable performance.,2024-07-25,20736,10089.19,3.6,84248,0.121,Introduction,Active,84.86959519753387,72.0,20.143884892086316,51.34456983024691,87.84020453339777,68.50916597756378,Strong
P0078,C002,Smart Ring 78,Wearables,Smart Ring,Smart Ring designed for modern consumers with practical features and reliable performance.,2024-06-25,40735,25615.72,4.3,68994,0.063,Mature,Discontinued,69.40151699521377,86.0,61.870503597122294,37.11619000859211,40.245427387493734,68.50144577587334,Strong
P0116,C003,Smart Fan 116,Home Appliances,Smart Fan,Smart Fan designed for modern consumers with practical features and reliable performance.,2023-03-11,13439,9951.07,4.8,60100,0.023,Introduction,Active,60.38269651983451,96.0,90.64748201438849,25.953791204702732,2.9065391834935306,68.4994210623438,Strong
P0059,C002,Air Purifier 59,Home Appliances,Air Purifier,Air Purifier designed for modern consumers with practical features and reliable performance.,2024-02-16,4295,2267.96,3.8,60098,0.056,Mature,Discontinued,60.380668451366915,76.0,66.90647482014388,47.1953434225844,73.96079530508625,68.40864821777012,Strong
P0431,C009,Bluetooth Speaker 431,Audio,Bluetooth Speaker,Bluetooth Speaker designed for modern consumers with practical features and reliable performance.,2022-01-19,35766,21189.82,4.2,99083,0.147,Introduction,Active,99.91279305589357,84.00000000000001,1.4388489208633115,40.75429178549461,52.41509431206234,68.31951150054476,Strong
P0122,C003,Smart Fan 122,Home Appliances,Smart Fan,Smart Fan designed for modern consumers with practical features and reliable performance.,2022-06-15,28936,18977.08,4.0,58638,0.02,Mature,Active,58.900178470025146,80.0,92.80575539568345,34.417058335637265,31.21667133290618,67.85871424358142,Strong
P0254,C006,Tablet 254,Mobile,Tablet,Tablet designed for modern consumers with practical features and reliable performance.,2023-12-30,22389,10274.04,3.7,59554,0.079,Decline,Discontinued,59.82903382818204,74.0,50.35971223021583,54.11121532895618,97.09479835246209,67.77632403877618,Strong
P0150,C003,Tablet 150,Mobile,Tablet,Tablet designed for modern consumers with practical features and reliable performance.,2025-11-04,43171,29680.0,4.6,88333,0.108,Introduction,Discontinued,89.01192504258944,92.0,29.496402877697836,31.250144773111582,20.623157022910714,67.74692789388247,Strong
P0255,C006,Bluetooth Speaker 255,Audio,Bluetooth Speaker,Bluetooth Speaker designed for modern consumers with practical features and reliable performance.,2023-05-20,39395,25535.9,3.3,81583,0.051,Introduction,Active,82.16719396446824,65.99999999999999,70.50359712230217,35.17984515801497,33.76823864246349,67.72447310839384,Strong
P0286,C006,Fitness Band 286,Wearables,Fitness Band,Fitness Band designed for modern consumers with practical features and reliable performance.,2025-08-31,48119,28024.99,3.6,56225,0.024,Growth,Active,56.45331386387604,72.0,89.92805755395683,41.758993329038425,55.7758807587621,67.71065347696229,Strong
P0487,C010,Air Purifier 487,Home Appliances,Air Purifier,Air Purifier designed for modern consumers with practical features and reliable performance.,2025-01-12,38792,18948.88,4.1,55966,0.077,Introduction,Active,56.19067899732295,82.0,51.79856115107913,51.15260878531656,87.19808341569679,67.70616239163337,Strong
P0189,C004,Smartphone 189,Mobile,Smartphone,Smartphone designed for modern consumers with practical features and reliable performance.,2022-07-18,21913,11450.01,3.4,59429,0.045,Introduction,Active,59.70227954895757,68.0,74.82014388489209,47.74786656322731,75.80901808775553,67.63117933227689,Strong
P0186,C004,Smart Ring 186,Wearables,Smart Ring,Smart Ring designed for modern consumers with practical features and reliable performance.,2025-08-07,41508,26635.57,4.0,82703,0.086,Mature,Discontinued,83.30291230631947,80.0,45.32374100719424,35.830273682181755,35.94396075876112,67.61236162246483,Strong
P0360,C008,Analog Watch 360,Watches,Analog Watch,Analog Watch designed for modern consumers with practical features and reliable performance.,2025-10-19,47812,22013.53,4.2,68240,0.122,Growth,Active,68.63693518293178,84.00000000000001,19.424460431654666,53.958148581945956,96.58278097566195,67.59523654670635,Strong
P0140,C003,Smartphone 140,Mobile,Smartphone,Smartphone designed for modern consumers with practical features and reliable performance.,2023-12-17,6005,3621.89,3.4,67340,0.037,Mature,Active,67.72430437251562,68.0,80.57553956834532,39.685428809325565,48.83968405538304,67.54456705235698,Strong
P0136,C003,Tablet 136,Mobile,Tablet,Tablet designed for modern consumers with practical features and reliable performance.,2024-12-26,8863,4008.9,4.5,23528,0.028,Growth,Active,23.297436521456966,90.0,87.0503597122302,54.76813719959382,99.29224109908347,67.4580108898185,Strong
P0341,C007,Smart Watch 341,Watches,Smart Watch,Smart Watch designed for modern consumers with practical features and reliable performance.,2025-06-11,16245,10242.45,3.2,63150,0.01,Growth,Active,63.4755009329115,64.0,100.0,36.95013850415512,39.6899752244588,67.36992161018784,Strong
P0269,C006,Smartphone 269,Mobile,Smartphone,Smartphone designed for modern consumers with practical features and reliable performance.,2024-03-29,43401,27507.7,4.2,85045,0.105,Mature,Discontinued,85.67778048186906,84.00000000000001,31.654676258992797,36.61966314140227,38.58451547151524,67.30583574118002,Strong
P0329,C007,Wireless Earbuds 329,Audio,Wireless Earbuds,Wireless Earbuds designed for modern consumers with practical features and reliable performance.,2024-08-04,27502,19426.87,4.1,72605,0.045,Introduction,Active,73.06319461345015,82.0,74.82014388489209,29.36197367464185,14.307112345200384,67.28221374346603,Strong
P0115,C003,Air Purifier 115,Home Appliances,Air Purifier,Air Purifier designed for modern consumers with practical features and reliable performance.,2025-08-13,24768,11883.84,4.4,71864,0.136,Mature,Active,72.31179524620751,88.00000000000001,9.352517985611497,52.01937984496124,90.09748418636795,67.09425456125012,Strong
P0028,C001,Fitness Band 28,Wearables,Fitness Band,Fitness Band designed for modern consumers with practical features and reliable performance.,2025-05-02,45250,32061.7,3.9,75168,0.044,Introduction,Active,75.66216435466862,78.0,75.53956834532374,29.14541436464088,13.5827085671483,67.02707747827102,Strong
P0494,C010,Fitness Watch 494,Watches,Fitness Watch,Fitness Watch designed for modern consumers with practical features and reliable performance.,2022-07-17,11704,5477.6,4.6,62960,0.127,Decline,Active,63.28283442849031,92.0,15.827338129496393,53.19890635680109,94.04307055476544,67.0209202590857,Strong
P0153,C004,Fitness Band 153,Wearables,Fitness Band,Fitness Band designed for modern consumers with practical features and reliable performance.,2022-12-06,40141,22600.02,3.5,91312,0.118,Decline,Active,92.03273302506693,70.0,22.302158273381288,43.698413093844195,62.263355274856146,67.0113915046781,Strong
P0450,C009,Fitness Band 450,Wearables,Fitness Band,Fitness Band designed for modern consumers with practical features and reliable performance.,2022-11-01,3402,2093.86,4.1,71236,0.076,Mature,Discontinued,71.6749817473838,82.0,52.517985611510774,38.45208700764256,44.7140823402467,66.89695308492348,Strong
P0268,C006,Fitness Band 268,Wearables,Fitness Band,Fitness Band designed for modern consumers with practical features and reliable performance.,2022-06-24,24562,16222.96,4.6,78333,0.099,Introduction,Active,78.8715827046321,92.0,35.97122302158272,33.95098119045681,29.657615548922823,66.84794088327621,Strong
P0095,C002,Analog Watch 95,Watches,Analog Watch,Analog Watch designed for modern consumers with practical features and reliable performance.,2025-09-21,49804,29478.63,4.8,50468,0.064,Growth,Discontinued,50.61551877991401,96.0,61.15107913669065,40.8107180146173,52.60384340605201,66.63622391121584,Strong
P0332,C007,Smart Watch 332,Watches,Smart Watch,Smart Watch designed for modern consumers with practical features and reliable performance.,2024-03-19,31211,14519.09,4.8,57274,0.125,Decline,Active,57.517035775127766,96.0,17.266187050359704,53.48085610842331,94.98620925101946,66.63213131901958,Strong
P0146,C003,Air Purifier 146,Home Appliances,Air Purifier,Air Purifier designed for modern consumers with practical features and reliable performance.,2023-05-23,23507,17506.03,3.3,85189,0.034,Decline,Discontinued,85.82380141153565,65.99999999999999,82.73381294964028,25.52843833751649,1.483708532649549,66.60764936386296,Strong
P0420,C009,Smart Ring 420,Wearables,Smart Ring,Smart Ring designed for modern consumers with practical features and reliable performance.,2025-09-28,47553,23045.21,3.8,63463,0.092,Decline,Active,63.79289364808955,76.0,41.00719424460431,51.537841986835744,88.48671139761247,66.60195833539407,Strong
P0470,C010,Smart Light 470,Home Appliances,Smart Light,Smart Light designed for modern consumers with practical features and reliable performance.,2023-09-21,37540,22326.55,3.8,73233,0.078,Mature,Discontinued,73.70000811227388,76.0,51.07913669064747,40.525972296217375,51.651352034555956,66.55853298260874,Strong
P0457,C010,Air Purifier 457,Home Appliances,Air Purifier,Air Purifier designed for modern consumers with practical features and reliable performance.,2022-11-19,16072,7604.09,4.3,28223,0.031,Mature,Active,28.058327249127927,86.0,84.89208633093526,52.687344449975114,92.33186553656229,66.44861163386616,Strong
P0064,C002,Fitness Band 64,Wearables,Fitness Band,Fitness Band designed for modern consumers with practical features and reliable performance.,2022-09-05,7678,5061.01,3.7,90187,0.094,Introduction,Active,90.89194451204673,74.0,39.56834532374099,34.0842667361292,30.103463630191573,66.4413691884933,Strong
P0192,C004,Bluetooth Speaker 192,Audio,Bluetooth Speaker,Bluetooth Speaker designed for modern consumers with practical features and reliable performance.,2025-09-01,24127,11209.34,3.7,78817,0.134,Decline,Active,79.36237527378924,74.0,10.791366906474797,53.5402660919302,95.18493918096895,66.41284560426654,Strong
P0168,C004,Smart Ring 168,Wearables,Smart Ring,Smart Ring designed for modern consumers with practical features and reliable performance.,2022-04-08,17601,8113.82,4.3,38001,0.06,Mature,Active,37.973553987182605,86.0,64.02877697841727,53.90136924038407,96.39285069955164,66.35542689613011,Strong
P0398,C008,Wireless Earbuds 398,Audio,Wireless Earbuds,Wireless Earbuds designed for modern consumers with practical features and reliable performance.,2022-11-02,1835,1195.48,4.7,75755,0.104,Introduction,Active,76.2574024499067,94.0,32.37410071942445,34.851226158038145,32.66898853346633,66.26525928137218,Strong
P0321,C007,Smart Ring 321,Wearables,Smart Ring,Smart Ring designed for modern consumers with practical features and reliable performance.,2025-09-08,42677,29953.8,4.7,44411,0.01,Decline,Active,44.47351342581325,94.0,100.0,29.81277971741219,15.815085382933496,66.13799250647466,Strong
P0437,C009,Tablet 437,Mobile,Tablet,Tablet designed for modern consumers with practical features and reliable performance.,2025-10-10,26430,15470.48,3.9,41971,0.012,Introduction,Active,41.99926989535167,78.0,98.56115107913669,41.46621263715475,54.79651192285154,66.03145146762816,Strong
P0207,C005,Wireless Earbuds 207,Audio,Wireless Earbuds,Wireless Earbuds designed for modern consumers with practical features and reliable performance.,2025-06-14,36296,19285.51,4.2,36101,0.029,Growth,Active,36.04688894297072,84.00000000000001,86.33093525179856,46.866018294026894,72.85918315396938,66.01147565349488,Strong
P0242,C005,Smart Light 242,Home Appliances,Smart Light,Smart Light designed for modern consumers with practical features and reliable performance.,2022-12-13,43054,28927.05,4.0,96545,0.121,Growth,Discontinued,97.33917417052,80.0,20.143884892086316,32.81216611696939,25.84821136429892,65.97471964274409,Strong
P0224,C005,Air Purifier 224,Home Appliances,Air Purifier,Air Purifier designed for modern consumers with practical features and reliable performance.,2025-08-15,19814,11346.69,4.5,84585,0.147,Decline,Active,85.21132473432303,90.0,1.4388489208633115,42.73397597658221,59.03725572995492,65.96732180067895,Strong
P0200,C004,Bluetooth Speaker 200,Audio,Bluetooth Speaker,Bluetooth Speaker designed for modern consumers with practical features and reliable performance.,2025-10-26,42223,28135.5,4.5,50332,0.031,Growth,Active,50.47761012411779,90.0,84.89208633093526,33.364516969424244,27.69585783272736,65.79995948453737,Strong
P0022,C001,Analog Watch 22,Watches,Analog Watch,Analog Watch designed for modern consumers with practical features and reliable performance.,2025-01-03,48724,26885.45,4.7,33091,0.037,Decline,Active,32.994645899245555,94.0,80.57553956834532,44.820930137098756,66.01824157855663,65.7659702151885,Strong
P0117,C003,Smartphone 117,Mobile,Smartphone,Smartphone designed for modern consumers with practical features and reliable performance.,2023-03-19,9252,6347.74,3.5,73141,0.039,Growth,Active,73.60671696276466,70.0,79.13669064748201,31.390618244703848,21.09304914409024,65.75364643807758,Strong
P0152,C004,Wireless Earbuds 152,Audio,Wireless Earbuds,Wireless Earbuds designed for modern consumers with practical features and reliable performance.,2024-12-14,6057,3263.13,4.5,67043,0.118,Introduction,Active,67.42313620507828,90.0,22.302158273381288,46.126300148588406,70.38478194144739,65.61624661767075,Strong
P0317,C007,Smart Light 317,Home Appliances,Smart Light,Smart Light designed for modern consumers with practical features and reliable performance.,2025-10-10,21967,11672.77,3.3,49364,0.027,Introduction,Active,49.49602498580352,65.99999999999999,87.76978417266187,46.86224791733054,72.8465710195684,65.60455123249886,Strong
P0294,C006,Smart Ring 294,Wearables,Smart Ring,Smart Ring designed for modern consumers with practical features and reliable performance.,2023-08-04,15275,11310.2,4.6,65343,0.048,Mature,Active,65.69927800762554,92.0,72.66187050359711,25.95613747954173,2.9143876124422174,65.56427954525469,Strong
P0185,C004,Smart Ring 185,Wearables,Smart Ring,Smart Ring designed for modern consumers with practical features and reliable performance.,2025-08-06,37937,17540.49,4.7,11146,0.016,Mature,Active,10.741664638598198,94.0,95.68345323741008,53.764161636397176,95.93388309984357,65.48635573596792,Strong
P0227,C005,Smart Ring 227,Wearables,Smart Ring,Smart Ring designed for modern consumers with practical features and reliable performance.,2023-07-19,35860,20217.26,3.6,60875,0.058,Growth,Active,61.1685730510262,72.0,65.46762589928056,43.62169548243168,62.00673029969296,65.40353529266923,Strong
P0373,C008,Smartphone 373,Mobile,Smartphone,Smartphone designed for modern consumers with practical features and reliable performance.,2023-03-15,19682,9018.98,3.3,75507,0.119,Growth,Active,76.00592195992537,65.99999999999999,21.582733812949627,54.176506452596286,97.31320104610731,65.31559960547989,Strong
P0454,C010,Smart Fan 454,Home Appliances,Smart Fan,Smart Fan designed for modern consumers with practical features and reliable performance.,2025-12-12,30795,22001.97,3.3,85503,0.055,Mature,Active,86.1422081609475,65.99999999999999,67.62589928057554,28.553433999025813,11.602499019092875,65.21532756531066,Strong
P0375,C008,Headphones 375,Audio,Headphones,Headphones designed for modern consumers with practical features and reliable performance.,2024-05-17,40868,28261.27,3.7,93478,0.1,Decline,Active,94.22913117546848,74.0,35.25179856115106,30.847435646471567,19.27607103158215,65.12196627838149,Strong
P0345,C007,Tablet 345,Mobile,Tablet,Tablet designed for modern consumers with practical features and reliable performance.,2024-03-12,9345,4703.46,3.2,92513,0.143,Introduction,Active,93.25058813985561,64.0,4.316546762589935,49.66869983948636,82.23431969369435,65.03616315552159,Strong
P0216,C005,Headphones 216,Audio,Headphones,Headphones designed for modern consumers with practical features and reliable performance.,2023-06-20,18497,13617.68,3.7,95249,0.09,Mature,Active,96.02498580352072,74.0,42.446043165467614,26.378980375195976,4.328822259158863,64.9472770031996,Average
P0110,C003,Smart Ring 110,Wearables,Smart Ring,Smart Ring designed for modern consumers with practical features and reliable performance.,2024-01-25,6918,4754.08,3.2,70829,0.027,Mature,Discontinued,71.26226981422893,64.0,87.76978417266187,31.27956056663776,20.721554602606858,64.80398445990353,Average
P0262,C006,Headphones 262,Audio,Headphones,Headphones designed for modern consumers with practical features and reliable performance.,2023-11-06,1443,1060.1,3.8,81789,0.063,Decline,Active,82.37608501663016,76.0,61.870503597122294,26.53499653499654,4.850705597243946,64.7333363148316,Average
P0411,C009,Smart Fan 411,Home Appliances,Smart Fan,Smart Fan designed for modern consumers with practical features and reliable performance.,2025-06-23,24812,17308.68,4.6,60066,0.056,Decline,Active,60.348219355885455,92.0,66.90647482014388,30.240689988715136,17.246470702723084,64.69014234399714,Average
P0489,C010,Headphones 489,Audio,Headphones,Headphones designed for modern consumers with practical features and reliable performance.,2023-06-23,39076,18765.25,3.8,34539,0.036,Growth,Active,34.46296746978178,76.0,81.29496402877699,51.97755655645408,89.95758279766748,64.61466883982915,Average
P0456,C010,Bluetooth Speaker 456,Audio,Bluetooth Speaker,Bluetooth Speaker designed for modern consumers with practical features and reliable performance.,2025-05-22,27597,15340.33,4.7,64313,0.121,Introduction,Active,64.65482274681594,94.0,20.143884892086316,44.413052143348914,64.65386541917853,64.55604475267961,Average
P0048,C001,Smart Watch 48,Watches,Smart Watch,Smart Watch designed for modern consumers with practical features and reliable performance.,2023-05-17,45092,24490.63,4.6,19813,0.013,Decline,Active,19.530299342905817,92.0,97.84172661870504,45.68741683668943,68.91669114792663,64.34145376594705,Average
P0223,C005,Smartphone 223,Mobile,Smartphone,Smartphone designed for modern consumers with practical features and reliable performance.,2022-05-11,49877,25705.13,3.3,56034,0.058,Introduction,Active,56.25963332522106,65.99999999999999,65.46762589928056,48.46295887884195,78.20104443418666,64.31455350881147,Average
P0131,C003,Smartphone 131,Mobile,Smartphone,Smartphone designed for modern consumers with practical features and reliable performance.,2025-07-20,12888,9162.84,4.2,53031,0.02,Introduction,Active,53.21448852113247,84.00000000000001,92.80575539568345,28.904096834264433,12.77548706873238,64.30254512184291,Average
P0245,C005,Smart Ring 245,Wearables,Smart Ring,Smart Ring designed for modern consumers with practical features and reliable performance.,2022-02-04,44206,26362.53,3.2,72805,0.068,Mature,Active,73.2660014602093,64.0,58.273381294964025,40.36436230375967,51.110756993378516,64.16439031907284,Average
P0425,C009,Fitness Watch 425,Watches,Fitness Watch,Fitness Watch designed for modern consumers with practical features and reliable performance.,2025-07-21,17471,8926.39,4.7,58573,0.126,Mature,Active,58.83426624482843,94.0,16.546762589928043,48.907389388128905,79.68769093304945,64.05449934363297,Average
P0460,C010,Headphones 460,Audio,Headphones,Headphones designed for modern consumers with practical features and reliable performance.,2026-01-13,12798,7742.69,3.9,74372,0.099,Mature,Active,74.85499310456721,78.0,35.97122302158272,39.50078137208939,48.22202739060644,64.02679629950603,Average
P0230,C005,Smart Watch 230,Watches,Smart Watch,Smart Watch designed for modern consumers with practical features and reliable performance.,2025-03-28,34023,25450.74,3.6,96381,0.091,Mature,Active,97.1728725561775,72.0,41.72661870503597,25.1954854069306,0.3699611678798015,64.01132331085128,Average
P0063,C002,Fitness Band 63,Wearables,Fitness Band,Fitness Band designed for modern consumers with practical features and reliable performance.,2026-01-04,21444,13354.02,4.7,49692,0.066,Growth,Active,49.82862821448852,94.0,59.71223021582733,37.72607722439843,42.28553641496427,63.925296380481086,Average
P0383,C008,Smart Ring 383,Wearables,Smart Ring,Smart Ring designed for modern consumers with practical features and reliable performance.,2025-06-25,31393,22143.5,4.0,83651,0.092,Introduction,Discontinued,84.2642167599578,80.0,41.00719424460431,29.463574682254006,14.646973761307668,63.89096077910224,Average
P0265,C006,Smart Fan 265,Home Appliances,Smart Fan,Smart Fan designed for modern consumers with practical features and reliable performance.,2025-01-31,8463,6174.78,3.5,72016,0.035,Introduction,Discontinued,72.46592844974447,70.0,82.01438848920863,27.037929812123362,6.533047335667283,63.74590975560238,Average
P0382,C008,Smart Watch 382,Watches,Smart Watch,Smart Watch designed for modern consumers with practical features and reliable performance.,2023-11-10,24283,12554.27,4.7,55612,0.12,Mature,Active,55.83171087855926,94.0,20.863309352517977,48.30016884240003,77.65650207566493,63.56223598934908,Average
P0088,C002,Air Purifier 88,Home Appliances,Air Purifier,Air Purifier designed for modern consumers with practical features and reliable performance.,2022-04-16,13293,8049.33,4.3,65838,0.098,Growth,Active,66.20122495335443,86.0,36.69064748201437,39.44685172647258,48.04162951700011,63.514802657626944,Average
P0043,C001,Tablet 43,Mobile,Tablet,Tablet designed for modern consumers with practical features and reliable performance.,2022-04-01,40728,30353.39,3.4,76074,0.037,Decline,Active,76.58087937048754,68.0,80.57553956834532,25.472917894323317,1.2979893464918082,63.513114095313476,Average
P0424,C009,Smart Ring 424,Wearables,Smart Ring,Smart Ring designed for modern consumers with practical features and reliable performance.,2025-11-04,46412,30137.54,4.8,51297,0.068,Mature,Active,51.456153159730675,96.0,58.273381294964025,35.06519865552013,33.38473926971729,63.47204075535614,Average
P0488,C010,Smart Light 488,Home Appliances,Smart Light,Smart Light designed for modern consumers with practical features and reliable performance.,2025-11-12,12455,7313.06,3.4,68422,0.074,Introduction,Active,68.8214894134826,68.0,53.956834532374096,41.284142914492165,54.18747786670739,63.40700988119983,Average
P0252,C006,Smartphone 252,Mobile,Smartphone,Smartphone designed for modern consumers with practical features and reliable performance.,2025-01-12,37959,19819.98,4.6,51507,0.105,Mature,Discontinued,51.669100348827776,92.0,31.654676258992797,47.7858215442978,75.93597975790138,63.40551733757348,Average
P0238,C005,Air Purifier 238,Home Appliances,Air Purifier,Air Purifier designed for modern consumers with practical features and reliable performance.,2024-01-06,37181,20318.84,3.7,61612,0.085,Mature,Active,61.91591628133366,74.0,46.04316546762589,45.35155052311664,67.79319834370838,63.248183543548215,Average
P0357,C008,Tablet 357,Mobile,Tablet,Tablet designed for modern consumers with practical features and reliable performance.,2023-04-09,25209,12755.12,3.3,58137,0.075,Mature,Active,58.392147318893485,65.99999999999999,53.237410071942435,49.40251497481058,81.34391548234663,63.08632089835319,Average
P0085,C002,Fitness Band 85,Wearables,Fitness Band,Fitness Band designed for modern consumers with practical features and reliable performance.,2025-04-13,12481,7378.15,4.3,36958,0.035,Decline,Discontinued,36.91591628133366,86.0,82.01438848920863,40.8849451165772,52.85213747890146,63.05126901814372,Average
P0277,C006,Smartphone 277,Mobile,Smartphone,Smartphone designed for modern consumers with practical features and reliable performance.,2023-02-08,38837,18662.17,4.7,25005,0.061,Decline,Active,24.795165084773263,94.0,63.309352517985616,51.94744702216959,89.85686461385458,63.01870797534595,Average
P0428,C009,Wireless Earbuds 428,Audio,Wireless Earbuds,Wireless Earbuds designed for modern consumers with practical features and reliable performance.,2025-09-17,11073,8067.66,4.2,82468,0.096,Mature,Discontinued,83.06461426137747,84.00000000000001,38.129496402877685,27.141154158764564,6.878338917421542,62.930265109670884,Average
P0072,C002,Smart Light 72,Home Appliances,Smart Light,Smart Light designed for modern consumers with practical features and reliable performance.,2023-04-18,37070,20360.23,4.4,36009,0.053,Introduction,Active,35.953597793461505,88.00000000000001,69.06474820143885,45.07626112759644,66.872338934932,62.8275597082391,Average
P0314,C007,Smart Light 314,Home Appliances,Smart Light,Smart Light designed for modern consumers with practical features and reliable performance.,2023-06-07,24601,11479.61,4.7,22373,0.061,Introduction,Active,22.126226981422892,94.0,63.309352517985616,53.33681557660257,94.5043851011221,62.78170771226344,Average
P0199,C004,Smart Ring 199,Wearables,Smart Ring,Smart Ring designed for modern consumers with practical features and reliable performance.,2026-01-17,18401,13618.97,4.5,76321,0.091,Introduction,Discontinued,76.8313458262351,90.0,41.72661870503597,25.987881093418842,3.020571889726364,62.68938056364843,Average
P0211,C005,Air Purifier 211,Home Appliances,Air Purifier,Air Purifier designed for modern consumers with practical features and reliable performance.,2023-08-16,3381,2532.88,3.9,65430,0.036,Introduction,Active,65.78749898596577,78.0,81.29496402877699,25.084886128364385,0.0,62.68461745084342,Average
P0404,C009,Bluetooth Speaker 404,Audio,Bluetooth Speaker,Bluetooth Speaker designed for modern consumers with practical features and reliable performance.,2026-01-29,25887,17700.22,4.2,90214,0.133,Growth,Discontinued,90.9193234363592,84.00000000000001,11.510791366906458,31.62506277282033,21.877280040976906,62.605513482253556,Average
P0006,C001,Headphones 6,Audio,Headphones,Headphones designed for modern consumers with practical features and reliable performance.,2025-07-25,6229,4401.38,4.7,50323,0.049,Mature,Active,50.46848381601363,94.0,71.94244604316546,29.340504093755015,14.235295319612579,62.387752842179744,Average
P0132,C003,Fitness Band 132,Wearables,Fitness Band,Fitness Band designed for modern consumers with practical features and reliable performance.,2023-10-27,25654,14775.41,3.8,49003,0.054,Introduction,Active,49.129958627403255,76.0,68.34532374100719,42.40504404771186,57.93695885518848,62.35509409607085,Average
P0160,C004,Smart Fan 160,Home Appliances,Smart Fan,Smart Fan designed for modern consumers with practical features and reliable performance.,2022-11-03,41327,18662.25,3.3,34044,0.04,Decline,Active,33.96102052405289,65.99999999999999,78.41726618705036,54.842475863237105,99.54090835240218,62.300946673688905,Average
P0336,C007,Tablet 336,Mobile,Tablet,Tablet designed for modern consumers with practical features and reliable performance.,2024-03-06,36685,25108.33,3.8,74641,0.08,Mature,Active,75.12776831345826,76.0,49.640287769784166,31.556957884694015,21.649465137695696,62.27019623432158,Average
P0258,C006,Smart Watch 258,Watches,Smart Watch,Smart Watch designed for modern consumers with practical features and reliable performance.,2024-02-28,6873,3822.59,3.4,78886,0.12,Introduction,Active,79.43234363592114,68.0,20.863309352517977,44.38251127600756,64.55170440062447,62.05673780316966,Average
P0231,C005,Smartphone 231,Mobile,Smartphone,Smartphone designed for modern consumers with practical features and reliable performance.,2025-04-26,44267,26842.42,3.9,36564,0.019,Growth,Discontinued,36.51638679321814,78.0,93.5251798561151,39.362459620032986,47.759332899309825,62.04967128374585,Average
P0297,C006,Smartphone 297,Mobile,Smartphone,Smartphone designed for modern consumers with practical features and reliable performance.,2022-12-05,43899,24501.38,3.3,87598,0.137,Introduction,Discontinued,88.26660988074957,65.99999999999999,8.633093525179847,44.18692908722294,63.89747034125921,62.00455271448719,Average
P0158,C004,Smartphone 158,Mobile,Smartphone,Smartphone designed for modern consumers with practical features and reliable performance.,2022-06-17,28190,13135.89,4.1,31403,0.064,Mature,Active,31.28295611259836,82.0,61.15107913669065,53.40230578219227,94.72345373573484,61.98776852710778,Average
P0372,C008,Smart Watch 372,Watches,Smart Watch,Smart Watch designed for modern consumers with practical features and reliable performance.,2023-12-18,25409,15159.92,4.0,62704,0.092,Mature,Active,63.0232416646386,80.0,41.00719424460431,40.33641623046952,51.017275715325795,61.912164788843235,Average
P0389,C008,Fitness Watch 389,Watches,Fitness Watch,Fitness Watch designed for modern consumers with practical features and reliable performance.,2023-10-02,1270,810.27,3.6,91401,0.133,Growth,Active,92.12298207187474,72.0,11.510791366906458,36.1992125984252,37.17808338685778,61.72191450656611,Average
P0272,C006,Tablet 272,Mobile,Tablet,Tablet designed for modern consumers with practical features and reliable performance.,2023-12-04,6626,3212.42,4.8,19069,0.059,Decline,Active,18.77585787296179,96.0,64.74820143884892,51.51795955327497,88.4202034742716,61.584221064447156,Average
P0005,C001,Air Purifier 5,Home Appliances,Air Purifier,Air Purifier designed for modern consumers with practical features and reliable performance.,2025-12-13,37178,20000.03,4.3,47900,0.091,Introduction,Active,48.01147886752657,86.0,41.72661870503597,46.20466404863091,70.6469138500383,61.54637842214724,Average
P0107,C003,Analog Watch 107,Watches,Analog Watch,Analog Watch designed for modern consumers with practical features and reliable performance.,2023-08-28,29889,13749.22,3.8,17724,0.023,Mature,Discontinued,17.41198182850653,76.0,90.64748201438849,53.999063200508544,96.7196428093285,61.531636464254255,Average
P0347,C007,Smartphone 347,Mobile,Smartphone,Smartphone designed for modern consumers with practical features and reliable performance.,2026-02-02,42693,30550.94,3.4,93425,0.104,Mature,Discontinued,94.17538736107731,68.0,32.37410071942445,28.440400065584527,11.224393785784779,61.51986478812966,Average
P0194,C004,Air Purifier 194,Home Appliances,Air Purifier,Air Purifier designed for modern consumers with practical features and reliable performance.,2024-10-29,38373,23735.43,3.8,38327,0.02,Decline,Active,38.30412914740002,76.0,92.80575539568345,38.145492924712684,43.688506889337546,61.32087231412733,Average
P0133,C003,Wireless Earbuds 133,Audio,Wireless Earbuds,Wireless Earbuds designed for modern consumers with practical features and reliable performance.,2024-09-21,41490,19289.89,3.3,58579,0.103,Decline,Discontinued,58.840350450231206,65.99999999999999,33.09352517985611,53.50713424921668,95.07411119562217,61.273944372895464,Average
P0166,C004,Smart Ring 166,Wearables,Smart Ring,Smart Ring designed for modern consumers with practical features and reliable performance.,2024-09-07,43126,21671.97,4.5,61399,0.147,Growth,Active,61.69992698953517,90.0,1.4388489208633115,49.74732180123359,82.49731483404322,61.25734145561645,Average
P0474,C010,Bluetooth Speaker 474,Audio,Bluetooth Speaker,Bluetooth Speaker designed for modern consumers with practical features and reliable performance.,2024-11-27,33398,19427.34,3.5,86599,0.14,Mature,Active,87.25358968118763,70.0,6.474820143884874,41.83082819330499,56.01617265418015,61.236146315319665,Average
P0328,C007,Smartphone 328,Mobile,Smartphone,Smartphone designed for modern consumers with practical features and reliable performance.,2025-10-18,6977,4628.17,4.8,52436,0.082,Mature,Active,52.61113815202402,96.0,48.20143884892085,33.665328937938945,28.702091766860054,61.159499888021585,Average
P0471,C010,Bluetooth Speaker 471,Audio,Bluetooth Speaker,Bluetooth Speaker designed for modern consumers with practical features and reliable performance.,2022-07-25,8804,5936.93,4.0,92160,0.143,Growth,Discontinued,92.8926340553257,80.0,4.316546762589935,32.56553839164016,25.02322694778925,61.12921531405037,Average
P0308,C007,Smart Watch 308,Watches,Smart Watch,Smart Watch designed for modern consumers with practical features and reliable performance.,2024-05-17,27081,16302.31,4.3,66173,0.117,Decline,Active,66.54092642167599,86.0,23.021582733812927,39.80166906687346,49.22851463361616,61.0779179893916,Average
P0188,C004,Headphones 188,Audio,Headphones,Headphones designed for modern consumers with practical features and reliable performance.,2023-12-09,40758,20097.79,4.7,42353,0.113,Decline,Active,42.386630972661635,94.0,25.899280575539553,50.68995043917758,85.65046371793866,61.06274651323027,Average
P0409,C009,Analog Watch 409,Watches,Analog Watch,Analog Watch designed for modern consumers with practical features and reliable performance.,2022-09-01,30110,20787.29,4.0,65833,0.073,Decline,Active,66.19615478218545,80.0,54.67625899280575,30.96217203586848,19.65987108136439,61.05288663453072,Average
P0171,C004,Smart Watch 171,Watches,Smart Watch,Smart Watch designed for modern consumers with practical features and reliable performance.,2022-12-08,22490,14579.72,3.7,79486,0.11,Decline,Active,80.04076417619859,74.0,28.057553956834525,35.172432192085374,33.743441830329445,60.88729452758583,Average
P0142,C003,Smart Fan 142,Home Appliances,Smart Fan,Smart Fan designed for modern consumers with practical features and reliable performance.,2025-07-03,37944,25724.63,4.0,74489,0.1,Mature,Active,74.9736351099213,80.0,35.25179856115106,32.20369491882774,23.812839000175128,60.863057850728936,Average
P0371,C008,Wireless Earbuds 371,Audio,Wireless Earbuds,Wireless Earbuds designed for modern consumers with practical features and reliable performance.,2024-08-08,30913,14379.73,3.8,26597,0.048,Decline,Active,26.409507584976065,76.0,72.66187050359711,53.483227121275846,94.99414043009544,60.82482281997537,Average
P0310,C007,Fitness Band 310,Wearables,Fitness Band,Fitness Band designed for modern consumers with practical features and reliable performance.,2022-06-26,21327,14067.35,4.4,31778,0.018,Decline,Active,31.66321895027176,88.00000000000001,94.24460431654677,34.0397149153655,29.95443513873498,60.824212766714716,Average
P0124,C003,Smart Ring 124,Wearables,Smart Ring,Smart Ring designed for modern consumers with practical features and reliable performance.,2025-02-03,7499,5158.78,3.4,86314,0.101,Growth,Discontinued,86.96458992455585,68.0,34.53237410071941,31.207094279237236,20.479150559233645,60.81595387762348,Average
P0458,C010,Headphones 458,Audio,Headphones,Headphones designed for modern consumers with practical features and reliable performance.,2025-04-24,22641,15080.64,4.0,63259,0.077,Growth,Discontinued,63.58603066439523,80.0,51.79856115107913,33.39234132767987,27.7889319667471,60.78316275776622,Average
P0049,C001,Smart Fan 49,Home Appliances,Smart Fan,Smart Fan designed for modern consumers with practical features and reliable performance.,2023-05-15,42272,26322.83,4.4,50828,0.079,Growth,Active,50.980571104080475,88.00000000000001,50.35971223021583,37.72986847085541,42.29821835995638,60.659875086464794,Average
P0056,C002,Analog Watch 56,Watches,Analog Watch,Analog Watch designed for modern consumers with practical features and reliable performance.,2025-01-23,20569,13905.52,4.7,55421,0.085,Growth,Discontinued,55.638030339904276,94.0,46.04316546762589,32.3957411638874,24.45524511737836,60.55023048009843,Average
P0130,C003,Fitness Band 130,Wearables,Fitness Band,Fitness Band designed for modern consumers with practical features and reliable performance.,2023-07-14,40911,29812.88,4.6,35554,0.014,Mature,Active,35.49221221708445,92.0,97.12230215827337,27.12747182909242,6.832570710517805,60.471620314211904,Average
P0495,C010,Tablet 495,Mobile,Tablet,Tablet designed for modern consumers with practical features and reliable performance.,2024-04-23,24613,15213.42,4.8,34279,0.058,Introduction,Active,34.19931856899489,96.0,65.46762589928056,38.18949335716898,43.835690954096165,60.43864032211875,Average
P0039,C001,Bluetooth Speaker 39,Audio,Bluetooth Speaker,Bluetooth Speaker designed for modern consumers with practical features and reliable performance.,2023-05-24,22770,15590.98,3.9,88306,0.131,Mature,Active,88.98454611827695,78.0,12.949640287769771,31.528414580588493,21.553986087028065,60.36761711200509,Average
P0097,C002,Fitness Watch 97,Watches,Fitness Watch,Fitness Watch designed for modern consumers with practical features and reliable performance.,2023-06-27,10447,5986.06,4.3,20732,0.02,Mature,Discontinued,20.462196803764098,86.0,92.80575539568345,42.70067962094381,58.92587743908525,60.36180157631691,Average
P0287,C006,Analog Watch 287,Watches,Analog Watch,Analog Watch designed for modern consumers with practical features and reliable performance.,2022-08-29,18223,10105.99,4.6,58049,0.131,Growth,Active,58.30291230631946,92.0,12.949640287769771,44.542665861822975,65.08743101998124,60.35906201776295,Average
P0340,C007,Fitness Band 340,Wearables,Fitness Band,Fitness Band designed for modern consumers with practical features and reliable performance.,2022-12-26,37903,27840.15,4.6,65017,0.086,Decline,Active,65.36870284740813,92.0,45.32374100719424,26.54895390866158,4.8973938426700805,60.2784032744322,Average
P0455,C010,Fitness Band 455,Wearables,Fitness Band,Fitness Band designed for modern consumers with practical features and reliable performance.,2022-06-09,25684,16594.5,3.8,86134,0.136,Mature,Discontinued,86.78206376247262,76.0,9.352517985611497,35.389736801121316,34.47033867800164,60.21477671568796,Average
P0044,C001,Fitness Band 44,Wearables,Fitness Band,Fitness Band designed for modern consumers with practical features and reliable performance.,2025-09-20,24869,14408.83,4.8,43779,0.097,Introduction,Active,43.832643790054355,96.0,37.41007194244603,42.06108005951184,56.78637884749984,60.1413965421332,Average
P0080,C002,Wireless Earbuds 80,Audio,Wireless Earbuds,Wireless Earbuds designed for modern consumers with practical features and reliable performance.,2024-08-20,37175,17565.91,3.2,59548,0.107,Mature,Active,59.82294962277926,64.0,30.215827338129486,52.748056489576335,92.5349509216246,60.061440473842325,Average
P0114,C003,Smart Light 114,Home Appliances,Smart Light,Smart Light designed for modern consumers with practical features and reliable performance.,2024-01-29,7489,5243.11,4.2,37166,0.015,Growth,Discontinued,37.12683540196317,84.00000000000001,96.40287769784173,29.989184136733883,16.405168662295385,59.935743229599765,Average
P0206,C005,Smartphone 206,Mobile,Smartphone,Smartphone designed for modern consumers with practical features and reliable performance.,2024-06-24,20035,9268.59,4.8,10858,0.058,Mature,Discontinued,10.449622779265027,96.0,65.46762589928056,53.73800848515099,95.84639925271357,59.92785304050591,Average
P0089,C002,Fitness Band 89,Wearables,Fitness Band,Fitness Band designed for modern consumers with practical features and reliable performance.,2025-07-14,19876,11556.6,4.4,16415,0.014,Growth,Active,16.084611016467914,88.00000000000001,97.12230215827337,41.8565103642584,56.10208104420571,59.869386444049304,Average
P0169,C004,Analog Watch 169,Watches,Analog Watch,Analog Watch designed for modern consumers with practical features and reliable performance.,2023-01-18,29636,21244.45,4.5,51178,0.057,Decline,Discontinued,51.33548308590898,90.0,66.18705035971222,28.315393440410308,10.806239186209538,59.82576502994201,Average
P0128,C003,Smart Light 128,Home Appliances,Smart Light,Smart Light designed for modern consumers with practical features and reliable performance.,2024-11-05,4371,3236.81,4.2,46590,0.025,Growth,Active,46.683094021254156,84.00000000000001,89.20863309352518,25.948066803935028,2.887390722302041,59.8139181344893,Average
P0481,C010,Bluetooth Speaker 481,Audio,Bluetooth Speaker,Bluetooth Speaker designed for modern consumers with practical features and reliable performance.,2022-01-20,46952,24367.1,3.7,46781,0.082,Mature,Active,46.87677455990914,74.0,48.20143884892085,48.10210427670813,76.99396431783398,59.796253513427466,Average
P0275,C006,Tablet 275,Mobile,Tablet,Tablet designed for modern consumers with practical features and reliable performance.,2025-09-08,31281,16252.25,3.9,24676,0.036,Decline,Discontinued,24.461547821854467,78.0,81.29496402877699,48.04434001470541,76.80073942424261,59.74064545704084,Average
P0300,C006,Smart Watch 300,Watches,Smart Watch,Smart Watch designed for modern consumers with practical features and reliable performance.,2023-09-05,26104,12446.37,4.6,14026,0.054,Growth,Discontinued,13.66208323192991,92.0,68.34532374100719,52.32006589028501,91.10329689993405,59.71628841436702,Average
P0235,C005,Smartphone 235,Mobile,Smartphone,Smartphone designed for modern consumers with practical features and reliable performance.,2022-04-16,30477,21460.08,3.4,95472,0.126,Mature,Discontinued,96.25111543765718,68.0,16.546762589928043,29.585982872329947,15.056436440862445,59.65570838729498,Average
P0391,C008,Smart Light 391,Home Appliances,Smart Light,Smart Light designed for modern consumers with practical features and reliable performance.,2022-12-04,9768,5399.94,4.7,47587,0.115,Decline,Active,47.694086152348504,94.0,24.460431654676242,44.71805896805897,65.67413139689451,59.636136193791394,Average
P0264,C006,Tablet 264,Mobile,Tablet,Tablet designed for modern consumers with practical features and reliable performance.,2023-10-30,49160,32371.24,4.0,75981,0.119,Decline,Active,76.48657418674455,80.0,21.582733812949627,34.15126118795769,30.327564057981384,59.63598233664772,Average
P0175,C004,Fitness Band 175,Wearables,Fitness Band,Fitness Band designed for modern consumers with practical features and reliable performance.,2022-08-21,35698,19993.91,3.7,37028,0.045,Introduction,Active,36.98689867769936,74.0,74.82014388489209,43.99151212953107,63.243788989731044,59.59601166263285,Average
P0249,C005,Smart Light 249,Home Appliances,Smart Light,Smart Light designed for modern consumers with practical features and reliable performance.,2024-06-07,32195,15029.74,3.2,22963,0.022,Mature,Active,22.724507179362373,64.0,91.36690647482014,53.31653983537817,94.43656154024312,59.592443038777326,Average
P0344,C007,Smartphone 344,Mobile,Smartphone,Smartphone designed for modern consumers with practical features and reliable performance.,2023-04-03,47345,35064.79,4.4,80940,0.12,Growth,Discontinued,81.51516995213758,88.00000000000001,20.863309352517977,25.93771253564262,2.8527550787457763,59.530884615563615,Average
P0087,C002,Tablet 87,Mobile,Tablet,Tablet designed for modern consumers with practical features and reliable performance.,2024-04-07,37051,17080.85,3.3,33582,0.055,Introduction,Discontinued,33.49253670803926,65.99999999999999,67.62589928057554,53.89908504493807,96.38520992986649,59.50534919340882,Average
P0119,C003,Wireless Earbuds 119,Audio,Wireless Earbuds,Wireless Earbuds designed for modern consumers with practical features and reliable performance.,2023-06-28,24477,16815.59,3.6,42937,0.012,Introduction,Active,42.978826965198344,72.0,98.56115107913669,31.30044531601095,20.79141533198184,59.47353195344403,Average
P0172,C004,Air Purifier 172,Home Appliances,Air Purifier,Air Purifier designed for modern consumers with practical features and reliable performance.,2022-04-28,48632,34577.89,3.8,57508,0.048,Introduction,Discontinued,57.754319785835975,76.0,72.66187050359711,28.898893732521795,12.758082383799007,59.46009838333187,Average
P0035,C001,Smartphone 35,Mobile,Smartphone,Smartphone designed for modern consumers with practical features and reliable performance.,2024-06-23,1232,677.68,3.4,34835,0.033,Decline,Active,34.763121602985315,68.0,83.45323741007194,44.993506493506494,66.59551975968711,59.24706800701231,Average
P0349,C007,Smart Fan 349,Home Appliances,Smart Fan,Smart Fan designed for modern consumers with practical features and reliable performance.,2024-02-15,49010,28224.66,3.5,54766,0.079,Mature,Discontinued,54.97383791676806,70.0,50.35971223021583,42.41040603958376,57.954895037058805,59.00601997247081,Average
P0071,C002,Smart Watch 71,Watches,Smart Watch,Smart Watch designed for modern consumers with practical features and reliable performance.,2024-01-26,20283,10475.74,4.4,40635,0.103,Decline,Active,40.64452015900057,88.00000000000001,33.09352517985611,48.35211753685352,77.83027354975584,58.9188281240848,Average
P0486,C010,Tablet 486,Mobile,Tablet,Tablet designed for modern consumers with practical features and reliable performance.,2024-10-02,33266,23932.77,4.7,75803,0.132,Growth,Active,76.30607609312891,94.0,12.230215827338109,28.056363854987072,9.939769809727785,58.84413526952191,Average
P0315,C007,Bluetooth Speaker 315,Audio,Bluetooth Speaker,Bluetooth Speaker designed for modern consumers with practical features and reliable performance.,2024-08-24,34346,15482.17,4.7,2110,0.044,Mature,Discontinued,1.5788513020199562,94.0,75.53956834532374,54.92293134571712,99.81003672870364,58.832017134077276,Average
P0352,C008,Smart Ring 352,Wearables,Smart Ring,Smart Ring designed for modern consumers with practical features and reliable performance.,2024-06-08,47170,21665.08,4.8,22126,0.095,Growth,Active,21.875760525675346,96.0,38.848920863309345,54.07021411914352,96.95764686591156,58.76994738653497,Average
P0323,C007,Smart Watch 323,Watches,Smart Watch,Smart Watch designed for modern consumers with practical features and reliable performance.,2022-06-23,35062,20122.68,4.7,60591,0.146,Introduction,Active,60.88058732862821,94.0,2.1582733812949617,42.60829387941361,58.61684163636532,58.73238648673366,Average
P0403,C009,Smart Watch 403,Watches,Smart Watch,Smart Watch designed for modern consumers with practical features and reliable performance.,2025-04-24,46624,31141.26,4.9,21392,0.025,Decline,Discontinued,21.13145939806928,98.00000000000001,89.20863309352518,33.207661290322584,27.17116625262554,58.71341234592311,Average
P0327,C007,Smart Fan 327,Home Appliances,Smart Fan,Smart Fan designed for modern consumers with practical features and reliable performance.,2025-11-28,8858,4226.38,4.6,40374,0.126,Introduction,Active,40.37985722397988,92.0,16.546762589928043,52.287423797696995,90.99410715789907,58.69141862006342,Average
P0073,C002,Smartphone 73,Mobile,Smartphone,Smartphone designed for modern consumers with practical features and reliable performance.,2024-09-18,49685,30345.57,4.5,24767,0.037,Mature,Active,24.55382493712988,90.0,80.57553956834532,38.92408171480326,46.2929327211713,58.65288654984022,Average
P0246,C005,Fitness Watch 246,Watches,Fitness Watch,Fitness Watch designed for modern consumers with practical features and reliable performance.,2022-07-17,46734,30480.38,4.6,23996,0.025,Growth,Active,23.77200454287337,92.0,89.20863309352518,34.77900457910729,32.42740305448524,58.6260386668835,Average
P0082,C002,Fitness Watch 82,Watches,Fitness Watch,Fitness Watch designed for modern consumers with practical features and reliable performance.,2022-12-06,15733,10136.62,4.7,19143,0.02,Mature,Active,18.850896406262677,94.0,92.80575539568345,35.570965486556915,35.07655941457664,58.620448733515126,Average
P0125,C003,Air Purifier 125,Home Appliances,Air Purifier,Air Purifier designed for modern consumers with practical features and reliable performance.,2023-10-03,28119,15512.68,4.0,55024,0.112,Decline,Active,55.23545874908737,80.0,26.618705035971214,44.832035278637214,66.05538893780074,58.56445991004493,Average
P0422,C009,Tablet 422,Mobile,Tablet,Tablet designed for modern consumers with practical features and reliable performance.,2025-01-13,10596,7436.43,4.4,39184,0.039,Introduction,Active,39.17315648576296,88.00000000000001,79.13669064748201,29.81851642129105,15.834274998763883,58.31308414932802,Average
P0261,C006,Analog Watch 261,Watches,Analog Watch,Analog Watch designed for modern consumers with practical features and reliable performance.,2023-02-05,17495,12828.5,4.4,65485,0.093,Decline,Active,65.84327086882453,88.00000000000001,40.28776978417265,26.673335238639613,5.313456792606646,58.29971727981411,Average
P0241,C005,Wireless Earbuds 241,Audio,Wireless Earbuds,Wireless Earbuds designed for modern consumers with practical features and reliable performance.,2025-09-02,22618,11738.87,4.2,32708,0.08,Mature,Active,32.60627078770179,84.00000000000001,49.640287769784166,48.09943407905208,76.98503234778762,58.0880071818206,Average
P0468,C010,Fitness Band 468,Wearables,Fitness Band,Fitness Band designed for modern consumers with practical features and reliable performance.,2022-08-07,25577,16532.05,4.4,41905,0.067,Growth,Discontinued,41.93234363592115,88.00000000000001,58.99280575539567,35.36360792899871,34.38293604598471,58.03232183054924,Average
P0040,C001,Analog Watch 40,Watches,Analog Watch,Analog Watch designed for modern consumers with practical features and reliable performance.,2023-04-12,3537,2502.7,3.6,60832,0.059,Growth,Active,61.12496957897299,72.0,64.74820143884892,29.242295730845353,13.906782501910342,58.02939701569688,Average
P0362,C008,Bluetooth Speaker 362,Audio,Bluetooth Speaker,Bluetooth Speaker designed for modern consumers with practical features and reliable performance.,2025-02-13,17900,9772.05,4.4,9283,0.022,Decline,Active,8.852518861036748,88.00000000000001,91.36690647482014,45.40754189944135,67.9804928292134,57.9688368207089,Average
P0276,C006,Fitness Watch 276,Watches,Fitness Watch,Fitness Watch designed for modern consumers with practical features and reliable performance.,2025-12-14,41246,29487.97,4.0,56802,0.064,Growth,Active,57.03841161677619,80.0,61.15107913669065,28.50707947437327,11.447440375860403,57.91077594958885,Average
P0434,C009,Analog Watch 434,Watches,Analog Watch,Analog Watch designed for modern consumers with practical features and reliable performance.,2025-01-06,43698,22187.82,4.1,13077,0.033,Introduction,Active,12.69976474405776,82.0,83.45323741007194,49.224632706302344,80.74888870951813,57.847898448862324,Average
P0101,C003,Bluetooth Speaker 101,Audio,Bluetooth Speaker,Bluetooth Speaker designed for modern consumers with practical features and reliable performance.,2025-06-02,28004,17356.27,4.5,22780,0.035,Decline,Active,22.538938914577756,90.0,82.01438848920863,38.02217540351378,43.27600244306781,57.78290668440411,Average
P0004,C001,Headphones 4,Audio,Headphones,Headphones designed for modern consumers with practical features and reliable performance.,2022-03-30,7698,3678.29,3.4,45582,0.095,Decline,Active,45.660947513588056,68.0,38.848920863309345,52.21758898415173,90.76050555115435,57.765191635090844,Average
P0108,C003,Wireless Earbuds 108,Audio,Wireless Earbuds,Wireless Earbuds designed for modern consumers with practical features and reliable performance.,2023-07-13,9661,6627.0,4.7,48453,0.084,Growth,Active,48.57223979881561,94.0,46.762589928057544,31.404616499327194,21.13987413875448,57.72378303601014,Average
P0380,C008,Fitness Band 380,Wearables,Fitness Band,Fitness Band designed for modern consumers with practical features and reliable performance.,2024-09-01,23489,15689.83,3.6,70575,0.099,Mature,Active,71.00470511884481,72.0,35.97122302158272,33.20349951040913,27.157244851173377,57.71947812358823,Average
P0021,C001,Wireless Earbuds 21,Audio,Wireless Earbuds,Wireless Earbuds designed for modern consumers with practical features and reliable performance.,2026-02-02,7352,4761.85,3.8,54383,0.075,Introduction,Active,54.5854628052243,76.0,53.237410071942435,35.23054951033732,33.93784771808267,57.64307115392939,Average
P0363,C008,Tablet 363,Mobile,Tablet,Tablet designed for modern consumers with practical features and reliable performance.,2022-08-19,1810,1241.6,4.3,68993,0.119,Decline,Active,69.40050296097996,86.0,21.582733812949627,31.40331491712708,21.13552026884603,57.57705083925981,Average
P0417,C009,Smart Light 417,Home Appliances,Smart Light,Smart Light designed for modern consumers with practical features and reliable performance.,2025-06-01,40357,25499.5,3.7,50918,0.069,Growth,Active,51.071834185122086,74.0,57.55395683453237,36.81517456698962,39.238512823774954,57.47171025526544,Average
P0032,C001,Smartphone 32,Mobile,Smartphone,Smartphone designed for modern consumers with practical features and reliable performance.,2025-09-01,29716,20804.87,4.4,80673,0.148,Introduction,Active,81.24442281171412,88.00000000000001,0.7194244604316502,29.98764975097591,16.400036050633197,57.43943828378124,Average
P0009,C001,Wireless Earbuds 9,Audio,Wireless Earbuds,Wireless Earbuds designed for modern consumers with practical features and reliable performance.,2023-10-07,21673,12361.18,3.3,74841,0.133,Growth,Discontinued,75.3305751602174,65.99999999999999,11.510791366906458,42.9650717482582,59.810284837284456,57.43940230505005,Average
P0359,C008,Smart Light 359,Home Appliances,Smart Light,Smart Light designed for modern consumers with practical features and reliable performance.,2023-04-28,28435,21033.04,4.4,62736,0.09,Decline,Active,63.055690760120065,88.00000000000001,42.446043165467614,26.031158783189728,3.165338337196369,57.433501149715006,Average
P0325,C007,Tablet 325,Mobile,Tablet,Tablet designed for modern consumers with practical features and reliable performance.,2025-04-12,30671,16304.3,3.3,27069,0.029,Introduction,Active,26.888131743327655,65.99999999999999,86.33093525179856,46.84131590101399,72.77655217945532,57.39351598744268,Average
P0248,C005,Headphones 248,Audio,Headphones,Headphones designed for modern consumers with practical features and reliable performance.,2022-07-11,45829,32007.83,3.3,85682,0.116,Decline,Discontinued,86.32372028879695,65.99999999999999,23.741007194244588,30.158131314233344,16.970307024027786,57.30704959353201,Average
P0174,C004,Tablet 174,Mobile,Tablet,Tablet designed for modern consumers with practical features and reliable performance.,2024-02-01,38174,17549.18,3.5,59472,0.143,Decline,Active,59.74588302101079,70.0,4.316546762589935,54.028448682349236,96.81793899463304,57.297059259066714,Average
P0333,C007,Smart Light 333,Home Appliances,Smart Light,Smart Light designed for modern consumers with practical features and reliable performance.,2024-07-02,28961,14533.85,3.6,25030,0.048,Growth,Active,24.820515940618154,72.0,72.66187050359711,49.81578674769517,82.72633415388074,57.228504803017884,Average
P0427,C009,Analog Watch 427,Watches,Analog Watch,Analog Watch designed for modern consumers with practical features and reliable performance.,2022-01-12,19291,11902.15,3.4,77044,0.128,Mature,Discontinued,77.5644925772694,68.0,15.107913669064732,38.30205795448655,44.21222623014316,57.20098907037871,Average
P0402,C009,Wireless Earbuds 402,Audio,Wireless Earbuds,Wireless Earbuds designed for modern consumers with practical features and reliable performance.,2024-09-06,27265,15543.1,4.0,51056,0.107,Decline,Active,51.2117709093859,80.0,30.215827338129486,42.992481203007515,59.90197109438725,56.95258095006905,Average
P0320,C007,Smart Ring 320,Wearables,Smart Ring,Smart Ring designed for modern consumers with practical features and reliable performance.,2024-04-19,13807,9247.09,4.1,32629,0.031,Introduction,Active,32.52616208323193,82.0,84.89208633093526,33.026073730716305,26.563745060595245,56.94713575440751,Average
P0303,C007,Fitness Watch 303,Watches,Fitness Watch,Fitness Watch designed for modern consumers with practical features and reliable performance.,2023-05-23,48841,27605.4,4.8,41722,0.121,Mature,Active,41.74677537113653,96.0,20.143884892086316,43.479044245613316,61.52955342424684,56.66958137195207,Average
P0029,C001,Smart Light 29,Home Appliances,Smart Light,Smart Light designed for modern consumers with practical features and reliable performance.,2026-01-06,39251,24318.67,3.7,34679,0.039,Mature,Active,34.60493226251318,74.0,79.13669064748201,38.04318361315636,43.34627615439025,56.64100584453455,Average
P0041,C001,Headphones 41,Audio,Headphones,Headphones designed for modern consumers with practical features and reliable performance.,2024-11-09,22512,12011.97,3.3,37085,0.059,Decline,Active,37.04469862902572,65.99999999999999,64.74820143884892,46.64192430703625,72.10957543304502,56.531721122885536,Average
P0476,C010,Wireless Earbuds 476,Audio,Wireless Earbuds,Wireless Earbuds designed for modern consumers with practical features and reliable performance.,2023-02-15,19083,13050.9,3.8,52292,0.067,Introduction,Active,52.46511722235743,76.0,58.99280575539567,31.60980977833674,21.826257866818384,56.235290858926994,Average
P0257,C006,Analog Watch 257,Watches,Analog Watch,Analog Watch designed for modern consumers with practical features and reliable performance.,2024-06-01,30146,16820.72,3.7,17867,0.022,Decline,Discontinued,17.55698872393932,74.0,91.36690647482014,44.202481257878325,63.9494932775145,56.21075133996996,Average
P0134,C003,Smartphone 134,Mobile,Smartphone,Smartphone designed for modern consumers with practical features and reliable performance.,2025-04-29,34577,16740.29,3.9,37625,0.105,Decline,Active,37.592277115275415,78.0,31.654676258992797,51.58547589438065,88.64604965274803,56.185139690057156,Average
P0162,C004,Smart Light 162,Home Appliances,Smart Light,Smart Light designed for modern consumers with practical features and reliable performance.,2023-08-20,36130,16436.64,4.1,32211,0.111,Decline,Active,32.10229577350531,82.0,27.338129496402864,54.50694713534459,98.41854479237207,56.066211138863245,Average
P0462,C010,Smart Ring 462,Wearables,Smart Ring,Smart Ring designed for modern consumers with practical features and reliable performance.,2022-05-21,11991,8001.07,3.8,59937,0.094,Growth,Discontinued,60.2174089397258,76.0,39.56834532374099,33.27437244600117,27.394319037936754,55.898910049342746,Average
P0061,C002,Wireless Earbuds 61,Audio,Wireless Earbuds,Wireless Earbuds designed for modern consumers with practical features and reliable performance.,2025-03-01,2335,1486.0,3.6,62570,0.104,Growth,Discontinued,62.88736107730997,72.0,32.37410071942445,36.359743040685224,37.715067268386655,55.742656611201376,Average
P0418,C009,Smart Fan 418,Home Appliances,Smart Fan,Smart Fan designed for modern consumers with practical features and reliable performance.,2024-11-15,20278,11879.94,3.4,54599,0.094,Mature,Active,54.80449419972418,68.0,39.56834532374099,41.4146365519282,54.62398684879639,55.68884006197112,Average
P0201,C005,Fitness Band 201,Wearables,Fitness Band,Fitness Band designed for modern consumers with practical features and reliable performance.,2023-02-22,13503,6153.06,3.7,20348,0.068,Decline,Discontinued,20.072807657986534,74.0,58.273381294964025,54.43190402132859,98.16752111063917,55.60528710588397,Average
P0451,C010,Bluetooth Speaker 451,Audio,Bluetooth Speaker,Bluetooth Speaker designed for modern consumers with practical features and reliable performance.,2024-03-23,49052,34687.08,3.4,66183,0.081,Mature,Active,66.55106676401395,68.0,48.920863309352505,29.28508521568947,14.049915874850269,55.58453341050293,Average
P0118,C003,Bluetooth Speaker 118,Audio,Bluetooth Speaker,Bluetooth Speaker designed for modern consumers with practical features and reliable performance.,2022-12-24,1185,631.82,4.9,17538,0.086,Introduction,Active,17.223371461020523,98.00000000000001,45.32374100719424,46.68185654008438,72.24315112871008,55.32940088210254,Average
P0147,C003,Fitness Band 147,Wearables,Fitness Band,Fitness Band designed for modern consumers with practical features and reliable performance.,2025-10-22,24848,13960.99,3.7,54078,0.118,Introduction,Active,54.276182363916604,74.0,22.302158273381288,43.81443174500966,62.65144456655361,55.05481216703011,Average
P0053,C002,Tablet 53,Mobile,Tablet,Tablet designed for modern consumers with practical features and reliable performance.,2025-01-11,6077,4035.51,3.6,44520,0.055,Introduction,Active,44.584043157296996,72.0,67.62589928057554,33.59371400362021,28.462535550204144,54.99897529369968,Average
P0353,C008,Analog Watch 353,Watches,Analog Watch,Analog Watch designed for modern consumers with practical features and reliable performance.,2026-02-03,14470,10741.36,3.9,73128,0.111,Mature,Active,73.59353451772532,78.0,27.338129496402864,25.768071872840352,2.2852969674104813,54.96815752559601,Average
P0490,C010,Smart Light 490,Home Appliances,Smart Light,Smart Light designed for modern consumers with practical features and reliable performance.,2024-02-02,23485,13146.37,4.0,28094,0.069,Mature,Discontinued,27.92751683296828,80.0,57.55395683453237,44.02226953374494,63.346674337008444,54.78742340899664,Average
P0045,C001,Smart Ring 45,Wearables,Smart Ring,Smart Ring designed for modern consumers with practical features and reliable performance.,2023-01-28,44705,25594.41,3.9,39252,0.088,Decline,Discontinued,39.24211081366107,78.0,43.88489208633093,42.74821608321217,59.0848897339724,54.77445066214342,Average
P0240,C005,Tablet 240,Mobile,Tablet,Tablet designed for modern consumers with practical features and reliable performance.,2025-02-07,3996,2472.55,3.6,19626,0.012,Decline,Active,19.340674941186016,72.0,98.56115107913669,38.12437437437437,43.617864081822184,54.624146057515766,Average
P0143,C003,Headphones 143,Audio,Headphones,Headphones designed for modern consumers with practical features and reliable performance.,2023-12-22,5475,3233.95,4.3,36502,0.093,Introduction,Active,36.4535166707228,86.0,40.28776978417265,40.932420091324204,53.010944094370934,54.56792640574315,Average
P0435,C009,Bluetooth Speaker 435,Audio,Bluetooth Speaker,Bluetooth Speaker designed for modern consumers with practical features and reliable performance.,2023-02-26,42255,28821.07,4.7,56101,0.127,Decline,Active,56.327573618885374,94.0,15.827338129496393,31.792521595077506,22.4374397658611,54.44573435738833,Average
P0120,C003,Smart Light 120,Home Appliances,Smart Light,Smart Light designed for modern consumers with practical features and reliable performance.,2022-08-12,8448,5691.41,4.0,47953,0.082,Decline,Active,48.06522268191774,80.0,48.20143884892085,32.63008996212121,25.239155792111205,54.248989077272064,Average
P0213,C005,Wireless Earbuds 213,Audio,Wireless Earbuds,Wireless Earbuds designed for modern consumers with practical features and reliable performance.,2022-01-29,22671,11307.12,4.0,34220,0.111,Mature,Active,34.13949054920094,80.0,27.338129496402864,50.12518195050946,83.76127951748047,53.98063951912297,Average
P0091,C002,Tablet 91,Mobile,Tablet,Tablet designed for modern consumers with practical features and reliable performance.,2022-10-24,28229,19772.08,4.9,32446,0.074,Decline,Active,32.34059381844731,98.00000000000001,53.956834532374096,29.958269864323917,16.301758581567796,53.95583853016655,Average
P0330,C007,Smart Watch 330,Watches,Smart Watch,Smart Watch designed for modern consumers with practical features and reliable performance.,2024-03-31,5041,3524.22,4.9,17633,0.038,Mature,Active,17.31970471323112,98.00000000000001,79.85611510791367,30.088871255703236,16.738628007008867,53.943913872264964,Average
P0244,C005,Air Purifier 244,Home Appliances,Air Purifier,Air Purifier designed for modern consumers with practical features and reliable performance.,2024-07-22,42333,21989.03,4.4,1698,0.041,Mature,Active,1.161069197696114,88.00000000000001,77.6978417266187,48.057000448822436,76.84308932970781,53.872405963973556,Average
P0412,C009,Air Purifier 412,Home Appliances,Air Purifier,Air Purifier designed for modern consumers with practical features and reliable performance.,2025-07-21,7385,5005.52,3.6,45242,0.06,Mature,Active,45.31617587409751,72.0,64.02877697841727,32.220446851726464,23.86887521252478,53.8467482334963,Average
P0414,C009,Wireless Earbuds 414,Audio,Wireless Earbuds,Wireless Earbuds designed for modern consumers with practical features and reliable performance.,2022-08-09,26748,13766.58,4.6,25479,0.11,Decline,Active,25.27581731159244,92.0,28.057553956834525,48.53230148048453,78.4329995628284,53.82299678484851,Average
P0368,C008,Headphones 368,Audio,Headphones,Headphones designed for modern consumers with practical features and reliable performance.,2025-05-23,49740,28995.1,4.6,35813,0.112,Introduction,Active,35.75484708363754,92.0,26.618705035971214,41.70667470848412,55.60087185985195,53.77806826544517,Average
P0214,C005,Fitness Band 214,Wearables,Fitness Band,Fitness Band designed for modern consumers with practical features and reliable performance.,2024-11-21,12501,7916.71,4.3,53648,0.126,Mature,Active,53.84014764338444,86.0,16.546762589928043,36.67138628909687,38.757532478276794,53.767034064911684,Average
P0083,C002,Air Purifier 83,Home Appliances,Air Purifier,Air Purifier designed for modern consumers with practical features and reliable performance.,2024-10-08,31716,20824.83,4.4,36183,0.08,Decline,Active,36.13003975014196,88.00000000000001,49.640287769784166,34.33967082860385,30.957805517029747,53.61724229406098,Average
P0151,C004,Smart Ring 151,Wearables,Smart Ring,Smart Ring designed for modern consumers with practical features and reliable performance.,2024-09-22,2194,1225.96,3.5,28574,0.058,Growth,Active,28.414253265190233,70.0,65.46762589928056,44.12215132178669,63.68078486135265,53.590631551875596,Average
P0355,C008,Analog Watch 355,Watches,Analog Watch,Analog Watch designed for modern consumers with practical features and reliable performance.,2022-12-16,44386,28297.29,4.0,13212,0.014,Mature,Active,12.836659365620184,80.0,97.12230215827337,36.24726265038525,37.33881366982417,53.51811326009536,Average
P0279,C006,Tablet 279,Mobile,Tablet,Tablet designed for modern consumers with practical features and reliable performance.,2025-04-23,41459,20802.4,4.3,39486,0.139,Introduction,Active,39.479394824369265,86.0,7.194244604316536,49.82416363153959,82.75435532879662,53.46979040871204,Average
P0296,C006,Headphones 296,Audio,Headphones,Headphones designed for modern consumers with practical features and reliable performance.,2022-09-28,30918,13919.37,4.8,27018,0.149,Mature,Active,26.836415997404075,96.0,0.0,54.979720551135244,100.0,53.192745599091424,Average
P0361,C008,Air Purifier 361,Home Appliances,Air Purifier,Air Purifier designed for modern consumers with practical features and reliable performance.,2022-06-10,11955,8866.42,4.6,17039,0.016,Decline,Active,16.717368378356454,92.0,95.68345323741008,25.835048097030533,2.5093364226655526,52.96417004330661,Average
P0209,C005,Wireless Earbuds 209,Audio,Wireless Earbuds,Wireless Earbuds designed for modern consumers with practical features and reliable performance.,2024-09-01,37067,27554.61,3.5,86075,0.141,Decline,Active,86.72223574267868,70.0,5.755395683453246,25.662691882267247,1.9327946284350301,52.79378084089343,Average
P0077,C002,Fitness Watch 77,Watches,Fitness Watch,Fitness Watch designed for modern consumers with practical features and reliable performance.,2022-06-24,42251,27713.92,3.5,74272,0.143,Growth,Active,74.75358968118763,70.0,4.316546762589935,34.40647558637666,31.1812714069158,52.70425645197103,Average
P0144,C003,Smart Fan 144,Home Appliances,Smart Fan,Smart Fan designed for modern consumers with practical features and reliable performance.,2022-07-04,3464,1617.92,4.6,10557,0.1,Decline,Discontinued,10.144398474892512,92.0,35.25179856115106,53.2933025404157,94.35883140588663,52.354723889325584,Average
P0267,C006,Smartphone 267,Mobile,Smartphone,Smartphone designed for modern consumers with practical features and reliable performance.,2024-09-08,47873,27619.77,3.8,59360,0.149,Decline,Discontinued,59.63231118682567,76.0,0.0,42.30616422618177,57.60619996844658,52.31223891065597,Average
P0159,C004,Analog Watch 159,Watches,Analog Watch,Analog Watch designed for modern consumers with practical features and reliable performance.,2023-08-11,7493,5258.23,4.3,19642,0.029,Decline,Active,19.356899488926746,86.0,86.33093525179856,29.824769785132798,15.855192872913351,52.21938080242107,Average
P0446,C009,Tablet 446,Mobile,Tablet,Tablet designed for modern consumers with practical features and reliable performance.,2024-05-27,46446,29040.41,4.2,48274,0.123,Growth,Active,48.39072767096617,84.00000000000001,18.705035971223005,37.47489557766008,41.44531886036552,52.094559708137595,Average
P0180,C004,Smart Light 180,Home Appliances,Smart Light,Smart Light designed for modern consumers with practical features and reliable performance.,2026-01-08,9504,6021.59,3.3,41039,0.066,Decline,Discontinued,41.054189989454045,65.99999999999999,59.71223021582733,36.641519360269356,38.65762582415341,51.910056413097394,Average
P0170,C004,Tablet 170,Mobile,Tablet,Tablet designed for modern consumers with practical features and reliable performance.,2023-01-05,6414,4285.35,3.3,79464,0.149,Mature,Active,80.01845542305507,65.99999999999999,0.0,33.18755846585593,27.103921108590413,51.87204756435783,Average
P0459,C010,Smart Watch 459,Watches,Smart Watch,Smart Watch designed for modern consumers with practical features and reliable performance.,2022-03-22,3827,1868.97,4.2,18158,0.098,Growth,Active,17.85207268597388,84.00000000000001,36.69064748201437,51.16357460151555,87.23476472339,51.87156964500224,Average
P0109,C003,Smart Fan 109,Home Appliances,Smart Fan,Smart Fan designed for modern consumers with practical features and reliable performance.,2022-10-16,49926,35503.33,4.6,61885,0.145,Growth,Discontinued,62.192747627159896,92.0,2.877697841726623,28.888094379681927,12.721957905947267,51.851294923743374,Average
P0335,C007,Headphones 335,Audio,Headphones,Headphones designed for modern consumers with practical features and reliable performance.,2025-01-18,14071,9044.78,4.6,33156,0.098,Introduction,Discontinued,33.06055812444228,92.0,36.69064748201437,35.72041788074763,35.576486566127876,51.845797824876854,Average
P0461,C010,Headphones 461,Audio,Headphones,Headphones designed for modern consumers with practical features and reliable performance.,2024-04-21,40749,30473.44,4.7,22856,0.041,Growth,Active,22.61600551634623,94.0,77.6978417266187,25.21671697464969,0.4409820252588138,51.72131757983375,Average
P0369,C008,Air Purifier 369,Home Appliances,Air Purifier,Air Purifier designed for modern consumers with practical features and reliable performance.,2024-11-21,27684,18611.49,4.5,49509,0.125,Growth,Active,49.6430599497039,90.0,17.266187050359704,32.77167316861724,25.712760042577255,51.6852223988549,Average
P0305,C007,Fitness Band 305,Wearables,Fitness Band,Fitness Band designed for modern consumers with practical features and reliable performance.,2022-08-19,26673,14367.75,3.3,31870,0.079,Growth,Discontinued,31.75651009978097,65.99999999999999,50.35971223021583,46.1337307389495,70.40963770835351,51.54816663721952,Average
P0499,C010,Tablet 499,Mobile,Tablet,Tablet designed for modern consumers with practical features and reliable performance.,2024-01-14,47558,25217.24,4.3,36053,0.134,Decline,Discontinued,35.99821529974852,86.0,10.791366906474797,46.975818999957944,73.22647304886647,51.541619693536916,Average
P0164,C004,Smart Fan 164,Home Appliances,Smart Fan,Smart Fan designed for modern consumers with practical features and reliable performance.,2024-01-02,3853,2468.62,4.9,33746,0.115,Introduction,Active,33.65883832238176,98.00000000000001,24.460431654676242,35.92992473397353,36.277299456619474,51.51427466226178,Average
P0036,C001,Smart Watch 36,Watches,Smart Watch,Smart Watch designed for modern consumers with practical features and reliable performance.,2022-10-31,46286,33380.47,4.1,48893,0.092,Decline,Active,49.018414861685734,82.0,41.00719424460431,27.88214578922352,9.357000013114197,51.361434052477996,Average
P0385,C008,Tablet 385,Mobile,Tablet,Tablet designed for modern consumers with practical features and reliable performance.,2026-01-05,38316,27505.28,4.9,19272,0.054,Growth,Active,18.981706822422325,98.00000000000001,68.34532374100719,28.214636183317676,10.469200165796417,51.283042160918725,Average
P0324,C007,Air Purifier 324,Home Appliances,Air Purifier,Air Purifier designed for modern consumers with practical features and reliable performance.,2023-06-19,39790,24683.58,3.9,17632,0.043,Mature,Discontinued,17.318690678997324,78.0,76.2589928057554,37.96536818296054,43.08597891007253,51.17623713531102,Average
P0407,C009,Fitness Band 407,Wearables,Fitness Band,Fitness Band designed for modern consumers with practical features and reliable performance.,2022-12-05,1763,1133.64,3.5,62010,0.129,Introduction,Discontinued,62.31950190638435,70.0,14.388489208633082,35.69824163357912,35.502305699778546,51.01486936392792,Average
P0498,C010,Tablet 498,Mobile,Tablet,Tablet designed for modern consumers with practical features and reliable performance.,2023-12-05,42371,26850.21,3.9,9851,0.021,Growth,Active,9.428490305832725,78.0,92.0863309352518,36.63069080267164,38.621403654648866,50.910448342289136,Average
P0395,C008,Analog Watch 395,Watches,Analog Watch,Analog Watch designed for modern consumers with practical features and reliable performance.,2025-12-06,28582,18535.41,4.3,35886,0.097,Growth,Discontinued,35.82887158270463,86.0,37.41007194244603,35.150059477993146,33.66860377042975,50.87241000800029,Average
P0023,C001,Air Purifier 23,Home Appliances,Air Purifier,Air Purifier designed for modern consumers with practical features and reliable performance.,2025-02-01,19254,11336.53,4.7,10380,0.072,Introduction,Active,9.964914415510668,94.0,55.39568345323741,41.12116962709047,53.64232252282108,50.813205114499375,Average
P0319,C007,Smart Ring 319,Wearables,Smart Ring,Smart Ring designed for modern consumers with practical features and reliable performance.,2023-05-12,1522,853.35,3.7,40334,0.114,Decline,Active,40.339295854628055,74.0,25.179856115107903,43.932325886990796,63.04580748662833,50.81159589513565,Average
P0433,C009,Smart Fan 433,Home Appliances,Smart Fan,Smart Fan designed for modern consumers with practical features and reliable performance.,2024-02-07,36404,24288.48,3.2,68246,0.125,Decline,Discontinued,68.64301938833455,64.0,17.266187050359704,33.280738380397764,27.41561346729055,50.79063621608262,Average
P0289,C006,Smart Ring 289,Wearables,Smart Ring,Smart Ring designed for modern consumers with practical features and reliable performance.,2023-08-23,35883,19173.2,4.1,42921,0.147,Mature,Active,42.96260241745761,82.0,1.4388489208633115,46.56745534096926,71.86047231036554,50.70375147683765,Average
P0070,C002,Smart Watch 70,Watches,Smart Watch,Smart Watch designed for modern consumers with practical features and reliable performance.,2025-08-15,48190,27561.23,4.1,31999,0.107,Decline,Discontinued,31.88732051594062,82.0,30.215827338129486,42.807159161651796,59.28205783868927,50.6960363240085,Average
P0106,C003,Bluetooth Speaker 106,Audio,Bluetooth Speaker,Bluetooth Speaker designed for modern consumers with practical features and reliable performance.,2026-01-16,24089,12422.73,3.5,33350,0.105,Growth,Active,33.257280765798654,70.0,31.654676258992797,48.42986425339367,78.09034094280662,50.68453466124908,Average
P0190,C004,Smart Light 190,Home Appliances,Smart Light,Smart Light designed for modern consumers with practical features and reliable performance.,2025-03-29,28402,14896.31,4.7,21432,0.124,Mature,Active,21.172020767421106,94.0,17.985611510791355,47.55189775367932,75.15349075893138,50.48035318459536,Average
P0228,C005,Fitness Watch 228,Watches,Fitness Watch,Fitness Watch designed for modern consumers with practical features and reliable performance.,2022-05-18,28475,18066.73,4.8,2550,0.044,Introduction,Active,2.025026364890079,96.0,75.53956834532374,36.552309043020195,38.359212004603336,50.37055469746678,Average
P0260,C006,Headphones 260,Audio,Headphones,Headphones designed for modern consumers with practical features and reliable performance.,2024-05-12,20734,10999.84,3.4,22416,0.071,Mature,Discontinued,22.16983045347611,68.0,56.11510791366907,46.947815182791544,73.13279861411172,50.35238203356721,Average
P0384,C008,Bluetooth Speaker 384,Audio,Bluetooth Speaker,Bluetooth Speaker designed for modern consumers with practical features and reliable performance.,2022-11-05,8852,6287.13,3.8,39606,0.068,Growth,Active,39.60107893242476,76.0,58.273381294964025,28.97503389064618,13.012775743352753,50.26697024684439,Average
P0013,C001,Smart Ring 13,Wearables,Smart Ring,Smart Ring designed for modern consumers with practical features and reliable performance.,2026-01-18,43006,23741.58,3.7,21230,0.074,Mature,Active,20.96718585219437,74.0,53.956834532374096,44.79472631725805,65.93058824196298,50.21947019103729,Average
P0469,C010,Smart Ring 469,Wearables,Smart Ring,Smart Ring designed for modern consumers with practical features and reliable performance.,2025-10-25,18124,12804.48,3.9,48425,0.096,Decline,Active,48.543846840269325,78.0,38.129496402877685,29.35069521077025,14.26938521243859,50.156653456535594,Average
P0350,C007,Analog Watch 350,Watches,Analog Watch,Analog Watch designed for modern consumers with practical features and reliable performance.,2022-03-10,38883,25090.84,4.4,21819,0.073,Mature,Active,21.564452015900056,88.00000000000001,54.67625899280575,35.470925597304735,34.74192003227593,50.09409800896756,Average
P0453,C010,Smartphone 453,Mobile,Smartphone,Smartphone designed for modern consumers with practical features and reliable performance.,2022-03-29,15340,10407.3,3.6,35149,0.062,Growth,Active,35.08152835239718,72.0,62.589928057553955,32.15580182529336,23.65263375248222,49.944415597722134,Weak
P0187,C004,Bluetooth Speaker 187,Audio,Bluetooth Speaker,Bluetooth Speaker designed for modern consumers with practical features and reliable performance.,2024-05-01,27613,14889.76,3.3,8352,0.032,Decline,Discontinued,7.908452989372922,65.99999999999999,84.17266187050359,46.0769927208199,70.21984566158311,49.9354677696187,Weak
P0292,C006,Smart Fan 292,Home Appliances,Smart Fan,Smart Fan designed for modern consumers with practical features and reliable performance.,2023-07-24,5949,3807.89,4.7,12702,0.066,Mature,Discontinued,12.31950190638436,94.0,59.71223021582733,35.99109093965372,36.48190405424054,49.92655731853608,Weak
P0093,C002,Tablet 93,Mobile,Tablet,Tablet designed for modern consumers with practical features and reliable performance.,2024-09-18,39465,24625.25,4.3,19976,0.073,Mature,Active,19.69558692301452,86.0,54.67625899280575,37.60230584061827,41.8715137713537,49.90943428731929,Weak
P0181,C004,Smart Light 181,Home Appliances,Smart Light,Smart Light designed for modern consumers with practical features and reliable performance.,2025-10-24,5833,2844.16,3.7,10220,0.073,Mature,Active,9.80266893810335,74.0,54.67625899280575,51.240185153437345,87.4910315781863,49.68984066362526,Weak
P0302,C007,Bluetooth Speaker 302,Audio,Bluetooth Speaker,Bluetooth Speaker designed for modern consumers with practical features and reliable performance.,2022-06-27,10920,7927.57,4.2,58484,0.13,Introduction,Active,58.7440171980206,84.00000000000001,13.669064748201421,27.403205128205133,7.754915003225064,49.65745621943125,Weak
P0138,C003,Smart Fan 138,Home Appliances,Smart Fan,Smart Fan designed for modern consumers with practical features and reliable performance.,2025-06-19,8548,4885.26,4.8,23027,0.122,Decline,Active,22.7894053703253,96.0,19.424460431654666,42.84908750584932,59.42231064492521,49.57453056268357,Weak
P0017,C001,Bluetooth Speaker 17,Audio,Bluetooth Speaker,Bluetooth Speaker designed for modern consumers with practical features and reliable performance.,2025-08-23,48836,32083.31,4.4,52796,0.149,Mature,Discontinued,52.976190476190474,88.00000000000001,0.0,34.30397657465804,30.838406113637753,49.56742758371232,Weak
P0208,C005,Fitness Watch 208,Watches,Fitness Watch,Fitness Watch designed for modern consumers with practical features and reliable performance.,2026-01-09,35802,18534.75,3.6,13633,0.068,Decline,Active,13.263567778048188,72.0,58.273381294964025,48.22984749455338,77.42127298273145,49.51011592871939,Weak
P0465,C010,Fitness Band 465,Wearables,Fitness Band,Fitness Band designed for modern consumers with practical features and reliable performance.,2025-11-29,45470,29317.67,4.1,49046,0.132,Decline,Active,49.17356209945648,82.0,12.230215827338109,35.523048163624374,34.91627311810516,49.49423086799317,Weak
P0406,C009,Fitness Band 406,Wearables,Fitness Band,Fitness Band designed for modern consumers with practical features and reliable performance.,2025-08-06,29367,19044.91,3.6,45818,0.103,Decline,Active,45.90025959276385,72.0,33.09352517985611,35.14860217250656,33.66372899686192,49.33335524296786,Weak
P0157,C004,Smartphone 157,Mobile,Smartphone,Smartphone designed for modern consumers with practical features and reliable performance.,2022-07-07,11506,6119.32,4.7,19813,0.126,Growth,Discontinued,19.530299342905817,94.0,16.546762589928043,46.81626977229272,72.69277138854319,49.24887299628413,Weak
P0259,C006,Smart Fan 259,Home Appliances,Smart Fan,Smart Fan designed for modern consumers with practical features and reliable performance.,2022-12-14,6550,4371.82,4.2,32316,0.09,Decline,Active,32.208769368053865,84.00000000000001,42.446043165467614,33.25465648854962,27.328367987087198,49.06153310997546,Weak
P0220,C005,Smart Ring 220,Wearables,Smart Ring,Smart Ring designed for modern consumers with practical features and reliable performance.,2023-02-19,6118,4436.61,3.4,72281,0.136,Growth,Active,72.73464752170034,68.0,9.352517985611497,27.482674076495595,8.020743363959955,48.930741734311404,Weak
P0046,C001,Bluetooth Speaker 46,Audio,Bluetooth Speaker,Bluetooth Speaker designed for modern consumers with practical features and reliable performance.,2023-03-07,38296,20690.75,4.1,553,0.053,Decline,Active,0.0,82.0,69.06474820143885,45.971511385001044,69.86700431673019,48.89300028779729,Weak
P0215,C005,Smart Light 215,Home Appliances,Smart Light,Smart Light designed for modern consumers with practical features and reliable performance.,2022-01-14,7251,3664.9,3.4,42915,0.141,Mature,Discontinued,42.95651821205484,68.0,5.755395683453246,49.45662667218315,81.52492232990873,48.814598860396146,Weak
P0448,C009,Smart Fan 448,Home Appliances,Smart Fan,Smart Fan designed for modern consumers with practical features and reliable performance.,2025-05-27,24510,16726.36,4.0,14764,0.035,Introduction,Active,14.41044049647116,80.0,82.01438848920863,31.756997144022847,22.318608363243932,48.794323126093225,Weak
P0145,C003,Fitness Band 145,Wearables,Fitness Band,Fitness Band designed for modern consumers with practical features and reliable performance.,2024-09-01,30473,22023.29,4.2,25172,0.055,Growth,Active,24.96450880181715,84.00000000000001,67.62589928057554,27.728513766284905,8.843091754697502,48.78922169995573,Weak
P0104,C003,Smartphone 104,Mobile,Smartphone,Smartphone designed for modern consumers with practical features and reliable performance.,2025-03-23,26211,18504.98,3.4,50486,0.09,Mature,Active,50.63377139612233,68.0,42.446043165467614,29.399946587310673,14.434133997609672,48.77614872137779,Weak
P0438,C009,Fitness Band 438,Wearables,Fitness Band,Fitness Band designed for modern consumers with practical features and reliable performance.,2024-10-26,49886,31212.79,4.4,10014,0.06,Introduction,Active,9.59377788594143,88.00000000000001,64.02877697841727,37.43176442288417,41.3010425811731,48.75873404293892,Weak
P0439,C009,Smartphone 439,Mobile,Smartphone,Smartphone designed for modern consumers with practical features and reliable performance.,2022-03-05,19449,13217.2,3.9,52288,0.125,Decline,Active,52.461061085422244,78.0,17.266187050359704,32.04175021852023,23.27112434132369,48.70527744116828,Weak
P0183,C004,Wireless Earbuds 183,Audio,Wireless Earbuds,Wireless Earbuds designed for modern consumers with practical features and reliable performance.,2022-06-11,22145,16175.18,3.6,68512,0.135,Mature,Active,68.91275249452421,72.0,10.071942446043158,26.957868593361933,6.26523779496467,48.673637531536805,Weak
P0295,C006,Smart Ring 295,Wearables,Smart Ring,Smart Ring designed for modern consumers with practical features and reliable performance.,2024-07-30,23527,16898.18,4.5,6521,0.024,Introduction,Active,6.051756307292934,90.0,89.92805755395683,28.175372975730014,10.337862400106182,48.65440557835982,Weak
P0084,C002,Fitness Band 84,Wearables,Fitness Band,Fitness Band designed for modern consumers with practical features and reliable performance.,2025-10-12,29313,19650.27,4.2,3890,0.023,Introduction,Active,3.3838322381763613,84.00000000000001,90.64748201438849,32.96397502814451,26.35602120538468,48.46724086704713,Weak
P0081,C002,Headphones 81,Audio,Headphones,Headphones designed for modern consumers with practical features and reliable performance.,2023-06-26,47331,25313.35,4.7,9829,0.106,Growth,Discontinued,9.406181552689219,94.0,30.935251798561147,46.5184551351123,71.69656370607622,48.433698459064885,Weak
P0219,C005,Smart Ring 219,Wearables,Smart Ring,Smart Ring designed for modern consumers with practical features and reliable performance.,2025-05-05,36226,25017.62,4.6,32935,0.105,Introduction,Discontinued,32.83645655877343,92.0,31.654676258992797,30.940153480925304,19.586217704892082,48.36162770310307,Weak
P0278,C006,Tablet 278,Mobile,Tablet,Tablet designed for modern consumers with practical features and reliable performance.,2025-04-17,35584,26324.15,3.7,51439,0.096,Introduction,Active,51.60014602092967,74.0,38.129496402877685,26.02251011690647,3.136408033850486,48.35641159297849,Weak
P0379,C008,Bluetooth Speaker 379,Audio,Bluetooth Speaker,Bluetooth Speaker designed for modern consumers with practical features and reliable performance.,2024-04-08,2668,1725.18,4.9,34503,0.137,Decline,Active,34.426462237365136,98.00000000000001,8.633093525179847,35.338080959520234,34.29754681412787,48.32051251023295,Weak
P0195,C004,Fitness Band 195,Wearables,Fitness Band,Fitness Band designed for modern consumers with practical features and reliable performance.,2024-01-19,9432,7003.49,3.9,44944,0.088,Growth,Active,45.01399367242638,78.0,43.88489208633093,25.747561492790506,2.216688525698481,48.26437948147019,Weak
P0430,C009,Smart Light 430,Home Appliances,Smart Light,Smart Light designed for modern consumers with practical features and reliable performance.,2023-11-10,36195,20668.25,3.8,28464,0.103,Mature,Active,28.3027094994727,76.0,33.09352517985611,42.89749965464843,59.58425216336437,48.262291185291325,Weak
P0024,C001,Fitness Band 24,Wearables,Fitness Band,Fitness Band designed for modern consumers with practical features and reliable performance.,2024-09-12,7112,5176.9,4.6,22298,0.067,Growth,Discontinued,22.050174413888215,92.0,58.99280575539567,27.208942632170984,7.105095394636835,48.18188650513553,Weak
P0449,C009,Bluetooth Speaker 449,Audio,Bluetooth Speaker,Bluetooth Speaker designed for modern consumers with practical features and reliable performance.,2022-02-08,13873,7338.41,4.7,10522,0.112,Introduction,Discontinued,10.108907276709662,94.0,26.618705035971214,47.10293375621711,73.65167947236264,48.10961047489702,Weak
P0426,C009,Headphones 426,Audio,Headphones,Headphones designed for modern consumers with practical features and reliable performance.,2024-11-18,30413,15304.67,4.4,25007,0.145,Introduction,Discontinued,24.797193153240855,88.00000000000001,2.877697841726623,49.67721040344589,82.26278803654976,47.99397537746209,Weak
P0266,C006,Headphones 266,Audio,Headphones,Headphones designed for modern consumers with practical features and reliable performance.,2022-10-13,20092,14052.03,3.3,54127,0.104,Mature,Active,54.325870041372596,65.99999999999999,32.37410071942445,30.06156679275333,16.647292953722506,47.78596860142367,Weak
P0500,C010,Wireless Earbuds 500,Audio,Wireless Earbuds,Wireless Earbuds designed for modern consumers with practical features and reliable performance.,2025-12-06,2513,1225.12,3.6,33483,0.142,Introduction,Active,33.392147318893485,72.0,5.035971223021585,51.24870672502985,87.519536742229,47.42237631755138,Weak
P0410,C009,Analog Watch 410,Watches,Analog Watch,Analog Watch designed for modern consumers with practical features and reliable performance.,2025-06-21,28023,12911.59,4.1,12413,0.121,Mature,Active,12.026446012817393,82.0,20.143884892086316,53.92502587160547,96.47198353864634,47.3088306137003,Weak
P0298,C006,Smartphone 298,Mobile,Smartphone,Smartphone designed for modern consumers with practical features and reliable performance.,2022-06-09,29130,18836.79,4.4,642,0.04,Growth,Active,0.09024904680782023,88.00000000000001,78.41726618705036,35.33542739443872,34.28867048103303,47.25834097594777,Weak
P0148,C003,Analog Watch 148,Watches,Analog Watch,Analog Watch designed for modern consumers with practical features and reliable performance.,2025-09-06,7193,4440.88,3.9,33529,0.111,Growth,Active,33.43879289364809,78.0,27.338129496402864,38.261087168080074,44.07517651169659,47.18247988881189,Weak
P0348,C007,Analog Watch 348,Watches,Analog Watch,Analog Watch designed for modern consumers with practical features and reliable performance.,2026-01-15,14741,7736.99,3.3,34140,0.12,Introduction,Active,34.05836781049728,65.99999999999999,20.863309352517977,47.513805033579814,75.02606834353746,47.14700085570826,Weak
P0226,C005,Bluetooth Speaker 226,Audio,Bluetooth Speaker,Bluetooth Speaker designed for modern consumers with practical features and reliable performance.,2022-02-16,26759,16286.94,4.4,29688,0.127,Mature,Discontinued,29.54388740163868,88.00000000000001,15.827338129496393,39.13472102843903,46.99753375911961,46.95545828034076,Weak
P0098,C002,Analog Watch 98,Watches,Analog Watch,Analog Watch designed for modern consumers with practical features and reliable performance.,2024-09-26,45194,31988.43,3.8,42005,0.098,Introduction,Active,42.03374705930072,76.0,36.69064748201437,29.219741558613975,13.831337453737746,46.924641585218794,Weak
P0167,C004,Fitness Watch 167,Watches,Fitness Watch,Fitness Watch designed for modern consumers with practical features and reliable performance.,2023-10-09,30994,14291.18,3.5,26644,0.134,Mature,Discontinued,26.45716719396447,70.0,10.791366906474797,53.89049493450345,96.35647549931859,46.87175322408031,Weak
P0016,C001,Air Purifier 16,Home Appliances,Air Purifier,Air Purifier designed for modern consumers with practical features and reliable performance.,2022-12-05,35911,24410.51,3.4,62796,0.143,Mature,Discontinued,63.11653281414781,68.0,4.316546762589935,32.024978418868876,23.215021673504342,46.83634908849537,Weak
P0416,C009,Smart Ring 416,Wearables,Smart Ring,Smart Ring designed for modern consumers with practical features and reliable performance.,2022-12-22,39346,23406.13,4.1,23726,0.107,Growth,Active,23.49821529974852,82.0,30.215827338129486,40.51204696792558,51.60477098281013,46.60825646995939,Weak
P0204,C005,Wireless Earbuds 204,Audio,Wireless Earbuds,Wireless Earbuds designed for modern consumers with practical features and reliable performance.,2025-12-14,19284,11906.44,3.6,39508,0.118,Growth,Discontinued,39.50170357751278,72.0,22.302158273381288,38.25741547396805,44.062894476412175,46.49546207826755,Weak
P0090,C002,Smartphone 90,Mobile,Smartphone,Smartphone designed for modern consumers with practical features and reliable performance.,2022-08-29,37192,21288.6,3.6,15371,0.075,Growth,Discontinued,15.02595927638517,72.0,53.237410071942435,42.760271026027105,59.125214235003085,46.375349896373756,Weak
P0390,C008,Smart Light 390,Home Appliances,Smart Light,Smart Light designed for modern consumers with practical features and reliable performance.,2023-08-19,39579,21445.27,3.3,6492,0.052,Decline,Active,6.022349314512858,65.99999999999999,69.7841726618705,45.816544126936,69.34862961736405,46.2669512350582,Weak
P0436,C009,Wireless Earbuds 436,Audio,Wireless Earbuds,Wireless Earbuds designed for modern consumers with practical features and reliable performance.,2023-05-31,31095,20680.06,3.3,10100,0.018,Introduction,Active,9.680984830047862,65.99999999999999,94.24460431654677,33.493937932143425,28.128778654060298,46.25658235193515,Weak
P0002,C001,Smart Watch 2,Watches,Smart Watch,Smart Watch designed for modern consumers with practical features and reliable performance.,2026-01-06,7140,3681.32,4.1,3978,0.089,Decline,Active,3.4730672507503857,82.0,43.16546762589928,48.44089635854342,78.12724399098457,46.167753661590176,Weak
P0366,C008,Air Purifier 366,Home Appliances,Air Purifier,Air Purifier designed for modern consumers with practical features and reliable performance.,2023-11-10,41517,26263.51,4.4,5583,0.065,Growth,Active,5.100592195992537,88.00000000000001,60.431654676258994,36.740347327600745,38.98821125551513,46.11976989217646,Weak
P0378,C008,Tablet 378,Mobile,Tablet,Tablet designed for modern consumers with practical features and reliable performance.,2025-05-13,13344,6605.0,4.5,7941,0.123,Decline,Active,7.491684919282875,90.0,18.705035971223005,50.50209832134293,85.02208720586952,46.11640999687404,Weak
P0038,C001,Tablet 38,Mobile,Tablet,Tablet designed for modern consumers with practical features and reliable performance.,2022-12-29,41675,28124.09,4.8,31529,0.131,Decline,Active,31.410724426056625,96.0,12.949640287769771,32.515680863827235,24.85645055054335,46.11214918925527,Weak
P0393,C008,Analog Watch 393,Watches,Analog Watch,Analog Watch designed for modern consumers with practical features and reliable performance.,2022-04-09,42964,22630.72,4.1,6868,0.093,Introduction,Active,6.4036261864200545,82.0,40.28776978417265,47.32631970952425,74.39891877848498,46.05866093885429,Weak
P0447,C009,Smartphone 447,Mobile,Smartphone,Smartphone designed for modern consumers with practical features and reliable performance.,2022-10-03,15517,10298.01,4.3,36764,0.128,Mature,Discontinued,36.71919363997729,86.0,15.107913669064732,33.63401430688921,28.59734246265959,45.96290187720394,Weak
P0178,C004,Fitness Watch 178,Watches,Fitness Watch,Fitness Watch designed for modern consumers with practical features and reliable performance.,2025-12-05,36531,19621.12,3.7,21144,0.11,Growth,Active,20.87997890808794,74.0,28.057553956834525,46.28912430538447,70.929438434584,45.758919174385284,Weak
P0301,C007,Bluetooth Speaker 301,Audio,Bluetooth Speaker,Bluetooth Speaker designed for modern consumers with practical features and reliable performance.,2022-12-03,45376,22363.83,4.1,1610,0.095,Decline,Active,1.0718341851220896,82.0,38.848920863309345,50.71440849788434,85.73227737965988,45.60476774440358,Weak
P0054,C002,Wireless Earbuds 54,Audio,Wireless Earbuds,Wireless Earbuds designed for modern consumers with practical features and reliable performance.,2023-11-09,26102,17179.94,4.4,8918,0.068,Decline,Discontinued,8.482396365701305,88.00000000000001,58.273381294964025,34.18151865757414,30.42877709428241,45.58783155113063,Weak
P0421,C009,Air Purifier 421,Home Appliances,Air Purifier,Air Purifier designed for modern consumers with practical features and reliable performance.,2023-02-14,35257,16991.8,3.8,7455,0.104,Mature,Active,6.998864281658149,76.0,32.37410071942445,51.80588251978331,89.38332292974862,45.13192108192754,Weak
P0442,C009,Smartphone 442,Mobile,Smartphone,Smartphone designed for modern consumers with practical features and reliable performance.,2024-11-15,49590,35757.56,3.8,54587,0.137,Growth,Active,54.79232578891864,76.0,8.633093525179847,27.89360758217383,9.395340392553049,45.11323379004045,Weak
P0401,C009,Headphones 401,Audio,Headphones,Headphones designed for modern consumers with practical features and reliable performance.,2022-07-10,24430,17549.49,4.8,35667,0.133,Mature,Active,35.606798085503364,96.0,11.510791366906458,28.16418338108882,10.300432540208138,45.109602484338694,Weak
P0184,C004,Smart Ring 184,Wearables,Smart Ring,Smart Ring designed for modern consumers with practical features and reliable performance.,2022-12-12,9203,5866.97,4.2,12745,0.08,Growth,Active,12.363105378437576,84.00000000000001,49.640287769784166,36.24937520373791,37.345880286493745,45.05702647938405,Weak
P0386,C008,Smart Fan 386,Home Appliances,Smart Fan,Smart Fan designed for modern consumers with practical features and reliable performance.,2023-07-15,42355,31596.5,3.7,8103,0.011,Growth,Active,7.655958465157783,74.0,99.28057553956835,25.40077912879235,1.0566808832610586,44.89420270320805,Weak
P0482,C010,Smartphone 482,Mobile,Smartphone,Smartphone designed for modern consumers with practical features and reliable performance.,2023-01-01,27144,17700.86,4.6,10465,0.088,Decline,Active,10.051107325383304,92.0,43.88489208633093,34.789050987326846,32.46100888777899,44.764017314317186,Weak
P0318,C007,Bluetooth Speaker 318,Audio,Bluetooth Speaker,Bluetooth Speaker designed for modern consumers with practical features and reliable performance.,2023-09-29,4009,2951.52,3.3,61460,0.131,Mature,Active,61.76178307779671,65.99999999999999,12.949640287769771,26.377650286854575,4.324373034511584,44.65520808995953,Weak
P0480,C010,Headphones 480,Audio,Headphones,Headphones designed for modern consumers with practical features and reliable performance.,2023-06-13,31071,20335.3,4.7,4084,0.077,Introduction,Discontinued,3.580554879532733,94.0,51.79856115107913,34.552154742364266,31.668576852155685,44.56319296587563,Weak
P0210,C005,Tablet 210,Mobile,Tablet,Tablet designed for modern consumers with practical features and reliable performance.,2023-04-21,19704,12684.83,4.7,12225,0.101,Introduction,Active,11.835807576863795,94.0,34.53237410071941,35.62307145757207,35.25085698812487,44.536636020264936,Weak
P0377,C008,Smart Ring 377,Wearables,Smart Ring,Smart Ring designed for modern consumers with practical features and reliable performance.,2025-08-04,20560,13473.46,4.0,44577,0.148,Mature,Active,44.64184310862335,80.0,0.7194244604316502,34.467607003891054,31.385759636052246,44.47639392551234,Weak
P0423,C009,Air Purifier 423,Home Appliances,Air Purifier,Air Purifier designed for modern consumers with practical features and reliable performance.,2025-02-23,41377,29394.66,4.5,29900,0.114,Decline,Active,29.758862659203373,90.0,25.179856115107903,28.95893854073519,12.958935840166234,44.3954135297677,Weak
P0129,C003,Air Purifier 129,Home Appliances,Air Purifier,Air Purifier designed for modern consumers with practical features and reliable performance.,2025-03-21,8092,4491.34,4.1,15558,0.117,Growth,Discontinued,15.215583678104974,82.0,23.021582733812927,44.49653979238754,64.93313657304394,44.269741320055914,Weak
P0441,C009,Smartphone 441,Mobile,Smartphone,Smartphone designed for modern consumers with practical features and reliable performance.,2025-05-06,37275,26555.83,3.4,5975,0.011,Decline,Active,5.498093615640464,68.0,99.28057553956835,28.756995305164313,12.283423700794566,44.02296142850702,Weak
P0141,C003,Wireless Earbuds 141,Audio,Wireless Earbuds,Wireless Earbuds designed for modern consumers with practical features and reliable performance.,2025-09-04,10597,5582.4,3.5,20536,0.116,Introduction,Active,20.263446093940132,70.0,23.741007194244588,47.320939888647736,74.38092295753334,43.99754601535797,Weak
P0066,C002,Smart Fan 66,Home Appliances,Smart Fan,Smart Fan designed for modern consumers with practical features and reliable performance.,2024-12-04,42653,30602.35,4.0,20552,0.071,Mature,Discontinued,20.279670641680863,80.0,56.11510791366907,28.252760649895674,10.596728775049922,43.91041562357961,Weak
P0387,C008,Fitness Band 387,Wearables,Fitness Band,Fitness Band designed for modern consumers with practical features and reliable performance.,2025-07-21,33084,22681.18,4.5,17461,0.096,Decline,Discontinued,17.145290825018254,90.0,38.129496402877685,31.443658566074234,21.270472175174117,43.81732189560804,Weak
P0381,C008,Bluetooth Speaker 381,Audio,Bluetooth Speaker,Bluetooth Speaker designed for modern consumers with practical features and reliable performance.,2026-01-25,37585,18955.65,3.4,17269,0.114,Growth,Active,16.950596252129472,68.0,25.179856115107903,49.565917254223756,81.89050583003798,43.65225578577259,Weak
P0135,C003,Smart Watch 135,Watches,Smart Watch,Smart Watch designed for modern consumers with practical features and reliable performance.,2023-03-09,26903,20051.71,3.3,27294,0.052,Growth,Active,27.116289445931695,65.99999999999999,69.7841726618705,25.466639408244436,1.2769874369642613,43.43908395399483,Weak
P0299,C006,Smart Ring 299,Wearables,Smart Ring,Smart Ring designed for modern consumers with practical features and reliable performance.,2024-05-14,1608,727.49,3.8,16306,0.148,Growth,Discontinued,15.974081284984182,76.0,0.7194244604316502,54.75808457711443,99.2586144787208,43.42360551363892,Weak
P0309,C007,Fitness Band 309,Wearables,Fitness Band,Fitness Band designed for modern consumers with practical features and reliable performance.,2022-11-15,19184,9113.92,3.3,27133,0.146,Mature,Discontinued,26.953029934290583,65.99999999999999,2.1582733812949617,52.49207673060884,91.6786833961135,43.417017662677715,Weak
P0475,C010,Fitness Watch 475,Watches,Fitness Watch,Fitness Watch designed for modern consumers with practical features and reliable performance.,2024-01-07,34459,20838.88,3.6,22714,0.104,Growth,Active,22.47201265514724,72.0,32.37410071942445,39.52558112539539,48.30498404109422,43.18577217935055,Weak
P0030,C001,Tablet 30,Mobile,Tablet,Tablet designed for modern consumers with practical features and reliable performance.,2022-05-29,9577,6239.48,3.7,41941,0.14,Introduction,Discontinued,41.968848868337794,74.0,6.474820143884874,34.849326511433645,32.66263410253812,43.08345624807592,Weak
P0067,C002,Smart Fan 67,Home Appliances,Smart Fan,Smart Fan designed for modern consumers with practical features and reliable performance.,2022-06-27,48908,30701.62,3.7,32677,0.126,Mature,Discontinued,32.574835726454126,74.0,16.546762589928043,37.22577083503722,40.61198177242666,43.00234228810855,Weak
P0396,C008,Fitness Watch 396,Watches,Fitness Watch,Fitness Watch designed for modern consumers with practical features and reliable performance.,2025-06-01,48105,30561.56,3.7,14428,0.08,Growth,Active,14.069724993915795,74.0,49.640287769784166,36.469057270553996,38.08072987190825,42.7645707826136,Weak
P0313,C007,Smart Watch 313,Watches,Smart Watch,Smart Watch designed for modern consumers with practical features and reliable performance.,2025-03-26,22955,15887.9,3.7,8871,0.047,Introduction,Discontinued,8.434736756712907,74.0,73.38129496402878,30.786756697887174,19.073096337940182,42.6893813083463,Weak
P0472,C010,Smartphone 472,Mobile,Smartphone,Smartphone designed for modern consumers with practical features and reliable performance.,2024-08-23,11534,6536.68,4.3,12439,0.125,Decline,Active,12.05281090289608,86.0,17.266187050359704,43.32685971909138,61.02048712747546,42.62479429520689,Weak
P0182,C004,Fitness Band 182,Wearables,Fitness Band,Fitness Band designed for modern consumers with practical features and reliable performance.,2024-11-27,9456,5482.45,4.7,7763,0.126,Growth,Active,7.311186825667234,94.0,16.546762589928043,42.02146785109983,56.65387365328529,42.56634895496193,Weak
P0343,C007,Tablet 343,Mobile,Tablet,Tablet designed for modern consumers with practical features and reliable performance.,2026-02-08,39405,18926.6,3.7,18384,0.147,Decline,Discontinued,18.081244422811714,74.0,1.4388489208633115,51.96903946199721,89.92909260990989,42.305569223643246,Weak
P0179,C004,Fitness Band 179,Wearables,Fitness Band,Fitness Band designed for modern consumers with practical features and reliable performance.,2022-02-23,8953,6674.82,4.5,31529,0.121,Mature,Active,31.410724426056625,90.0,20.143884892086316,25.44599575561265,1.2079331905354458,42.20372050611739,Weak
P0197,C004,Fitness Band 197,Wearables,Fitness Band,Fitness Band designed for modern consumers with practical features and reliable performance.,2023-09-05,22493,16406.63,3.7,52005,0.149,Mature,Discontinued,52.17408939725805,74.0,0.0,27.058951673854082,6.603366714036904,41.45143629614585,Weak
P0364,C008,Bluetooth Speaker 364,Audio,Bluetooth Speaker,Bluetooth Speaker designed for modern consumers with practical features and reliable performance.,2025-02-26,39530,24698.47,4.8,13633,0.139,Introduction,Active,13.263567778048188,96.0,7.194244604316536,37.51968125474323,41.59512961512601,41.12036708544907,Weak
P0251,C006,Fitness Band 251,Wearables,Fitness Band,Fitness Band designed for modern consumers with practical features and reliable performance.,2025-12-30,12754,9292.95,3.7,27652,0.092,Decline,Active,27.479313701630563,74.0,41.00719424460431,27.13697663478124,6.864364851118833,41.04885337215938,Weak
P0444,C009,Fitness Band 444,Wearables,Fitness Band,Fitness Band designed for modern consumers with practical features and reliable performance.,2024-09-24,20048,13061.38,3.6,26375,0.112,Mature,Active,26.184391985073418,72.0,26.618705035971214,34.84946129289705,32.663084954553206,40.987740945152915,Weak
P0274,C006,Smart Watch 274,Watches,Smart Watch,Smart Watch designed for modern consumers with practical features and reliable performance.,2023-05-15,23483,15132.23,4.4,22042,0.14,Growth,Active,21.790581650036504,88.00000000000001,6.474820143884874,35.560916407614016,35.0429446475544,40.57810930342291,Weak
P0496,C010,Fitness Band 496,Wearables,Fitness Band,Fitness Band designed for modern consumers with practical features and reliable performance.,2023-08-06,38804,24165.9,4.3,23377,0.147,Mature,Active,23.14431735215381,86.0,1.4388489208633115,37.72317286877641,42.27582117258845,40.529654033314756,Weak
P0018,C001,Smart Ring 18,Wearables,Smart Ring,Smart Ring designed for modern consumers with practical features and reliable performance.,2023-04-17,8930,4682.64,3.3,3257,0.092,Growth,Active,2.7419485681836617,65.99999999999999,41.00719424460431,47.562821948488235,75.19003284059815,40.239625773874856,Weak
P0034,C001,Bluetooth Speaker 34,Audio,Bluetooth Speaker,Bluetooth Speaker designed for modern consumers with practical features and reliable performance.,2022-04-15,42565,30045.52,4.1,33414,0.137,Introduction,Discontinued,33.322178956761576,82.0,8.633093525179847,29.41261599906026,14.476513933790011,40.160858429971015,Weak
P0068,C002,Headphones 68,Audio,Headphones,Headphones designed for modern consumers with practical features and reliable performance.,2023-10-28,38345,24276.2,3.8,4261,0.079,Growth,Discontinued,3.7600389389145774,76.0,50.35971223021583,36.690050854087886,38.81996655878402,40.01095105848087,Weak
P0137,C003,Analog Watch 137,Watches,Analog Watch,Analog Watch designed for modern consumers with practical features and reliable performance.,2025-03-25,49630,22963.34,3.2,10705,0.131,Decline,Discontinued,10.29447554149428,64.0,12.949640287769771,53.73092887366512,95.82271753102964,39.7664021267314,Weak
P0432,C009,Air Purifier 432,Home Appliances,Air Purifier,Air Purifier designed for modern consumers with practical features and reliable performance.,2023-10-20,43091,27324.45,4.3,5726,0.106,Decline,Active,5.245599091425326,86.0,30.935251798561147,36.588962892483345,38.48182131210039,39.59528323852615,Weak
P0176,C004,Smart Light 176,Home Appliances,Smart Light,Smart Light designed for modern consumers with practical features and reliable performance.,2023-03-16,26361,19087.02,3.4,34616,0.109,Mature,Discontinued,34.54104810578405,68.0,28.776978417266175,27.5937179924889,8.392191870490985,39.503591301051294,Weak
P0408,C009,Smartphone 408,Mobile,Smartphone,Smartphone designed for modern consumers with practical features and reliable performance.,2024-02-15,22685,16810.57,3.3,29690,0.087,Decline,Active,29.54591547010627,65.99999999999999,44.604316546762576,25.895657923738153,2.7120798995166995,39.46874570881722,Weak
P0282,C006,Smartphone 282,Mobile,Smartphone,Smartphone designed for modern consumers with practical features and reliable performance.,2022-01-20,13261,7218.94,4.0,7526,0.131,Decline,Active,7.0708607122576455,80.0,12.949640287769771,45.562627252846696,68.49926256451998,39.339618691522126,Weak
P0074,C002,Smart Watch 74,Watches,Smart Watch,Smart Watch designed for modern consumers with practical features and reliable performance.,2022-09-17,20414,10579.45,3.5,2354,0.109,Mature,Active,1.826275655066115,70.0,28.776978417266175,48.175516802194565,77.23953358390932,38.98052220031278,Weak
P0031,C001,Fitness Band 31,Wearables,Fitness Band,Fitness Band designed for modern consumers with practical features and reliable performance.,2022-05-21,5801,3546.1,4.1,17861,0.141,Growth,Active,17.550904518536544,82.0,5.755395683453246,38.87088433028788,46.11498430452157,38.81114336385667,Weak
P0445,C009,Bluetooth Speaker 445,Audio,Bluetooth Speaker,Bluetooth Speaker designed for modern consumers with practical features and reliable performance.,2023-10-13,43957,22873.46,3.7,9649,0.136,Decline,Discontinued,9.223655390605986,74.0,9.352517985611497,47.96401028277636,76.53203169101673,38.7785877374869,Weak
P0306,C007,Fitness Band 306,Wearables,Fitness Band,Fitness Band designed for modern consumers with practical features and reliable performance.,2022-09-28,35621,25526.63,3.2,47829,0.141,Decline,Discontinued,47.93948243692707,64.0,5.755395683453246,28.338255523427193,10.882714214281517,38.76230512175735,Weak
P0086,C002,Analog Watch 86,Watches,Analog Watch,Analog Watch designed for modern consumers with practical features and reliable performance.,2023-11-07,23803,13627.32,3.7,14210,0.13,Decline,Discontinued,13.848665530948326,74.0,13.669064748201421,42.74956938201067,59.08941659897978,38.64425837531917,Weak
P0443,C009,Wireless Earbuds 443,Audio,Wireless Earbuds,Wireless Earbuds designed for modern consumers with practical features and reliable performance.,2025-03-07,41428,29017.19,3.5,24270,0.104,Introduction,Discontinued,24.049849922933397,70.0,32.37410071942445,29.95754079366612,16.299319796835,38.33716558643683,Weak
P0019,C001,Fitness Watch 19,Watches,Fitness Watch,Fitness Watch designed for modern consumers with practical features and reliable performance.,2022-05-26,42359,19809.7,3.3,4617,0.13,Growth,Active,4.121035126145859,65.99999999999999,13.669064748201421,53.23378738874855,94.15974968218318,38.10013769611881,Weak
P0079,C002,Smartphone 79,Mobile,Smartphone,Smartphone designed for modern consumers with practical features and reliable performance.,2023-06-26,40952,30223.91,3.4,27735,0.098,Introduction,Active,27.563478543035615,68.0,36.69064748201437,26.19674252783747,3.7192258159027762,37.943230858850754,Weak
P0100,C002,Bluetooth Speaker 100,Audio,Bluetooth Speaker,Bluetooth Speaker designed for modern consumers with practical features and reliable performance.,2024-02-07,20625,14871.19,3.3,7855,0.051,Decline,Active,7.404477975176442,65.99999999999999,70.50359712230217,27.897260606060602,9.407559974823057,37.903420711995636,Weak
P0397,C008,Fitness Band 397,Wearables,Fitness Band,Fitness Band designed for modern consumers with practical features and reliable performance.,2023-03-02,24456,16166.17,3.7,5664,0.087,Decline,Active,5.1827289689299905,74.0,44.604316546762576,33.89691691200523,29.47676732047304,37.35633354654897,Weak
P0307,C007,Smartphone 307,Mobile,Smartphone,Smartphone designed for modern consumers with practical features and reliable performance.,2022-01-29,31868,23465.55,4.5,2687,0.092,Mature,Active,2.1639490549200944,90.0,41.00719424460431,26.366417723107823,4.286799440398629,36.60184093420269,Weak
P0429,C009,Smart Ring 429,Wearables,Smart Ring,Smart Ring designed for modern consumers with practical features and reliable performance.,2024-12-02,5776,3957.77,3.7,29330,0.144,Introduction,Active,29.180863145939806,74.0,3.597122302158273,31.4790512465374,21.388862797321888,36.34105598110887,Weak
P0126,C003,Tablet 126,Mobile,Tablet,Tablet designed for modern consumers with practical features and reliable performance.,2022-07-10,11003,7218.48,4.0,12457,0.126,Decline,Active,12.071063519104404,80.0,16.546762589928043,34.39534672362083,31.144044698788097,36.205831454490365,Weak
P0484,C010,Bluetooth Speaker 484,Audio,Bluetooth Speaker,Bluetooth Speaker designed for modern consumers with practical features and reliable performance.,2025-06-20,16863,12003.47,3.6,27077,0.127,Mature,Active,26.896244017198022,72.0,15.827338129496393,28.817707406748504,12.486509293193587,36.052129425897625,Weak
P0003,C001,Smart Light 3,Home Appliances,Smart Light,Smart Light designed for modern consumers with practical features and reliable performance.,2023-11-28,19231,13323.8,3.2,21426,0.108,Mature,Active,21.165936562018334,64.0,29.496402877697836,30.717071395143265,18.83999485372246,35.33335760030436,Weak
P0037,C001,Analog Watch 37,Watches,Analog Watch,Analog Watch designed for modern consumers with practical features and reliable performance.,2023-03-07,24897,17918.23,4.6,5729,0.136,Growth,Active,5.248641194126714,92.0,9.352517985611497,28.03056593163835,9.853474221052197,32.785549148224476,Poor
P0011,C001,Smartphone 11,Mobile,Smartphone,Smartphone designed for modern consumers with practical features and reliable performance.,2022-11-10,10065,6067.76,3.4,6675,0.131,Growth,Discontinued,6.207917579297477,68.0,12.949640287769771,39.714257327372074,48.936117163654586,32.50311678485626,Poor
P0392,C008,Wireless Earbuds 392,Audio,Wireless Earbuds,Wireless Earbuds designed for modern consumers with practical features and reliable performance.,2022-12-13,48655,36270.54,3.6,3372,0.093,Introduction,Active,2.858562505070171,72.0,40.28776978417265,25.453622443736514,1.2334449161265888,30.843067571028076,Poor
P0096,C002,Smart Watch 96,Watches,Smart Watch,Smart Watch designed for modern consumers with practical features and reliable performance.,2024-06-20,33918,25085.96,3.8,13654,0.132,Introduction,Discontinued,13.284862496957897,76.0,12.230215827338109,26.039389114924234,3.1928692865841892,30.374675432390514,Poor
P0290,C006,Fitness Band 290,Wearables,Fitness Band,Fitness Band designed for modern consumers with practical features and reliable performance.,2025-09-05,9885,7303.35,4.5,8270,0.149,Growth,Active,7.825302182201671,90.0,0.0,26.11684370257966,3.4519594911328078,30.256649687440504,Poor
P0243,C005,Bluetooth Speaker 243,Audio,Bluetooth Speaker,Bluetooth Speaker designed for modern consumers with practical features and reliable performance.,2025-09-30,43061,31743.32,4.1,10242,0.142,Introduction,Active,9.824977691246858,82.0,5.035971223021585,26.282901000905696,4.0074310350713445,29.647051091801416,Poor
P0027,C001,Smart Ring 27,Wearables,Smart Ring,Smart Ring designed for modern consumers with practical features and reliable performance.,2022-06-14,33954,24644.36,4.1,7955,0.145,Growth,Active,7.505881398556015,82.0,2.877697841726623,27.418389585910347,7.805707917781728,28.973454245507185,Poor
P0112,C003,Smart Light 112,Home Appliances,Smart Light,Smart Light designed for modern consumers with practical features and reliable performance.,2023-09-16,20804,13413.83,3.4,6443,0.142,Decline,Active,5.972661637056867,68.0,5.035971223021585,35.52283214766391,34.91555053186365,28.73495839735377,Poor
P0322,C007,Smart Watch 322,Watches,Smart Watch,Smart Watch designed for modern consumers with practical features and reliable performance.,2022-10-19,35721,26609.81,3.9,8350,0.146,Mature,Active,7.906424920905329,78.0,2.1582733812949617,25.506536771087028,1.4104464897168723,26.810470372033386,Poor
