product_id,product_name,category,complaint_category,complaint_count,problem_percentage
P0239,Tablet 239,Mobile,battery,40,38.46153846153847
P0118,Bluetooth Speaker 118,Audio,battery,40,33.61344537815126
P0341,Smart Watch 341,Watches,battery,39,31.70731707317073
P0473,Analog Watch 473,Watches,battery,38,36.89320388349515
P0276,Fitness Watch 276,Watches,battery,38,35.84905660377358
P0411,Smart Fan 411,Home Appliances,battery,38,38.38383838383838
P0097,Fitness Watch 97,Watches,battery,37,32.45614035087719
P0477,Fitness Watch 477,Watches,battery,37,37.37373737373738
P0111,Smartphone 111,Mobile,quality,37,32.45614035087719
P0219,Smart Ring 219,Wearables,battery,36,31.858407079646017
P0275,Tablet 275,Mobile,battery,36,30.76923076923077
P0198,Smart Ring 198,Wearables,battery,36,35.64356435643564
P0051,Air Purifier 51,Home Appliances,battery,36,33.9622641509434
P0308,Smart Watch 308,Watches,battery,36,32.432432432432435
P0273,Smart Ring 273,Wearables,battery,35,30.973451327433626
P0348,Analog Watch 348,Watches,battery,35,30.434782608695656
P0048,Smart Watch 48,Watches,battery,35,33.0188679245283
P0363,Tablet 363,Mobile,battery,35,34.31372549019608
P0090,Smartphone 90,Mobile,battery,35,32.407407407407405
P0084,Fitness Band 84,Wearables,battery,35,29.411764705882355
P0484,Bluetooth Speaker 484,Audio,battery,35,36.08247422680412
P0496,Fitness Band 496,Wearables,battery,34,30.630630630630627
P0155,Tablet 155,Mobile,quality,34,30.630630630630627
P0148,Analog Watch 148,Watches,battery,34,32.075471698113205
P0225,Smart Fan 225,Home Appliances,quality,34,32.075471698113205
P0020,Air Purifier 20,Home Appliances,battery,34,33.663366336633665
P0263,Smart Light 263,Home Appliances,battery,34,35.78947368421053
P0211,Air Purifier 211,Home Appliances,battery,34,31.19266055045872
P0468,Fitness Band 468,Wearables,battery,34,30.909090909090907
P0481,Bluetooth Speaker 481,Audio,battery,34,29.82456140350877
P0089,Fitness Band 89,Wearables,battery,34,31.48148148148148
P0326,Smart Watch 326,Watches,battery,34,33.33333333333333
P0210,Tablet 210,Mobile,battery,33,33.0
P0492,Smart Ring 492,Wearables,battery,33,32.67326732673268
P0176,Smart Light 176,Home Appliances,battery,33,32.35294117647059
P0372,Smart Watch 372,Watches,battery,33,29.464285714285715
P0277,Smartphone 277,Mobile,battery,33,35.483870967741936
P0293,Smart Fan 293,Home Appliances,battery,33,31.73076923076923
P0019,Fitness Watch 19,Watches,battery,33,25.581395348837212
P0419,Fitness Band 419,Wearables,battery,33,27.73109243697479
P0194,Air Purifier 194,Home Appliances,battery,33,33.6734693877551
P0305,Fitness Band 305,Wearables,battery,33,28.695652173913043
P0187,Bluetooth Speaker 187,Audio,battery,32,31.06796116504854
P0343,Tablet 343,Mobile,battery,32,28.07017543859649
P0217,Fitness Watch 217,Watches,battery,32,31.372549019607842
P0137,Analog Watch 137,Watches,battery,32,32.323232323232325
P0124,Smart Ring 124,Wearables,battery,32,31.372549019607842
P0074,Smart Watch 74,Watches,battery,32,28.82882882882883
P0150,Tablet 150,Mobile,battery,32,31.372549019607842
P0200,Bluetooth Speaker 200,Audio,quality,32,27.586206896551722
P0185,Smart Ring 185,Wearables,battery,32,28.57142857142857
P0338,Wireless Earbuds 338,Audio,battery,31,28.440366972477065
P0235,Smartphone 235,Mobile,battery,31,26.72413793103448
P0164,Smart Fan 164,Home Appliances,battery,31,30.392156862745097
P0426,Headphones 426,Audio,battery,31,34.44444444444444
P0250,Fitness Band 250,Wearables,battery,31,28.971962616822427
P0112,Smart Light 112,Home Appliances,battery,31,28.703703703703702
P0109,Smart Fan 109,Home Appliances,battery,31,35.22727272727273
P0032,Smartphone 32,Mobile,battery,31,28.703703703703702
P0214,Fitness Band 214,Wearables,battery,31,29.807692307692307
P0201,Fitness Band 201,Wearables,battery,31,27.67857142857143
P0145,Fitness Band 145,Wearables,battery,31,26.495726495726498
P0392,Wireless Earbuds 392,Audio,battery,31,31.958762886597935
P0294,Smart Ring 294,Wearables,battery,31,32.97872340425532
P0296,Headphones 296,Audio,battery,31,24.409448818897637
P0188,Headphones 188,Audio,battery,31,26.05042016806723
P0269,Smartphone 269,Mobile,battery,31,28.440366972477065
P0296,Headphones 296,Audio,quality,31,24.409448818897637
P0093,Tablet 93,Mobile,battery,31,28.703703703703702
P0095,Analog Watch 95,Watches,battery,31,30.097087378640776
P0017,Bluetooth Speaker 17,Audio,battery,31,28.440366972477065
P0387,Fitness Band 387,Wearables,battery,31,30.392156862745097
P0390,Smart Light 390,Home Appliances,battery,31,28.440366972477065
P0315,Bluetooth Speaker 315,Audio,battery,31,28.971962616822427
P0318,Bluetooth Speaker 318,Audio,battery,31,26.956521739130434
P0092,Fitness Band 92,Wearables,battery,31,28.18181818181818
P0199,Smart Ring 199,Wearables,battery,31,31.958762886597935
P0107,Analog Watch 107,Watches,quality,31,26.956521739130434
P0056,Analog Watch 56,Watches,quality,30,24.0
P0099,Bluetooth Speaker 99,Audio,quality,30,27.77777777777778
P0005,Air Purifier 5,Home Appliances,battery,30,27.027027027027028
P0337,Analog Watch 337,Watches,battery,30,26.08695652173913
P0179,Fitness Band 179,Wearables,battery,30,30.612244897959183
P0394,Fitness Watch 394,Watches,battery,30,31.25
P0110,Smart Ring 110,Wearables,battery,30,22.727272727272727
P0111,Smartphone 111,Mobile,battery,30,26.31578947368421
P0266,Headphones 266,Audio,battery,30,24.390243902439025
P0412,Air Purifier 412,Home Appliances,battery,30,29.126213592233007
P0003,Smart Light 3,Home Appliances,quality,30,29.7029702970297
P0499,Tablet 499,Mobile,battery,30,27.522935779816514
P0244,Air Purifier 244,Home Appliances,battery,30,29.411764705882355
P0029,Smart Light 29,Home Appliances,battery,30,28.846153846153843
P0138,Smart Fan 138,Home Appliances,battery,30,29.411764705882355
P0272,Tablet 272,Mobile,battery,30,27.027027027027028
P0108,Wireless Earbuds 108,Audio,battery,30,29.7029702970297
P0139,Analog Watch 139,Watches,battery,30,24.390243902439025
P0191,Headphones 191,Audio,battery,30,27.522935779816514
P0091,Tablet 91,Mobile,quality,30,28.30188679245283
P0323,Smart Watch 323,Watches,battery,30,30.927835051546392
P0063,Fitness Band 63,Wearables,battery,30,28.037383177570092
P0117,Smartphone 117,Mobile,battery,30,28.30188679245283
P0121,Fitness Band 121,Wearables,battery,30,29.411764705882355
P0350,Analog Watch 350,Watches,quality,29,24.786324786324787
P0002,Smart Watch 2,Watches,battery,29,26.36363636363636
P0083,Air Purifier 83,Home Appliances,battery,29,24.786324786324787
P0080,Wireless Earbuds 80,Audio,battery,29,29.292929292929294
P0479,Fitness Watch 479,Watches,quality,29,24.786324786324787
P0330,Smart Watch 330,Watches,battery,29,25.663716814159294
P0105,Fitness Watch 105,Watches,quality,29,27.102803738317753
P0470,Smart Light 470,Home Appliances,battery,29,27.884615384615387
P0466,Smart Fan 466,Home Appliances,battery,29,29.292929292929294
P0395,Analog Watch 395,Watches,battery,29,28.999999999999996
P0385,Tablet 385,Mobile,battery,29,30.208333333333332
P0297,Smartphone 297,Mobile,quality,29,26.851851851851855
P0295,Smart Ring 295,Wearables,battery,29,30.526315789473685
P0192,Bluetooth Speaker 192,Audio,battery,29,25.663716814159294
P0302,Bluetooth Speaker 302,Audio,battery,29,28.71287128712871
P0319,Smart Ring 319,Wearables,battery,29,27.358490566037734
P0365,Smart Ring 365,Wearables,battery,29,28.155339805825243
P0065,Smart Ring 65,Wearables,battery,29,28.999999999999996
P0067,Smart Fan 67,Home Appliances,quality,29,27.884615384615387
P0313,Smart Watch 313,Watches,battery,29,26.126126126126124
P0373,Smartphone 373,Mobile,battery,29,29.591836734693878
P0304,Bluetooth Speaker 304,Audio,battery,29,29.896907216494846
P0042,Smart Watch 42,Watches,battery,29,25.892857142857146
P0044,Fitness Band 44,Wearables,quality,29,27.102803738317753
P0455,Fitness Band 455,Wearables,battery,29,30.851063829787233
P0283,Headphones 283,Audio,battery,29,28.431372549019606
P0046,Bluetooth Speaker 46,Audio,battery,29,26.36363636363636
P0398,Wireless Earbuds 398,Audio,battery,29,29.292929292929294
P0045,Smart Ring 45,Wearables,battery,29,25.892857142857146
P0110,Smart Ring 110,Wearables,performance,29,21.96969696969697
P0038,Tablet 38,Mobile,battery,29,26.126126126126124
P0037,Analog Watch 37,Watches,quality,29,26.36363636363636
P0451,Bluetooth Speaker 451,Audio,battery,29,25.892857142857146
P0259,Smart Fan 259,Home Appliances,battery,29,32.22222222222222
P0040,Analog Watch 40,Watches,battery,29,32.58426966292135
P0039,Bluetooth Speaker 39,Audio,battery,29,28.155339805825243
P0125,Air Purifier 125,Home Appliances,battery,29,24.166666666666668
P0136,Tablet 136,Mobile,battery,29,26.851851851851855
P0075,Fitness Watch 75,Watches,battery,28,26.666666666666668
P0076,Smart Fan 76,Home Appliances,battery,28,27.722772277227726
P0375,Headphones 375,Audio,battery,28,29.47368421052631
P0001,Smart Watch 1,Watches,battery,28,30.76923076923077
P0333,Smart Light 333,Home Appliances,quality,28,24.561403508771928
P0056,Analog Watch 56,Watches,battery,28,22.400000000000002
P0147,Fitness Band 147,Wearables,quality,28,26.923076923076923
P0123,Smart Watch 123,Watches,battery,28,25.225225225225223
P0173,Smartphone 173,Mobile,battery,28,29.78723404255319
P0439,Smartphone 439,Mobile,battery,28,28.28282828282828
P0445,Bluetooth Speaker 445,Audio,battery,28,30.76923076923077
P0078,Smart Ring 78,Wearables,quality,28,28.000000000000004
P0266,Headphones 266,Audio,quality,28,22.76422764227642
P0306,Fitness Band 306,Wearables,quality,28,26.666666666666668
P0119,Wireless Earbuds 119,Audio,battery,28,26.923076923076923
P0184,Smart Ring 184,Wearables,quality,28,24.561403508771928
P0317,Smart Light 317,Home Appliances,battery,28,28.000000000000004
P0397,Fitness Band 397,Wearables,battery,28,23.931623931623932
P0500,Wireless Earbuds 500,Audio,battery,28,30.434782608695656
P0289,Smart Ring 289,Wearables,battery,28,28.28282828282828
P0079,Smartphone 79,Mobile,battery,28,26.41509433962264
P0174,Tablet 174,Mobile,battery,28,29.47368421052631
P0312,Smart Watch 312,Watches,battery,28,27.184466019417474
P0459,Smart Watch 459,Watches,battery,28,23.140495867768596
P0106,Bluetooth Speaker 106,Audio,battery,28,24.561403508771928
P0391,Smart Light 391,Home Appliances,battery,28,27.184466019417474
P0406,Fitness Band 406,Wearables,quality,28,26.923076923076923
P0408,Smartphone 408,Mobile,battery,28,24.778761061946902
P0297,Smartphone 297,Mobile,battery,28,25.925925925925924
P0300,Smart Watch 300,Watches,battery,28,28.865979381443296
P0299,Smart Ring 299,Wearables,battery,28,31.11111111111111
P0298,Smartphone 298,Mobile,battery,28,28.000000000000004
P0088,Air Purifier 88,Home Appliances,battery,28,29.78723404255319
P0087,Tablet 87,Mobile,battery,28,24.347826086956523
P0054,Wireless Earbuds 54,Audio,quality,28,28.865979381443296
P0383,Smart Ring 383,Wearables,battery,28,27.722772277227726
P0114,Smart Light 114,Home Appliances,battery,28,25.925925925925924
P0453,Smartphone 453,Mobile,quality,28,24.137931034482758
P0218,Tablet 218,Mobile,battery,28,27.722772277227726
P0139,Analog Watch 139,Watches,quality,28,22.76422764227642
P0085,Fitness Band 85,Wearables,performance,28,22.58064516129032
P0330,Smart Watch 330,Watches,performance,28,24.778761061946902
P0332,Smart Watch 332,Watches,battery,28,28.28282828282828
P0258,Smart Watch 258,Watches,battery,28,30.107526881720432
P0406,Fitness Band 406,Wearables,battery,27,25.961538461538463
P0039,Bluetooth Speaker 39,Audio,quality,27,26.21359223300971
P0320,Smart Ring 320,Wearables,battery,27,24.107142857142858
P0066,Smart Fan 66,Home Appliances,battery,27,24.770642201834864
P0147,Fitness Band 147,Wearables,battery,27,25.961538461538463
P0059,Air Purifier 59,Home Appliances,quality,27,25.0
P0151,Smart Ring 151,Wearables,battery,27,30.681818181818183
P0374,Headphones 374,Audio,quality,27,25.233644859813083
P0072,Smart Light 72,Home Appliances,battery,27,26.732673267326735
P0126,Tablet 126,Mobile,battery,27,26.21359223300971
P0058,Bluetooth Speaker 58,Audio,battery,27,24.770642201834864
P0185,Smart Ring 185,Wearables,quality,27,24.107142857142858
P0036,Smart Watch 36,Watches,battery,27,26.21359223300971
P0172,Air Purifier 172,Home Appliances,battery,27,28.125
P0132,Fitness Band 132,Wearables,battery,27,27.835051546391753
P0234,Air Purifier 234,Home Appliances,battery,27,28.421052631578945
P0241,Wireless Earbuds 241,Audio,battery,27,28.723404255319153
P0424,Smart Ring 424,Wearables,battery,27,27.55102040816326
P0033,Smart Watch 33,Watches,battery,27,23.684210526315788
P0242,Smart Light 242,Home Appliances,quality,27,25.471698113207548
P0094,Smart Ring 94,Wearables,performance,27,23.275862068965516
P0252,Smartphone 252,Mobile,battery,27,27.55102040816326
P0120,Smart Light 120,Home Appliances,battery,27,28.421052631578945
P0353,Analog Watch 353,Watches,battery,27,30.681818181818183
P0409,Analog Watch 409,Watches,battery,27,25.961538461538463
P0043,Tablet 43,Mobile,battery,27,25.0
P0202,Fitness Watch 202,Watches,battery,27,27.27272727272727
P0149,Fitness Watch 149,Watches,battery,27,25.71428571428571
P0201,Fitness Band 201,Wearables,quality,27,24.107142857142858
P0208,Fitness Watch 208,Watches,battery,27,28.421052631578945
P0047,Smart Fan 47,Home Appliances,battery,27,27.27272727272727
P0022,Analog Watch 22,Watches,battery,27,25.0
P0315,Bluetooth Speaker 315,Audio,quality,27,25.233644859813083
P0479,Fitness Watch 479,Watches,battery,27,23.076923076923077
P0459,Smart Watch 459,Watches,quality,27,22.31404958677686
P0213,Wireless Earbuds 213,Audio,quality,27,25.233644859813083
P0222,Air Purifier 222,Home Appliances,quality,27,24.770642201834864
P0329,Wireless Earbuds 329,Audio,battery,27,28.421052631578945
P0221,Tablet 221,Mobile,battery,27,29.347826086956523
P0257,Analog Watch 257,Watches,battery,27,26.732673267326735
P0328,Smartphone 328,Mobile,battery,27,23.684210526315788
P0260,Headphones 260,Audio,battery,27,27.0
P0165,Bluetooth Speaker 165,Audio,battery,27,25.471698113207548
P0049,Smart Fan 49,Home Appliances,battery,27,25.961538461538463
P0168,Smart Ring 168,Wearables,battery,27,28.125
P0497,Smart Ring 497,Wearables,battery,27,27.27272727272727
P0498,Tablet 498,Mobile,quality,27,31.76470588235294
P0167,Fitness Watch 167,Watches,battery,27,30.0
P0485,Smart Watch 485,Watches,quality,26,21.138211382113823
P0347,Smartphone 347,Mobile,battery,26,21.487603305785125
P0485,Smart Watch 485,Watches,battery,26,21.138211382113823
P0156,Wireless Earbuds 156,Audio,battery,26,27.659574468085108
P0490,Smart Light 490,Home Appliances,battery,26,28.26086956521739
P0106,Bluetooth Speaker 106,Audio,quality,26,22.807017543859647
P0288,Smart Ring 288,Wearables,battery,26,25.742574257425744
P0393,Analog Watch 393,Watches,quality,26,23.008849557522122
P0488,Smart Light 488,Home Appliances,battery,26,24.299065420560748
P0333,Smart Light 333,Home Appliances,battery,26,22.807017543859647
P0125,Air Purifier 125,Home Appliances,quality,26,21.666666666666668
P0437,Tablet 437,Mobile,quality,26,24.528301886792452
P0028,Fitness Band 28,Wearables,battery,26,24.528301886792452
P0228,Fitness Watch 228,Watches,battery,26,26.53061224489796
P0237,Tablet 237,Mobile,battery,26,26.53061224489796
P0240,Tablet 240,Mobile,battery,26,29.213483146067414
P0133,Wireless Earbuds 133,Audio,quality,26,24.761904761904763
P0127,Smartphone 127,Mobile,quality,26,25.24271844660194
P0433,Smart Fan 433,Home Appliances,battery,26,27.368421052631582
P0248,Headphones 248,Audio,battery,26,29.213483146067414
P0226,Bluetooth Speaker 226,Audio,quality,26,24.761904761904763
P0190,Smart Light 190,Home Appliances,quality,26,27.083333333333332
P0184,Smart Ring 184,Wearables,battery,26,22.807017543859647
P0057,Headphones 57,Audio,quality,26,26.804123711340207
P0073,Smartphone 73,Mobile,battery,26,25.49019607843137
P0160,Smart Fan 160,Home Appliances,battery,26,22.22222222222222
P0162,Smart Light 162,Home Appliances,battery,26,23.853211009174313
P0393,Analog Watch 393,Watches,battery,26,23.008849557522122
P0463,Air Purifier 463,Home Appliances,battery,26,24.074074074074073
P0457,Air Purifier 457,Home Appliances,quality,26,25.49019607843137
P0480,Headphones 480,Audio,battery,26,27.659574468085108
P0012,Fitness Band 12,Wearables,battery,26,25.0
P0101,Bluetooth Speaker 101,Audio,battery,26,27.956989247311824
P0292,Smart Fan 292,Home Appliances,battery,26,19.696969696969695
P0061,Wireless Earbuds 61,Audio,battery,26,24.761904761904763
P0453,Smartphone 453,Mobile,battery,26,22.413793103448278
P0085,Fitness Band 85,Wearables,battery,26,20.967741935483872
P0041,Headphones 41,Audio,battery,26,22.413793103448278
P0291,Wireless Earbuds 291,Audio,quality,26,23.636363636363637
P0284,Wireless Earbuds 284,Audio,battery,26,26.262626262626267
P0430,Smart Light 430,Home Appliances,battery,26,29.88505747126437
P0206,Smartphone 206,Mobile,battery,26,32.098765432098766
P0141,Wireless Earbuds 141,Audio,quality,26,24.299065420560748
P0358,Bluetooth Speaker 358,Audio,battery,26,28.57142857142857
P0055,Smart Watch 55,Watches,battery,26,24.299065420560748
P0382,Smart Watch 382,Watches,battery,26,29.88505747126437
P0270,Smart Watch 270,Watches,battery,26,27.083333333333332
P0461,Headphones 461,Audio,battery,26,27.659574468085108
P0183,Wireless Earbuds 183,Audio,battery,26,25.24271844660194
P0018,Smart Ring 18,Wearables,battery,26,21.487603305785125
P0376,Smart Fan 376,Home Appliances,battery,25,28.40909090909091
P0350,Analog Watch 350,Watches,battery,25,21.367521367521366
P0071,Smart Watch 71,Watches,quality,25,28.735632183908045
P0428,Wireless Earbuds 428,Audio,quality,25,27.77777777777778
P0429,Smart Ring 429,Wearables,battery,25,26.041666666666668
P0120,Smart Light 120,Home Appliances,quality,25,26.31578947368421
P0055,Smart Watch 55,Watches,quality,25,23.364485981308412
P0094,Smart Ring 94,Wearables,battery,25,21.551724137931032
P0351,Tablet 351,Mobile,battery,25,26.595744680851062
P0255,Bluetooth Speaker 255,Audio,battery,25,27.173913043478258
P0253,Bluetooth Speaker 253,Audio,battery,25,21.929824561403507
P0035,Smartphone 35,Mobile,quality,25,22.123893805309734
P0127,Smartphone 127,Mobile,battery,25,24.271844660194176
P0435,Bluetooth Speaker 435,Audio,battery,25,23.809523809523807
P0029,Smart Light 29,Home Appliances,quality,25,24.03846153846154
P0169,Analog Watch 169,Watches,quality,25,29.069767441860467
P0077,Fitness Watch 77,Watches,performance,25,26.31578947368421
P0030,Tablet 30,Mobile,battery,25,26.881720430107524
P0495,Tablet 495,Mobile,battery,25,23.809523809523807
P0225,Smart Fan 225,Home Appliances,battery,25,23.58490566037736
P0075,Fitness Watch 75,Watches,quality,25,23.809523809523807
P0305,Fitness Band 305,Wearables,quality,25,21.73913043478261
P0080,Wireless Earbuds 80,Audio,quality,25,25.252525252525253
P0427,Analog Watch 427,Watches,battery,25,31.25
P0221,Tablet 221,Mobile,quality,25,27.173913043478258
P0026,Headphones 26,Audio,battery,25,24.03846153846154
P0261,Analog Watch 261,Watches,battery,25,23.809523809523807
P0267,Smartphone 267,Mobile,battery,25,26.881720430107524
P0216,Headphones 216,Audio,battery,25,29.411764705882355
P0452,Bluetooth Speaker 452,Audio,battery,25,27.173913043478258
P0405,Air Purifier 405,Home Appliances,quality,25,26.31578947368421
P0461,Headphones 461,Audio,performance,25,26.595744680851062
P0322,Smart Watch 322,Watches,battery,25,23.58490566037736
P0142,Smart Fan 142,Home Appliances,battery,25,20.32520325203252
P0325,Tablet 325,Mobile,battery,25,29.069767441860467
P0102,Smart Light 102,Home Appliances,battery,25,25.252525252525253
P0366,Air Purifier 366,Home Appliances,battery,25,27.472527472527474
P0070,Smart Watch 70,Watches,battery,25,23.809523809523807
P0328,Smartphone 328,Mobile,performance,25,21.929824561403507
P0415,Fitness Band 415,Wearables,battery,25,25.773195876288657
P0420,Smart Ring 420,Wearables,quality,25,26.31578947368421
P0265,Smart Fan 265,Home Appliances,battery,25,26.31578947368421
P0182,Fitness Band 182,Wearables,battery,25,25.773195876288657
P0314,Smart Light 314,Home Appliances,battery,25,24.03846153846154
P0200,Bluetooth Speaker 200,Audio,battery,25,21.551724137931032
P0458,Headphones 458,Audio,battery,25,28.735632183908045
P0203,Smart Light 203,Home Appliances,battery,25,27.77777777777778
P0471,Bluetooth Speaker 471,Audio,battery,25,26.31578947368421
P0010,Smart Light 10,Home Appliances,battery,25,22.727272727272727
P0291,Wireless Earbuds 291,Audio,performance,25,22.727272727272727
P0460,Headphones 460,Audio,battery,25,29.761904761904763
P0008,Headphones 8,Audio,battery,25,24.509803921568626
P0286,Fitness Band 286,Wearables,battery,25,24.509803921568626
P0281,Smart Ring 281,Wearables,battery,25,26.595744680851062
P0003,Smart Light 3,Home Appliances,battery,25,24.752475247524753
P0009,Wireless Earbuds 9,Audio,battery,25,20.66115702479339
P0162,Smart Light 162,Home Appliances,quality,25,22.93577981651376
P0343,Tablet 343,Mobile,quality,25,21.929824561403507
P0005,Air Purifier 5,Home Appliances,quality,25,22.52252252252252
P0166,Smart Ring 166,Wearables,battery,25,27.472527472527474
P0499,Tablet 499,Mobile,quality,25,22.93577981651376
P0495,Tablet 495,Mobile,quality,25,23.809523809523807
P0164,Smart Fan 164,Home Appliances,quality,24,23.52941176470588
P0009,Wireless Earbuds 9,Audio,quality,24,19.834710743801654
P0008,Headphones 8,Audio,quality,24,23.52941176470588
P0074,Smart Watch 74,Watches,quality,24,21.62162162162162
P0491,Tablet 491,Mobile,quality,24,22.641509433962266
P0006,Headphones 6,Audio,quality,24,22.641509433962266
P0158,Smartphone 158,Mobile,battery,24,25.806451612903224
P0287,Analog Watch 287,Watches,quality,24,24.489795918367346
P0050,Analog Watch 50,Watches,battery,24,25.53191489361702
P0465,Fitness Band 465,Wearables,quality,24,21.238938053097346
P0016,Air Purifier 16,Home Appliances,battery,24,26.373626373626376
P0100,Bluetooth Speaker 100,Audio,battery,24,25.0
P0053,Tablet 53,Mobile,battery,24,23.076923076923077
P0389,Fitness Watch 389,Watches,quality,24,24.742268041237114
P0104,Smartphone 104,Mobile,battery,24,22.429906542056074
P0181,Smart Light 181,Home Appliances,battery,24,19.834710743801654
P0153,Fitness Band 153,Wearables,battery,24,27.586206896551722
P0009,Wireless Earbuds 9,Audio,software,24,19.834710743801654
P0311,Smart Light 311,Home Appliances,quality,24,26.666666666666668
P0462,Smart Ring 462,Wearables,battery,24,23.762376237623762
P0144,Smart Fan 144,Home Appliances,quality,24,22.22222222222222
P0144,Smart Fan 144,Home Appliances,battery,24,22.22222222222222
P0397,Fitness Band 397,Wearables,quality,24,20.51282051282051
P0402,Wireless Earbuds 402,Audio,battery,24,23.762376237623762
P0271,Tablet 271,Mobile,battery,24,22.857142857142858
P0407,Fitness Band 407,Wearables,battery,24,24.242424242424242
P0321,Smart Ring 321,Wearables,battery,24,22.22222222222222
P0365,Smart Ring 365,Wearables,quality,24,23.300970873786408
P0310,Fitness Band 310,Wearables,quality,24,22.018348623853214
P0368,Headphones 368,Audio,battery,24,27.586206896551722
P0367,Smart Fan 367,Home Appliances,battery,24,24.0
P0098,Analog Watch 98,Watches,quality,24,25.53191489361702
P0197,Fitness Band 197,Wearables,quality,24,25.263157894736842
P0196,Smart Ring 196,Wearables,battery,24,26.96629213483146
P0324,Air Purifier 324,Home Appliances,battery,24,23.52941176470588
P0413,Smart Watch 413,Watches,battery,24,26.373626373626376
P0268,Fitness Band 268,Wearables,battery,24,26.666666666666668
P0417,Smart Light 417,Home Appliances,battery,24,24.489795918367346
P0082,Fitness Watch 82,Watches,battery,24,25.0
P0084,Fitness Band 84,Wearables,quality,24,20.168067226890756
P0135,Smart Watch 135,Watches,battery,24,23.762376237623762
P0222,Air Purifier 222,Home Appliances,battery,24,22.018348623853214
P0025,Smart Watch 25,Watches,battery,24,23.076923076923077
P0450,Fitness Band 450,Wearables,battery,24,27.27272727272727
P0448,Smart Fan 448,Home Appliances,battery,24,24.489795918367346
P0023,Air Purifier 23,Home Appliances,battery,24,22.641509433962266
P0115,Air Purifier 115,Home Appliances,performance,24,21.428571428571427
P0183,Wireless Earbuds 183,Audio,quality,24,23.300970873786408
P0303,Fitness Watch 303,Watches,battery,24,24.489795918367346
P0055,Smart Watch 55,Watches,performance,24,22.429906542056074
P0422,Tablet 422,Mobile,battery,24,25.0
P0349,Smart Fan 349,Home Appliances,battery,24,27.27272727272727
P0081,Headphones 81,Audio,battery,24,28.235294117647058
P0433,Smart Fan 433,Home Appliances,performance,24,25.263157894736842
P0135,Smart Watch 135,Watches,quality,24,23.762376237623762
P0440,Fitness Band 440,Wearables,battery,24,24.242424242424242
P0437,Tablet 437,Mobile,battery,24,22.641509433962266
P0237,Tablet 237,Mobile,quality,24,24.489795918367346
P0130,Fitness Band 130,Wearables,battery,24,29.268292682926827
P0129,Air Purifier 129,Home Appliances,quality,24,26.373626373626376
P0442,Smartphone 442,Mobile,battery,24,24.242424242424242
P0227,Smart Ring 227,Wearables,battery,24,24.0
P0226,Bluetooth Speaker 226,Audio,battery,24,22.857142857142858
P0374,Headphones 374,Audio,battery,24,22.429906542056074
P0096,Smart Watch 96,Watches,battery,24,26.373626373626376
P0013,Smart Ring 13,Wearables,quality,24,22.641509433962266
P0474,Bluetooth Speaker 474,Audio,performance,24,20.168067226890756
P0073,Smartphone 73,Mobile,quality,24,23.52941176470588
P0490,Smart Light 490,Home Appliances,quality,23,25.0
P0347,Smartphone 347,Mobile,quality,23,19.00826446280992
P0002,Smart Watch 2,Watches,quality,23,20.909090909090907
P0340,Fitness Band 340,Wearables,battery,23,20.535714285714285
P0340,Fitness Band 340,Wearables,quality,23,20.535714285714285
P0341,Smart Watch 341,Watches,quality,23,18.69918699186992
P0342,Smartphone 342,Mobile,battery,23,25.842696629213485
P0344,Smartphone 344,Mobile,battery,23,22.54901960784314
P0072,Smart Light 72,Home Appliances,quality,23,22.772277227722775
P0157,Smartphone 157,Mobile,battery,23,22.772277227722775
P0474,Bluetooth Speaker 474,Audio,battery,23,19.327731092436977
P0307,Smartphone 307,Mobile,quality,23,22.330097087378643
P0310,Fitness Band 310,Wearables,battery,23,21.100917431192663
P0377,Smart Ring 377,Wearables,battery,23,29.11392405063291
P0057,Headphones 57,Audio,battery,23,23.711340206185564
P0379,Bluetooth Speaker 379,Audio,quality,23,23.711340206185564
P0301,Bluetooth Speaker 301,Audio,battery,23,21.904761904761905
P0186,Smart Ring 186,Wearables,battery,23,24.210526315789473
P0097,Fitness Watch 97,Watches,quality,23,20.175438596491226
P0383,Smart Ring 383,Wearables,quality,23,22.772277227722775
P0368,Headphones 368,Audio,quality,23,26.436781609195403
P0370,Tablet 370,Mobile,quality,23,22.115384615384613
P0313,Smart Watch 313,Watches,performance,23,20.72072072072072
P0177,Wireless Earbuds 177,Audio,battery,23,23.711340206185564
P0476,Wireless Earbuds 476,Audio,battery,23,26.136363636363637
P0292,Smart Fan 292,Home Appliances,delivery,23,17.424242424242426
P0293,Smart Fan 293,Home Appliances,quality,23,22.115384615384613
P0191,Headphones 191,Audio,quality,23,21.100917431192663
P0146,Air Purifier 146,Home Appliances,performance,23,20.535714285714285
P0285,Smart Light 285,Home Appliances,quality,23,22.772277227722775
P0391,Smart Light 391,Home Appliances,quality,23,22.330097087378643
P0050,Analog Watch 50,Watches,quality,23,24.46808510638298
P0396,Fitness Watch 396,Watches,battery,23,23.0
P0103,Fitness Band 103,Wearables,quality,23,20.909090909090907
P0107,Analog Watch 107,Watches,battery,23,20.0
P0107,Analog Watch 107,Watches,performance,23,20.0
P0108,Wireless Earbuds 108,Audio,performance,23,22.772277227722775
P0274,Smart Watch 274,Watches,battery,23,22.772277227722775
P0279,Tablet 279,Mobile,battery,23,20.175438596491226
P0356,Air Purifier 356,Home Appliances,quality,23,22.115384615384613
P0456,Bluetooth Speaker 456,Audio,battery,23,25.842696629213485
P0041,Headphones 41,Audio,quality,23,19.82758620689655
P0415,Fitness Band 415,Wearables,quality,23,23.711340206185564
P0044,Fitness Band 44,Wearables,battery,23,21.49532710280374
P0271,Tablet 271,Mobile,performance,23,21.904761904761905
P0272,Tablet 272,Mobile,quality,23,20.72072072072072
P0141,Wireless Earbuds 141,Audio,battery,23,21.49532710280374
P0414,Wireless Earbuds 414,Audio,performance,23,22.772277227722775
P0414,Wireless Earbuds 414,Audio,quality,23,22.772277227722775
P0215,Smart Light 215,Home Appliances,battery,23,23.711340206185564
P0217,Fitness Watch 217,Watches,quality,23,22.54901960784314
P0359,Smart Light 359,Home Appliances,battery,23,23.46938775510204
P0084,Fitness Band 84,Wearables,performance,23,19.327731092436977
P0086,Analog Watch 86,Watches,battery,23,22.772277227722775
P0081,Headphones 81,Audio,quality,23,27.058823529411764
P0262,Headphones 262,Audio,battery,23,23.711340206185564
P0116,Smart Fan 116,Home Appliances,battery,23,26.744186046511626
P0419,Fitness Band 419,Wearables,quality,23,19.327731092436977
P0264,Tablet 264,Mobile,battery,23,30.263157894736842
P0113,Smart Watch 113,Watches,quality,23,23.711340206185564
P0114,Smart Light 114,Home Appliances,quality,23,21.296296296296298
P0115,Air Purifier 115,Home Appliances,battery,23,20.535714285714285
P0023,Air Purifier 23,Home Appliances,quality,23,21.69811320754717
P0024,Fitness Band 24,Wearables,battery,23,23.0
P0451,Bluetooth Speaker 451,Audio,quality,23,20.535714285714285
P0025,Smart Watch 25,Watches,quality,23,22.115384615384613
P0354,Smartphone 354,Mobile,battery,23,23.232323232323232
P0068,Headphones 68,Audio,battery,23,23.0
P0069,Headphones 69,Audio,battery,23,23.232323232323232
P0330,Smart Watch 330,Watches,quality,23,20.353982300884958
P0334,Fitness Band 334,Wearables,performance,23,21.296296296296298
P0034,Bluetooth Speaker 34,Audio,battery,23,28.04878048780488
P0035,Smartphone 35,Mobile,battery,23,20.353982300884958
P0254,Tablet 254,Mobile,battery,23,22.115384615384613
P0256,Smartphone 256,Mobile,battery,23,22.54901960784314
P0421,Air Purifier 421,Home Appliances,battery,23,19.82758620689655
P0421,Air Purifier 421,Home Appliances,quality,23,19.82758620689655
P0037,Analog Watch 37,Watches,battery,23,20.909090909090907
P0434,Analog Watch 434,Watches,quality,23,22.115384615384613
P0246,Fitness Watch 246,Watches,battery,23,24.210526315789473
P0131,Smartphone 131,Mobile,battery,23,26.744186046511626
P0436,Wireless Earbuds 436,Audio,quality,23,22.330097087378643
P0031,Fitness Band 31,Wearables,battery,23,26.744186046511626
P0133,Wireless Earbuds 133,Audio,battery,23,21.904761904761905
P0028,Fitness Band 28,Wearables,performance,23,21.69811320754717
P0171,Smart Watch 171,Watches,battery,23,29.48717948717949
P0175,Fitness Band 175,Wearables,battery,23,24.210526315789473
P0483,Smartphone 483,Mobile,battery,23,20.909090909090907
P0483,Smartphone 483,Mobile,quality,23,20.909090909090907
P0165,Bluetooth Speaker 165,Audio,quality,23,21.69811320754717
P0500,Wireless Earbuds 500,Audio,quality,23,25.0
P0409,Analog Watch 409,Watches,quality,22,21.153846153846153
P0335,Headphones 335,Audio,battery,22,22.68041237113402
P0280,Smartphone 280,Mobile,quality,22,21.568627450980394
P0279,Tablet 279,Mobile,performance,22,19.298245614035086
P0278,Tablet 278,Mobile,battery,22,24.175824175824175
P0420,Smart Ring 420,Wearables,battery,22,23.157894736842106
P0405,Air Purifier 405,Home Appliances,battery,22,23.157894736842106
P0416,Smart Ring 416,Wearables,battery,22,24.444444444444443
P0418,Smart Fan 418,Home Appliances,battery,22,26.190476190476193
P0336,Tablet 336,Mobile,battery,22,22.916666666666664
P0478,Smart Fan 478,Home Appliances,battery,22,26.506024096385545
P0475,Fitness Watch 475,Watches,battery,22,25.0
P0474,Bluetooth Speaker 474,Audio,quality,22,18.487394957983195
P0356,Air Purifier 356,Home Appliances,performance,22,21.153846153846153
P0345,Tablet 345,Mobile,battery,22,21.782178217821784
P0345,Tablet 345,Mobile,quality,22,21.782178217821784
P0070,Smart Watch 70,Watches,quality,22,20.952380952380953
P0085,Fitness Band 85,Wearables,quality,22,17.741935483870968
P0469,Smart Ring 469,Wearables,quality,22,22.916666666666664
P0013,Smart Ring 13,Wearables,battery,22,20.754716981132077
P0257,Analog Watch 257,Watches,quality,22,21.782178217821784
P0069,Headphones 69,Audio,performance,22,22.22222222222222
P0014,Fitness Band 14,Wearables,quality,22,23.404255319148938
P0027,Smart Ring 27,Wearables,quality,22,21.35922330097087
P0441,Smartphone 441,Mobile,battery,22,22.0
P0370,Tablet 370,Mobile,battery,22,21.153846153846153
P0309,Fitness Band 309,Wearables,quality,22,20.0
P0309,Fitness Band 309,Wearables,battery,22,20.0
P0121,Fitness Band 121,Wearables,quality,22,21.568627450980394
P0213,Wireless Earbuds 213,Audio,battery,22,20.5607476635514
P0140,Smartphone 140,Mobile,battery,22,23.91304347826087
P0371,Wireless Earbuds 371,Audio,performance,22,23.157894736842106
P0316,Wireless Earbuds 316,Audio,battery,22,19.130434782608695
P0033,Smart Watch 33,Watches,quality,22,19.298245614035086
P0286,Fitness Band 286,Wearables,quality,22,21.568627450980394
P0122,Smart Fan 122,Home Appliances,battery,22,22.0
P0197,Fitness Band 197,Wearables,battery,22,23.157894736842106
P0021,Wireless Earbuds 21,Audio,battery,22,23.404255319148938
P0142,Smart Fan 142,Home Appliances,quality,22,17.88617886178862
P0145,Fitness Band 145,Wearables,quality,22,18.803418803418804
P0361,Air Purifier 361,Home Appliances,battery,22,21.568627450980394
P0197,Fitness Band 197,Wearables,performance,22,23.157894736842106
P0018,Smart Ring 18,Wearables,quality,22,18.181818181818183
P0357,Tablet 357,Mobile,battery,22,29.333333333333332
P0463,Air Purifier 463,Home Appliances,quality,22,20.37037037037037
P0398,Wireless Earbuds 398,Audio,quality,22,22.22222222222222
P0253,Bluetooth Speaker 253,Audio,quality,22,19.298245614035086
P0118,Bluetooth Speaker 118,Audio,performance,22,18.487394957983195
P0118,Bluetooth Speaker 118,Audio,quality,22,18.487394957983195
P0059,Air Purifier 59,Home Appliances,battery,22,20.37037037037037
P0230,Smart Watch 230,Watches,quality,22,19.81981981981982
P0446,Tablet 446,Mobile,battery,22,24.175824175824175
P0230,Smart Watch 230,Watches,performance,22,19.81981981981982
P0300,Smart Watch 300,Watches,quality,22,22.68041237113402
P0346,Smart Ring 346,Wearables,quality,22,23.404255319148938
P0390,Smart Light 390,Home Appliances,quality,22,20.18348623853211
P0030,Tablet 30,Mobile,quality,22,23.655913978494624
P0155,Tablet 155,Mobile,battery,22,19.81981981981982
P0160,Smart Fan 160,Home Appliances,performance,22,18.803418803418804
P0006,Headphones 6,Audio,performance,22,20.754716981132077
P0338,Wireless Earbuds 338,Audio,quality,22,20.18348623853211
P0113,Smart Watch 113,Watches,battery,22,22.68041237113402
P0110,Smart Ring 110,Wearables,quality,22,16.666666666666664
P0491,Tablet 491,Mobile,battery,22,20.754716981132077
P0292,Smart Fan 292,Home Appliances,quality,22,16.666666666666664
P0134,Smartphone 134,Mobile,performance,22,20.754716981132077
P0372,Smart Watch 372,Watches,quality,22,19.642857142857142
P0223,Smartphone 223,Mobile,quality,22,23.404255319148938
P0134,Smartphone 134,Mobile,battery,22,20.754716981132077
P0378,Tablet 378,Mobile,performance,22,21.782178217821784
P0379,Bluetooth Speaker 379,Audio,battery,22,22.68041237113402
P0056,Analog Watch 56,Watches,performance,22,17.599999999999998
P0244,Air Purifier 244,Home Appliances,quality,22,21.568627450980394
P0307,Smartphone 307,Mobile,battery,22,21.35922330097087
P0434,Analog Watch 434,Watches,battery,22,21.153846153846153
P0028,Fitness Band 28,Wearables,quality,22,20.754716981132077
P0445,Bluetooth Speaker 445,Audio,quality,22,24.175824175824175
P0389,Fitness Watch 389,Watches,battery,22,22.68041237113402
P0163,Smart Ring 163,Wearables,quality,21,24.418604651162788
P0492,Smart Ring 492,Wearables,quality,21,20.792079207920793
P0337,Analog Watch 337,Watches,quality,21,18.26086956521739
P0149,Fitness Watch 149,Watches,quality,21,20.0
P0465,Fitness Band 465,Wearables,software,21,18.58407079646018
P0468,Fitness Band 468,Wearables,quality,21,19.090909090909093
P0470,Smart Light 470,Home Appliances,quality,21,20.192307692307693
P0326,Smart Watch 326,Watches,quality,21,20.588235294117645
P0083,Air Purifier 83,Home Appliances,quality,21,17.94871794871795
P0082,Fitness Watch 82,Watches,quality,21,21.875
P0328,Smartphone 328,Mobile,quality,21,18.421052631578945
P0181,Smart Light 181,Home Appliances,quality,21,17.355371900826448
P0151,Smart Ring 151,Wearables,quality,21,23.863636363636363
P0193,Fitness Band 193,Wearables,battery,21,30.0
P0349,Smart Fan 349,Home Appliances,quality,21,23.863636363636363
P0188,Headphones 188,Audio,quality,21,17.647058823529413
P0356,Air Purifier 356,Home Appliances,battery,21,20.192307692307693
P0475,Fitness Watch 475,Watches,quality,21,23.863636363636363
P0188,Headphones 188,Audio,performance,21,17.647058823529413
P0352,Smart Ring 352,Wearables,battery,21,25.925925925925924
P0344,Smartphone 344,Mobile,quality,21,20.588235294117645
P0344,Smartphone 344,Mobile,performance,21,20.588235294117645
P0332,Smart Watch 332,Watches,quality,21,21.21212121212121
P0045,Smart Ring 45,Wearables,quality,21,18.75
P0038,Tablet 38,Mobile,quality,21,18.91891891891892
P0417,Smart Light 417,Home Appliances,quality,21,21.428571428571427
P0143,Headphones 143,Audio,battery,21,24.705882352941178
P0087,Tablet 87,Mobile,quality,21,18.26086956521739
P0321,Smart Ring 321,Wearables,quality,21,19.444444444444446
P0359,Smart Light 359,Home Appliances,quality,21,21.428571428571427
P0066,Smart Fan 66,Home Appliances,quality,21,19.26605504587156
P0202,Fitness Watch 202,Watches,quality,21,21.21212121212121
P0254,Tablet 254,Mobile,performance,21,20.192307692307693
P0432,Air Purifier 432,Home Appliances,quality,21,22.340425531914892
P0282,Smartphone 282,Mobile,quality,21,19.444444444444446
P0447,Smartphone 447,Mobile,battery,21,20.0
P0026,Headphones 26,Audio,performance,21,20.192307692307693
P0218,Tablet 218,Mobile,quality,21,20.792079207920793
P0369,Air Purifier 369,Home Appliances,battery,21,18.75
P0371,Wireless Earbuds 371,Audio,battery,21,22.105263157894736
P0086,Analog Watch 86,Watches,performance,21,20.792079207920793
P0320,Smart Ring 320,Wearables,quality,21,18.75
P0220,Smart Ring 220,Wearables,battery,21,22.340425531914892
P0314,Smart Light 314,Home Appliances,quality,21,20.192307692307693
P0311,Smart Light 311,Home Appliances,battery,21,23.333333333333332
P0086,Analog Watch 86,Watches,quality,21,20.792079207920793
P0250,Fitness Band 250,Wearables,performance,21,19.626168224299064
P0454,Smart Fan 454,Home Appliances,battery,21,28.000000000000004
P0124,Smart Ring 124,Wearables,quality,21,20.588235294117645
P0212,Smartphone 212,Mobile,quality,21,23.595505617977526
P0211,Air Purifier 211,Home Appliances,performance,21,19.26605504587156
P0250,Fitness Band 250,Wearables,quality,21,19.626168224299064
P0287,Analog Watch 287,Watches,battery,21,21.428571428571427
P0394,Fitness Watch 394,Watches,performance,21,21.875
P0392,Wireless Earbuds 392,Audio,quality,21,21.649484536082475
P0288,Smart Ring 288,Wearables,quality,21,20.792079207920793
P0256,Smartphone 256,Mobile,performance,21,20.588235294117645
P0146,Air Purifier 146,Home Appliances,battery,21,18.75
P0462,Smart Ring 462,Wearables,performance,21,20.792079207920793
P0361,Air Purifier 361,Home Appliances,quality,21,20.588235294117645
P0064,Fitness Band 64,Wearables,battery,21,21.428571428571427
P0064,Fitness Band 64,Wearables,quality,21,21.428571428571427
P0209,Wireless Earbuds 209,Audio,quality,21,25.0
P0021,Wireless Earbuds 21,Audio,quality,21,22.340425531914892
P0207,Wireless Earbuds 207,Audio,battery,21,21.21212121212121
P0205,Tablet 205,Mobile,battery,21,24.705882352941178
P0126,Tablet 126,Mobile,performance,21,20.388349514563107
P0386,Smart Fan 386,Home Appliances,battery,21,28.37837837837838
P0233,Air Purifier 233,Home Appliances,battery,21,21.875
P0231,Smartphone 231,Mobile,battery,21,25.925925925925924
P0301,Bluetooth Speaker 301,Audio,quality,21,20.0
P0223,Smartphone 223,Mobile,battery,21,22.340425531914892
P0306,Fitness Band 306,Wearables,battery,21,20.0
P0058,Bluetooth Speaker 58,Audio,quality,21,19.26605504587156
P0095,Analog Watch 95,Watches,quality,21,20.388349514563107
P0436,Wireless Earbuds 436,Audio,battery,21,20.388349514563107
P0033,Smart Watch 33,Watches,performance,21,18.421052631578945
P0123,Smart Watch 123,Watches,quality,21,18.91891891891892
P0243,Bluetooth Speaker 243,Audio,quality,21,24.137931034482758
P0022,Analog Watch 22,Watches,performance,21,19.444444444444446
P0240,Tablet 240,Mobile,quality,21,23.595505617977526
P0103,Fitness Band 103,Wearables,battery,21,19.090909090909093
P0384,Bluetooth Speaker 384,Audio,battery,21,20.588235294117645
P0235,Smartphone 235,Mobile,quality,21,18.103448275862068
P0236,Fitness Band 236,Wearables,battery,21,24.705882352941178
P0128,Smart Light 128,Home Appliances,battery,21,19.81132075471698
P0100,Bluetooth Speaker 100,Audio,quality,21,21.875
P0099,Bluetooth Speaker 99,Audio,performance,21,19.444444444444446
P0276,Fitness Watch 276,Watches,quality,21,19.81132075471698
P0274,Smart Watch 274,Watches,quality,21,20.792079207920793
P0275,Tablet 275,Mobile,quality,21,17.94871794871795
P0340,Fitness Band 340,Wearables,performance,21,18.75
P0078,Smart Ring 78,Wearables,battery,21,21.0
P0339,Wireless Earbuds 339,Audio,battery,21,18.421052631578945
P0152,Wireless Earbuds 152,Audio,quality,21,22.82608695652174
P0179,Fitness Band 179,Wearables,quality,21,21.428571428571427
P0177,Wireless Earbuds 177,Audio,quality,21,21.649484536082475
P0010,Smart Light 10,Home Appliances,performance,21,19.090909090909093
P0483,Smartphone 483,Mobile,performance,21,19.090909090909093
P0496,Fitness Band 496,Wearables,performance,20,18.01801801801802
P0165,Bluetooth Speaker 165,Audio,performance,20,18.867924528301888
P0485,Smart Watch 485,Watches,performance,20,16.260162601626014
P0180,Smart Light 180,Home Appliances,battery,20,21.50537634408602
P0180,Smart Light 180,Home Appliances,quality,20,21.50537634408602
P0339,Wireless Earbuds 339,Audio,performance,20,17.543859649122805
P0077,Fitness Watch 77,Watches,battery,20,21.052631578947366
P0488,Smart Light 488,Home Appliances,quality,20,18.69158878504673
P0489,Headphones 489,Audio,battery,20,24.096385542168676
P0007,Tablet 7,Mobile,performance,20,23.25581395348837
P0007,Tablet 7,Mobile,quality,20,23.25581395348837
P0168,Smart Ring 168,Wearables,performance,20,20.833333333333336
P0172,Air Purifier 172,Home Appliances,quality,20,20.833333333333336
P0129,Air Purifier 129,Home Appliances,battery,20,21.978021978021978
P0292,Smart Fan 292,Home Appliances,performance,20,15.151515151515152
P0294,Smart Ring 294,Wearables,quality,20,21.27659574468085
P0098,Analog Watch 98,Watches,battery,20,21.27659574468085
P0381,Bluetooth Speaker 381,Audio,performance,20,20.833333333333336
P0437,Tablet 437,Mobile,performance,20,18.867924528301888
P0228,Fitness Watch 228,Watches,quality,20,20.408163265306122
P0376,Smart Fan 376,Home Appliances,quality,20,22.727272727272727
P0380,Fitness Band 380,Wearables,battery,20,19.41747572815534
P0303,Fitness Watch 303,Watches,quality,20,20.408163265306122
P0131,Smartphone 131,Mobile,quality,20,23.25581395348837
P0234,Air Purifier 234,Home Appliances,performance,20,21.052631578947366
P0136,Tablet 136,Mobile,comfort,20,18.51851851851852
P0374,Headphones 374,Audio,performance,20,18.69158878504673
P0308,Smart Watch 308,Watches,quality,20,18.01801801801802
P0388,Smart Fan 388,Home Appliances,battery,20,20.618556701030926
P0052,Bluetooth Speaker 52,Audio,battery,20,23.25581395348837
P0053,Tablet 53,Mobile,performance,20,19.230769230769234
P0243,Bluetooth Speaker 243,Audio,battery,20,22.988505747126435
P0245,Smart Ring 245,Wearables,battery,20,25.0
P0448,Smart Fan 448,Home Appliances,delivery,20,20.408163265306122
P0449,Bluetooth Speaker 449,Audio,quality,20,23.25581395348837
P0219,Smart Ring 219,Wearables,quality,20,17.699115044247787
P0093,Tablet 93,Mobile,quality,20,18.51851851851852
P0369,Air Purifier 369,Home Appliances,quality,20,17.857142857142858
P0366,Air Purifier 366,Home Appliances,quality,20,21.978021978021978
P0091,Tablet 91,Mobile,battery,20,18.867924528301888
P0317,Smart Light 317,Home Appliances,quality,20,20.0
P0138,Smart Fan 138,Home Appliances,quality,20,19.607843137254903
P0214,Fitness Band 214,Wearables,quality,20,19.230769230769234
P0246,Fitness Watch 246,Watches,quality,20,21.052631578947366
P0285,Smart Light 285,Home Appliances,battery,20,19.801980198019802
P0049,Smart Fan 49,Home Appliances,quality,20,19.230769230769234
P0431,Bluetooth Speaker 431,Audio,battery,20,23.809523809523807
P0431,Bluetooth Speaker 431,Audio,quality,20,23.809523809523807
P0142,Smart Fan 142,Home Appliances,comfort,20,16.260162601626014
P0459,Smart Watch 459,Watches,software,20,16.528925619834713
P0363,Tablet 363,Mobile,quality,20,19.607843137254903
P0364,Bluetooth Speaker 364,Audio,quality,20,21.052631578947366
P0063,Fitness Band 63,Wearables,quality,20,18.69158878504673
P0145,Fitness Band 145,Wearables,performance,20,17.094017094017094
P0201,Fitness Band 201,Wearables,performance,20,17.857142857142858
P0464,Smart Light 464,Home Appliances,battery,20,23.25581395348837
P0254,Tablet 254,Mobile,quality,20,19.230769230769234
P0399,Analog Watch 399,Watches,quality,20,27.397260273972602
P0282,Smartphone 282,Mobile,performance,20,18.51851851851852
P0104,Smartphone 104,Mobile,quality,20,18.69158878504673
P0119,Wireless Earbuds 119,Audio,quality,20,19.230769230769234
P0422,Tablet 422,Mobile,quality,20,20.833333333333336
P0261,Analog Watch 261,Watches,quality,20,19.047619047619047
P0469,Smart Ring 469,Wearables,battery,20,20.833333333333336
P0323,Smart Watch 323,Watches,quality,20,20.618556701030926
P0327,Smart Fan 327,Home Appliances,quality,20,20.618556701030926
P0192,Bluetooth Speaker 192,Audio,quality,20,17.699115044247787
P0195,Fitness Band 195,Wearables,performance,20,21.052631578947366
P0354,Smartphone 354,Mobile,delivery,20,20.2020202020202
P0354,Smartphone 354,Mobile,quality,20,20.2020202020202
P0355,Analog Watch 355,Watches,battery,20,21.978021978021978
P0346,Smart Ring 346,Wearables,battery,20,21.27659574468085
P0334,Fitness Band 334,Wearables,quality,20,18.51851851851852
P0181,Smart Light 181,Home Appliances,price,20,16.528925619834713
P0479,Fitness Watch 479,Watches,performance,20,17.094017094017094
P0482,Smartphone 482,Mobile,battery,20,22.22222222222222
P0416,Smart Ring 416,Wearables,performance,20,22.22222222222222
P0265,Smart Fan 265,Home Appliances,quality,20,21.052631578947366
P0115,Air Purifier 115,Home Appliances,quality,20,17.857142857142858
P0410,Analog Watch 410,Watches,battery,20,22.47191011235955
P0043,Tablet 43,Mobile,performance,20,18.51851851851852
P0160,Smart Fan 160,Home Appliances,quality,20,17.094017094017094
P0496,Fitness Band 496,Wearables,quality,20,18.01801801801802
P0493,Air Purifier 493,Home Appliances,quality,20,22.22222222222222
P0005,Air Purifier 5,Home Appliances,performance,19,17.117117117117118
P0004,Headphones 4,Audio,battery,19,25.675675675675674
P0166,Smart Ring 166,Wearables,quality,19,20.87912087912088
P0493,Air Purifier 493,Home Appliances,battery,19,21.11111111111111
P0345,Tablet 345,Mobile,performance,19,18.81188118811881
P0348,Analog Watch 348,Watches,quality,19,16.52173913043478
P0070,Smart Watch 70,Watches,price,19,18.095238095238095
P0071,Smart Watch 71,Watches,battery,19,21.839080459770116
P0336,Tablet 336,Mobile,price,19,19.791666666666664
P0481,Bluetooth Speaker 481,Audio,performance,19,16.666666666666664
P0408,Smartphone 408,Mobile,quality,19,16.8141592920354
P0042,Smart Watch 42,Watches,software,19,16.964285714285715
P0043,Tablet 43,Mobile,quality,19,17.59259259259259
P0410,Analog Watch 410,Watches,quality,19,21.34831460674157
P0269,Smartphone 269,Mobile,performance,19,17.431192660550458
P0269,Smartphone 269,Mobile,quality,19,17.431192660550458
P0273,Smart Ring 273,Wearables,performance,19,16.8141592920354
P0152,Wireless Earbuds 152,Audio,battery,19,20.652173913043477
P0472,Smartphone 472,Mobile,quality,19,21.11111111111111
P0015,Smart Ring 15,Wearables,battery,19,20.652173913043477
P0189,Smartphone 189,Mobile,battery,19,24.675324675324674
P0355,Analog Watch 355,Watches,quality,19,20.87912087912088
P0404,Bluetooth Speaker 404,Audio,battery,19,24.358974358974358
P0404,Bluetooth Speaker 404,Audio,quality,19,24.358974358974358
P0045,Smart Ring 45,Wearables,performance,19,16.964285714285715
P0278,Tablet 278,Mobile,quality,19,20.87912087912088
P0282,Smartphone 282,Mobile,battery,19,17.59259259259259
P0414,Wireless Earbuds 414,Audio,battery,19,18.81188118811881
P0041,Headphones 41,Audio,performance,19,16.379310344827587
P0415,Fitness Band 415,Wearables,performance,19,19.587628865979383
P0068,Headphones 68,Audio,quality,19,19.0
P0079,Smartphone 79,Mobile,quality,19,17.92452830188679
P0191,Headphones 191,Audio,performance,19,17.431192660550458
P0467,Air Purifier 467,Home Appliances,battery,19,25.333333333333336
P0468,Fitness Band 468,Wearables,performance,19,17.272727272727273
P0192,Bluetooth Speaker 192,Audio,performance,19,16.8141592920354
P0325,Tablet 325,Mobile,quality,19,22.093023255813954
P0326,Smart Watch 326,Watches,performance,19,18.627450980392158
P0327,Smart Fan 327,Home Appliances,battery,19,19.587628865979383
P0327,Smart Fan 327,Home Appliances,performance,19,19.587628865979383
P0329,Wireless Earbuds 329,Audio,quality,19,20.0
P0195,Fitness Band 195,Wearables,quality,19,20.0
P0146,Air Purifier 146,Home Appliances,quality,19,16.964285714285715
P0199,Smart Ring 199,Wearables,quality,19,19.587628865979383
P0035,Smartphone 35,Mobile,software,19,16.8141592920354
P0260,Headphones 260,Audio,quality,19,19.0
P0263,Smart Light 263,Home Appliances,quality,19,20.0
P0416,Smart Ring 416,Wearables,quality,19,21.11111111111111
P0266,Headphones 266,Audio,performance,19,15.447154471544716
P0114,Smart Light 114,Home Appliances,price,19,17.59259259259259
P0411,Smart Fan 411,Home Appliances,quality,19,19.19191919191919
P0403,Smart Watch 403,Watches,quality,19,20.43010752688172
P0322,Smart Watch 322,Watches,software,19,17.92452830188679
P0360,Analog Watch 360,Watches,battery,19,19.791666666666664
P0067,Smart Fan 67,Home Appliances,battery,19,18.269230769230766
P0360,Analog Watch 360,Watches,quality,19,19.791666666666664
P0432,Air Purifier 432,Home Appliances,battery,19,20.212765957446805
P0397,Fitness Band 397,Wearables,performance,19,16.23931623931624
P0400,Analog Watch 400,Watches,quality,19,20.212765957446805
P0048,Smart Watch 48,Watches,quality,19,17.92452830188679
P0284,Wireless Earbuds 284,Audio,performance,19,19.19191919191919
P0284,Wireless Earbuds 284,Audio,quality,19,19.19191919191919
P0255,Bluetooth Speaker 255,Audio,quality,19,20.652173913043477
P0203,Smart Light 203,Home Appliances,quality,19,21.11111111111111
P0458,Headphones 458,Audio,quality,19,21.839080459770116
P0207,Wireless Earbuds 207,Audio,quality,19,19.19191919191919
P0364,Bluetooth Speaker 364,Audio,battery,19,20.0
P0319,Smart Ring 319,Wearables,quality,19,17.92452830188679
P0312,Smart Watch 312,Watches,quality,19,18.446601941747574
P0090,Smartphone 90,Mobile,quality,19,17.59259259259259
P0316,Wireless Earbuds 316,Audio,performance,19,16.52173913043478
P0316,Wireless Earbuds 316,Audio,quality,19,16.52173913043478
P0316,Wireless Earbuds 316,Audio,software,19,16.52173913043478
P0318,Bluetooth Speaker 318,Audio,comfort,19,16.52173913043478
P0088,Air Purifier 88,Home Appliances,quality,19,20.212765957446805
P0089,Fitness Band 89,Wearables,quality,19,17.59259259259259
P0139,Analog Watch 139,Watches,performance,19,15.447154471544716
P0140,Smartphone 140,Mobile,performance,19,20.652173913043477
P0249,Smart Light 249,Home Appliances,quality,19,23.170731707317074
P0105,Fitness Watch 105,Watches,battery,19,17.75700934579439
P0393,Analog Watch 393,Watches,performance,19,16.8141592920354
P0102,Smart Light 102,Home Appliances,quality,19,19.19191919191919
P0428,Wireless Earbuds 428,Audio,battery,19,21.11111111111111
P0212,Smartphone 212,Mobile,battery,19,21.34831460674157
P0136,Tablet 136,Mobile,quality,19,17.59259259259259
P0455,Fitness Band 455,Wearables,quality,19,20.212765957446805
P0024,Fitness Band 24,Wearables,performance,19,19.0
P0434,Analog Watch 434,Watches,performance,19,18.269230769230766
P0435,Bluetooth Speaker 435,Audio,quality,19,18.095238095238095
P0031,Fitness Band 31,Wearables,quality,19,22.093023255813954
P0247,Bluetooth Speaker 247,Audio,battery,19,24.358974358974358
P0248,Headphones 248,Audio,quality,19,21.34831460674157
P0094,Smart Ring 94,Wearables,quality,19,16.379310344827587
P0369,Air Purifier 369,Home Appliances,price,19,16.964285714285715
P0061,Wireless Earbuds 61,Audio,quality,19,18.095238095238095
P0310,Fitness Band 310,Wearables,performance,19,17.431192660550458
P0224,Air Purifier 224,Home Appliances,performance,19,20.652173913043477
P0226,Bluetooth Speaker 226,Audio,performance,19,18.095238095238095
P0133,Wireless Earbuds 133,Audio,performance,19,18.095238095238095
P0441,Smartphone 441,Mobile,quality,19,19.0
P0060,Smartphone 60,Mobile,battery,19,21.34831460674157
P0443,Wireless Earbuds 443,Audio,battery,19,23.75
P0242,Smart Light 242,Home Appliances,delivery,19,17.92452830188679
P0290,Fitness Band 290,Wearables,battery,19,19.587628865979383
P0290,Fitness Band 290,Wearables,quality,19,19.587628865979383
P0387,Fitness Band 387,Wearables,performance,19,18.627450980392158
P0388,Smart Fan 388,Home Appliances,quality,19,19.587628865979383
P0229,Smart Light 229,Home Appliances,delivery,19,20.652173913043477
P0230,Smart Watch 230,Watches,battery,19,17.117117117117118
P0384,Bluetooth Speaker 384,Audio,quality,19,18.627450980392158
P0235,Smartphone 235,Mobile,performance,19,16.379310344827587
P0291,Wireless Earbuds 291,Audio,battery,19,17.272727272727273
P0438,Fitness Band 438,Wearables,quality,19,22.89156626506024
P0439,Smartphone 439,Mobile,quality,19,19.19191919191919
P0487,Air Purifier 487,Home Appliances,battery,19,17.75700934579439
P0487,Air Purifier 487,Home Appliances,quality,19,17.75700934579439
P0482,Smartphone 482,Mobile,performance,19,21.11111111111111
P0181,Smart Light 181,Home Appliances,performance,19,15.702479338842975
P0402,Wireless Earbuds 402,Audio,quality,19,18.81188118811881
P0489,Headphones 489,Audio,quality,19,22.89156626506024
P0170,Tablet 170,Mobile,quality,19,22.35294117647059
P0174,Tablet 174,Mobile,quality,19,20.0
P0156,Wireless Earbuds 156,Audio,quality,19,20.212765957446805
P0347,Smartphone 347,Mobile,comfort,19,15.702479338842975
P0347,Smartphone 347,Mobile,performance,19,15.702479338842975
P0159,Analog Watch 159,Watches,quality,19,24.050632911392405
P0161,Smartphone 161,Mobile,battery,18,18.556701030927837
P0497,Smart Ring 497,Wearables,quality,18,18.181818181818183
P0154,Smart Fan 154,Home Appliances,quality,18,19.148936170212767
P0339,Wireless Earbuds 339,Audio,quality,18,15.789473684210526
P0169,Analog Watch 169,Watches,battery,18,20.930232558139537
P0341,Smart Watch 341,Watches,performance,18,14.634146341463413
P0403,Smart Watch 403,Watches,battery,18,19.35483870967742
P0008,Headphones 8,Audio,price,18,17.647058823529413
P0487,Air Purifier 487,Home Appliances,performance,18,16.822429906542055
P0176,Smart Light 176,Home Appliances,quality,18,17.647058823529413
P0154,Smart Fan 154,Home Appliances,battery,18,19.148936170212767
P0381,Bluetooth Speaker 381,Audio,quality,18,18.75
P0129,Air Purifier 129,Home Appliances,performance,18,19.78021978021978
P0380,Fitness Band 380,Wearables,software,18,17.475728155339805
P0157,Smartphone 157,Mobile,quality,18,17.82178217821782
P0440,Fitness Band 440,Wearables,performance,18,18.181818181818183
P0440,Fitness Band 440,Wearables,quality,18,18.181818181818183
P0238,Air Purifier 238,Home Appliances,battery,18,22.5
P0290,Fitness Band 290,Wearables,price,18,18.556701030927837
P0231,Smartphone 231,Mobile,quality,18,22.22222222222222
P0303,Fitness Watch 303,Watches,comfort,18,18.367346938775512
P0302,Bluetooth Speaker 302,Audio,quality,18,17.82178217821782
P0380,Fitness Band 380,Wearables,quality,18,17.475728155339805
P0379,Bluetooth Speaker 379,Audio,performance,18,18.556701030927837
P0380,Fitness Band 380,Wearables,performance,18,17.475728155339805
P0128,Smart Light 128,Home Appliances,quality,18,16.9811320754717
P0099,Bluetooth Speaker 99,Audio,battery,18,16.666666666666664
P0248,Headphones 248,Audio,performance,18,20.224719101123593
P0123,Smart Watch 123,Watches,performance,18,16.216216216216218
P0309,Fitness Band 309,Wearables,performance,18,16.363636363636363
P0367,Smart Fan 367,Home Appliances,quality,18,18.0
P0032,Smartphone 32,Mobile,quality,18,16.666666666666664
P0436,Wireless Earbuds 436,Audio,performance,18,17.475728155339805
P0122,Smart Fan 122,Home Appliances,quality,18,18.0
P0122,Smart Fan 122,Home Appliances,software,18,18.0
P0449,Bluetooth Speaker 449,Audio,performance,18,20.930232558139537
P0388,Smart Fan 388,Home Appliances,performance,18,18.556701030927837
P0052,Bluetooth Speaker 52,Audio,quality,18,20.930232558139537
P0389,Fitness Watch 389,Watches,performance,18,18.556701030927837
P0054,Wireless Earbuds 54,Audio,battery,18,18.556701030927837
P0390,Smart Light 390,Home Appliances,performance,18,16.51376146788991
P0433,Smart Fan 433,Home Appliances,quality,18,18.947368421052634
P0230,Smart Watch 230,Watches,comfort,18,16.216216216216218
P0027,Smart Ring 27,Wearables,battery,18,17.475728155339805
P0103,Fitness Band 103,Wearables,performance,18,16.363636363636363
P0126,Tablet 126,Mobile,quality,18,17.475728155339805
P0125,Air Purifier 125,Home Appliances,performance,18,15.0
P0227,Smart Ring 227,Wearables,quality,18,18.0
P0058,Bluetooth Speaker 58,Audio,software,18,16.51376146788991
P0374,Headphones 374,Audio,software,18,16.822429906542055
P0060,Smartphone 60,Mobile,quality,18,20.224719101123593
P0134,Smartphone 134,Mobile,quality,18,16.9811320754717
P0062,Tablet 62,Mobile,battery,18,19.565217391304348
P0224,Air Purifier 224,Home Appliances,battery,18,19.565217391304348
P0472,Smartphone 472,Mobile,comfort,18,20.0
P0187,Bluetooth Speaker 187,Audio,quality,18,17.475728155339805
P0413,Smart Watch 413,Watches,performance,18,19.78021978021978
P0419,Fitness Band 419,Wearables,performance,18,15.126050420168067
P0038,Tablet 38,Mobile,performance,18,16.216216216216218
P0205,Tablet 205,Mobile,software,18,21.176470588235293
P0142,Smart Fan 142,Home Appliances,performance,18,14.634146341463413
P0204,Wireless Earbuds 204,Audio,quality,18,20.689655172413794
P0019,Fitness Watch 19,Watches,quality,18,13.953488372093023
P0424,Smart Ring 424,Wearables,performance,18,18.367346938775512
P0019,Fitness Watch 19,Watches,delivery,18,13.953488372093023
P0399,Analog Watch 399,Watches,battery,18,24.65753424657534
P0426,Headphones 426,Audio,quality,18,20.0
P0357,Tablet 357,Mobile,performance,18,24.0
P0322,Smart Watch 322,Watches,quality,18,16.9811320754717
P0087,Tablet 87,Mobile,performance,18,15.65217391304348
P0358,Bluetooth Speaker 358,Audio,quality,18,19.78021978021978
P0067,Smart Fan 67,Home Appliances,performance,18,17.307692307692307
P0463,Air Purifier 463,Home Appliances,performance,18,16.666666666666664
P0465,Fitness Band 465,Wearables,battery,18,15.929203539823009
P0018,Smart Ring 18,Wearables,performance,18,14.87603305785124
P0285,Smart Light 285,Home Appliances,performance,18,17.82178217821782
P0461,Headphones 461,Audio,quality,18,19.148936170212767
P0065,Smart Ring 65,Wearables,performance,18,18.0
P0459,Smart Watch 459,Watches,performance,18,14.87603305785124
P0209,Wireless Earbuds 209,Audio,battery,18,21.428571428571427
P0320,Smart Ring 320,Wearables,performance,18,16.071428571428573
P0251,Fitness Band 251,Wearables,battery,18,20.689655172413794
P0287,Analog Watch 287,Watches,performance,18,18.367346938775512
P0215,Smart Light 215,Home Appliances,quality,18,18.556701030927837
P0034,Bluetooth Speaker 34,Audio,quality,18,21.951219512195124
P0288,Smart Ring 288,Wearables,performance,18,17.82178217821782
P0022,Analog Watch 22,Watches,quality,18,16.666666666666664
P0456,Bluetooth Speaker 456,Audio,performance,18,20.224719101123593
P0457,Air Purifier 457,Home Appliances,battery,18,17.647058823529413
P0446,Tablet 446,Mobile,quality,18,19.78021978021978
P0447,Smartphone 447,Mobile,quality,18,17.142857142857142
P0333,Smart Light 333,Home Appliances,price,18,15.789473684210526
P0331,Smart Ring 331,Wearables,battery,18,17.647058823529413
P0193,Fitness Band 193,Wearables,quality,18,25.71428571428571
P0353,Analog Watch 353,Watches,quality,18,20.454545454545457
P0046,Bluetooth Speaker 46,Audio,performance,18,16.363636363636363
P0186,Smart Ring 186,Wearables,performance,18,18.947368421052634
P0270,Smart Watch 270,Watches,quality,18,18.75
P0012,Fitness Band 12,Wearables,quality,18,17.307692307692307
P0167,Fitness Watch 167,Watches,performance,18,20.0
P0343,Tablet 343,Mobile,performance,18,15.789473684210526
P0163,Smart Ring 163,Wearables,battery,18,20.930232558139537
P0350,Analog Watch 350,Watches,performance,18,15.384615384615385
P0480,Headphones 480,Audio,quality,18,19.148936170212767
P0351,Tablet 351,Mobile,quality,18,19.148936170212767
P0070,Smart Watch 70,Watches,performance,18,17.142857142857142
P0277,Smartphone 277,Mobile,quality,18,19.35483870967742
P0324,Air Purifier 324,Home Appliances,performance,18,17.647058823529413
P0083,Air Purifier 83,Home Appliances,performance,18,15.384615384615385
P0425,Fitness Watch 425,Watches,quality,18,24.0
P0037,Analog Watch 37,Watches,performance,18,16.363636363636363
P0195,Fitness Band 195,Wearables,battery,18,18.947368421052634
P0355,Analog Watch 355,Watches,performance,18,19.78021978021978
P0278,Tablet 278,Mobile,performance,18,19.78021978021978
P0190,Smart Light 190,Home Appliances,battery,18,18.75
P0425,Fitness Watch 425,Watches,battery,18,24.0
P0024,Fitness Band 24,Wearables,quality,17,17.0
P0245,Smart Ring 245,Wearables,performance,17,21.25
P0124,Smart Ring 124,Wearables,performance,17,16.666666666666664
P0249,Smart Light 249,Home Appliances,battery,17,20.73170731707317
P0031,Fitness Band 31,Wearables,performance,17,19.767441860465116
P0178,Fitness Watch 178,Watches,battery,17,22.972972972972975
P0241,Wireless Earbuds 241,Audio,performance,17,18.085106382978726
P0338,Wireless Earbuds 338,Audio,delivery,17,15.59633027522936
P0007,Tablet 7,Mobile,battery,17,19.767441860465116
P0074,Smart Watch 74,Watches,delivery,17,15.315315315315313
P0175,Fitness Band 175,Wearables,quality,17,17.894736842105264
P0161,Smartphone 161,Mobile,quality,17,17.525773195876287
P0061,Wireless Earbuds 61,Audio,performance,17,16.19047619047619
P0246,Fitness Watch 246,Watches,performance,17,17.894736842105264
P0442,Smartphone 442,Mobile,quality,17,17.17171717171717
P0305,Fitness Band 305,Wearables,performance,17,14.782608695652174
P0373,Smartphone 373,Mobile,quality,17,17.346938775510203
P0059,Air Purifier 59,Home Appliances,performance,17,15.74074074074074
P0444,Fitness Band 444,Wearables,battery,17,19.318181818181817
P0441,Smartphone 441,Mobile,performance,17,17.0
P0442,Smartphone 442,Mobile,performance,17,17.17171717171717
P0304,Bluetooth Speaker 304,Audio,quality,17,17.525773195876287
P0220,Smart Ring 220,Wearables,quality,17,18.085106382978726
P0302,Bluetooth Speaker 302,Audio,performance,17,16.831683168316832
P0232,Smart Ring 232,Wearables,battery,17,22.36842105263158
P0294,Smart Ring 294,Wearables,performance,17,18.085106382978726
P0101,Bluetooth Speaker 101,Audio,performance,17,18.27956989247312
P0128,Smart Light 128,Home Appliances,performance,17,16.037735849056602
P0128,Smart Light 128,Home Appliances,delivery,17,16.037735849056602
P0233,Air Purifier 233,Home Appliances,quality,17,17.708333333333336
P0233,Air Purifier 233,Home Appliances,delivery,17,17.708333333333336
P0378,Tablet 378,Mobile,battery,17,16.831683168316832
P0242,Smart Light 242,Home Appliances,battery,17,16.037735849056602
P0229,Smart Light 229,Home Appliances,battery,17,18.478260869565215
P0027,Smart Ring 27,Wearables,delivery,17,16.50485436893204
P0158,Smartphone 158,Mobile,quality,17,18.27956989247312
P0486,Tablet 486,Mobile,battery,17,20.238095238095237
P0365,Smart Ring 365,Wearables,performance,17,16.50485436893204
P0105,Fitness Watch 105,Watches,performance,17,15.887850467289718
P0256,Smartphone 256,Mobile,quality,17,16.666666666666664
P0267,Smartphone 267,Mobile,quality,17,18.27956989247312
P0065,Smart Ring 65,Wearables,quality,17,17.0
P0358,Bluetooth Speaker 358,Audio,performance,17,18.681318681318682
P0462,Smart Ring 462,Wearables,quality,17,16.831683168316832
P0401,Headphones 401,Audio,performance,17,17.894736842105264
P0252,Smartphone 252,Mobile,quality,17,17.346938775510203
P0204,Wireless Earbuds 204,Audio,battery,17,19.54022988505747
P0283,Headphones 283,Audio,quality,17,16.666666666666664
P0019,Fitness Watch 19,Watches,performance,17,13.178294573643413
P0401,Headphones 401,Audio,quality,17,17.894736842105264
P0047,Smart Fan 47,Home Appliances,quality,17,17.17171717171717
P0401,Headphones 401,Audio,battery,17,17.894736842105264
P0251,Fitness Band 251,Wearables,comfort,17,19.54022988505747
P0210,Tablet 210,Mobile,quality,17,17.0
P0021,Wireless Earbuds 21,Audio,performance,17,18.085106382978726
P0427,Analog Watch 427,Watches,quality,17,21.25
P0035,Smartphone 35,Mobile,performance,17,15.04424778761062
P0213,Wireless Earbuds 213,Audio,software,17,15.887850467289718
P0137,Analog Watch 137,Watches,quality,17,17.17171717171717
P0452,Bluetooth Speaker 452,Audio,performance,17,18.478260869565215
P0453,Smartphone 453,Mobile,performance,17,14.655172413793101
P0395,Analog Watch 395,Watches,comfort,17,17.0
P0395,Analog Watch 395,Watches,quality,17,17.0
P0313,Smart Watch 313,Watches,quality,17,15.315315315315313
P0092,Fitness Band 92,Wearables,delivery,17,15.454545454545453
P0092,Fitness Band 92,Wearables,quality,17,15.454545454545453
P0249,Smart Light 249,Home Appliances,performance,17,20.73170731707317
P0323,Smart Watch 323,Watches,performance,17,17.525773195876287
P0148,Analog Watch 148,Watches,quality,17,16.037735849056602
P0466,Smart Fan 466,Home Appliances,performance,17,17.17171717171717
P0149,Fitness Watch 149,Watches,performance,17,16.19047619047619
P0014,Fitness Band 14,Wearables,battery,17,18.085106382978726
P0396,Fitness Watch 396,Watches,quality,17,17.0
P0281,Smart Ring 281,Wearables,price,17,18.085106382978726
P0079,Smartphone 79,Mobile,performance,17,16.037735849056602
P0331,Smart Ring 331,Wearables,quality,17,16.666666666666664
P0069,Headphones 69,Audio,quality,17,17.17171717171717
P0407,Fitness Band 407,Wearables,quality,17,17.17171717171717
P0413,Smart Watch 413,Watches,quality,17,18.681318681318682
P0466,Smart Fan 466,Home Appliances,quality,17,17.17171717171717
P0200,Bluetooth Speaker 200,Audio,software,17,14.655172413793101
P0015,Smart Ring 15,Wearables,quality,17,18.478260869565215
P0471,Bluetooth Speaker 471,Audio,quality,17,17.894736842105264
P0471,Bluetooth Speaker 471,Audio,performance,17,17.894736842105264
P0185,Smart Ring 185,Wearables,software,17,15.178571428571427
P0183,Wireless Earbuds 183,Audio,performance,17,16.50485436893204
P0472,Smartphone 472,Mobile,battery,17,18.88888888888889
P0042,Smart Watch 42,Watches,quality,17,15.178571428571427
P0268,Fitness Band 268,Wearables,quality,17,18.88888888888889
P0112,Smart Light 112,Home Appliances,performance,17,15.74074074074074
P0273,Smart Ring 273,Wearables,quality,17,15.04424778761062
P0275,Tablet 275,Mobile,performance,17,14.529914529914532
P0274,Smart Watch 274,Watches,performance,17,16.831683168316832
P0110,Smart Ring 110,Wearables,delivery,17,12.878787878787879
P0481,Bluetooth Speaker 481,Audio,quality,17,14.912280701754385
P0481,Bluetooth Speaker 481,Audio,price,17,14.912280701754385
P0408,Smartphone 408,Mobile,performance,17,15.04424778761062
P0011,Smartphone 11,Mobile,quality,17,19.54022988505747
P0334,Fitness Band 334,Wearables,battery,17,15.74074074074074
P0348,Analog Watch 348,Watches,performance,17,14.782608695652174
P0166,Smart Ring 166,Wearables,comfort,17,18.681318681318682
P0494,Fitness Watch 494,Watches,quality,17,20.0
P0006,Headphones 6,Audio,battery,17,16.037735849056602
P0001,Smart Watch 1,Watches,quality,16,17.582417582417584
P0002,Smart Watch 2,Watches,performance,16,14.545454545454545
P0494,Fitness Watch 494,Watches,performance,16,18.823529411764707
P0119,Wireless Earbuds 119,Audio,delivery,16,15.384615384615385
P0258,Smart Watch 258,Watches,price,16,17.20430107526882
P0259,Smart Fan 259,Home Appliances,quality,16,17.77777777777778
P0260,Headphones 260,Audio,performance,16,16.0
P0012,Fitness Band 12,Wearables,performance,16,15.384615384615385
P0009,Wireless Earbuds 9,Audio,performance,16,13.223140495867769
P0010,Smart Light 10,Home Appliances,delivery,16,14.545454545454545
P0261,Analog Watch 261,Watches,comfort,16,15.238095238095239
P0261,Analog Watch 261,Watches,performance,16,15.238095238095239
P0117,Smartphone 117,Mobile,quality,16,15.09433962264151
P0115,Air Purifier 115,Home Appliances,price,16,14.285714285714285
P0268,Fitness Band 268,Wearables,performance,16,17.77777777777778
P0111,Smartphone 111,Mobile,performance,16,14.035087719298245
P0276,Fitness Watch 276,Watches,performance,16,15.09433962264151
P0238,Air Purifier 238,Home Appliances,quality,16,20.0
P0279,Tablet 279,Mobile,comfort,16,14.035087719298245
P0280,Smartphone 280,Mobile,battery,16,15.686274509803921
P0106,Bluetooth Speaker 106,Audio,software,16,14.035087719298245
P0280,Smartphone 280,Mobile,software,16,15.686274509803921
P0127,Smartphone 127,Mobile,performance,16,15.53398058252427
P0128,Smart Light 128,Home Appliances,price,16,15.09433962264151
P0159,Analog Watch 159,Watches,battery,16,20.253164556962027
P0477,Fitness Watch 477,Watches,quality,16,16.161616161616163
P0011,Smartphone 11,Mobile,battery,16,18.39080459770115
P0232,Smart Ring 232,Wearables,quality,16,21.052631578947366
P0233,Air Purifier 233,Home Appliances,price,16,16.666666666666664
P0102,Smart Light 102,Home Appliances,comfort,16,16.161616161616163
P0292,Smart Fan 292,Home Appliances,comfort,16,12.121212121212121
P0231,Smartphone 231,Mobile,performance,16,19.753086419753085
P0295,Smart Ring 295,Wearables,price,16,16.842105263157894
P0295,Smart Ring 295,Wearables,quality,16,16.842105263157894
P0296,Headphones 296,Audio,performance,16,12.598425196850393
P0298,Smartphone 298,Mobile,delivery,16,16.0
P0299,Smart Ring 299,Wearables,quality,16,17.77777777777778
P0017,Bluetooth Speaker 17,Audio,delivery,16,14.678899082568808
P0096,Smart Watch 96,Watches,quality,16,17.582417582417584
P0097,Fitness Watch 97,Watches,delivery,16,14.035087719298245
P0309,Fitness Band 309,Wearables,software,16,14.545454545454545
P0094,Smart Ring 94,Wearables,software,16,13.793103448275861
P0318,Bluetooth Speaker 318,Audio,quality,16,13.91304347826087
P0088,Air Purifier 88,Home Appliances,performance,16,17.02127659574468
P0090,Smartphone 90,Mobile,delivery,16,14.814814814814813
P0321,Smart Ring 321,Wearables,delivery,16,14.814814814814813
P0321,Smart Ring 321,Wearables,performance,16,14.814814814814813
P0087,Tablet 87,Mobile,delivery,16,13.91304347826087
P0087,Tablet 87,Mobile,software,16,13.91304347826087
P0083,Air Purifier 83,Home Appliances,price,16,13.675213675213676
P0331,Smart Ring 331,Wearables,software,16,15.686274509803921
P0079,Smartphone 79,Mobile,price,16,15.09433962264151
P0218,Tablet 218,Mobile,performance,16,15.841584158415841
P0018,Smart Ring 18,Wearables,price,16,13.223140495867769
P0019,Fitness Watch 19,Watches,comfort,16,12.4031007751938
P0168,Smart Ring 168,Wearables,quality,16,16.666666666666664
P0170,Tablet 170,Mobile,comfort,16,18.823529411764707
P0334,Fitness Band 334,Wearables,software,16,14.814814814814813
P0335,Headphones 335,Audio,delivery,16,16.49484536082474
P0338,Wireless Earbuds 338,Audio,price,16,14.678899082568808
P0339,Wireless Earbuds 339,Audio,delivery,16,14.035087719298245
P0078,Smart Ring 78,Wearables,performance,16,16.0
P0342,Smartphone 342,Mobile,performance,16,17.97752808988764
P0342,Smartphone 342,Mobile,quality,16,17.97752808988764
P0213,Wireless Earbuds 213,Audio,performance,16,14.953271028037381
P0348,Analog Watch 348,Watches,delivery,16,13.91304347826087
P0211,Air Purifier 211,Home Appliances,quality,16,14.678899082568808
P0352,Smart Ring 352,Wearables,quality,16,19.753086419753085
P0068,Headphones 68,Audio,performance,16,16.0
P0207,Wireless Earbuds 207,Audio,performance,16,16.161616161616163
P0208,Fitness Watch 208,Watches,quality,16,16.842105263157894
P0156,Wireless Earbuds 156,Audio,performance,16,17.02127659574468
P0464,Smart Light 464,Home Appliances,comfort,16,18.6046511627907
P0172,Air Purifier 172,Home Appliances,comfort,16,16.666666666666664
P0173,Smartphone 173,Mobile,quality,16,17.02127659574468
P0465,Fitness Band 465,Wearables,performance,16,14.15929203539823
P0359,Smart Light 359,Home Appliances,performance,16,16.3265306122449
P0066,Smart Fan 66,Home Appliances,delivery,16,14.678899082568808
P0361,Air Purifier 361,Home Appliances,delivery,16,15.686274509803921
P0361,Air Purifier 361,Home Appliances,performance,16,15.686274509803921
P0362,Bluetooth Speaker 362,Audio,battery,16,18.823529411764707
P0364,Bluetooth Speaker 364,Audio,performance,16,16.842105263157894
P0369,Air Purifier 369,Home Appliances,software,16,14.285714285714285
P0062,Tablet 62,Mobile,performance,16,17.391304347826086
P0062,Tablet 62,Mobile,quality,16,17.391304347826086
P0144,Smart Fan 144,Home Appliances,performance,16,14.814814814814813
P0201,Fitness Band 201,Wearables,software,16,14.285714285714285
P0452,Bluetooth Speaker 452,Audio,quality,16,17.391304347826086
P0174,Tablet 174,Mobile,performance,16,16.842105263157894
P0378,Tablet 378,Mobile,quality,16,15.841584158415841
P0143,Headphones 143,Audio,quality,16,18.823529411764707
P0056,Analog Watch 56,Watches,comfort,16,12.8
P0387,Fitness Band 387,Wearables,quality,16,15.686274509803921
P0053,Tablet 53,Mobile,price,16,15.384615384615385
P0145,Fitness Band 145,Wearables,price,16,13.675213675213676
P0400,Analog Watch 400,Watches,battery,16,17.02127659574468
P0401,Headphones 401,Audio,comfort,16,16.842105263157894
P0046,Bluetooth Speaker 46,Audio,comfort,16,14.545454545454545
P0408,Smartphone 408,Mobile,price,16,14.15929203539823
P0189,Smartphone 189,Mobile,quality,16,20.77922077922078
P0153,Fitness Band 153,Wearables,quality,16,18.39080459770115
P0447,Smartphone 447,Mobile,software,16,15.238095238095239
P0448,Smart Fan 448,Home Appliances,performance,16,16.3265306122449
P0175,Fitness Band 175,Wearables,performance,16,16.842105263157894
P0044,Fitness Band 44,Wearables,performance,16,14.953271028037381
P0412,Air Purifier 412,Home Appliances,performance,16,15.53398058252427
P0412,Air Purifier 412,Home Appliances,price,16,15.53398058252427
P0040,Analog Watch 40,Watches,quality,16,17.97752808988764
P0186,Smart Ring 186,Wearables,quality,16,16.842105263157894
P0421,Air Purifier 421,Home Appliances,performance,16,13.793103448275861
P0421,Air Purifier 421,Home Appliances,price,16,13.793103448275861
P0150,Tablet 150,Mobile,quality,16,15.686274509803921
P0423,Air Purifier 423,Home Appliances,battery,16,21.333333333333336
P0423,Air Purifier 423,Home Appliances,quality,16,21.333333333333336
P0036,Smart Watch 36,Watches,performance,16,15.53398058252427
P0429,Smart Ring 429,Wearables,performance,16,16.666666666666664
P0182,Fitness Band 182,Wearables,quality,16,16.49484536082474
P0181,Smart Light 181,Home Appliances,delivery,16,13.223140495867769
P0445,Bluetooth Speaker 445,Audio,performance,16,17.582417582417584
P0184,Smart Ring 184,Wearables,performance,16,14.035087719298245
P0495,Tablet 495,Mobile,price,16,15.238095238095239
P0251,Fitness Band 251,Wearables,price,16,18.39080459770115
P0253,Bluetooth Speaker 253,Audio,delivery,16,14.035087719298245
P0487,Air Purifier 487,Home Appliances,price,16,14.953271028037381
P0006,Headphones 6,Audio,software,16,15.09433962264151
P0491,Tablet 491,Mobile,performance,16,15.09433962264151
P0493,Air Purifier 493,Home Appliances,comfort,16,17.77777777777778
P0001,Smart Watch 1,Watches,performance,16,17.582417582417584
P0488,Smart Light 488,Home Appliances,comfort,15,14.018691588785046
P0004,Headphones 4,Audio,quality,15,20.27027027027027
P0329,Wireless Earbuds 329,Audio,performance,15,15.789473684210526
P0324,Air Purifier 324,Home Appliances,quality,15,14.705882352941178
P0219,Smart Ring 219,Wearables,performance,15,13.274336283185843
P0322,Smart Watch 322,Watches,performance,15,14.150943396226415
P0467,Air Purifier 467,Home Appliances,quality,15,20.0
P0465,Fitness Band 465,Wearables,price,15,13.274336283185843
P0018,Smart Ring 18,Wearables,software,15,12.396694214876034
P0152,Wireless Earbuds 152,Audio,performance,15,16.304347826086957
P0447,Smartphone 447,Mobile,performance,15,14.285714285714285
P0446,Tablet 446,Mobile,performance,15,16.483516483516482
P0443,Wireless Earbuds 443,Audio,performance,15,18.75
P0442,Smartphone 442,Mobile,price,15,15.151515151515152
P0003,Smart Light 3,Home Appliances,delivery,15,14.85148514851485
P0440,Fitness Band 440,Wearables,comfort,15,15.151515151515152
P0319,Smart Ring 319,Wearables,performance,15,14.150943396226415
P0089,Fitness Band 89,Wearables,performance,15,13.88888888888889
P0222,Air Purifier 222,Home Appliances,performance,15,13.761467889908257
P0222,Air Purifier 222,Home Appliances,delivery,15,13.761467889908257
P0317,Smart Light 317,Home Appliances,performance,15,15.0
P0316,Wireless Earbuds 316,Audio,comfort,15,13.043478260869565
P0092,Fitness Band 92,Wearables,performance,15,13.636363636363635
P0335,Headphones 335,Audio,quality,15,15.463917525773196
P0034,Bluetooth Speaker 34,Audio,performance,15,18.29268292682927
P0036,Smart Watch 36,Watches,quality,15,14.563106796116504
P0424,Smart Ring 424,Wearables,quality,15,15.306122448979592
P0267,Smartphone 267,Mobile,comfort,15,16.129032258064516
P0241,Wireless Earbuds 241,Audio,quality,15,15.957446808510639
P0262,Headphones 262,Audio,quality,15,15.463917525773196
P0217,Fitness Watch 217,Watches,software,15,14.705882352941178
P0217,Fitness Watch 217,Watches,performance,15,14.705882352941178
P0216,Headphones 216,Audio,quality,15,17.647058823529413
P0216,Headphones 216,Audio,price,15,17.647058823529413
P0091,Tablet 91,Mobile,performance,15,14.150943396226415
P0091,Tablet 91,Mobile,delivery,15,14.150943396226415
P0224,Air Purifier 224,Home Appliances,quality,15,16.304347826086957
P0312,Smart Watch 312,Watches,performance,15,14.563106796116504
P0041,Headphones 41,Audio,comfort,15,12.931034482758621
P0273,Smart Ring 273,Wearables,software,15,13.274336283185843
P0112,Smart Light 112,Home Appliances,quality,15,13.88888888888889
P0125,Air Purifier 125,Home Appliances,software,15,12.5
P0272,Tablet 272,Mobile,performance,15,13.513513513513514
P0271,Tablet 271,Mobile,quality,15,14.285714285714285
P0182,Fitness Band 182,Wearables,performance,15,15.463917525773196
P0072,Smart Light 72,Home Appliances,performance,15,14.85148514851485
P0346,Smart Ring 346,Wearables,performance,15,15.957446808510639
P0076,Smart Fan 76,Home Appliances,performance,15,14.85148514851485
P0344,Smartphone 344,Mobile,comfort,15,14.705882352941178
P0343,Tablet 343,Mobile,price,15,13.157894736842104
P0212,Smartphone 212,Mobile,performance,15,16.853932584269664
P0307,Smartphone 307,Mobile,software,15,14.563106796116504
P0307,Smartphone 307,Mobile,price,15,14.563106796116504
P0301,Bluetooth Speaker 301,Audio,performance,15,14.285714285714285
P0301,Bluetooth Speaker 301,Audio,delivery,15,14.285714285714285
P0300,Smart Watch 300,Watches,performance,15,15.463917525773196
P0026,Headphones 26,Audio,comfort,15,14.423076923076922
P0451,Bluetooth Speaker 451,Audio,performance,15,13.392857142857142
P0449,Bluetooth Speaker 449,Audio,battery,15,17.441860465116278
P0038,Tablet 38,Mobile,comfort,15,13.513513513513514
P0419,Fitness Band 419,Wearables,price,15,12.605042016806722
P0417,Smart Light 417,Home Appliances,price,15,15.306122448979592
P0155,Tablet 155,Mobile,performance,15,13.513513513513514
P0208,Fitness Watch 208,Watches,performance,15,15.789473684210526
P0354,Smartphone 354,Mobile,performance,15,15.151515151515152
P0140,Smartphone 140,Mobile,quality,15,16.304347826086957
P0139,Analog Watch 139,Watches,comfort,15,12.195121951219512
P0362,Bluetooth Speaker 362,Audio,performance,15,17.647058823529413
P0359,Smart Light 359,Home Appliances,price,15,15.306122448979592
P0046,Bluetooth Speaker 46,Audio,quality,15,13.636363636363635
P0281,Smart Ring 281,Wearables,quality,15,15.957446808510639
P0108,Wireless Earbuds 108,Audio,quality,15,14.85148514851485
P0107,Analog Watch 107,Watches,software,15,13.043478260869565
P0279,Tablet 279,Mobile,price,15,13.157894736842104
P0019,Fitness Watch 19,Watches,software,15,11.627906976744185
P0157,Smartphone 157,Mobile,price,15,14.85148514851485
P0014,Fitness Band 14,Wearables,performance,15,15.957446808510639
P0474,Bluetooth Speaker 474,Audio,comfort,15,12.605042016806722
P0470,Smart Light 470,Home Appliances,price,15,14.423076923076922
P0017,Bluetooth Speaker 17,Audio,performance,15,13.761467889908257
P0016,Air Purifier 16,Home Appliances,quality,15,16.483516483516482
P0016,Air Purifier 16,Home Appliances,performance,15,16.483516483516482
P0367,Smart Fan 367,Home Appliances,price,15,15.0
P0106,Bluetooth Speaker 106,Audio,price,15,13.157894736842104
P0106,Bluetooth Speaker 106,Audio,performance,15,13.157894736842104
P0104,Smartphone 104,Mobile,performance,15,14.018691588785046
P0164,Smart Fan 164,Home Appliances,performance,15,14.705882352941178
P0011,Smartphone 11,Mobile,performance,15,17.24137931034483
P0478,Smart Fan 478,Home Appliances,comfort,15,18.072289156626507
P0409,Analog Watch 409,Watches,performance,15,14.423076923076922
P0148,Analog Watch 148,Watches,software,15,14.150943396226415
P0206,Smartphone 206,Mobile,quality,15,18.51851851851852
P0206,Smartphone 206,Mobile,performance,15,18.51851851851852
P0362,Bluetooth Speaker 362,Audio,price,15,17.647058823529413
P0228,Fitness Watch 228,Watches,performance,15,15.306122448979592
P0227,Smart Ring 227,Wearables,software,15,15.0
P0130,Fitness Band 130,Wearables,quality,15,18.29268292682927
P0451,Bluetooth Speaker 451,Audio,software,15,13.392857142857142
P0375,Headphones 375,Audio,quality,15,15.789473684210526
P0375,Headphones 375,Audio,performance,15,15.789473684210526
P0059,Air Purifier 59,Home Appliances,comfort,15,13.88888888888889
P0371,Wireless Earbuds 371,Audio,quality,15,15.789473684210526
P0202,Fitness Watch 202,Watches,delivery,15,15.151515151515152
P0175,Fitness Band 175,Wearables,comfort,15,15.789473684210526
P0457,Air Purifier 457,Home Appliances,price,15,14.705882352941178
P0391,Smart Light 391,Home Appliances,comfort,15,14.563106796116504
P0054,Wireless Earbuds 54,Audio,software,15,15.463917525773196
P0049,Smart Fan 49,Home Appliances,performance,15,14.423076923076922
P0048,Smart Watch 48,Watches,performance,15,14.150943396226415
P0047,Smart Fan 47,Home Appliances,performance,15,15.151515151515152
P0400,Analog Watch 400,Watches,performance,15,15.957446808510639
P0146,Air Purifier 146,Home Appliances,comfort,15,13.392857142857142
P0194,Air Purifier 194,Home Appliances,quality,15,15.306122448979592
P0396,Fitness Watch 396,Watches,performance,15,15.0
P0457,Air Purifier 457,Home Appliances,performance,15,14.705882352941178
P0457,Air Purifier 457,Home Appliances,delivery,15,14.705882352941178
P0023,Air Purifier 23,Home Appliances,performance,15,14.150943396226415
P0023,Air Purifier 23,Home Appliances,comfort,15,14.150943396226415
P0454,Smart Fan 454,Home Appliances,quality,15,20.0
P0292,Smart Fan 292,Home Appliances,price,15,11.363636363636363
P0290,Fitness Band 290,Wearables,performance,15,15.463917525773196
P0289,Smart Ring 289,Wearables,quality,15,15.151515151515152
P0104,Smartphone 104,Mobile,comfort,15,14.018691588785046
P0103,Fitness Band 103,Wearables,delivery,15,13.636363636363635
P0289,Smart Ring 289,Wearables,performance,15,15.151515151515152
P0131,Smartphone 131,Mobile,performance,15,17.441860465116278
P0286,Fitness Band 286,Wearables,comfort,15,14.705882352941178
P0285,Smart Light 285,Home Appliances,delivery,15,14.85148514851485
P0382,Smart Watch 382,Watches,quality,15,17.24137931034483
P0057,Headphones 57,Audio,performance,15,15.463917525773196
P0394,Fitness Watch 394,Watches,quality,15,15.625
P0049,Smart Fan 49,Home Appliances,price,15,14.423076923076922
P0486,Tablet 486,Mobile,quality,15,17.857142857142858
P0253,Bluetooth Speaker 253,Audio,performance,15,13.157894736842104
P0121,Fitness Band 121,Wearables,price,15,14.705882352941178
P0497,Smart Ring 497,Wearables,performance,15,15.151515151515152
P0257,Analog Watch 257,Watches,performance,15,14.85148514851485
P0255,Bluetooth Speaker 255,Audio,performance,15,16.304347826086957
P0253,Bluetooth Speaker 253,Audio,software,15,13.157894736842104
P0247,Bluetooth Speaker 247,Audio,quality,15,19.230769230769234
P0434,Analog Watch 434,Watches,price,15,14.423076923076922
P0117,Smartphone 117,Mobile,performance,15,14.150943396226415
P0161,Smartphone 161,Mobile,performance,15,15.463917525773196
P0485,Smart Watch 485,Watches,software,15,12.195121951219512
P0484,Bluetooth Speaker 484,Audio,performance,15,15.463917525773196
P0482,Smartphone 482,Mobile,quality,15,16.666666666666664
P0491,Tablet 491,Mobile,comfort,15,14.150943396226415
P0493,Air Purifier 493,Home Appliances,performance,15,16.666666666666664
P0160,Smart Fan 160,Home Appliances,comfort,15,12.82051282051282
P0009,Wireless Earbuds 9,Audio,price,14,11.570247933884298
P0010,Smart Light 10,Home Appliances,comfort,14,12.727272727272727
P0161,Smartphone 161,Mobile,comfort,14,14.432989690721648
P0161,Smartphone 161,Mobile,price,14,14.432989690721648
P0244,Air Purifier 244,Home Appliances,delivery,14,13.725490196078432
P0123,Smart Watch 123,Watches,delivery,14,12.612612612612612
P0435,Bluetooth Speaker 435,Audio,performance,14,13.333333333333334
P0331,Smart Ring 331,Wearables,comfort,14,13.725490196078432
P0331,Smart Ring 331,Wearables,delivery,14,13.725490196078432
P0488,Smart Light 488,Home Appliances,performance,14,13.084112149532709
P0254,Tablet 254,Mobile,comfort,14,13.461538461538462
P0258,Smart Watch 258,Watches,quality,14,15.053763440860216
P0260,Headphones 260,Audio,comfort,14,14.000000000000002
P0120,Smart Light 120,Home Appliances,software,14,14.736842105263156
P0486,Tablet 486,Mobile,software,14,16.666666666666664
P0050,Analog Watch 50,Watches,performance,14,14.893617021276595
P0051,Air Purifier 51,Home Appliances,quality,14,13.20754716981132
P0381,Bluetooth Speaker 381,Audio,battery,14,14.583333333333334
P0200,Bluetooth Speaker 200,Audio,comfort,14,12.068965517241379
P0144,Smart Fan 144,Home Appliances,delivery,14,12.962962962962962
P0381,Bluetooth Speaker 381,Audio,delivery,14,14.583333333333334
P0382,Smart Watch 382,Watches,performance,14,16.091954022988507
P0384,Bluetooth Speaker 384,Audio,price,14,13.725490196078432
P0286,Fitness Band 286,Wearables,performance,14,13.725490196078432
P0234,Air Purifier 234,Home Appliances,quality,14,14.736842105263156
P0102,Smart Light 102,Home Appliances,delivery,14,14.14141414141414
P0103,Fitness Band 103,Wearables,comfort,14,12.727272727272727
P0453,Smartphone 453,Mobile,price,14,12.068965517241379
P0455,Fitness Band 455,Wearables,comfort,14,14.893617021276595
P0195,Fitness Band 195,Wearables,price,14,14.736842105263156
P0398,Wireless Earbuds 398,Audio,performance,14,14.14141414141414
P0402,Wireless Earbuds 402,Audio,delivery,14,13.861386138613863
P0402,Wireless Earbuds 402,Audio,price,14,13.861386138613863
P0054,Wireless Earbuds 54,Audio,price,14,14.432989690721648
P0051,Air Purifier 51,Home Appliances,software,14,13.20754716981132
P0393,Analog Watch 393,Watches,software,14,12.389380530973451
P0377,Smart Ring 377,Wearables,quality,14,17.72151898734177
P0370,Tablet 370,Mobile,performance,14,13.461538461538462
P0061,Wireless Earbuds 61,Audio,comfort,14,13.333333333333334
P0372,Smart Watch 372,Watches,performance,14,12.5
P0060,Smartphone 60,Mobile,software,14,15.730337078651685
P0376,Smart Fan 376,Home Appliances,performance,14,15.909090909090908
P0200,Bluetooth Speaker 200,Audio,performance,14,12.068965517241379
P0177,Wireless Earbuds 177,Audio,price,14,14.432989690721648
P0293,Smart Fan 293,Home Appliances,performance,14,13.461538461538462
P0100,Bluetooth Speaker 100,Audio,delivery,14,14.583333333333334
P0295,Smart Ring 295,Wearables,performance,14,14.736842105263156
P0296,Headphones 296,Audio,delivery,14,11.023622047244094
P0296,Headphones 296,Audio,price,14,11.023622047244094
P0298,Smartphone 298,Mobile,quality,14,14.000000000000002
P0133,Wireless Earbuds 133,Audio,software,14,13.333333333333334
P0362,Bluetooth Speaker 362,Audio,quality,14,16.470588235294116
P0143,Headphones 143,Audio,comfort,14,16.470588235294116
P0063,Fitness Band 63,Wearables,performance,14,13.084112149532709
P0408,Smartphone 408,Mobile,comfort,14,12.389380530973451
P0476,Wireless Earbuds 476,Audio,software,14,15.909090909090908
P0478,Smart Fan 478,Home Appliances,quality,14,16.867469879518072
P0480,Headphones 480,Audio,performance,14,14.893617021276595
P0012,Fitness Band 12,Wearables,delivery,14,13.461538461538462
P0104,Smartphone 104,Mobile,price,14,13.084112149532709
P0105,Fitness Watch 105,Watches,comfort,14,13.084112149532709
P0396,Fitness Watch 396,Watches,delivery,14,14.000000000000002
P0367,Smart Fan 367,Home Appliances,delivery,14,14.000000000000002
P0369,Air Purifier 369,Home Appliances,performance,14,12.5
P0473,Analog Watch 473,Watches,quality,14,13.592233009708737
P0013,Smart Ring 13,Wearables,comfort,14,13.20754716981132
P0013,Smart Ring 13,Wearables,performance,14,13.20754716981132
P0014,Fitness Band 14,Wearables,delivery,14,14.893617021276595
P0020,Air Purifier 20,Home Appliances,comfort,14,13.861386138613863
P0043,Tablet 43,Mobile,price,14,12.962962962962962
P0279,Tablet 279,Mobile,quality,14,12.280701754385964
P0236,Fitness Band 236,Wearables,performance,14,16.470588235294116
P0283,Headphones 283,Audio,price,14,13.725490196078432
P0474,Bluetooth Speaker 474,Audio,software,14,11.76470588235294
P0476,Wireless Earbuds 476,Audio,delivery,14,15.909090909090908
P0476,Wireless Earbuds 476,Audio,quality,14,15.909090909090908
P0403,Smart Watch 403,Watches,software,14,15.053763440860216
P0192,Bluetooth Speaker 192,Audio,software,14,12.389380530973451
P0405,Air Purifier 405,Home Appliances,comfort,14,14.736842105263156
P0045,Smart Ring 45,Wearables,price,14,12.5
P0020,Air Purifier 20,Home Appliances,quality,14,13.861386138613863
P0171,Smart Watch 171,Watches,quality,14,17.94871794871795
P0066,Smart Fan 66,Home Appliances,performance,14,12.844036697247708
P0210,Tablet 210,Mobile,software,14,14.000000000000002
P0140,Smartphone 140,Mobile,comfort,14,15.217391304347828
P0350,Analog Watch 350,Watches,delivery,14,11.965811965811966
P0351,Tablet 351,Mobile,comfort,14,14.893617021276595
P0068,Headphones 68,Audio,software,14,14.000000000000002
P0069,Headphones 69,Audio,software,14,14.14141414141414
P0418,Smart Fan 418,Home Appliances,performance,14,16.666666666666664
P0418,Smart Fan 418,Home Appliances,quality,14,16.666666666666664
P0039,Bluetooth Speaker 39,Audio,performance,14,13.592233009708737
P0040,Analog Watch 40,Watches,delivery,14,15.730337078651685
P0419,Fitness Band 419,Wearables,software,14,11.76470588235294
P0409,Analog Watch 409,Watches,software,14,13.461538461538462
P0448,Smart Fan 448,Home Appliances,quality,14,14.285714285714285
P0450,Fitness Band 450,Wearables,quality,14,15.909090909090908
P0025,Smart Watch 25,Watches,price,14,13.461538461538462
P0177,Wireless Earbuds 177,Audio,delivery,14,14.432989690721648
P0301,Bluetooth Speaker 301,Audio,comfort,14,13.333333333333334
P0095,Analog Watch 95,Watches,performance,14,13.592233009708737
P0132,Fitness Band 132,Wearables,delivery,14,14.432989690721648
P0306,Fitness Band 306,Wearables,software,14,13.333333333333334
P0211,Air Purifier 211,Home Appliances,software,14,12.844036697247708
P0272,Tablet 272,Mobile,delivery,14,12.612612612612612
P0239,Tablet 239,Mobile,quality,14,13.461538461538462
P0113,Smart Watch 113,Watches,performance,14,14.432989690721648
P0274,Smart Watch 274,Watches,software,14,13.861386138613863
P0275,Tablet 275,Mobile,price,14,11.965811965811966
P0109,Smart Fan 109,Home Appliances,quality,14,15.909090909090908
P0237,Tablet 237,Mobile,performance,14,14.285714285714285
P0410,Analog Watch 410,Watches,software,14,15.730337078651685
P0042,Smart Watch 42,Watches,comfort,14,12.5
P0347,Smartphone 347,Mobile,software,14,11.570247933884298
P0308,Smart Watch 308,Watches,performance,14,12.612612612612612
P0310,Fitness Band 310,Wearables,comfort,14,12.844036697247708
P0312,Smart Watch 312,Watches,price,14,13.592233009708737
P0313,Smart Watch 313,Watches,delivery,14,12.612612612612612
P0223,Smartphone 223,Mobile,performance,14,14.893617021276595
P0314,Smart Light 314,Home Appliances,comfort,14,13.461538461538462
P0215,Smart Light 215,Home Appliances,software,14,14.432989690721648
P0432,Air Purifier 432,Home Appliances,performance,14,14.893617021276595
P0117,Smartphone 117,Mobile,price,14,13.20754716981132
P0266,Headphones 266,Audio,delivery,14,11.38211382113821
P0266,Headphones 266,Audio,software,14,11.38211382113821
P0267,Smartphone 267,Mobile,performance,14,15.053763440860216
P0422,Tablet 422,Mobile,comfort,14,14.583333333333334
P0426,Headphones 426,Audio,performance,14,15.555555555555555
P0428,Wireless Earbuds 428,Audio,comfort,14,15.555555555555555
P0429,Smart Ring 429,Wearables,price,14,14.583333333333334
P0429,Smart Ring 429,Wearables,quality,14,14.583333333333334
P0337,Analog Watch 337,Watches,comfort,14,12.173913043478262
P0339,Wireless Earbuds 339,Audio,software,14,12.280701754385964
P0318,Bluetooth Speaker 318,Audio,delivery,14,12.173913043478262
P0318,Bluetooth Speaker 318,Audio,performance,14,12.173913043478262
P0135,Smart Watch 135,Watches,performance,14,13.861386138613863
P0320,Smart Ring 320,Wearables,price,14,12.5
P0017,Bluetooth Speaker 17,Audio,quality,14,12.844036697247708
P0017,Bluetooth Speaker 17,Audio,software,14,12.844036697247708
P0032,Smartphone 32,Mobile,price,14,12.962962962962962
P0435,Bluetooth Speaker 435,Audio,software,14,13.333333333333334
P0436,Wireless Earbuds 436,Audio,comfort,14,13.592233009708737
P0436,Wireless Earbuds 436,Audio,delivery,14,13.592233009708737
P0439,Smartphone 439,Mobile,delivery,14,14.14141414141414
P0154,Smart Fan 154,Home Appliances,performance,14,14.893617021276595
P0495,Tablet 495,Mobile,performance,14,13.333333333333334
P0444,Fitness Band 444,Wearables,price,14,15.909090909090908
P0444,Fitness Band 444,Wearables,quality,14,15.909090909090908
P0018,Smart Ring 18,Wearables,comfort,14,11.570247933884298
P0170,Tablet 170,Mobile,battery,14,16.470588235294116
P0333,Smart Light 333,Home Appliances,comfort,14,12.280701754385964
P0215,Smart Light 215,Home Appliances,price,14,14.432989690721648
P0324,Air Purifier 324,Home Appliances,comfort,14,13.725490196078432
P0220,Smart Ring 220,Wearables,performance,14,14.893617021276595
P0325,Tablet 325,Mobile,performance,14,16.27906976744186
P0328,Smartphone 328,Mobile,price,14,12.280701754385964
P0082,Fitness Watch 82,Watches,performance,14,14.583333333333334
P0494,Fitness Watch 494,Watches,delivery,14,16.470588235294116
P0487,Air Purifier 487,Home Appliances,software,13,12.149532710280374
P0486,Tablet 486,Mobile,performance,13,15.476190476190476
P0486,Tablet 486,Mobile,delivery,13,15.476190476190476
P0247,Bluetooth Speaker 247,Audio,price,13,16.666666666666664
P0253,Bluetooth Speaker 253,Audio,comfort,13,11.403508771929824
P0252,Smartphone 252,Mobile,price,13,13.26530612244898
P0251,Fitness Band 251,Wearables,quality,13,14.942528735632186
P0122,Smart Fan 122,Home Appliances,performance,13,13.0
P0496,Fitness Band 496,Wearables,software,13,11.711711711711711
P0481,Bluetooth Speaker 481,Audio,software,13,11.403508771929824
P0166,Smart Ring 166,Wearables,performance,13,14.285714285714285
P0258,Smart Watch 258,Watches,performance,13,13.978494623655912
P0257,Analog Watch 257,Watches,comfort,13,12.871287128712872
P0119,Wireless Earbuds 119,Audio,performance,13,12.5
P0118,Bluetooth Speaker 118,Audio,price,13,10.92436974789916
P0254,Tablet 254,Mobile,delivery,13,12.5
P0002,Smart Watch 2,Watches,price,13,11.818181818181818
P0218,Tablet 218,Mobile,price,13,12.871287128712872
P0218,Tablet 218,Mobile,delivery,13,12.871287128712872
P0331,Smart Ring 331,Wearables,price,13,12.745098039215685
P0082,Fitness Watch 82,Watches,comfort,13,13.541666666666666
P0219,Smart Ring 219,Wearables,comfort,13,11.504424778761061
P0333,Smart Light 333,Home Appliances,performance,13,11.403508771929824
P0137,Analog Watch 137,Watches,comfort,13,13.131313131313133
P0015,Smart Ring 15,Wearables,delivery,13,14.130434782608695
P0469,Smart Ring 469,Wearables,software,13,13.541666666666666
P0170,Tablet 170,Mobile,delivery,13,15.294117647058824
P0169,Analog Watch 169,Watches,performance,13,15.11627906976744
P0017,Bluetooth Speaker 17,Audio,price,13,11.926605504587156
P0322,Smart Watch 322,Watches,delivery,13,12.264150943396226
P0320,Smart Ring 320,Wearables,delivery,13,11.607142857142858
P0222,Air Purifier 222,Home Appliances,software,13,11.926605504587156
P0316,Wireless Earbuds 316,Audio,delivery,13,11.304347826086957
P0314,Smart Light 314,Home Appliances,software,13,12.5
P0339,Wireless Earbuds 339,Audio,comfort,13,11.403508771929824
P0337,Analog Watch 337,Watches,software,13,11.304347826086957
P0337,Analog Watch 337,Watches,performance,13,11.304347826086957
P0336,Tablet 336,Mobile,quality,13,13.541666666666666
P0336,Tablet 336,Mobile,comfort,13,13.541666666666666
P0335,Headphones 335,Audio,software,13,13.402061855670103
P0335,Headphones 335,Audio,performance,13,13.402061855670103
P0216,Headphones 216,Audio,software,13,15.294117647058824
P0314,Smart Light 314,Home Appliances,performance,13,12.5
P0311,Smart Light 311,Home Appliances,price,13,14.444444444444443
P0095,Analog Watch 95,Watches,comfort,13,12.62135922330097
P0093,Tablet 93,Mobile,performance,13,12.037037037037036
P0309,Fitness Band 309,Wearables,comfort,13,11.818181818181818
P0308,Smart Watch 308,Watches,price,13,11.711711711711711
P0348,Analog Watch 348,Watches,software,13,11.304347826086957
P0074,Smart Watch 74,Watches,performance,13,11.711711711711711
P0346,Smart Ring 346,Wearables,price,13,13.829787234042554
P0345,Tablet 345,Mobile,comfort,13,12.871287128712872
P0076,Smart Fan 76,Home Appliances,quality,13,12.871287128712872
P0214,Fitness Band 214,Wearables,software,13,12.5
P0341,Smart Watch 341,Watches,price,13,10.569105691056912
P0340,Fitness Band 340,Wearables,comfort,13,11.607142857142858
P0307,Smartphone 307,Mobile,performance,13,12.62135922330097
P0306,Fitness Band 306,Wearables,comfort,13,12.380952380952381
P0132,Fitness Band 132,Wearables,quality,13,13.402061855670103
P0227,Smart Ring 227,Wearables,performance,13,13.0
P0096,Smart Watch 96,Watches,performance,13,14.285714285714285
P0303,Fitness Watch 303,Watches,performance,13,13.26530612244898
P0230,Smart Watch 230,Watches,price,13,11.711711711711711
P0460,Headphones 460,Audio,comfort,13,15.476190476190476
P0209,Wireless Earbuds 209,Audio,performance,13,15.476190476190476
P0069,Headphones 69,Audio,price,13,13.131313131313133
P0352,Smart Ring 352,Wearables,performance,13,16.049382716049383
P0350,Analog Watch 350,Watches,software,13,11.11111111111111
P0360,Analog Watch 360,Watches,price,13,13.541666666666666
P0360,Analog Watch 360,Watches,performance,13,13.541666666666666
P0067,Smart Fan 67,Home Appliances,price,13,12.5
P0360,Analog Watch 360,Watches,comfort,13,13.541666666666666
P0464,Smart Light 464,Home Appliances,quality,13,15.11627906976744
P0173,Smartphone 173,Mobile,performance,13,13.829787234042554
P0172,Air Purifier 172,Home Appliances,price,13,13.541666666666666
P0463,Air Purifier 463,Home Appliances,comfort,13,12.037037037037036
P0462,Smart Ring 462,Wearables,comfort,13,12.871287128712872
P0229,Smart Light 229,Home Appliances,quality,13,14.130434782608695
P0157,Smartphone 157,Mobile,delivery,13,12.871287128712872
P0157,Smartphone 157,Mobile,comfort,13,12.871287128712872
P0473,Analog Watch 473,Watches,delivery,13,12.62135922330097
P0015,Smart Ring 15,Wearables,performance,13,14.130434782608695
P0368,Headphones 368,Audio,performance,13,14.942528735632186
P0365,Smart Ring 365,Wearables,software,13,12.62135922330097
P0064,Fitness Band 64,Wearables,performance,13,13.26530612244898
P0064,Fitness Band 64,Wearables,delivery,13,13.26530612244898
P0063,Fitness Band 63,Wearables,price,13,12.149532710280374
P0364,Bluetooth Speaker 364,Audio,price,13,13.684210526315791
P0142,Smart Fan 142,Home Appliances,software,13,10.569105691056912
P0297,Smartphone 297,Mobile,software,13,12.037037037037036
P0297,Smartphone 297,Mobile,delivery,13,12.037037037037036
P0297,Smartphone 297,Mobile,comfort,13,12.037037037037036
P0296,Headphones 296,Audio,software,13,10.236220472440944
P0101,Bluetooth Speaker 101,Audio,quality,13,13.978494623655912
P0293,Smart Fan 293,Home Appliances,delivery,13,12.5
P0373,Smartphone 373,Mobile,price,13,13.26530612244898
P0372,Smart Watch 372,Watches,price,13,11.607142857142858
P0142,Smart Fan 142,Home Appliances,delivery,13,10.569105691056912
P0203,Smart Light 203,Home Appliances,performance,13,14.444444444444443
P0378,Tablet 378,Mobile,comfort,13,12.871287128712872
P0377,Smart Ring 377,Wearables,delivery,13,16.455696202531644
P0155,Tablet 155,Mobile,comfort,13,11.711711711711711
P0456,Bluetooth Speaker 456,Audio,quality,13,14.606741573033707
P0022,Analog Watch 22,Watches,delivery,13,12.037037037037036
P0104,Smartphone 104,Mobile,delivery,13,12.149532710280374
P0102,Smart Light 102,Home Appliances,performance,13,13.131313131313133
P0289,Smart Ring 289,Wearables,comfort,13,13.131313131313133
P0384,Bluetooth Speaker 384,Audio,performance,13,12.745098039215685
P0384,Bluetooth Speaker 384,Audio,delivery,13,12.745098039215685
P0383,Smart Ring 383,Wearables,comfort,13,12.871287128712872
P0381,Bluetooth Speaker 381,Audio,software,13,13.541666666666666
P0198,Smart Ring 198,Wearables,quality,13,12.871287128712872
P0380,Fitness Band 380,Wearables,comfort,13,12.62135922330097
P0056,Analog Watch 56,Watches,software,13,10.4
P0378,Tablet 378,Mobile,delivery,13,12.871287128712872
P0051,Air Purifier 51,Home Appliances,performance,13,12.264150943396226
P0392,Wireless Earbuds 392,Audio,performance,13,13.402061855670103
P0053,Tablet 53,Mobile,quality,13,12.5
P0196,Smart Ring 196,Wearables,comfort,13,14.606741573033707
P0386,Smart Fan 386,Home Appliances,quality,13,17.56756756756757
P0385,Tablet 385,Mobile,software,13,13.541666666666666
P0385,Tablet 385,Mobile,quality,13,13.541666666666666
P0403,Smart Watch 403,Watches,performance,13,13.978494623655912
P0397,Fitness Band 397,Wearables,price,13,11.11111111111111
P0147,Fitness Band 147,Wearables,performance,13,12.5
P0195,Fitness Band 195,Wearables,comfort,13,13.684210526315791
P0105,Fitness Watch 105,Watches,price,13,12.149532710280374
P0010,Smart Light 10,Home Appliances,quality,13,11.818181818181818
P0479,Fitness Watch 479,Watches,software,13,11.11111111111111
P0479,Fitness Watch 479,Watches,comfort,13,11.11111111111111
P0148,Analog Watch 148,Watches,performance,13,12.264150943396226
P0147,Fitness Band 147,Wearables,software,13,12.5
P0190,Smart Light 190,Home Appliances,comfort,13,13.541666666666666
P0407,Fitness Band 407,Wearables,software,13,13.131313131313133
P0407,Fitness Band 407,Wearables,performance,13,13.131313131313133
P0406,Fitness Band 406,Wearables,software,13,12.5
P0149,Fitness Watch 149,Watches,software,13,12.380952380952381
P0149,Fitness Watch 149,Watches,price,13,12.380952380952381
P0236,Fitness Band 236,Wearables,quality,13,15.294117647058824
P0236,Fitness Band 236,Wearables,delivery,13,15.294117647058824
P0235,Smartphone 235,Mobile,price,13,11.206896551724139
P0280,Smartphone 280,Mobile,price,13,12.745098039215685
P0280,Smartphone 280,Mobile,performance,13,12.745098039215685
P0279,Tablet 279,Mobile,software,13,11.403508771929824
P0044,Fitness Band 44,Wearables,delivery,13,12.149532710280374
P0043,Tablet 43,Mobile,software,13,12.037037037037036
P0176,Smart Light 176,Home Appliances,software,13,12.745098039215685
P0176,Smart Light 176,Home Appliances,performance,13,12.745098039215685
P0025,Smart Watch 25,Watches,performance,13,12.5
P0025,Smart Watch 25,Watches,delivery,13,12.5
P0152,Wireless Earbuds 152,Audio,software,13,14.130434782608695
P0039,Bluetooth Speaker 39,Audio,price,13,12.62135922330097
P0188,Headphones 188,Audio,price,13,10.92436974789916
P0188,Headphones 188,Audio,delivery,13,10.92436974789916
P0187,Bluetooth Speaker 187,Audio,software,13,12.62135922330097
P0187,Bluetooth Speaker 187,Audio,performance,13,12.62135922330097
P0275,Tablet 275,Mobile,software,13,11.11111111111111
P0112,Smart Light 112,Home Appliances,software,13,12.037037037037036
P0273,Smart Ring 273,Wearables,delivery,13,11.504424778761061
P0125,Air Purifier 125,Home Appliances,delivery,13,10.833333333333334
P0430,Smart Light 430,Home Appliances,comfort,13,14.942528735632186
P0036,Smart Watch 36,Watches,price,13,12.62135922330097
P0424,Smart Ring 424,Wearables,software,13,13.26530612244898
P0150,Tablet 150,Mobile,performance,13,12.745098039215685
P0186,Smart Ring 186,Wearables,comfort,13,13.684210526315791
P0421,Air Purifier 421,Home Appliances,software,13,11.206896551724139
P0421,Air Purifier 421,Home Appliances,delivery,13,11.206896551724139
P0270,Smart Watch 270,Watches,comfort,13,13.541666666666666
P0113,Smart Watch 113,Watches,software,13,13.402061855670103
P0265,Smart Fan 265,Home Appliances,performance,13,13.684210526315791
P0243,Bluetooth Speaker 243,Audio,performance,13,14.942528735632186
P0242,Smart Light 242,Home Appliances,performance,13,12.264150943396226
P0263,Smart Light 263,Home Appliances,price,13,13.684210526315791
P0262,Headphones 262,Audio,software,13,13.402061855670103
P0262,Headphones 262,Audio,performance,13,13.402061855670103
P0262,Headphones 262,Audio,delivery,13,13.402061855670103
P0184,Smart Ring 184,Wearables,software,13,11.403508771929824
P0446,Tablet 446,Mobile,delivery,13,14.285714285714285
P0027,Smart Ring 27,Wearables,comfort,13,12.62135922330097
P0026,Headphones 26,Audio,quality,13,12.5
P0444,Fitness Band 444,Wearables,performance,13,14.772727272727273
P0444,Fitness Band 444,Wearables,comfort,13,14.772727272727273
P0443,Wireless Earbuds 443,Audio,quality,13,16.25
P0441,Smartphone 441,Mobile,comfort,13,13.0
P0005,Air Purifier 5,Home Appliances,delivery,13,11.711711711711711
P0180,Smart Light 180,Home Appliances,performance,13,13.978494623655912
P0154,Smart Fan 154,Home Appliances,comfort,13,13.829787234042554
P0438,Fitness Band 438,Wearables,battery,13,15.66265060240964
P0437,Tablet 437,Mobile,comfort,13,12.264150943396226
P0117,Smartphone 117,Mobile,delivery,13,12.264150943396226
P0116,Smart Fan 116,Home Appliances,quality,13,15.11627906976744
P0485,Smart Watch 485,Watches,comfort,13,10.569105691056912
P0484,Bluetooth Speaker 484,Audio,quality,13,13.402061855670103
P0483,Smartphone 483,Mobile,delivery,13,11.818181818181818
P0160,Smart Fan 160,Home Appliances,delivery,13,11.11111111111111
P0002,Smart Watch 2,Watches,comfort,12,10.909090909090908
P0494,Fitness Watch 494,Watches,battery,12,14.117647058823529
P0003,Smart Light 3,Home Appliances,comfort,12,11.881188118811881
P0159,Analog Watch 159,Watches,software,12,15.18987341772152
P0497,Smart Ring 497,Wearables,price,12,12.121212121212121
P0499,Tablet 499,Mobile,performance,12,11.009174311926607
P0498,Tablet 498,Mobile,battery,12,14.117647058823529
P0498,Tablet 498,Mobile,performance,12,14.117647058823529
P0089,Fitness Band 89,Wearables,price,12,11.11111111111111
P0319,Smart Ring 319,Wearables,delivery,12,11.320754716981133
P0320,Smart Ring 320,Wearables,comfort,12,10.714285714285714
P0328,Smartphone 328,Mobile,comfort,12,10.526315789473683
P0081,Headphones 81,Audio,price,12,14.117647058823529
P0134,Smartphone 134,Mobile,comfort,12,11.320754716981133
P0135,Smart Watch 135,Watches,comfort,12,11.881188118811881
P0483,Smartphone 483,Mobile,software,12,10.909090909090908
P0484,Bluetooth Speaker 484,Audio,delivery,12,12.371134020618557
P0485,Smart Watch 485,Watches,price,12,9.75609756097561
P0010,Smart Light 10,Home Appliances,price,12,10.909090909090908
P0162,Smart Light 162,Home Appliances,comfort,12,11.009174311926607
P0162,Smart Light 162,Home Appliances,delivery,12,11.009174311926607
P0162,Smart Light 162,Home Appliances,software,12,11.009174311926607
P0163,Smart Ring 163,Wearables,performance,12,13.953488372093023
P0121,Fitness Band 121,Wearables,performance,12,11.76470588235294
P0122,Smart Fan 122,Home Appliances,comfort,12,12.0
P0158,Smartphone 158,Mobile,price,12,12.903225806451612
P0477,Fitness Watch 477,Watches,comfort,12,12.121212121212121
P0480,Headphones 480,Audio,delivery,12,12.76595744680851
P0164,Smart Fan 164,Home Appliances,comfort,12,11.76470588235294
P0165,Bluetooth Speaker 165,Audio,price,12,11.320754716981133
P0012,Fitness Band 12,Wearables,price,12,11.538461538461538
P0136,Tablet 136,Mobile,delivery,12,11.11111111111111
P0319,Smart Ring 319,Wearables,comfort,12,11.320754716981133
P0083,Air Purifier 83,Home Appliances,comfort,12,10.256410256410255
P0083,Air Purifier 83,Home Appliances,delivery,12,10.256410256410255
P0136,Tablet 136,Mobile,performance,12,11.11111111111111
P0137,Analog Watch 137,Watches,software,12,12.121212121212121
P0138,Smart Fan 138,Home Appliances,delivery,12,11.76470588235294
P0138,Smart Fan 138,Home Appliances,price,12,11.76470588235294
P0315,Bluetooth Speaker 315,Audio,performance,12,11.214953271028037
P0215,Smart Light 215,Home Appliances,performance,12,12.371134020618557
P0223,Smartphone 223,Mobile,software,12,12.76595744680851
P0224,Air Purifier 224,Home Appliances,comfort,12,13.043478260869565
P0224,Air Purifier 224,Home Appliances,software,12,13.043478260869565
P0016,Air Purifier 16,Home Appliances,software,12,13.186813186813188
P0470,Smart Light 470,Home Appliances,software,12,11.538461538461538
P0259,Smart Fan 259,Home Appliances,performance,12,13.333333333333334
P0472,Smartphone 472,Mobile,performance,12,13.333333333333334
P0473,Analog Watch 473,Watches,comfort,12,11.650485436893204
P0013,Smart Ring 13,Wearables,delivery,12,11.320754716981133
P0013,Smart Ring 13,Wearables,price,12,11.320754716981133
P0014,Fitness Band 14,Wearables,comfort,12,12.76595744680851
P0167,Fitness Watch 167,Watches,quality,12,13.333333333333334
P0225,Smart Fan 225,Home Appliances,performance,12,11.320754716981133
P0336,Tablet 336,Mobile,performance,12,12.5
P0337,Analog Watch 337,Watches,delivery,12,10.434782608695652
P0337,Analog Watch 337,Watches,price,12,10.434782608695652
P0339,Wireless Earbuds 339,Audio,price,12,10.526315789473683
P0077,Fitness Watch 77,Watches,price,12,12.631578947368421
P0077,Fitness Watch 77,Watches,quality,12,12.631578947368421
P0078,Smart Ring 78,Wearables,delivery,12,12.0
P0245,Smart Ring 245,Wearables,quality,12,15.0
P0463,Air Purifier 463,Home Appliances,software,12,11.11111111111111
P0171,Smart Watch 171,Watches,performance,12,15.384615384615385
P0019,Fitness Watch 19,Watches,price,12,9.30232558139535
P0170,Tablet 170,Mobile,software,12,14.117647058823529
P0469,Smart Ring 469,Wearables,delivery,12,12.5
P0343,Tablet 343,Mobile,delivery,12,10.526315789473683
P0094,Smart Ring 94,Wearables,comfort,12,10.344827586206897
P0311,Smart Light 311,Home Appliances,performance,12,13.333333333333334
P0313,Smart Watch 313,Watches,comfort,12,10.81081081081081
P0075,Fitness Watch 75,Watches,comfort,12,11.428571428571429
P0075,Fitness Watch 75,Watches,software,12,11.428571428571429
P0076,Smart Fan 76,Home Appliances,delivery,12,11.881188118811881
P0305,Fitness Band 305,Wearables,software,12,10.434782608695652
P0116,Smart Fan 116,Home Appliances,software,12,13.953488372093023
P0263,Smart Light 263,Home Appliances,performance,12,12.631578947368421
P0023,Air Purifier 23,Home Appliances,software,12,11.320754716981133
P0024,Fitness Band 24,Wearables,comfort,12,12.0
P0456,Bluetooth Speaker 456,Audio,price,12,13.48314606741573
P0174,Tablet 174,Mobile,delivery,12,12.631578947368421
P0154,Smart Fan 154,Home Appliances,software,12,12.76595744680851
P0460,Headphones 460,Audio,quality,12,14.285714285714285
P0462,Smart Ring 462,Wearables,price,12,11.881188118811881
P0093,Tablet 93,Mobile,comfort,12,11.11111111111111
P0093,Tablet 93,Mobile,delivery,12,11.11111111111111
P0349,Smart Fan 349,Home Appliances,comfort,12,13.636363636363635
P0210,Tablet 210,Mobile,performance,12,12.0
P0139,Analog Watch 139,Watches,price,12,9.75609756097561
P0226,Bluetooth Speaker 226,Audio,price,12,11.428571428571429
P0227,Smart Ring 227,Wearables,delivery,12,12.0
P0450,Fitness Band 450,Wearables,comfort,12,13.636363636363635
P0450,Fitness Band 450,Wearables,performance,12,13.636363636363635
P0451,Bluetooth Speaker 451,Audio,comfort,12,10.714285714285714
P0026,Headphones 26,Audio,price,12,11.538461538461538
P0453,Smartphone 453,Mobile,delivery,12,10.344827586206897
P0022,Analog Watch 22,Watches,comfort,12,11.11111111111111
P0132,Fitness Band 132,Wearables,performance,12,12.371134020618557
P0132,Fitness Band 132,Wearables,software,12,12.371134020618557
P0097,Fitness Watch 97,Watches,performance,12,10.526315789473683
P0351,Tablet 351,Mobile,performance,12,12.76595744680851
P0355,Analog Watch 355,Watches,price,12,13.186813186813188
P0207,Wireless Earbuds 207,Audio,software,12,12.121212121212121
P0208,Fitness Watch 208,Watches,delivery,12,12.631578947368421
P0210,Tablet 210,Mobile,delivery,12,12.0
P0304,Bluetooth Speaker 304,Audio,comfort,12,12.371134020618557
P0304,Bluetooth Speaker 304,Audio,performance,12,12.371134020618557
P0095,Analog Watch 95,Watches,price,12,11.650485436893204
P0142,Smart Fan 142,Home Appliances,price,12,9.75609756097561
P0207,Wireless Earbuds 207,Audio,delivery,12,12.121212121212121
P0114,Smart Light 114,Home Appliances,delivery,12,11.11111111111111
P0115,Air Purifier 115,Home Appliances,comfort,12,10.714285714285714
P0267,Smartphone 267,Mobile,software,12,12.903225806451612
P0178,Fitness Watch 178,Watches,quality,12,16.216216216216218
P0179,Fitness Band 179,Wearables,performance,12,12.244897959183673
P0447,Smartphone 447,Mobile,price,12,11.428571428571429
P0363,Tablet 363,Mobile,delivery,12,11.76470588235294
P0098,Analog Watch 98,Watches,performance,12,12.76595744680851
P0099,Bluetooth Speaker 99,Audio,price,12,11.11111111111111
P0064,Fitness Band 64,Wearables,software,12,12.244897959183673
P0366,Air Purifier 366,Home Appliances,performance,12,13.186813186813188
P0368,Headphones 368,Audio,software,12,13.793103448275861
P0269,Smartphone 269,Mobile,price,12,11.009174311926607
P0269,Smartphone 269,Mobile,software,12,11.009174311926607
P0270,Smart Watch 270,Watches,performance,12,12.5
P0271,Tablet 271,Mobile,delivery,12,11.428571428571429
P0180,Smart Light 180,Home Appliances,comfort,12,12.903225806451612
P0026,Headphones 26,Audio,software,12,11.538461538461538
P0027,Smart Ring 27,Wearables,performance,12,11.650485436893204
P0447,Smartphone 447,Mobile,comfort,12,11.428571428571429
P0370,Tablet 370,Mobile,delivery,12,11.538461538461538
P0370,Tablet 370,Mobile,price,12,11.538461538461538
P0229,Smart Light 229,Home Appliances,price,12,13.043478260869565
P0229,Smart Light 229,Home Appliances,software,12,13.043478260869565
P0204,Wireless Earbuds 204,Audio,delivery,12,13.793103448275861
P0141,Wireless Earbuds 141,Audio,comfort,12,11.214953271028037
P0141,Wireless Earbuds 141,Audio,delivery,12,11.214953271028037
P0141,Wireless Earbuds 141,Audio,software,12,11.214953271028037
P0370,Tablet 370,Mobile,software,12,11.538461538461538
P0240,Tablet 240,Mobile,performance,12,13.48314606741573
P0032,Smartphone 32,Mobile,software,12,11.11111111111111
P0033,Smart Watch 33,Watches,delivery,12,10.526315789473683
P0438,Fitness Band 438,Wearables,comfort,12,14.457831325301203
P0029,Smart Light 29,Home Appliances,price,12,11.538461538461538
P0029,Smart Light 29,Home Appliances,software,12,11.538461538461538
P0268,Fitness Band 268,Wearables,software,12,13.333333333333334
P0062,Tablet 62,Mobile,comfort,12,13.043478260869565
P0062,Tablet 62,Mobile,price,12,13.043478260869565
P0372,Smart Watch 372,Watches,delivery,12,10.714285714285714
P0060,Smartphone 60,Mobile,price,12,13.48314606741573
P0058,Bluetooth Speaker 58,Audio,performance,12,11.009174311926607
P0378,Tablet 378,Mobile,software,12,11.881188118811881
P0379,Bluetooth Speaker 379,Audio,software,12,12.371134020618557
P0232,Smart Ring 232,Wearables,delivery,12,15.789473684210526
P0381,Bluetooth Speaker 381,Audio,price,12,12.5
P0385,Tablet 385,Mobile,comfort,12,12.5
P0385,Tablet 385,Mobile,price,12,12.5
P0387,Fitness Band 387,Wearables,software,12,11.76470588235294
P0112,Smart Light 112,Home Appliances,delivery,12,11.11111111111111
P0182,Fitness Band 182,Wearables,software,12,12.371134020618557
P0183,Wireless Earbuds 183,Audio,comfort,12,11.650485436893204
P0183,Wireless Earbuds 183,Audio,delivery,12,11.650485436893204
P0184,Smart Ring 184,Wearables,price,12,10.526315789473683
P0185,Smart Ring 185,Wearables,performance,12,10.714285714285714
P0431,Bluetooth Speaker 431,Audio,price,12,14.285714285714285
P0432,Air Purifier 432,Home Appliances,price,12,12.76595744680851
P0435,Bluetooth Speaker 435,Audio,delivery,12,11.428571428571429
P0435,Bluetooth Speaker 435,Audio,price,12,11.428571428571429
P0240,Tablet 240,Mobile,comfort,12,13.48314606741573
P0110,Smart Ring 110,Wearables,software,12,9.090909090909092
P0277,Smartphone 277,Mobile,performance,12,12.903225806451612
P0037,Analog Watch 37,Watches,comfort,12,10.909090909090908
P0426,Headphones 426,Audio,software,12,13.333333333333334
P0427,Analog Watch 427,Watches,performance,12,15.0
P0430,Smart Light 430,Home Appliances,delivery,12,13.793103448275861
P0033,Smart Watch 33,Watches,software,12,10.526315789473683
P0052,Bluetooth Speaker 52,Audio,performance,12,13.953488372093023
P0053,Tablet 53,Mobile,delivery,12,11.538461538461538
P0291,Wireless Earbuds 291,Audio,software,12,10.909090909090908
P0196,Smart Ring 196,Wearables,performance,12,13.48314606741573
P0196,Smart Ring 196,Wearables,quality,12,13.48314606741573
P0196,Smart Ring 196,Wearables,software,12,13.48314606741573
P0198,Smart Ring 198,Wearables,delivery,12,11.881188118811881
P0198,Smart Ring 198,Wearables,performance,12,11.881188118811881
P0288,Smart Ring 288,Wearables,delivery,12,11.881188118811881
P0290,Fitness Band 290,Wearables,comfort,12,12.371134020618557
P0051,Air Purifier 51,Home Appliances,delivery,12,11.320754716981133
P0396,Fitness Watch 396,Watches,price,12,12.0
P0397,Fitness Band 397,Wearables,comfort,12,10.256410256410255
P0146,Air Purifier 146,Home Appliances,price,12,10.714285714285714
P0287,Analog Watch 287,Watches,price,12,12.244897959183673
P0420,Smart Ring 420,Wearables,performance,12,12.631578947368421
P0421,Air Purifier 421,Home Appliances,comfort,12,10.344827586206897
P0239,Tablet 239,Mobile,comfort,12,11.538461538461538
P0150,Tablet 150,Mobile,software,12,11.76470588235294
P0151,Smart Ring 151,Wearables,performance,12,13.636363636363635
P0422,Tablet 422,Mobile,software,12,12.5
P0423,Air Purifier 423,Home Appliances,delivery,12,16.0
P0424,Smart Ring 424,Wearables,price,12,12.244897959183673
P0036,Smart Watch 36,Watches,comfort,12,11.650485436893204
P0109,Smart Fan 109,Home Appliances,performance,12,13.636363636363635
P0040,Analog Watch 40,Watches,performance,12,13.48314606741573
P0041,Headphones 41,Audio,delivery,12,10.344827586206897
P0281,Smart Ring 281,Wearables,performance,12,12.76595744680851
P0042,Smart Watch 42,Watches,price,12,10.714285714285714
P0417,Smart Light 417,Home Appliances,comfort,12,12.244897959183673
P0189,Smartphone 189,Mobile,price,12,15.584415584415584
P0418,Smart Fan 418,Home Appliances,software,12,14.285714285714285
P0419,Fitness Band 419,Wearables,comfort,12,10.084033613445378
P0232,Smart Ring 232,Wearables,software,12,15.789473684210526
P0234,Air Purifier 234,Home Appliances,comfort,12,12.631578947368421
P0235,Smartphone 235,Mobile,comfort,12,10.344827586206897
P0398,Wireless Earbuds 398,Audio,price,12,12.121212121212121
P0400,Analog Watch 400,Watches,price,12,12.76595744680851
P0047,Smart Fan 47,Home Appliances,delivery,12,12.121212121212121
P0048,Smart Watch 48,Watches,software,12,11.320754716981133
P0049,Smart Fan 49,Home Appliances,comfort,12,11.538461538461538
P0402,Wireless Earbuds 402,Audio,comfort,12,11.881188118811881
P0403,Smart Watch 403,Watches,delivery,12,12.903225806451612
P0191,Headphones 191,Audio,price,12,11.009174311926607
P0282,Smartphone 282,Mobile,price,12,11.11111111111111
P0282,Smartphone 282,Mobile,software,12,11.11111111111111
P0127,Smartphone 127,Mobile,delivery,12,11.650485436893204
P0283,Headphones 283,Audio,delivery,12,11.76470588235294
P0411,Smart Fan 411,Home Appliances,performance,12,12.121212121212121
P0412,Air Purifier 412,Home Appliances,quality,12,11.650485436893204
P0192,Bluetooth Speaker 192,Audio,delivery,12,10.619469026548673
P0192,Bluetooth Speaker 192,Audio,price,12,10.619469026548673
P0194,Air Purifier 194,Home Appliances,delivery,12,12.244897959183673
P0283,Headphones 283,Audio,performance,12,11.76470588235294
P0284,Wireless Earbuds 284,Audio,delivery,12,12.121212121212121
P0405,Air Purifier 405,Home Appliances,performance,12,12.631578947368421
P0046,Bluetooth Speaker 46,Audio,delivery,12,10.909090909090908
P0047,Smart Fan 47,Home Appliances,comfort,12,12.121212121212121
P0406,Fitness Band 406,Wearables,performance,12,11.538461538461538
P0406,Fitness Band 406,Wearables,price,12,11.538461538461538
P0407,Fitness Band 407,Wearables,delivery,12,12.121212121212121
P0282,Smartphone 282,Mobile,comfort,12,11.11111111111111
P0282,Smartphone 282,Mobile,delivery,12,11.11111111111111
P0004,Headphones 4,Audio,performance,12,16.216216216216218
P0321,Smart Ring 321,Wearables,price,12,11.11111111111111
P0219,Smart Ring 219,Wearables,delivery,12,10.619469026548673
P0220,Smart Ring 220,Wearables,price,12,12.76595744680851
P0324,Air Purifier 324,Home Appliances,software,12,11.76470588235294
P0085,Fitness Band 85,Wearables,comfort,12,9.67741935483871
P0085,Fitness Band 85,Wearables,delivery,12,9.67741935483871
P0085,Fitness Band 85,Wearables,price,12,9.67741935483871
P0085,Fitness Band 85,Wearables,software,12,9.67741935483871
P0252,Smartphone 252,Mobile,software,12,12.244897959183673
P0488,Smart Light 488,Home Appliances,software,12,11.214953271028037
P0490,Smart Light 490,Home Appliances,comfort,12,13.043478260869565
P0006,Headphones 6,Audio,comfort,12,11.320754716981133
P0492,Smart Ring 492,Wearables,performance,12,11.881188118811881
P0496,Fitness Band 496,Wearables,comfort,12,10.81081081081081
P0160,Smart Fan 160,Home Appliances,price,11,9.401709401709402
P0499,Tablet 499,Mobile,software,11,10.091743119266056
P0495,Tablet 495,Mobile,software,11,10.476190476190476
P0492,Smart Ring 492,Wearables,software,11,10.891089108910892
P0491,Tablet 491,Mobile,software,11,10.377358490566039
P0008,Headphones 8,Audio,delivery,11,10.784313725490197
P0006,Headphones 6,Audio,price,11,10.377358490566039
P0489,Headphones 489,Audio,performance,11,13.253012048192772
P0488,Smart Light 488,Home Appliances,delivery,11,10.2803738317757
P0487,Air Purifier 487,Home Appliances,delivery,11,10.2803738317757
P0252,Smartphone 252,Mobile,performance,11,11.224489795918368
P0084,Fitness Band 84,Wearables,software,11,9.243697478991598
P0324,Air Purifier 324,Home Appliances,price,11,10.784313725490197
P0221,Tablet 221,Mobile,performance,11,11.956521739130435
P0219,Smart Ring 219,Wearables,software,11,9.734513274336283
P0161,Smartphone 161,Mobile,software,11,11.34020618556701
P0162,Smart Light 162,Home Appliances,performance,11,10.091743119266056
P0162,Smart Light 162,Home Appliances,price,11,10.091743119266056
P0487,Air Purifier 487,Home Appliances,comfort,11,10.2803738317757
P0158,Smartphone 158,Mobile,performance,11,11.827956989247312
P0477,Fitness Watch 477,Watches,performance,11,11.11111111111111
P0255,Bluetooth Speaker 255,Audio,price,11,11.956521739130435
P0256,Smartphone 256,Mobile,comfort,11,10.784313725490197
P0256,Smartphone 256,Mobile,delivery,11,10.784313725490197
P0011,Smartphone 11,Mobile,comfort,11,12.643678160919542
P0011,Smartphone 11,Mobile,software,11,12.643678160919542
P0167,Fitness Watch 167,Watches,comfort,11,12.222222222222221
P0482,Smartphone 482,Mobile,delivery,11,12.222222222222221
P0483,Smartphone 483,Mobile,comfort,11,10.0
P0135,Smart Watch 135,Watches,software,11,10.891089108910892
P0318,Bluetooth Speaker 318,Audio,software,11,9.565217391304348
P0238,Air Purifier 238,Home Appliances,delivery,11,13.750000000000002
P0150,Tablet 150,Mobile,comfort,11,10.784313725490197
P0151,Smart Ring 151,Wearables,software,11,12.5
P0423,Air Purifier 423,Home Appliances,performance,11,14.666666666666666
P0279,Tablet 279,Mobile,delivery,11,9.649122807017543
P0280,Smartphone 280,Mobile,comfort,11,10.784313725490197
P0280,Smartphone 280,Mobile,delivery,11,10.784313725490197
P0281,Smart Ring 281,Wearables,delivery,11,11.702127659574469
P0041,Headphones 41,Audio,price,11,9.482758620689655
P0042,Smart Watch 42,Watches,performance,11,9.821428571428571
P0415,Fitness Band 415,Wearables,price,11,11.34020618556701
P0188,Headphones 188,Audio,comfort,11,9.243697478991598
P0399,Analog Watch 399,Watches,performance,11,15.068493150684931
P0399,Analog Watch 399,Watches,price,11,15.068493150684931
P0400,Analog Watch 400,Watches,comfort,11,11.702127659574469
P0400,Analog Watch 400,Watches,software,11,11.702127659574469
P0100,Bluetooth Speaker 100,Audio,performance,11,11.458333333333332
P0390,Smart Light 390,Home Appliances,comfort,11,10.091743119266056
P0390,Smart Light 390,Home Appliances,software,11,10.091743119266056
P0391,Smart Light 391,Home Appliances,performance,11,10.679611650485436
P0391,Smart Light 391,Home Appliances,software,11,10.679611650485436
P0103,Fitness Band 103,Wearables,software,11,10.0
P0291,Wireless Earbuds 291,Audio,comfort,11,10.0
P0050,Analog Watch 50,Watches,price,11,11.702127659574469
P0395,Analog Watch 395,Watches,delivery,11,11.0
P0395,Analog Watch 395,Watches,performance,11,11.0
P0194,Air Purifier 194,Home Appliances,performance,11,11.224489795918368
P0146,Air Purifier 146,Home Appliances,delivery,11,9.821428571428571
P0146,Air Purifier 146,Home Appliances,software,11,9.821428571428571
P0397,Fitness Band 397,Wearables,delivery,11,9.401709401709402
P0420,Smart Ring 420,Wearables,delivery,11,11.578947368421053
P0237,Tablet 237,Mobile,software,11,11.224489795918368
P0184,Smart Ring 184,Wearables,delivery,11,9.649122807017543
P0185,Smart Ring 185,Wearables,comfort,11,9.821428571428571
P0035,Smartphone 35,Mobile,delivery,11,9.734513274336283
P0434,Analog Watch 434,Watches,delivery,11,10.576923076923077
P0110,Smart Ring 110,Wearables,comfort,11,8.333333333333332
P0110,Smart Ring 110,Wearables,price,11,8.333333333333332
P0276,Fitness Watch 276,Watches,software,11,10.377358490566039
P0277,Smartphone 277,Mobile,comfort,11,11.827956989247312
P0429,Smart Ring 429,Wearables,delivery,11,11.458333333333332
P0430,Smart Light 430,Home Appliances,quality,11,12.643678160919542
P0431,Bluetooth Speaker 431,Audio,comfort,11,13.095238095238097
P0182,Fitness Band 182,Wearables,price,11,11.34020618556701
P0112,Smart Light 112,Home Appliances,comfort,11,10.185185185185185
P0389,Fitness Watch 389,Watches,software,11,11.34020618556701
P0052,Bluetooth Speaker 52,Audio,price,11,12.790697674418606
P0291,Wireless Earbuds 291,Audio,price,11,10.0
P0375,Headphones 375,Audio,price,11,11.578947368421053
P0144,Smart Fan 144,Home Appliances,software,11,10.185185185185185
P0202,Fitness Watch 202,Watches,comfort,11,11.11111111111111
P0377,Smart Ring 377,Wearables,performance,11,13.924050632911392
P0058,Bluetooth Speaker 58,Audio,comfort,11,10.091743119266056
P0198,Smart Ring 198,Wearables,software,11,10.891089108910892
P0143,Headphones 143,Audio,performance,11,12.941176470588237
P0143,Headphones 143,Audio,software,11,12.941176470588237
P0144,Smart Fan 144,Home Appliances,comfort,11,10.185185185185185
P0383,Smart Ring 383,Wearables,performance,11,10.891089108910892
P0383,Smart Ring 383,Wearables,software,11,10.891089108910892
P0384,Bluetooth Speaker 384,Audio,comfort,11,10.784313725490197
P0384,Bluetooth Speaker 384,Audio,software,11,10.784313725490197
P0388,Smart Fan 388,Home Appliances,delivery,11,11.34020618556701
P0388,Smart Fan 388,Home Appliances,price,11,11.34020618556701
P0274,Smart Watch 274,Watches,comfort,11,10.891089108910892
P0371,Wireless Earbuds 371,Audio,comfort,11,11.578947368421053
P0061,Wireless Earbuds 61,Audio,delivery,11,10.476190476190476
P0125,Air Purifier 125,Home Appliances,price,11,9.166666666666666
P0126,Tablet 126,Mobile,delivery,11,10.679611650485436
P0032,Smartphone 32,Mobile,comfort,11,10.185185185185185
P0032,Smartphone 32,Mobile,delivery,11,10.185185185185185
P0032,Smartphone 32,Mobile,performance,11,10.185185185185185
P0438,Fitness Band 438,Wearables,performance,11,13.253012048192772
P0438,Fitness Band 438,Wearables,price,11,13.253012048192772
P0030,Tablet 30,Mobile,delivery,11,11.827956989247312
P0030,Tablet 30,Mobile,performance,11,11.827956989247312
P0372,Smart Watch 372,Watches,comfort,11,9.821428571428571
P0298,Smartphone 298,Mobile,performance,11,11.0
P0298,Smartphone 298,Mobile,price,11,11.0
P0299,Smart Ring 299,Wearables,price,11,12.222222222222221
P0059,Air Purifier 59,Home Appliances,software,11,10.185185185185185
P0366,Air Purifier 366,Home Appliances,software,11,12.087912087912088
P0367,Smart Fan 367,Home Appliances,performance,11,11.0
P0369,Air Purifier 369,Home Appliances,comfort,11,9.821428571428571
P0271,Tablet 271,Mobile,comfort,11,10.476190476190476
P0272,Tablet 272,Mobile,comfort,11,9.90990990990991
P0181,Smart Light 181,Home Appliances,comfort,11,9.090909090909092
P0440,Fitness Band 440,Wearables,software,11,11.11111111111111
P0441,Smartphone 441,Mobile,price,11,11.0
P0442,Smartphone 442,Mobile,software,11,11.11111111111111
P0027,Smart Ring 27,Wearables,price,11,10.679611650485436
P0446,Tablet 446,Mobile,software,11,12.087912087912088
P0369,Air Purifier 369,Home Appliances,delivery,11,9.821428571428571
P0204,Wireless Earbuds 204,Audio,comfort,11,12.643678160919542
P0204,Wireless Earbuds 204,Audio,performance,11,12.643678160919542
P0141,Wireless Earbuds 141,Audio,performance,11,10.2803738317757
P0141,Wireless Earbuds 141,Audio,price,11,10.2803738317757
P0178,Fitness Watch 178,Watches,performance,11,14.864864864864865
P0266,Headphones 266,Audio,comfort,11,8.94308943089431
P0113,Smart Watch 113,Watches,price,11,11.34020618556701
P0153,Fitness Band 153,Wearables,delivery,11,12.643678160919542
P0153,Fitness Band 153,Wearables,price,11,12.643678160919542
P0448,Smart Fan 448,Home Appliances,comfort,11,11.224489795918368
P0241,Wireless Earbuds 241,Audio,software,11,11.702127659574469
P0242,Smart Light 242,Home Appliances,comfort,11,10.377358490566039
P0242,Smart Light 242,Home Appliances,software,11,10.377358490566039
P0097,Fitness Watch 97,Watches,software,11,9.649122807017543
P0098,Analog Watch 98,Watches,software,11,11.702127659574469
P0099,Bluetooth Speaker 99,Audio,comfort,11,10.185185185185185
P0364,Bluetooth Speaker 364,Audio,delivery,11,11.578947368421053
P0063,Fitness Band 63,Wearables,delivery,11,10.2803738317757
P0064,Fitness Band 64,Wearables,comfort,11,11.224489795918368
P0065,Smart Ring 65,Wearables,delivery,11,11.0
P0352,Smart Ring 352,Wearables,delivery,11,13.580246913580247
P0067,Smart Fan 67,Home Appliances,software,11,10.576923076923077
P0068,Headphones 68,Audio,price,11,11.0
P0356,Air Purifier 356,Home Appliances,comfort,11,10.576923076923077
P0357,Tablet 357,Mobile,quality,11,14.666666666666666
P0208,Fitness Watch 208,Watches,software,11,11.578947368421053
P0303,Fitness Watch 303,Watches,software,11,11.224489795918368
P0096,Smart Watch 96,Watches,comfort,11,12.087912087912088
P0360,Analog Watch 360,Watches,delivery,11,11.458333333333332
P0065,Smart Ring 65,Wearables,software,11,11.0
P0066,Smart Fan 66,Home Appliances,price,11,10.091743119266056
P0066,Smart Fan 66,Home Appliances,software,11,10.091743119266056
P0205,Tablet 205,Mobile,performance,11,12.941176470588237
P0205,Tablet 205,Mobile,price,11,12.941176470588237
P0205,Tablet 205,Mobile,quality,11,12.941176470588237
P0447,Smartphone 447,Mobile,delivery,11,10.476190476190476
P0349,Smart Fan 349,Home Appliances,performance,11,12.5
P0226,Bluetooth Speaker 226,Audio,software,11,10.476190476190476
P0243,Bluetooth Speaker 243,Audio,price,11,12.643678160919542
P0244,Air Purifier 244,Home Appliances,comfort,11,10.784313725490197
P0264,Tablet 264,Mobile,quality,11,14.473684210526317
P0450,Fitness Band 450,Wearables,price,11,12.5
P0451,Bluetooth Speaker 451,Audio,delivery,11,9.821428571428571
P0024,Fitness Band 24,Wearables,software,11,11.0
P0453,Smartphone 453,Mobile,software,11,9.482758620689655
P0455,Fitness Band 455,Wearables,performance,11,11.702127659574469
P0116,Smart Fan 116,Home Appliances,performance,11,12.790697674418606
P0116,Smart Fan 116,Home Appliances,price,11,12.790697674418606
P0227,Smart Ring 227,Wearables,price,11,11.0
P0133,Wireless Earbuds 133,Audio,comfort,11,10.476190476190476
P0072,Smart Light 72,Home Appliances,comfort,11,10.891089108910892
P0351,Tablet 351,Mobile,software,11,11.702127659574469
P0345,Tablet 345,Mobile,software,11,10.891089108910892
P0306,Fitness Band 306,Wearables,performance,11,10.476190476190476
P0262,Headphones 262,Audio,comfort,11,11.34020618556701
P0458,Headphones 458,Audio,software,11,12.643678160919542
P0459,Smart Watch 459,Watches,comfort,11,9.090909090909092
P0460,Headphones 460,Audio,performance,11,13.095238095238097
P0020,Air Purifier 20,Home Appliances,price,11,10.891089108910892
P0021,Wireless Earbuds 21,Audio,price,11,11.702127659574469
P0245,Smart Ring 245,Wearables,price,11,13.750000000000002
P0308,Smart Watch 308,Watches,delivery,11,9.90990990990991
P0309,Fitness Band 309,Wearables,price,11,10.0
P0072,Smart Light 72,Home Appliances,price,11,10.891089108910892
P0073,Smartphone 73,Mobile,comfort,11,10.784313725490197
P0073,Smartphone 73,Mobile,performance,11,10.784313725490197
P0138,Smart Fan 138,Home Appliances,software,11,10.784313725490197
P0139,Analog Watch 139,Watches,delivery,11,8.94308943089431
P0123,Smart Watch 123,Watches,software,11,9.90990990990991
P0124,Smart Ring 124,Wearables,comfort,11,10.784313725490197
P0261,Analog Watch 261,Watches,price,11,10.476190476190476
P0463,Air Purifier 463,Home Appliances,price,11,10.185185185185185
P0173,Smartphone 173,Mobile,comfort,11,11.702127659574469
P0173,Smartphone 173,Mobile,delivery,11,11.702127659574469
P0464,Smart Light 464,Home Appliances,price,11,12.790697674418606
P0467,Air Purifier 467,Home Appliances,performance,11,14.666666666666666
P0168,Smart Ring 168,Wearables,price,11,11.458333333333332
P0169,Analog Watch 169,Watches,comfort,11,12.790697674418606
P0214,Fitness Band 214,Wearables,comfort,11,10.576923076923077
P0312,Smart Watch 312,Watches,comfort,11,10.679611650485436
P0075,Fitness Watch 75,Watches,performance,11,10.476190476190476
P0076,Smart Fan 76,Home Appliances,comfort,11,10.891089108910892
P0076,Smart Fan 76,Home Appliances,price,11,10.891089108910892
P0076,Smart Fan 76,Home Appliances,software,11,10.891089108910892
P0224,Air Purifier 224,Home Appliances,price,11,11.956521739130435
P0015,Smart Ring 15,Wearables,software,11,11.956521739130435
P0470,Smart Light 470,Home Appliances,comfort,11,10.576923076923077
P0257,Analog Watch 257,Watches,software,11,10.891089108910892
P0259,Smart Fan 259,Home Appliances,price,11,12.222222222222221
P0471,Bluetooth Speaker 471,Audio,price,11,11.578947368421053
P0474,Bluetooth Speaker 474,Audio,price,11,9.243697478991598
P0157,Smartphone 157,Mobile,performance,11,10.891089108910892
P0314,Smart Light 314,Home Appliances,price,11,10.576923076923077
P0077,Fitness Watch 77,Watches,software,11,11.578947368421053
P0340,Fitness Band 340,Wearables,delivery,11,9.821428571428571
P0340,Fitness Band 340,Wearables,software,11,9.821428571428571
P0341,Smart Watch 341,Watches,comfort,11,8.94308943089431
P0341,Smart Watch 341,Watches,delivery,11,8.94308943089431
P0342,Smartphone 342,Mobile,comfort,11,12.359550561797752
P0213,Wireless Earbuds 213,Audio,price,11,10.2803738317757
P0330,Smart Watch 330,Watches,software,11,9.734513274336283
P0332,Smart Watch 332,Watches,comfort,11,11.11111111111111
P0332,Smart Watch 332,Watches,price,11,11.11111111111111
P0079,Smartphone 79,Mobile,delivery,11,10.377358490566039
P0080,Wireless Earbuds 80,Audio,performance,11,11.11111111111111
P0080,Wireless Earbuds 80,Audio,software,11,11.11111111111111
P0090,Smartphone 90,Mobile,software,11,10.185185185185185
P0091,Tablet 91,Mobile,comfort,11,10.377358490566039
P0092,Fitness Band 92,Wearables,software,11,10.0
P0315,Bluetooth Speaker 315,Audio,price,11,10.2803738317757
P0317,Smart Light 317,Home Appliances,comfort,11,11.0
P0317,Smart Light 317,Home Appliances,delivery,11,11.0
P0081,Headphones 81,Audio,performance,11,12.941176470588237
P0334,Fitness Band 334,Wearables,comfort,11,10.185185185185185
P0334,Fitness Band 334,Wearables,delivery,11,10.185185185185185
P0335,Headphones 335,Audio,comfort,11,11.34020618556701
P0494,Fitness Watch 494,Watches,software,11,12.941176470588237
P0002,Smart Watch 2,Watches,software,11,10.0
P0499,Tablet 499,Mobile,price,11,10.091743119266056
P0499,Tablet 499,Mobile,comfort,11,10.091743119266056
P0120,Smart Light 120,Home Appliances,performance,11,11.578947368421053
P0088,Air Purifier 88,Home Appliances,price,11,11.702127659574469
P0089,Fitness Band 89,Wearables,comfort,11,10.185185185185185
P0327,Smart Fan 327,Home Appliances,price,11,11.34020618556701
P0327,Smart Fan 327,Home Appliances,software,11,11.34020618556701
P0329,Wireless Earbuds 329,Audio,delivery,11,11.578947368421053
P0329,Wireless Earbuds 329,Audio,software,11,11.578947368421053
P0330,Smart Watch 330,Watches,delivery,11,9.734513274336283
P0134,Smartphone 134,Mobile,price,11,10.377358490566039
P0134,Smartphone 134,Mobile,software,11,10.377358490566039
P0485,Smart Watch 485,Watches,delivery,11,8.94308943089431
P0009,Wireless Earbuds 9,Audio,delivery,11,9.090909090909092
P0401,Headphones 401,Audio,price,11,11.578947368421053
P0283,Headphones 283,Audio,comfort,11,10.784313725490197
P0408,Smartphone 408,Mobile,software,11,9.734513274336283
P0409,Analog Watch 409,Watches,comfort,11,10.576923076923077
P0190,Smart Light 190,Home Appliances,delivery,11,11.458333333333332
P0190,Smart Light 190,Home Appliances,software,11,11.458333333333332
P0191,Headphones 191,Audio,comfort,11,10.091743119266056
P0409,Analog Watch 409,Watches,price,11,10.576923076923077
P0410,Analog Watch 410,Watches,delivery,11,12.359550561797752
P0410,Analog Watch 410,Watches,price,11,12.359550561797752
P0411,Smart Fan 411,Home Appliances,comfort,11,11.11111111111111
P0193,Fitness Band 193,Wearables,performance,11,15.714285714285714
P0404,Bluetooth Speaker 404,Audio,price,11,14.102564102564102
P0405,Air Purifier 405,Home Appliances,price,11,11.578947368421053
P0005,Air Purifier 5,Home Appliances,comfort,11,9.90990990990991
P0494,Fitness Watch 494,Watches,price,11,12.941176470588237
P0288,Smart Ring 288,Wearables,software,10,9.900990099009901
P0289,Smart Ring 289,Wearables,delivery,10,10.1010101010101
P0393,Analog Watch 393,Watches,delivery,10,8.849557522123893
P0396,Fitness Watch 396,Watches,comfort,10,10.0
P0053,Tablet 53,Mobile,software,10,9.615384615384617
P0196,Smart Ring 196,Wearables,price,10,11.235955056179774
P0101,Bluetooth Speaker 101,Audio,price,10,10.75268817204301
P0101,Bluetooth Speaker 101,Audio,delivery,10,10.75268817204301
P0101,Bluetooth Speaker 101,Audio,comfort,10,10.75268817204301
P0051,Air Purifier 51,Home Appliances,price,10,9.433962264150944
P0394,Fitness Watch 394,Watches,price,10,10.416666666666668
P0289,Smart Ring 289,Wearables,software,10,10.1010101010101
P0220,Smart Ring 220,Wearables,delivery,10,10.638297872340425
P0220,Smart Ring 220,Wearables,comfort,10,10.638297872340425
P0323,Smart Watch 323,Watches,price,10,10.309278350515463
P0163,Smart Ring 163,Wearables,price,10,11.627906976744185
P0160,Smart Fan 160,Home Appliances,software,10,8.547008547008547
P0255,Bluetooth Speaker 255,Audio,comfort,10,10.869565217391305
P0248,Headphones 248,Audio,comfort,10,11.235955056179774
P0247,Bluetooth Speaker 247,Audio,performance,10,12.82051282051282
P0090,Smartphone 90,Mobile,performance,10,9.25925925925926
P0084,Fitness Band 84,Wearables,comfort,10,8.403361344537815
P0325,Tablet 325,Mobile,price,10,11.627906976744185
P0482,Smartphone 482,Mobile,price,10,11.11111111111111
P0012,Fitness Band 12,Wearables,comfort,10,9.615384615384617
P0480,Headphones 480,Audio,software,10,10.638297872340425
P0220,Smart Ring 220,Wearables,software,10,10.638297872340425
P0293,Smart Fan 293,Home Appliances,price,10,9.615384615384617
P0292,Smart Fan 292,Home Appliances,software,10,7.575757575757576
P0052,Bluetooth Speaker 52,Audio,software,10,11.627906976744185
P0052,Bluetooth Speaker 52,Audio,delivery,10,11.627906976744185
P0389,Fitness Watch 389,Watches,delivery,10,10.309278350515463
P0047,Smart Fan 47,Home Appliances,price,10,10.1010101010101
P0400,Analog Watch 400,Watches,delivery,10,10.638297872340425
P0398,Wireless Earbuds 398,Audio,software,10,10.1010101010101
P0233,Air Purifier 233,Home Appliances,performance,10,10.416666666666668
P0397,Fitness Band 397,Wearables,software,10,8.547008547008547
P0147,Fitness Band 147,Wearables,delivery,10,9.615384615384617
P0256,Smartphone 256,Mobile,software,10,9.803921568627452
P0327,Smart Fan 327,Home Appliances,delivery,10,10.309278350515463
P0086,Analog Watch 86,Watches,comfort,10,9.900990099009901
P0321,Smart Ring 321,Wearables,comfort,10,9.25925925925926
P0319,Smart Ring 319,Wearables,software,10,9.433962264150944
P0090,Smartphone 90,Mobile,price,10,9.25925925925926
P0119,Wireless Earbuds 119,Audio,price,10,9.615384615384617
P0478,Smart Fan 478,Home Appliances,performance,10,12.048192771084338
P0388,Smart Fan 388,Home Appliances,software,10,10.309278350515463
P0055,Smart Watch 55,Watches,software,10,9.345794392523365
P0402,Wireless Earbuds 402,Audio,performance,10,9.900990099009901
P0401,Headphones 401,Audio,software,10,10.526315789473683
P0048,Smart Watch 48,Watches,delivery,10,9.433962264150944
P0235,Smartphone 235,Mobile,software,10,8.620689655172415
P0235,Smartphone 235,Mobile,delivery,10,8.620689655172415
P0407,Fitness Band 407,Wearables,comfort,10,10.1010101010101
P0046,Bluetooth Speaker 46,Audio,software,10,9.090909090909092
P0046,Bluetooth Speaker 46,Audio,price,10,9.090909090909092
P0045,Smart Ring 45,Wearables,software,10,8.928571428571429
P0045,Smart Ring 45,Wearables,comfort,10,8.928571428571429
P0285,Smart Light 285,Home Appliances,price,10,9.900990099009901
P0130,Fitness Band 130,Wearables,price,10,12.195121951219512
P0080,Wireless Earbuds 80,Audio,comfort,10,10.1010101010101
P0332,Smart Watch 332,Watches,delivery,10,10.1010101010101
P0331,Smart Ring 331,Wearables,performance,10,9.803921568627452
P0082,Fitness Watch 82,Watches,software,10,10.416666666666668
P0318,Bluetooth Speaker 318,Audio,price,10,8.695652173913043
P0134,Smartphone 134,Mobile,delivery,10,9.433962264150944
P0475,Fitness Watch 475,Watches,performance,10,11.363636363636363
P0475,Fitness Watch 475,Watches,delivery,10,11.363636363636363
P0475,Fitness Watch 475,Watches,comfort,10,11.363636363636363
P0158,Smartphone 158,Mobile,software,10,10.75268817204301
P0158,Smartphone 158,Mobile,delivery,10,10.75268817204301
P0315,Bluetooth Speaker 315,Audio,comfort,10,9.345794392523365
P0092,Fitness Band 92,Wearables,comfort,10,9.090909090909092
P0137,Analog Watch 137,Watches,delivery,10,10.1010101010101
P0474,Bluetooth Speaker 474,Audio,delivery,10,8.403361344537815
P0473,Analog Watch 473,Watches,price,10,9.70873786407767
P0471,Bluetooth Speaker 471,Audio,software,10,10.526315789473683
P0130,Fitness Band 130,Wearables,performance,10,12.195121951219512
P0199,Smart Ring 199,Wearables,software,10,10.309278350515463
P0199,Smart Ring 199,Wearables,price,10,10.309278350515463
P0148,Analog Watch 148,Watches,comfort,10,9.433962264150944
P0189,Smartphone 189,Mobile,software,10,12.987012987012985
P0407,Fitness Band 407,Wearables,price,10,10.1010101010101
P0127,Smartphone 127,Mobile,price,10,9.70873786407767
P0054,Wireless Earbuds 54,Audio,comfort,10,10.309278350515463
P0385,Tablet 385,Mobile,delivery,10,10.416666666666668
P0414,Wireless Earbuds 414,Audio,delivery,10,9.900990099009901
P0334,Fitness Band 334,Wearables,price,10,9.25925925925926
P0260,Headphones 260,Audio,delivery,10,10.0
P0258,Smart Watch 258,Watches,delivery,10,10.75268817204301
P0015,Smart Ring 15,Wearables,price,10,10.869565217391305
P0469,Smart Ring 469,Wearables,price,10,10.416666666666668
P0469,Smart Ring 469,Wearables,performance,10,10.416666666666668
P0468,Fitness Band 468,Wearables,delivery,10,9.090909090909092
P0468,Fitness Band 468,Wearables,comfort,10,9.090909090909092
P0467,Air Purifier 467,Home Appliances,comfort,10,13.333333333333334
P0466,Smart Fan 466,Home Appliances,price,10,10.1010101010101
P0466,Smart Fan 466,Home Appliances,delivery,10,10.1010101010101
P0014,Fitness Band 14,Wearables,software,10,10.638297872340425
P0414,Wireless Earbuds 414,Audio,comfort,10,9.900990099009901
P0199,Smart Ring 199,Wearables,performance,10,10.309278350515463
P0199,Smart Ring 199,Wearables,comfort,10,10.309278350515463
P0058,Bluetooth Speaker 58,Audio,price,10,9.174311926605505
P0058,Bluetooth Speaker 58,Audio,delivery,10,9.174311926605505
P0057,Headphones 57,Audio,price,10,10.309278350515463
P0413,Smart Watch 413,Watches,comfort,10,10.989010989010989
P0412,Air Purifier 412,Home Appliances,software,10,9.70873786407767
P0412,Air Purifier 412,Home Appliances,comfort,10,9.70873786407767
P0044,Fitness Band 44,Wearables,price,10,9.345794392523365
P0018,Smart Ring 18,Wearables,delivery,10,8.264462809917356
P0465,Fitness Band 465,Wearables,comfort,10,8.849557522123893
P0313,Smart Watch 313,Watches,software,10,9.00900900900901
P0225,Smart Fan 225,Home Appliances,software,10,9.433962264150944
P0225,Smart Fan 225,Home Appliances,comfort,10,9.433962264150944
P0202,Fitness Watch 202,Watches,price,10,10.1010101010101
P0201,Fitness Band 201,Wearables,delivery,10,8.928571428571429
P0145,Fitness Band 145,Wearables,comfort,10,8.547008547008547
P0417,Smart Light 417,Home Appliances,software,10,10.204081632653061
P0042,Smart Watch 42,Watches,delivery,10,8.928571428571429
P0041,Headphones 41,Audio,software,10,8.620689655172415
P0108,Wireless Earbuds 108,Audio,price,10,9.900990099009901
P0108,Wireless Earbuds 108,Audio,delivery,10,9.900990099009901
P0107,Analog Watch 107,Watches,price,10,8.695652173913043
P0340,Fitness Band 340,Wearables,price,10,8.928571428571429
P0078,Smart Ring 78,Wearables,software,10,10.0
P0172,Air Purifier 172,Home Appliances,software,10,10.416666666666668
P0123,Smart Watch 123,Watches,price,10,9.00900900900901
P0245,Smart Ring 245,Wearables,delivery,10,12.5
P0020,Air Purifier 20,Home Appliances,software,10,9.900990099009901
P0375,Headphones 375,Audio,delivery,10,10.526315789473683
P0375,Headphones 375,Audio,comfort,10,10.526315789473683
P0374,Headphones 374,Audio,comfort,10,9.345794392523365
P0060,Smartphone 60,Mobile,delivery,10,11.235955056179774
P0299,Smart Ring 299,Wearables,performance,10,11.11111111111111
P0299,Smart Ring 299,Wearables,delivery,10,11.11111111111111
P0298,Smartphone 298,Mobile,software,10,10.0
P0038,Tablet 38,Mobile,delivery,10,9.00900900900901
P0373,Smartphone 373,Mobile,performance,10,10.204081632653061
P0310,Fitness Band 310,Wearables,software,10,9.174311926605505
P0310,Fitness Band 310,Wearables,price,10,9.174311926605505
P0094,Smart Ring 94,Wearables,delivery,10,8.620689655172415
P0214,Fitness Band 214,Wearables,performance,10,9.615384615384617
P0214,Fitness Band 214,Wearables,delivery,10,9.615384615384617
P0460,Headphones 460,Audio,delivery,10,11.904761904761903
P0156,Wireless Earbuds 156,Audio,software,10,10.638297872340425
P0156,Wireless Earbuds 156,Audio,delivery,10,10.638297872340425
P0155,Tablet 155,Mobile,price,10,9.00900900900901
P0155,Tablet 155,Mobile,delivery,10,9.00900900900901
P0342,Smartphone 342,Mobile,price,10,11.235955056179774
P0306,Fitness Band 306,Wearables,price,10,9.523809523809524
P0305,Fitness Band 305,Wearables,price,10,8.695652173913043
P0345,Tablet 345,Mobile,delivery,10,9.900990099009901
P0075,Fitness Watch 75,Watches,price,10,9.523809523809524
P0023,Air Purifier 23,Home Appliances,delivery,10,9.433962264150944
P0264,Tablet 264,Mobile,performance,10,13.157894736842104
P0347,Smartphone 347,Mobile,price,10,8.264462809917356
P0373,Smartphone 373,Mobile,delivery,10,10.204081632653061
P0371,Wireless Earbuds 371,Audio,software,10,10.526315789473683
P0150,Tablet 150,Mobile,price,10,9.803921568627452
P0186,Smart Ring 186,Wearables,price,10,10.526315789473683
P0239,Tablet 239,Mobile,performance,10,9.615384615384617
P0278,Tablet 278,Mobile,comfort,10,10.989010989010989
P0422,Tablet 422,Mobile,performance,10,10.416666666666668
P0204,Wireless Earbuds 204,Audio,software,10,11.494252873563218
P0073,Smartphone 73,Mobile,software,10,9.803921568627452
P0073,Smartphone 73,Mobile,price,10,9.803921568627452
P0073,Smartphone 73,Mobile,delivery,10,9.803921568627452
P0093,Tablet 93,Mobile,software,10,9.25925925925926
P0093,Tablet 93,Mobile,price,10,9.25925925925926
P0117,Smartphone 117,Mobile,software,10,9.433962264150944
P0427,Analog Watch 427,Watches,delivery,10,12.5
P0037,Analog Watch 37,Watches,software,10,9.090909090909092
P0037,Analog Watch 37,Watches,delivery,10,9.090909090909092
P0036,Smart Watch 36,Watches,software,10,9.70873786407767
P0036,Smart Watch 36,Watches,delivery,10,9.70873786407767
P0277,Smartphone 277,Mobile,price,10,10.75268817204301
P0425,Fitness Watch 425,Watches,performance,10,13.333333333333334
P0425,Fitness Watch 425,Watches,delivery,10,13.333333333333334
P0298,Smartphone 298,Mobile,comfort,10,10.0
P0373,Smartphone 373,Mobile,software,10,10.204081632653061
P0430,Smart Light 430,Home Appliances,performance,10,11.494252873563218
P0350,Analog Watch 350,Watches,price,10,8.547008547008547
P0211,Air Purifier 211,Home Appliances,price,10,9.174311926605505
P0177,Wireless Earbuds 177,Audio,performance,10,10.309278350515463
P0175,Fitness Band 175,Wearables,software,10,10.526315789473683
P0071,Smart Watch 71,Watches,software,10,11.494252873563218
P0071,Smart Watch 71,Watches,performance,10,11.494252873563218
P0347,Smartphone 347,Mobile,delivery,10,8.264462809917356
P0229,Smart Light 229,Home Appliances,performance,10,10.869565217391305
P0228,Fitness Watch 228,Watches,delivery,10,10.204081632653061
P0228,Fitness Watch 228,Watches,comfort,10,10.204081632653061
P0203,Smart Light 203,Home Appliances,delivery,10,11.11111111111111
P0062,Tablet 62,Mobile,delivery,10,10.869565217391305
P0432,Air Purifier 432,Home Appliances,software,10,10.638297872340425
P0432,Air Purifier 432,Home Appliances,delivery,10,10.638297872340425
P0366,Air Purifier 366,Home Appliances,price,10,10.989010989010989
P0063,Fitness Band 63,Wearables,software,10,9.345794392523365
P0364,Bluetooth Speaker 364,Audio,comfort,10,10.526315789473683
P0302,Bluetooth Speaker 302,Audio,software,10,9.900990099009901
P0302,Bluetooth Speaker 302,Audio,price,10,9.900990099009901
P0302,Bluetooth Speaker 302,Audio,delivery,10,9.900990099009901
P0035,Smartphone 35,Mobile,comfort,10,8.849557522123893
P0111,Smartphone 111,Mobile,delivery,10,8.771929824561402
P0033,Smart Watch 33,Watches,price,10,8.771929824561402
P0098,Analog Watch 98,Watches,comfort,10,10.638297872340425
P0132,Fitness Band 132,Wearables,comfort,10,10.309278350515463
P0024,Fitness Band 24,Wearables,price,10,10.0
P0449,Bluetooth Speaker 449,Audio,software,10,11.627906976744185
P0126,Tablet 126,Mobile,software,10,9.70873786407767
P0153,Fitness Band 153,Wearables,performance,10,11.494252873563218
P0068,Headphones 68,Audio,comfort,10,10.0
P0454,Smart Fan 454,Home Appliances,comfort,10,13.333333333333334
P0353,Analog Watch 353,Watches,price,10,11.363636363636363
P0353,Analog Watch 353,Watches,delivery,10,11.363636363636363
P0114,Smart Light 114,Home Appliances,performance,10,9.25925925925926
P0265,Smart Fan 265,Home Appliances,software,10,10.526315789473683
P0265,Smart Fan 265,Home Appliances,price,10,10.526315789473683
P0265,Smart Fan 265,Home Appliances,delivery,10,10.526315789473683
P0028,Fitness Band 28,Wearables,price,10,9.433962264150944
P0207,Wireless Earbuds 207,Audio,price,10,10.1010101010101
P0358,Bluetooth Speaker 358,Audio,delivery,10,10.989010989010989
P0070,Smart Watch 70,Watches,comfort,10,9.523809523809524
P0206,Smartphone 206,Mobile,delivery,10,12.345679012345679
P0437,Tablet 437,Mobile,price,10,9.433962264150944
P0033,Smart Watch 33,Watches,comfort,10,8.771929824561402
P0031,Fitness Band 31,Wearables,software,10,11.627906976744185
P0272,Tablet 272,Mobile,price,10,9.00900900900901
P0241,Wireless Earbuds 241,Audio,delivery,10,10.638297872340425
P0239,Tablet 239,Mobile,software,10,9.615384615384617
P0027,Smart Ring 27,Wearables,software,10,9.70873786407767
P0444,Fitness Band 444,Wearables,delivery,10,11.363636363636363
P0443,Wireless Earbuds 443,Audio,price,10,12.5
P0182,Fitness Band 182,Wearables,delivery,10,10.309278350515463
P0181,Smart Light 181,Home Appliances,software,10,8.264462809917356
P0180,Smart Light 180,Home Appliances,software,10,10.75268817204301
P0180,Smart Light 180,Home Appliances,price,10,10.75268817204301
P0154,Smart Fan 154,Home Appliances,price,10,10.638297872340425
P0067,Smart Fan 67,Home Appliances,comfort,10,9.615384615384617
P0096,Smart Watch 96,Watches,price,10,10.989010989010989
P0096,Smart Watch 96,Watches,delivery,10,10.989010989010989
P0269,Smartphone 269,Mobile,comfort,10,9.174311926605505
P0268,Fitness Band 268,Wearables,delivery,10,11.11111111111111
P0029,Smart Light 29,Home Appliances,delivery,10,9.615384615384617
P0439,Smartphone 439,Mobile,performance,10,10.1010101010101
P0439,Smartphone 439,Mobile,comfort,10,10.1010101010101
P0301,Bluetooth Speaker 301,Audio,price,10,9.523809523809524
P0153,Fitness Band 153,Wearables,software,10,11.494252873563218
P0271,Tablet 271,Mobile,software,10,9.523809523809524
P0271,Tablet 271,Mobile,price,10,9.523809523809524
P0270,Smart Watch 270,Watches,software,10,10.416666666666668
P0270,Smart Watch 270,Watches,delivery,10,10.416666666666668
P0304,Bluetooth Speaker 304,Audio,delivery,10,10.309278350515463
P0209,Wireless Earbuds 209,Audio,comfort,10,11.904761904761903
P0361,Air Purifier 361,Home Appliances,software,10,9.803921568627452
P0356,Air Purifier 356,Home Appliances,software,10,9.615384615384617
P0393,Analog Watch 393,Watches,comfort,10,8.849557522123893
P0159,Analog Watch 159,Watches,performance,10,12.658227848101266
P0498,Tablet 498,Mobile,software,10,11.76470588235294
P0497,Smart Ring 497,Wearables,delivery,10,10.1010101010101
P0497,Smart Ring 497,Wearables,comfort,10,10.1010101010101
P0004,Headphones 4,Audio,price,10,13.513513513513514
P0495,Tablet 495,Mobile,comfort,10,9.523809523809524
P0498,Tablet 498,Mobile,comfort,10,11.76470588235294
P0194,Air Purifier 194,Home Appliances,price,10,10.204081632653061
P0088,Air Purifier 88,Home Appliances,comfort,10,10.638297872340425
P0087,Tablet 87,Mobile,price,10,8.695652173913043
P0500,Wireless Earbuds 500,Audio,price,10,10.869565217391305
P0489,Headphones 489,Audio,price,10,12.048192771084338
P0492,Smart Ring 492,Wearables,delivery,10,9.900990099009901
P0250,Fitness Band 250,Wearables,software,9,8.411214953271028
P0252,Smartphone 252,Mobile,comfort,9,9.183673469387756
P0252,Smartphone 252,Mobile,delivery,9,9.183673469387756
P0246,Fitness Watch 246,Watches,comfort,9,9.473684210526317
P0488,Smart Light 488,Home Appliances,price,9,8.411214953271028
P0489,Headphones 489,Audio,software,9,10.843373493975903
P0500,Wireless Earbuds 500,Audio,comfort,9,9.782608695652174
P0001,Smart Watch 1,Watches,comfort,9,9.89010989010989
P0086,Analog Watch 86,Watches,price,9,8.91089108910891
P0086,Analog Watch 86,Watches,software,9,8.91089108910891
P0321,Smart Ring 321,Wearables,software,9,8.333333333333332
P0490,Smart Light 490,Home Appliances,software,9,9.782608695652174
P0250,Fitness Band 250,Wearables,comfort,9,8.411214953271028
P0250,Fitness Band 250,Wearables,delivery,9,8.411214953271028
P0120,Smart Light 120,Home Appliances,price,9,9.473684210526317
P0499,Tablet 499,Mobile,delivery,9,8.256880733944955
P0392,Wireless Earbuds 392,Audio,software,9,9.278350515463918
P0001,Smart Watch 1,Watches,software,9,9.89010989010989
P0362,Bluetooth Speaker 362,Audio,delivery,9,10.588235294117647
P0209,Wireless Earbuds 209,Audio,delivery,9,10.714285714285714
P0359,Smart Light 359,Home Appliances,comfort,9,9.183673469387756
P0359,Smart Light 359,Home Appliances,delivery,9,9.183673469387756
P0304,Bluetooth Speaker 304,Audio,software,9,9.278350515463918
P0305,Fitness Band 305,Wearables,comfort,9,7.82608695652174
P0305,Fitness Band 305,Wearables,delivery,9,7.82608695652174
P0154,Smart Fan 154,Home Appliances,delivery,9,9.574468085106384
P0098,Analog Watch 98,Watches,delivery,9,9.574468085106384
P0438,Fitness Band 438,Wearables,delivery,9,10.843373493975903
P0439,Smartphone 439,Mobile,price,9,9.090909090909092
P0439,Smartphone 439,Mobile,software,9,9.090909090909092
P0029,Smart Light 29,Home Appliances,performance,9,8.653846153846153
P0066,Smart Fan 66,Home Appliances,comfort,9,8.256880733944955
P0355,Analog Watch 355,Watches,comfort,9,9.89010989010989
P0030,Tablet 30,Mobile,price,9,9.67741935483871
P0440,Fitness Band 440,Wearables,price,9,9.090909090909092
P0441,Smartphone 441,Mobile,delivery,9,9.0
P0441,Smartphone 441,Mobile,software,9,9.0
P0443,Wireless Earbuds 443,Audio,software,9,11.25
P0028,Fitness Band 28,Wearables,delivery,9,8.49056603773585
P0356,Air Purifier 356,Home Appliances,price,9,8.653846153846153
P0361,Air Purifier 361,Home Appliances,comfort,9,8.823529411764707
P0435,Bluetooth Speaker 435,Audio,comfort,9,8.571428571428571
P0239,Tablet 239,Mobile,price,9,8.653846153846153
P0240,Tablet 240,Mobile,delivery,9,10.112359550561797
P0031,Fitness Band 31,Wearables,price,9,10.465116279069768
P0207,Wireless Earbuds 207,Audio,comfort,9,9.090909090909092
P0363,Tablet 363,Mobile,comfort,9,8.823529411764707
P0363,Tablet 363,Mobile,performance,9,8.823529411764707
P0363,Tablet 363,Mobile,price,9,8.823529411764707
P0208,Fitness Watch 208,Watches,comfort,9,9.473684210526317
P0028,Fitness Band 28,Wearables,software,9,8.49056603773585
P0445,Bluetooth Speaker 445,Audio,price,9,9.89010989010989
P0178,Fitness Watch 178,Watches,price,9,12.162162162162163
P0114,Smart Light 114,Home Appliances,comfort,9,8.333333333333332
P0353,Analog Watch 353,Watches,software,9,10.227272727272728
P0178,Fitness Watch 178,Watches,software,9,12.162162162162163
P0179,Fitness Band 179,Wearables,comfort,9,9.183673469387756
P0179,Fitness Band 179,Wearables,delivery,9,9.183673469387756
P0179,Fitness Band 179,Wearables,price,9,9.183673469387756
P0152,Wireless Earbuds 152,Audio,price,9,9.782608695652174
P0449,Bluetooth Speaker 449,Audio,delivery,9,10.465116279069768
P0025,Smart Watch 25,Watches,comfort,9,8.653846153846153
P0131,Smartphone 131,Mobile,software,9,10.465116279069768
P0132,Fitness Band 132,Wearables,price,9,9.278350515463918
P0430,Smart Light 430,Home Appliances,software,9,10.344827586206897
P0111,Smartphone 111,Mobile,software,9,7.894736842105263
P0112,Smart Light 112,Home Appliances,price,9,8.333333333333332
P0109,Smart Fan 109,Home Appliances,delivery,9,10.227272727272728
P0431,Bluetooth Speaker 431,Audio,software,9,10.714285714285714
P0061,Wireless Earbuds 61,Audio,price,9,8.571428571428571
P0061,Wireless Earbuds 61,Audio,software,9,8.571428571428571
P0367,Smart Fan 367,Home Appliances,comfort,9,9.0
P0367,Smart Fan 367,Home Appliances,software,9,9.0
P0370,Tablet 370,Mobile,comfort,9,8.653846153846153
P0203,Smart Light 203,Home Appliances,comfort,9,10.0
P0228,Fitness Watch 228,Watches,price,9,9.183673469387756
P0229,Smart Light 229,Home Appliances,comfort,9,9.782608695652174
P0230,Smart Watch 230,Watches,delivery,9,8.108108108108109
P0428,Wireless Earbuds 428,Audio,price,9,10.0
P0175,Fitness Band 175,Wearables,price,9,9.473684210526317
P0176,Smart Light 176,Home Appliances,comfort,9,8.823529411764707
P0176,Smart Light 176,Home Appliances,price,9,8.823529411764707
P0178,Fitness Watch 178,Watches,comfort,9,12.162162162162163
P0452,Bluetooth Speaker 452,Audio,comfort,9,9.782608695652174
P0452,Bluetooth Speaker 452,Audio,delivery,9,9.782608695652174
P0348,Analog Watch 348,Watches,price,9,7.82608695652174
P0140,Smartphone 140,Mobile,delivery,9,9.782608695652174
P0097,Fitness Watch 97,Watches,comfort,9,7.894736842105263
P0423,Air Purifier 423,Home Appliances,software,9,12.0
P0426,Headphones 426,Audio,comfort,9,10.0
P0300,Smart Watch 300,Watches,delivery,9,9.278350515463918
P0300,Smart Watch 300,Watches,price,9,9.278350515463918
P0203,Smart Light 203,Home Appliances,software,9,10.0
P0458,Headphones 458,Audio,performance,9,10.344827586206897
P0454,Smart Fan 454,Home Appliances,price,9,12.0
P0454,Smart Fan 454,Home Appliances,software,9,12.0
P0455,Fitness Band 455,Wearables,delivery,9,9.574468085106384
P0456,Bluetooth Speaker 456,Audio,delivery,9,10.112359550561797
P0116,Smart Fan 116,Home Appliances,delivery,9,10.465116279069768
P0307,Smartphone 307,Mobile,comfort,9,8.737864077669903
P0308,Smart Watch 308,Watches,comfort,9,8.108108108108109
P0074,Smart Watch 74,Watches,comfort,9,8.108108108108109
P0346,Smart Ring 346,Wearables,software,9,9.574468085106384
P0237,Tablet 237,Mobile,delivery,9,9.183673469387756
P0238,Air Purifier 238,Home Appliances,comfort,9,11.25
P0238,Air Purifier 238,Home Appliances,performance,9,11.25
P0238,Air Purifier 238,Home Appliances,software,9,11.25
P0239,Tablet 239,Mobile,delivery,9,8.653846153846153
P0186,Smart Ring 186,Wearables,delivery,9,9.473684210526317
P0063,Fitness Band 63,Wearables,comfort,9,8.411214953271028
P0373,Smartphone 373,Mobile,comfort,9,9.183673469387756
P0020,Air Purifier 20,Home Appliances,performance,9,8.91089108910891
P0262,Headphones 262,Audio,price,9,9.278350515463918
P0264,Tablet 264,Mobile,comfort,9,11.842105263157894
P0126,Tablet 126,Mobile,price,9,8.737864077669903
P0022,Analog Watch 22,Watches,software,9,8.333333333333332
P0312,Smart Watch 312,Watches,delivery,9,8.737864077669903
P0223,Smartphone 223,Mobile,delivery,9,9.574468085106384
P0344,Smartphone 344,Mobile,price,9,8.823529411764707
P0458,Headphones 458,Audio,delivery,9,10.344827586206897
P0459,Smart Watch 459,Watches,price,9,7.43801652892562
P0212,Smartphone 212,Mobile,software,9,10.112359550561797
P0214,Fitness Band 214,Wearables,price,9,8.653846153846153
P0310,Fitness Band 310,Wearables,delivery,9,8.256880733944955
P0020,Air Purifier 20,Home Appliances,delivery,9,8.91089108910891
P0187,Bluetooth Speaker 187,Audio,delivery,9,8.737864077669903
P0187,Bluetooth Speaker 187,Audio,price,9,8.737864077669903
P0188,Headphones 188,Audio,software,9,7.563025210084033
P0189,Smartphone 189,Mobile,performance,9,11.688311688311687
P0038,Tablet 38,Mobile,price,9,8.108108108108109
P0038,Tablet 38,Mobile,software,9,8.108108108108109
P0059,Air Purifier 59,Home Appliances,delivery,9,8.333333333333332
P0466,Smart Fan 466,Home Appliances,comfort,9,9.090909090909092
P0021,Wireless Earbuds 21,Audio,software,9,9.574468085106384
P0461,Headphones 461,Audio,delivery,9,9.574468085106384
P0123,Smart Watch 123,Watches,comfort,9,8.108108108108109
P0261,Analog Watch 261,Watches,software,9,8.571428571428571
P0115,Air Purifier 115,Home Appliances,software,9,8.035714285714286
P0462,Smart Ring 462,Wearables,software,9,8.91089108910891
P0171,Smart Watch 171,Watches,software,9,11.538461538461538
P0173,Smartphone 173,Mobile,software,9,9.574468085106384
P0079,Smartphone 79,Mobile,comfort,9,8.49056603773585
P0420,Smart Ring 420,Wearables,price,9,9.473684210526317
P0414,Wireless Earbuds 414,Audio,software,9,8.91089108910891
P0040,Analog Watch 40,Watches,price,9,10.112359550561797
P0278,Tablet 278,Mobile,price,9,9.89010989010989
P0416,Smart Ring 416,Wearables,price,9,10.0
P0145,Fitness Band 145,Wearables,delivery,9,7.6923076923076925
P0418,Smart Fan 418,Home Appliances,delivery,9,10.714285714285714
P0215,Smart Light 215,Home Appliances,comfort,9,9.278350515463918
P0140,Smartphone 140,Mobile,software,9,9.782608695652174
P0212,Smartphone 212,Mobile,comfort,9,10.112359550561797
P0212,Smartphone 212,Mobile,price,9,10.112359550561797
P0225,Smart Fan 225,Home Appliances,price,9,8.49056603773585
P0336,Tablet 336,Mobile,software,9,9.375
P0338,Wireless Earbuds 338,Audio,comfort,9,8.256880733944955
P0338,Wireless Earbuds 338,Audio,performance,9,8.256880733944955
P0464,Smart Light 464,Home Appliances,delivery,9,10.465116279069768
P0464,Smart Light 464,Home Appliances,performance,9,10.465116279069768
P0465,Fitness Band 465,Wearables,delivery,9,7.964601769911504
P0187,Bluetooth Speaker 187,Audio,comfort,9,8.737864077669903
P0044,Fitness Band 44,Wearables,software,9,8.411214953271028
P0412,Air Purifier 412,Home Appliances,delivery,9,8.737864077669903
P0057,Headphones 57,Audio,delivery,9,9.278350515463918
P0379,Bluetooth Speaker 379,Audio,delivery,9,9.278350515463918
P0413,Smart Watch 413,Watches,software,9,9.89010989010989
P0169,Analog Watch 169,Watches,software,9,10.465116279069768
P0469,Smart Ring 469,Wearables,comfort,9,9.375
P0016,Air Purifier 16,Home Appliances,delivery,9,9.89010989010989
P0259,Smart Fan 259,Home Appliances,delivery,9,10.0
P0383,Smart Ring 383,Wearables,delivery,9,8.91089108910891
P0128,Smart Light 128,Home Appliances,comfort,9,8.49056603773585
P0190,Smart Light 190,Home Appliances,performance,9,9.375
P0148,Analog Watch 148,Watches,delivery,9,8.49056603773585
P0200,Bluetooth Speaker 200,Audio,delivery,9,7.758620689655173
P0129,Air Purifier 129,Home Appliances,software,9,9.89010989010989
P0477,Fitness Watch 477,Watches,delivery,9,9.090909090909092
P0244,Air Purifier 244,Home Appliances,performance,9,8.823529411764707
P0473,Analog Watch 473,Watches,performance,9,8.737864077669903
P0136,Tablet 136,Mobile,software,9,8.333333333333332
P0137,Analog Watch 137,Watches,price,9,9.090909090909092
P0138,Smart Fan 138,Home Appliances,performance,9,8.823529411764707
P0092,Fitness Band 92,Wearables,price,9,8.181818181818182
P0158,Smartphone 158,Mobile,comfort,9,9.67741935483871
P0479,Fitness Watch 479,Watches,price,9,7.6923076923076925
P0015,Smart Ring 15,Wearables,comfort,9,9.782608695652174
P0476,Wireless Earbuds 476,Audio,comfort,9,10.227272727272728
P0222,Air Purifier 222,Home Appliances,price,9,8.256880733944955
P0223,Smartphone 223,Mobile,comfort,9,9.574468085106384
P0332,Smart Watch 332,Watches,performance,9,9.090909090909092
P0332,Smart Watch 332,Watches,software,9,9.090909090909092
P0285,Smart Light 285,Home Appliances,software,9,8.91089108910891
P0286,Fitness Band 286,Wearables,price,9,8.823529411764707
P0045,Smart Ring 45,Wearables,delivery,9,8.035714285714286
P0236,Fitness Band 236,Wearables,comfort,9,10.588235294117647
P0131,Smartphone 131,Mobile,comfort,9,10.465116279069768
P0294,Smart Ring 294,Wearables,comfort,9,9.574468085106384
P0382,Smart Watch 382,Watches,comfort,9,10.344827586206897
P0382,Smart Watch 382,Watches,software,9,10.344827586206897
P0100,Bluetooth Speaker 100,Audio,comfort,9,9.375
P0100,Bluetooth Speaker 100,Audio,software,9,9.375
P0403,Smart Watch 403,Watches,comfort,9,9.67741935483871
P0404,Bluetooth Speaker 404,Audio,comfort,9,11.538461538461538
P0194,Air Purifier 194,Home Appliances,comfort,9,9.183673469387756
P0284,Wireless Earbuds 284,Audio,price,9,9.090909090909092
P0105,Fitness Watch 105,Watches,delivery,9,8.411214953271028
P0055,Smart Watch 55,Watches,comfort,9,8.411214953271028
P0386,Smart Fan 386,Home Appliances,delivery,9,12.162162162162163
P0387,Fitness Band 387,Wearables,comfort,9,8.823529411764707
P0246,Fitness Watch 246,Watches,delivery,9,9.473684210526317
P0477,Fitness Watch 477,Watches,software,9,9.090909090909092
P0118,Bluetooth Speaker 118,Audio,comfort,9,7.563025210084033
P0119,Wireless Earbuds 119,Audio,comfort,9,8.653846153846153
P0319,Smart Ring 319,Wearables,price,9,8.49056603773585
P0328,Smartphone 328,Mobile,delivery,9,7.894736842105263
P0317,Smart Light 317,Home Appliances,software,9,9.0
P0256,Smartphone 256,Mobile,price,9,8.823529411764707
P0389,Fitness Watch 389,Watches,comfort,9,9.278350515463918
P0145,Fitness Band 145,Wearables,software,9,7.6923076923076925
P0286,Fitness Band 286,Wearables,software,9,8.823529411764707
P0232,Smart Ring 232,Wearables,performance,9,11.842105263157894
P0053,Tablet 53,Mobile,comfort,9,8.653846153846153
P0010,Smart Light 10,Home Appliances,software,9,8.181818181818182
P0011,Smartphone 11,Mobile,delivery,9,10.344827586206897
P0165,Bluetooth Speaker 165,Audio,comfort,9,8.49056603773585
P0165,Bluetooth Speaker 165,Audio,software,9,8.49056603773585
P0167,Fitness Watch 167,Watches,price,9,10.0
P0325,Tablet 325,Mobile,delivery,9,10.465116279069768
P0083,Air Purifier 83,Home Appliances,software,9,7.6923076923076925
P0084,Fitness Band 84,Wearables,price,9,7.563025210084033
P0089,Fitness Band 89,Wearables,software,9,8.333333333333332
P0491,Tablet 491,Mobile,delivery,9,8.49056603773585
P0246,Fitness Watch 246,Watches,price,9,9.473684210526317
P0247,Bluetooth Speaker 247,Audio,software,9,11.538461538461538
P0249,Smart Light 249,Home Appliances,comfort,9,10.975609756097562
P0163,Smart Ring 163,Wearables,delivery,9,10.465116279069768
P0121,Fitness Band 121,Wearables,software,9,8.823529411764707
P0122,Smart Fan 122,Home Appliances,delivery,9,9.0
P0322,Smart Watch 322,Watches,price,9,8.49056603773585
P0099,Bluetooth Speaker 99,Audio,software,9,8.333333333333332
P0491,Tablet 491,Mobile,price,9,8.49056603773585
P0050,Analog Watch 50,Watches,software,9,9.574468085106384
P0395,Analog Watch 395,Watches,price,9,9.0
P0197,Fitness Band 197,Wearables,comfort,9,9.473684210526317
P0198,Smart Ring 198,Wearables,comfort,9,8.91089108910891
P0396,Fitness Watch 396,Watches,software,9,9.0
P0007,Tablet 7,Mobile,software,9,10.465116279069768
P0086,Analog Watch 86,Watches,delivery,8,7.920792079207921
P0500,Wireless Earbuds 500,Audio,performance,8,8.695652173913043
P0500,Wireless Earbuds 500,Audio,delivery,8,8.695652173913043
P0490,Smart Light 490,Home Appliances,delivery,8,8.695652173913043
P0489,Headphones 489,Audio,comfort,8,9.63855421686747
P0251,Fitness Band 251,Wearables,performance,8,9.195402298850574
P0251,Fitness Band 251,Wearables,delivery,8,9.195402298850574
P0122,Smart Fan 122,Home Appliances,price,8,8.0
P0288,Smart Ring 288,Wearables,comfort,8,7.920792079207921
P0394,Fitness Watch 394,Watches,delivery,8,8.333333333333332
P0393,Analog Watch 393,Watches,price,8,7.079646017699115
P0392,Wireless Earbuds 392,Audio,price,8,8.24742268041237
P0392,Wireless Earbuds 392,Audio,comfort,8,8.24742268041237
P0391,Smart Light 391,Home Appliances,price,8,7.766990291262135
P0159,Analog Watch 159,Watches,delivery,8,10.126582278481013
P0498,Tablet 498,Mobile,delivery,8,9.411764705882353
P0324,Air Purifier 324,Home Appliances,delivery,8,7.8431372549019605
P0221,Tablet 221,Mobile,comfort,8,8.695652173913043
P0163,Smart Ring 163,Wearables,software,8,9.30232558139535
P0163,Smart Ring 163,Wearables,comfort,8,9.30232558139535
P0197,Fitness Band 197,Wearables,price,8,8.421052631578947
P0394,Fitness Watch 394,Watches,software,8,8.333333333333332
P0049,Smart Fan 49,Home Appliances,software,8,7.6923076923076925
P0290,Fitness Band 290,Wearables,software,8,8.24742268041237
P0289,Smart Ring 289,Wearables,price,8,8.080808080808081
P0103,Fitness Band 103,Wearables,price,8,7.2727272727272725
P0161,Smartphone 161,Mobile,delivery,8,8.24742268041237
P0254,Tablet 254,Mobile,price,8,7.6923076923076925
P0253,Bluetooth Speaker 253,Audio,price,8,7.017543859649122
P0247,Bluetooth Speaker 247,Audio,delivery,8,10.256410256410255
P0246,Fitness Watch 246,Watches,software,8,8.421052631578947
P0008,Headphones 8,Audio,software,8,7.8431372549019605
P0008,Headphones 8,Audio,performance,8,7.8431372549019605
P0484,Bluetooth Speaker 484,Audio,software,8,8.24742268041237
P0234,Air Purifier 234,Home Appliances,delivery,8,8.421052631578947
P0233,Air Purifier 233,Home Appliances,software,8,8.333333333333332
P0287,Analog Watch 287,Watches,delivery,8,8.16326530612245
P0287,Analog Watch 287,Watches,comfort,8,8.16326530612245
P0194,Air Purifier 194,Home Appliances,software,8,8.16326530612245
P0390,Smart Light 390,Home Appliances,price,8,7.339449541284404
P0390,Smart Light 390,Home Appliances,delivery,8,7.339449541284404
P0198,Smart Ring 198,Wearables,price,8,7.920792079207921
P0089,Fitness Band 89,Wearables,delivery,8,7.4074074074074066
P0326,Smart Watch 326,Watches,price,8,7.8431372549019605
P0326,Smart Watch 326,Watches,comfort,8,7.8431372549019605
P0484,Bluetooth Speaker 484,Audio,comfort,8,8.24742268041237
P0482,Smartphone 482,Mobile,software,8,8.88888888888889
P0012,Fitness Band 12,Wearables,software,8,7.6923076923076925
P0011,Smartphone 11,Mobile,price,8,9.195402298850574
P0481,Bluetooth Speaker 481,Audio,delivery,8,7.017543859649122
P0480,Headphones 480,Audio,comfort,8,8.51063829787234
P0330,Smart Watch 330,Watches,price,8,7.079646017699115
P0048,Smart Watch 48,Watches,price,8,7.547169811320755
P0100,Bluetooth Speaker 100,Audio,price,8,8.333333333333332
P0119,Wireless Earbuds 119,Audio,software,8,7.6923076923076925
P0118,Bluetooth Speaker 118,Audio,delivery,8,6.722689075630252
P0478,Smart Fan 478,Home Appliances,price,8,9.63855421686747
P0082,Fitness Watch 82,Watches,price,8,8.333333333333332
P0135,Smart Watch 135,Watches,price,8,7.920792079207921
P0135,Smart Watch 135,Watches,delivery,8,7.920792079207921
P0475,Fitness Watch 475,Watches,price,8,9.090909090909092
P0157,Smartphone 157,Mobile,software,8,7.920792079207921
P0091,Tablet 91,Mobile,price,8,7.547169811320755
P0138,Smart Fan 138,Home Appliances,comfort,8,7.8431372549019605
P0218,Tablet 218,Mobile,comfort,8,7.920792079207921
P0080,Wireless Earbuds 80,Audio,delivery,8,8.080808080808081
P0168,Smart Ring 168,Wearables,delivery,8,8.333333333333332
P0013,Smart Ring 13,Wearables,software,8,7.547169811320755
P0472,Smartphone 472,Mobile,software,8,8.88888888888889
P0472,Smartphone 472,Mobile,price,8,8.88888888888889
P0472,Smartphone 472,Mobile,delivery,8,8.88888888888889
P0244,Air Purifier 244,Home Appliances,software,8,7.8431372549019605
P0244,Air Purifier 244,Home Appliances,price,8,7.8431372549019605
P0191,Headphones 191,Audio,delivery,8,7.339449541284404
P0404,Bluetooth Speaker 404,Audio,performance,8,10.256410256410255
P0403,Smart Watch 403,Watches,price,8,8.60215053763441
P0402,Wireless Earbuds 402,Audio,software,8,7.920792079207921
P0333,Smart Light 333,Home Appliances,delivery,8,7.017543859649122
P0316,Wireless Earbuds 316,Audio,price,8,6.956521739130435
P0315,Bluetooth Speaker 315,Audio,software,8,7.476635514018691
P0315,Bluetooth Speaker 315,Audio,delivery,8,7.476635514018691
P0388,Smart Fan 388,Home Appliances,comfort,8,8.24742268041237
P0387,Fitness Band 387,Wearables,price,8,7.8431372549019605
P0386,Smart Fan 386,Home Appliances,software,8,10.81081081081081
P0386,Smart Fan 386,Home Appliances,price,8,10.81081081081081
P0386,Smart Fan 386,Home Appliances,performance,8,10.81081081081081
P0056,Analog Watch 56,Watches,delivery,8,6.4
P0106,Bluetooth Speaker 106,Audio,delivery,8,7.017543859649122
P0284,Wireless Earbuds 284,Audio,software,8,8.080808080808081
P0257,Analog Watch 257,Watches,price,8,7.920792079207921
P0471,Bluetooth Speaker 471,Audio,delivery,8,8.421052631578947
P0470,Smart Light 470,Home Appliances,performance,8,7.6923076923076925
P0470,Smart Light 470,Home Appliances,delivery,8,7.6923076923076925
P0016,Air Purifier 16,Home Appliances,price,8,8.791208791208792
P0016,Air Purifier 16,Home Appliances,comfort,8,8.791208791208792
P0171,Smart Watch 171,Watches,comfort,8,10.256410256410255
P0468,Fitness Band 468,Wearables,software,8,7.2727272727272725
P0468,Fitness Band 468,Wearables,price,8,7.2727272727272725
P0467,Air Purifier 467,Home Appliances,software,8,10.666666666666668
P0464,Smart Light 464,Home Appliances,software,8,9.30232558139535
P0174,Tablet 174,Mobile,comfort,8,8.421052631578947
P0336,Tablet 336,Mobile,delivery,8,8.333333333333332
P0236,Fitness Band 236,Wearables,price,8,9.411764705882353
P0054,Wireless Earbuds 54,Audio,performance,8,8.24742268041237
P0382,Smart Watch 382,Watches,delivery,8,9.195402298850574
P0286,Fitness Band 286,Wearables,delivery,8,7.8431372549019605
P0226,Bluetooth Speaker 226,Audio,comfort,8,7.6190476190476195
P0342,Smartphone 342,Mobile,software,8,8.98876404494382
P0341,Smart Watch 341,Watches,software,8,6.504065040650407
P0078,Smart Ring 78,Wearables,price,8,8.0
P0077,Fitness Watch 77,Watches,delivery,8,8.421052631578947
P0261,Analog Watch 261,Watches,delivery,8,7.6190476190476195
P0124,Smart Ring 124,Wearables,price,8,7.8431372549019605
P0021,Wireless Earbuds 21,Audio,delivery,8,8.51063829787234
P0311,Smart Light 311,Home Appliances,delivery,8,8.88888888888889
P0130,Fitness Band 130,Wearables,software,8,9.75609756097561
P0130,Fitness Band 130,Wearables,delivery,8,9.75609756097561
P0231,Smartphone 231,Mobile,software,8,9.876543209876543
P0143,Headphones 143,Audio,delivery,8,9.411764705882353
P0149,Fitness Watch 149,Watches,comfort,8,7.6190476190476195
P0148,Analog Watch 148,Watches,price,8,7.547169811320755
P0190,Smart Light 190,Home Appliances,price,8,8.333333333333332
P0408,Smartphone 408,Mobile,delivery,8,7.079646017699115
P0128,Smart Light 128,Home Appliances,software,8,7.547169811320755
P0074,Smart Watch 74,Watches,software,8,7.207207207207207
P0213,Wireless Earbuds 213,Audio,delivery,8,7.476635514018691
P0459,Smart Watch 459,Watches,delivery,8,6.6115702479338845
P0306,Fitness Band 306,Wearables,delivery,8,7.6190476190476195
P0346,Smart Ring 346,Wearables,comfort,8,8.51063829787234
P0458,Headphones 458,Audio,comfort,8,9.195402298850574
P0024,Fitness Band 24,Wearables,delivery,8,8.0
P0264,Tablet 264,Mobile,delivery,8,10.526315789473683
P0056,Analog Watch 56,Watches,price,8,6.4
P0378,Tablet 378,Mobile,price,8,7.920792079207921
P0411,Smart Fan 411,Home Appliances,delivery,8,8.080808080808081
P0043,Tablet 43,Mobile,delivery,8,7.4074074074074066
P0410,Analog Watch 410,Watches,performance,8,8.98876404494382
P0074,Smart Watch 74,Watches,price,8,7.207207207207207
P0072,Smart Light 72,Home Appliances,software,8,7.920792079207921
P0309,Fitness Band 309,Wearables,delivery,8,7.2727272727272725
P0308,Smart Watch 308,Watches,software,8,7.207207207207207
P0117,Smartphone 117,Mobile,comfort,8,7.547169811320755
P0022,Analog Watch 22,Watches,price,8,7.4074074074074066
P0456,Bluetooth Speaker 456,Audio,comfort,8,8.98876404494382
P0455,Fitness Band 455,Wearables,price,8,8.51063829787234
P0453,Smartphone 453,Mobile,comfort,8,6.896551724137931
P0452,Bluetooth Speaker 452,Audio,software,8,8.695652173913043
P0415,Fitness Band 415,Wearables,delivery,8,8.24742268041237
P0281,Smart Ring 281,Wearables,comfort,8,8.51063829787234
P0108,Wireless Earbuds 108,Audio,comfort,8,7.920792079207921
P0380,Fitness Band 380,Wearables,price,8,7.766990291262135
P0380,Fitness Band 380,Wearables,delivery,8,7.766990291262135
P0350,Analog Watch 350,Watches,comfort,8,6.837606837606838
P0349,Smart Fan 349,Home Appliances,software,8,9.090909090909092
P0139,Analog Watch 139,Watches,software,8,6.504065040650407
P0349,Smart Fan 349,Home Appliances,delivery,8,9.090909090909092
P0452,Bluetooth Speaker 452,Audio,price,8,8.695652173913043
P0177,Wireless Earbuds 177,Audio,software,8,8.24742268041237
P0025,Smart Watch 25,Watches,software,8,7.6923076923076925
P0351,Tablet 351,Mobile,delivery,8,8.51063829787234
P0071,Smart Watch 71,Watches,delivery,8,9.195402298850574
P0071,Smart Watch 71,Watches,comfort,8,9.195402298850574
P0450,Fitness Band 450,Wearables,software,8,9.090909090909092
P0377,Smart Ring 377,Wearables,comfort,8,10.126582278481013
P0376,Smart Fan 376,Home Appliances,software,8,9.090909090909092
P0202,Fitness Watch 202,Watches,performance,8,8.080808080808081
P0144,Smart Fan 144,Home Appliances,price,8,7.4074074074074066
P0376,Smart Fan 376,Home Appliances,delivery,8,9.090909090909092
P0417,Smart Light 417,Home Appliances,performance,8,8.16326530612245
P0417,Smart Light 417,Home Appliances,delivery,8,8.16326530612245
P0416,Smart Ring 416,Wearables,delivery,8,8.88888888888889
P0264,Tablet 264,Mobile,price,8,10.526315789473683
P0243,Bluetooth Speaker 243,Audio,software,8,9.195402298850574
P0243,Bluetooth Speaker 243,Audio,comfort,8,9.195402298850574
P0242,Smart Light 242,Home Appliances,price,8,7.547169811320755
P0127,Smartphone 127,Mobile,comfort,8,7.766990291262135
P0448,Smart Fan 448,Home Appliances,software,8,8.16326530612245
P0060,Smartphone 60,Mobile,performance,8,8.98876404494382
P0060,Smartphone 60,Mobile,comfort,8,8.98876404494382
P0115,Air Purifier 115,Home Appliances,delivery,8,7.142857142857142
P0354,Smartphone 354,Mobile,price,8,8.080808080808081
P0352,Smart Ring 352,Wearables,software,8,9.876543209876543
P0352,Smart Ring 352,Wearables,price,8,9.876543209876543
P0446,Tablet 446,Mobile,comfort,8,8.791208791208792
P0358,Bluetooth Speaker 358,Audio,software,8,8.791208791208792
P0357,Tablet 357,Mobile,software,8,10.666666666666668
P0356,Air Purifier 356,Home Appliances,delivery,8,7.6923076923076925
P0443,Wireless Earbuds 443,Audio,comfort,8,10.0
P0442,Smartphone 442,Mobile,delivery,8,8.080808080808081
P0030,Tablet 30,Mobile,software,8,8.60215053763441
P0182,Fitness Band 182,Wearables,comfort,8,8.24742268041237
P0180,Smart Light 180,Home Appliances,delivery,8,8.60215053763441
P0179,Fitness Band 179,Wearables,software,8,8.16326530612245
P0304,Bluetooth Speaker 304,Audio,price,8,8.24742268041237
P0303,Fitness Watch 303,Watches,price,8,8.16326530612245
P0150,Tablet 150,Mobile,delivery,8,7.8431372549019605
P0238,Air Purifier 238,Home Appliances,price,8,10.0
P0237,Tablet 237,Mobile,comfort,8,8.16326530612245
P0422,Tablet 422,Mobile,delivery,8,8.333333333333332
P0420,Smart Ring 420,Wearables,software,8,8.421052631578947
P0420,Smart Ring 420,Wearables,comfort,8,8.421052631578947
P0039,Bluetooth Speaker 39,Audio,software,8,7.766990291262135
P0039,Bluetooth Speaker 39,Audio,delivery,8,7.766990291262135
P0205,Tablet 205,Mobile,comfort,8,9.411764705882353
P0362,Bluetooth Speaker 362,Audio,software,8,9.411764705882353
P0362,Bluetooth Speaker 362,Audio,comfort,8,9.411764705882353
P0361,Air Purifier 361,Home Appliances,price,8,7.8431372549019605
P0360,Analog Watch 360,Watches,software,8,8.333333333333332
P0065,Smart Ring 65,Wearables,price,8,8.0
P0297,Smartphone 297,Mobile,performance,8,7.4074074074074066
P0296,Headphones 296,Audio,comfort,8,6.299212598425196
P0295,Smart Ring 295,Wearables,delivery,8,8.421052631578947
P0294,Smart Ring 294,Wearables,price,8,8.51063829787234
P0422,Tablet 422,Mobile,price,8,8.333333333333332
P0152,Wireless Earbuds 152,Audio,comfort,8,8.695652173913043
P0438,Fitness Band 438,Wearables,software,8,9.63855421686747
P0098,Analog Watch 98,Watches,price,8,8.51063829787234
P0363,Tablet 363,Mobile,software,8,7.8431372549019605
P0272,Tablet 272,Mobile,software,8,7.207207207207207
P0125,Air Purifier 125,Home Appliances,comfort,8,6.666666666666667
P0434,Analog Watch 434,Watches,software,8,7.6923076923076925
P0433,Smart Fan 433,Home Appliances,delivery,8,8.421052631578947
P0432,Air Purifier 432,Home Appliances,comfort,8,8.51063829787234
P0365,Smart Ring 365,Wearables,delivery,8,7.766990291262135
P0365,Smart Ring 365,Wearables,comfort,8,7.766990291262135
P0035,Smartphone 35,Mobile,price,8,7.079646017699115
P0185,Smart Ring 185,Wearables,delivery,8,7.142857142857142
P0184,Smart Ring 184,Wearables,comfort,8,7.017543859649122
P0109,Smart Fan 109,Home Appliances,comfort,8,9.090909090909092
P0275,Tablet 275,Mobile,delivery,8,6.837606837606838
P0275,Tablet 275,Mobile,comfort,8,6.837606837606838
P0037,Analog Watch 37,Watches,price,8,7.2727272727272725
P0276,Fitness Watch 276,Watches,comfort,8,7.547169811320755
P0274,Smart Watch 274,Watches,delivery,8,7.920792079207921
P0273,Smart Ring 273,Wearables,price,8,7.079646017699115
P0113,Smart Watch 113,Watches,delivery,8,8.24742268041237
P0034,Bluetooth Speaker 34,Audio,price,8,9.75609756097561
P0429,Smart Ring 429,Wearables,software,8,8.333333333333332
P0429,Smart Ring 429,Wearables,comfort,8,8.333333333333332
P0428,Wireless Earbuds 428,Audio,software,8,8.88888888888889
P0230,Smart Watch 230,Watches,software,8,7.207207207207207
P0228,Fitness Watch 228,Watches,software,8,8.16326530612245
P0062,Tablet 62,Mobile,software,8,8.695652173913043
P0371,Wireless Earbuds 371,Audio,price,8,8.421052631578947
P0371,Wireless Earbuds 371,Audio,delivery,8,8.421052631578947
P0204,Wireless Earbuds 204,Audio,price,8,9.195402298850574
P0300,Smart Watch 300,Watches,comfort,8,8.24742268041237
P0299,Smart Ring 299,Wearables,software,8,8.88888888888889
P0428,Wireless Earbuds 428,Audio,delivery,8,8.88888888888889
P0493,Air Purifier 493,Home Appliances,delivery,8,8.88888888888889
P0492,Smart Ring 492,Wearables,comfort,8,7.920792079207921
P0008,Headphones 8,Audio,comfort,8,7.8431372549019605
P0007,Tablet 7,Mobile,price,8,9.30232558139535
P0249,Smart Light 249,Home Appliances,software,8,9.75609756097561
P0249,Smart Light 249,Home Appliances,delivery,8,9.75609756097561
P0004,Headphones 4,Audio,delivery,8,10.81081081081081
P0004,Headphones 4,Audio,comfort,8,10.81081081081081
P0005,Air Purifier 5,Home Appliances,price,8,7.207207207207207
P0490,Smart Light 490,Home Appliances,performance,7,7.608695652173914
P0001,Smart Watch 1,Watches,price,7,7.6923076923076925
P0251,Fitness Band 251,Wearables,software,7,8.045977011494253
P0003,Smart Light 3,Home Appliances,performance,7,6.9306930693069315
P0003,Smart Light 3,Home Appliances,price,7,6.9306930693069315
P0497,Smart Ring 497,Wearables,software,7,7.07070707070707
P0323,Smart Watch 323,Watches,comfort,7,7.216494845360824
P0121,Fitness Band 121,Wearables,delivery,7,6.862745098039216
P0051,Air Purifier 51,Home Appliances,comfort,7,6.60377358490566
P0050,Analog Watch 50,Watches,delivery,7,7.446808510638298
P0034,Bluetooth Speaker 34,Audio,delivery,7,8.536585365853659
P0034,Bluetooth Speaker 34,Audio,comfort,7,8.536585365853659
P0231,Smartphone 231,Mobile,comfort,7,8.641975308641975
P0428,Wireless Earbuds 428,Audio,performance,7,7.777777777777778
P0009,Wireless Earbuds 9,Audio,comfort,7,5.785123966942149
P0090,Smartphone 90,Mobile,comfort,7,6.481481481481481
P0233,Air Purifier 233,Home Appliances,comfort,7,7.291666666666667
P0398,Wireless Earbuds 398,Audio,delivery,7,7.07070707070707
P0326,Smart Watch 326,Watches,software,7,6.862745098039216
P0084,Fitness Band 84,Wearables,delivery,7,5.88235294117647
P0483,Smartphone 483,Mobile,price,7,6.363636363636363
P0482,Smartphone 482,Mobile,comfort,7,7.777777777777778
P0167,Fitness Watch 167,Watches,delivery,7,7.777777777777778
P0166,Smart Ring 166,Wearables,price,7,7.6923076923076925
P0164,Smart Fan 164,Home Appliances,price,7,6.862745098039216
P0164,Smart Fan 164,Home Appliances,delivery,7,6.862745098039216
P0183,Wireless Earbuds 183,Audio,price,7,6.796116504854369
P0276,Fitness Watch 276,Watches,price,7,6.60377358490566
P0111,Smartphone 111,Mobile,comfort,7,6.140350877192982
P0109,Smart Fan 109,Home Appliances,software,7,7.954545454545454
P0109,Smart Fan 109,Home Appliances,price,7,7.954545454545454
P0425,Fitness Watch 425,Watches,price,7,9.333333333333334
P0425,Fitness Watch 425,Watches,comfort,7,9.333333333333334
P0274,Smart Watch 274,Watches,price,7,6.9306930693069315
P0255,Bluetooth Speaker 255,Audio,software,7,7.608695652173914
P0048,Smart Watch 48,Watches,comfort,7,6.60377358490566
P0293,Smart Fan 293,Home Appliances,comfort,7,6.730769230769231
P0147,Fitness Band 147,Wearables,price,7,6.730769230769231
P0401,Headphones 401,Audio,delivery,7,7.368421052631578
P0433,Smart Fan 433,Home Appliances,price,7,7.368421052631578
P0366,Air Purifier 366,Home Appliances,comfort,7,7.6923076923076925
P0064,Fitness Band 64,Wearables,price,7,7.142857142857142
P0302,Bluetooth Speaker 302,Audio,comfort,7,6.9306930693069315
P0301,Bluetooth Speaker 301,Audio,software,7,6.666666666666667
P0234,Air Purifier 234,Home Appliances,software,7,7.368421052631578
P0234,Air Purifier 234,Home Appliances,price,7,7.368421052631578
P0329,Wireless Earbuds 329,Audio,price,7,7.368421052631578
P0327,Smart Fan 327,Home Appliances,comfort,7,7.216494845360824
P0320,Smart Ring 320,Wearables,software,7,6.25
P0478,Smart Fan 478,Home Appliances,software,7,8.433734939759036
P0478,Smart Fan 478,Home Appliances,delivery,7,8.433734939759036
P0476,Wireless Earbuds 476,Audio,price,7,7.954545454545454
P0476,Wireless Earbuds 476,Audio,performance,7,7.954545454545454
P0475,Fitness Watch 475,Watches,software,7,7.954545454545454
P0159,Analog Watch 159,Watches,comfort,7,8.860759493670885
P0091,Tablet 91,Mobile,software,7,6.60377358490566
P0136,Tablet 136,Mobile,price,7,6.481481481481481
P0168,Smart Ring 168,Wearables,comfort,7,7.291666666666667
P0473,Analog Watch 473,Watches,software,7,6.796116504854369
P0260,Headphones 260,Audio,software,7,7.000000000000001
P0437,Tablet 437,Mobile,software,7,6.60377358490566
P0099,Bluetooth Speaker 99,Audio,delivery,7,6.481481481481481
P0436,Wireless Earbuds 436,Audio,software,7,6.796116504854369
P0126,Tablet 126,Mobile,comfort,7,6.796116504854369
P0241,Wireless Earbuds 241,Audio,comfort,7,7.446808510638298
P0283,Headphones 283,Audio,software,7,6.862745098039216
P0193,Fitness Band 193,Wearables,comfort,7,10.0
P0192,Bluetooth Speaker 192,Audio,comfort,7,6.1946902654867255
P0404,Bluetooth Speaker 404,Audio,delivery,7,8.974358974358974
P0049,Smart Fan 49,Home Appliances,delivery,7,6.730769230769231
P0215,Smart Light 215,Home Appliances,delivery,7,7.216494845360824
P0333,Smart Light 333,Home Appliances,software,7,6.140350877192982
P0260,Headphones 260,Audio,price,7,7.000000000000001
P0259,Smart Fan 259,Home Appliances,software,7,7.777777777777778
P0387,Fitness Band 387,Wearables,delivery,7,6.862745098039216
P0386,Smart Fan 386,Home Appliances,comfort,7,9.45945945945946
P0055,Smart Watch 55,Watches,delivery,7,6.5420560747663545
P0095,Analog Watch 95,Watches,software,7,6.796116504854369
P0030,Tablet 30,Mobile,comfort,7,7.526881720430108
P0424,Smart Ring 424,Wearables,comfort,7,7.142857142857142
P0295,Smart Ring 295,Wearables,comfort,7,7.368421052631578
P0372,Smart Watch 372,Watches,software,7,6.25
P0151,Smart Ring 151,Wearables,price,7,7.954545454545454
P0258,Smart Watch 258,Watches,comfort,7,7.526881720430108
P0471,Bluetooth Speaker 471,Audio,comfort,7,7.368421052631578
P0170,Tablet 170,Mobile,performance,7,8.235294117647058
P0168,Smart Ring 168,Wearables,software,7,7.291666666666667
P0467,Air Purifier 467,Home Appliances,price,7,9.333333333333334
P0466,Smart Fan 466,Home Appliances,software,7,7.07070707070707
P0335,Headphones 335,Audio,price,7,7.216494845360824
P0217,Fitness Watch 217,Watches,price,7,6.862745098039216
P0270,Smart Watch 270,Watches,price,7,7.291666666666667
P0210,Tablet 210,Mobile,comfort,7,7.000000000000001
P0209,Wireless Earbuds 209,Audio,software,7,8.333333333333332
P0129,Air Purifier 129,Home Appliances,comfort,7,7.6923076923076925
P0278,Tablet 278,Mobile,delivery,7,7.6923076923076925
P0376,Smart Fan 376,Home Appliances,comfort,7,7.954545454545454
P0314,Smart Light 314,Home Appliances,delivery,7,6.730769230769231
P0236,Fitness Band 236,Wearables,software,7,8.235294117647058
P0385,Tablet 385,Mobile,performance,7,7.291666666666667
P0101,Bluetooth Speaker 101,Audio,software,7,7.526881720430108
P0212,Smartphone 212,Mobile,delivery,7,7.865168539325842
P0077,Fitness Watch 77,Watches,comfort,7,7.368421052631578
P0116,Smart Fan 116,Home Appliances,comfort,7,8.13953488372093
P0124,Smart Ring 124,Wearables,delivery,7,6.862745098039216
P0245,Smart Ring 245,Wearables,comfort,7,8.75
P0445,Bluetooth Speaker 445,Audio,comfort,7,7.6923076923076925
P0358,Bluetooth Speaker 358,Audio,comfort,7,7.6923076923076925
P0357,Tablet 357,Mobile,price,7,9.333333333333334
P0355,Analog Watch 355,Watches,software,7,7.6923076923076925
P0028,Fitness Band 28,Wearables,comfort,7,6.60377358490566
P0444,Fitness Band 444,Wearables,software,7,7.954545454545454
P0442,Smartphone 442,Mobile,comfort,7,7.07070707070707
P0031,Fitness Band 31,Wearables,comfort,7,8.13953488372093
P0461,Headphones 461,Audio,price,7,7.446808510638298
P0461,Headphones 461,Audio,comfort,7,7.446808510638298
P0460,Headphones 460,Audio,software,7,8.333333333333332
P0130,Fitness Band 130,Wearables,comfort,7,8.536585365853659
P0129,Air Purifier 129,Home Appliances,price,7,7.6923076923076925
P0094,Smart Ring 94,Wearables,price,7,6.0344827586206895
P0344,Smartphone 344,Mobile,delivery,7,6.862745098039216
P0343,Tablet 343,Mobile,software,7,6.140350877192982
P0152,Wireless Earbuds 152,Audio,delivery,7,7.608695652173914
P0068,Headphones 68,Audio,delivery,7,7.000000000000001
P0354,Smartphone 354,Mobile,comfort,7,7.07070707070707
P0353,Analog Watch 353,Watches,performance,7,7.954545454545454
P0353,Analog Watch 353,Watches,comfort,7,7.954545454545454
P0114,Smart Light 114,Home Appliances,software,7,6.481481481481481
P0266,Headphones 266,Audio,price,7,5.691056910569105
P0156,Wireless Earbuds 156,Audio,price,7,7.446808510638298
P0155,Tablet 155,Mobile,software,7,6.306306306306306
P0174,Tablet 174,Mobile,price,7,7.368421052631578
P0346,Smart Ring 346,Wearables,delivery,7,7.446808510638298
P0075,Fitness Watch 75,Watches,delivery,7,6.666666666666667
P0223,Smartphone 223,Mobile,price,7,7.446808510638298
P0312,Smart Watch 312,Watches,software,7,6.796116504854369
P0457,Air Purifier 457,Home Appliances,software,7,6.862745098039216
P0241,Wireless Earbuds 241,Audio,price,7,7.446808510638298
P0449,Bluetooth Speaker 449,Audio,comfort,7,8.13953488372093
P0059,Air Purifier 59,Home Appliances,price,7,6.481481481481481
P0299,Smart Ring 299,Wearables,comfort,7,7.777777777777778
P0023,Air Purifier 23,Home Appliances,price,7,6.60377358490566
P0263,Smart Light 263,Home Appliances,software,7,7.368421052631578
P0263,Smart Light 263,Home Appliances,delivery,7,7.368421052631578
P0379,Bluetooth Speaker 379,Audio,comfort,7,7.216494845360824
P0057,Headphones 57,Audio,software,7,7.216494845360824
P0057,Headphones 57,Audio,comfort,7,7.216494845360824
P0411,Smart Fan 411,Home Appliances,price,7,7.07070707070707
P0044,Fitness Band 44,Wearables,comfort,7,6.5420560747663545
P0043,Tablet 43,Mobile,comfort,7,6.481481481481481
P0096,Smart Watch 96,Watches,software,7,7.6923076923076925
P0107,Analog Watch 107,Watches,comfort,7,6.086956521739131
P0414,Wireless Earbuds 414,Audio,price,7,6.9306930693069315
P0413,Smart Watch 413,Watches,price,7,7.6923076923076925
P0199,Smart Ring 199,Wearables,delivery,7,7.216494845360824
P0227,Smart Ring 227,Wearables,comfort,7,7.000000000000001
P0451,Bluetooth Speaker 451,Audio,price,7,6.25
P0450,Fitness Band 450,Wearables,delivery,7,7.954545454545454
P0449,Bluetooth Speaker 449,Audio,price,7,8.13953488372093
P0202,Fitness Watch 202,Watches,software,7,7.07070707070707
P0418,Smart Fan 418,Home Appliances,comfort,7,8.333333333333332
P0416,Smart Ring 416,Wearables,software,7,7.777777777777778
P0265,Smart Fan 265,Home Appliances,comfort,7,7.368421052631578
P0264,Tablet 264,Mobile,software,7,9.210526315789473
P0211,Air Purifier 211,Home Appliances,delivery,7,6.422018348623854
P0211,Air Purifier 211,Home Appliances,comfort,7,6.422018348623854
P0178,Fitness Watch 178,Watches,delivery,7,9.45945945945946
P0177,Wireless Earbuds 177,Audio,comfort,7,7.216494845360824
P0176,Smart Light 176,Home Appliances,delivery,7,6.862745098039216
P0071,Smart Watch 71,Watches,price,7,8.045977011494253
P0133,Wireless Earbuds 133,Audio,price,7,6.666666666666667
P0287,Analog Watch 287,Watches,software,7,7.142857142857142
P0392,Wireless Earbuds 392,Audio,delivery,7,7.216494845360824
P0391,Smart Light 391,Home Appliances,delivery,7,6.796116504854369
P0121,Fitness Band 121,Wearables,comfort,7,6.862745098039216
P0221,Tablet 221,Mobile,software,7,7.608695652173914
P0221,Tablet 221,Mobile,price,7,7.608695652173914
P0221,Tablet 221,Mobile,delivery,7,7.608695652173914
P0323,Smart Watch 323,Watches,software,7,7.216494845360824
P0493,Air Purifier 493,Home Appliances,software,7,7.777777777777778
P0159,Analog Watch 159,Watches,price,7,8.860759493670885
P0496,Fitness Band 496,Wearables,delivery,7,6.306306306306306
P0490,Smart Light 490,Home Appliances,price,7,7.608695652173914
P0322,Smart Watch 322,Watches,comfort,7,6.60377358490566
P0250,Fitness Band 250,Wearables,price,7,6.5420560747663545
P0087,Tablet 87,Mobile,comfort,6,5.217391304347826
P0001,Smart Watch 1,Watches,delivery,6,6.593406593406594
P0248,Headphones 248,Audio,software,6,6.741573033707865
P0113,Smart Watch 113,Watches,comfort,6,6.185567010309279
P0430,Smart Light 430,Home Appliances,price,6,6.896551724137931
P0348,Analog Watch 348,Watches,comfort,6,5.217391304347826
P0368,Headphones 368,Audio,price,6,6.896551724137931
P0368,Headphones 368,Audio,delivery,6,6.896551724137931
P0300,Smart Watch 300,Watches,software,6,6.185567010309279
P0500,Wireless Earbuds 500,Audio,software,6,6.521739130434782
P0427,Analog Watch 427,Watches,software,6,7.5
P0248,Headphones 248,Audio,delivery,6,6.741573033707865
P0376,Smart Fan 376,Home Appliances,price,6,6.8181818181818175
P0243,Bluetooth Speaker 243,Audio,delivery,6,6.896551724137931
P0281,Smart Ring 281,Wearables,software,6,6.382978723404255
P0410,Analog Watch 410,Watches,comfort,6,6.741573033707865
P0307,Smartphone 307,Mobile,delivery,6,5.825242718446602
P0413,Smart Watch 413,Watches,delivery,6,6.593406593406594
P0070,Smart Watch 70,Watches,software,6,5.714285714285714
P0072,Smart Light 72,Home Appliances,delivery,6,5.9405940594059405
P0026,Headphones 26,Audio,delivery,6,5.769230769230769
P0232,Smart Ring 232,Wearables,comfort,6,7.894736842105263
P0311,Smart Light 311,Home Appliances,comfort,6,6.666666666666667
P0443,Wireless Earbuds 443,Audio,delivery,6,7.5
P0458,Headphones 458,Audio,price,6,6.896551724137931
P0344,Smartphone 344,Mobile,software,6,5.88235294117647
P0021,Wireless Earbuds 21,Audio,comfort,6,6.382978723404255
P0069,Headphones 69,Audio,comfort,6,6.0606060606060606
P0454,Smart Fan 454,Home Appliances,performance,6,8.0
P0278,Tablet 278,Mobile,software,6,6.593406593406594
P0107,Analog Watch 107,Watches,delivery,6,5.217391304347826
P0267,Smartphone 267,Mobile,price,6,6.451612903225806
P0375,Headphones 375,Audio,software,6,6.315789473684211
P0268,Fitness Band 268,Wearables,comfort,6,6.666666666666667
P0457,Air Purifier 457,Home Appliances,comfort,6,5.88235294117647
P0311,Smart Light 311,Home Appliances,software,6,6.666666666666667
P0415,Fitness Band 415,Wearables,comfort,6,6.185567010309279
P0147,Fitness Band 147,Wearables,comfort,6,5.769230769230769
P0484,Bluetooth Speaker 484,Audio,price,6,6.185567010309279
P0456,Bluetooth Speaker 456,Audio,software,6,6.741573033707865
P0379,Bluetooth Speaker 379,Audio,price,6,6.185567010309279
P0418,Smart Fan 418,Home Appliances,price,6,7.142857142857142
P0374,Headphones 374,Audio,delivery,6,5.607476635514018
P0213,Wireless Earbuds 213,Audio,comfort,6,5.607476635514018
P0354,Smartphone 354,Mobile,software,6,6.0606060606060606
P0480,Headphones 480,Audio,price,6,6.382978723404255
P0481,Bluetooth Speaker 481,Audio,comfort,6,5.263157894736842
P0165,Bluetooth Speaker 165,Audio,delivery,6,5.660377358490567
P0164,Smart Fan 164,Home Appliances,software,6,5.88235294117647
P0166,Smart Ring 166,Wearables,delivery,6,6.593406593406594
P0088,Air Purifier 88,Home Appliances,software,6,6.382978723404255
P0395,Analog Watch 395,Watches,software,6,6.0
P0195,Fitness Band 195,Wearables,delivery,6,6.315789473684211
P0355,Analog Watch 355,Watches,delivery,6,6.593406593406594
P0156,Wireless Earbuds 156,Audio,comfort,6,6.382978723404255
P0189,Smartphone 189,Mobile,comfort,6,7.792207792207792
P0186,Smart Ring 186,Wearables,software,6,6.315789473684211
P0460,Headphones 460,Audio,price,6,7.142857142857142
P0351,Tablet 351,Mobile,price,6,6.382978723404255
P0269,Smartphone 269,Mobile,delivery,6,5.5045871559633035
P0259,Smart Fan 259,Home Appliances,comfort,6,6.666666666666667
P0285,Smart Light 285,Home Appliances,comfort,6,5.9405940594059405
P0106,Bluetooth Speaker 106,Audio,comfort,6,5.263157894736842
P0105,Fitness Watch 105,Watches,software,6,5.607476635514018
P0055,Smart Watch 55,Watches,price,6,5.607476635514018
P0081,Headphones 81,Audio,delivery,6,7.0588235294117645
P0383,Smart Ring 383,Wearables,price,6,5.9405940594059405
P0427,Analog Watch 427,Watches,comfort,6,7.5
P0424,Smart Ring 424,Wearables,delivery,6,6.122448979591836
P0129,Air Purifier 129,Home Appliances,delivery,6,6.593406593406594
P0237,Tablet 237,Mobile,price,6,6.122448979591836
P0313,Smart Watch 313,Watches,price,6,5.405405405405405
P0209,Wireless Earbuds 209,Audio,price,6,7.142857142857142
P0127,Smartphone 127,Mobile,software,6,5.825242718446602
P0479,Fitness Watch 479,Watches,delivery,6,5.128205128205128
P0382,Smart Watch 382,Watches,price,6,6.896551724137931
P0463,Air Purifier 463,Home Appliances,delivery,6,5.555555555555555
P0173,Smartphone 173,Mobile,price,6,6.382978723404255
P0171,Smart Watch 171,Watches,price,6,7.6923076923076925
P0225,Smart Fan 225,Home Appliances,delivery,6,5.660377358490567
P0405,Air Purifier 405,Home Appliances,software,6,6.315789473684211
P0406,Fitness Band 406,Wearables,comfort,6,5.769230769230769
P0406,Fitness Band 406,Wearables,delivery,6,5.769230769230769
P0131,Smartphone 131,Mobile,delivery,6,6.976744186046512
P0149,Fitness Watch 149,Watches,delivery,6,5.714285714285714
P0007,Tablet 7,Mobile,comfort,6,6.976744186046512
P0492,Smart Ring 492,Wearables,price,6,5.9405940594059405
P0007,Tablet 7,Mobile,delivery,6,6.976744186046512
P0219,Smart Ring 219,Wearables,price,6,5.3097345132743365
P0498,Tablet 498,Mobile,price,6,7.0588235294117645
P0288,Smart Ring 288,Wearables,price,6,5.9405940594059405
P0323,Smart Watch 323,Watches,delivery,6,6.185567010309279
P0050,Analog Watch 50,Watches,comfort,6,6.382978723404255
P0284,Wireless Earbuds 284,Audio,comfort,6,6.0606060606060606
P0151,Smart Ring 151,Wearables,delivery,6,6.8181818181818175
P0137,Analog Watch 137,Watches,performance,6,6.0606060606060606
P0002,Smart Watch 2,Watches,delivery,6,5.454545454545454
P0167,Fitness Watch 167,Watches,software,6,6.666666666666667
P0102,Smart Light 102,Home Appliances,software,6,6.0606060606060606
P0290,Fitness Band 290,Wearables,delivery,6,6.185567010309279
P0079,Smartphone 79,Mobile,software,6,5.660377358490567
P0433,Smart Fan 433,Home Appliances,comfort,6,6.315789473684211
P0431,Bluetooth Speaker 431,Audio,performance,6,7.142857142857142
P0366,Air Purifier 366,Home Appliances,delivery,6,6.593406593406594
P0065,Smart Ring 65,Wearables,comfort,6,6.0
P0364,Bluetooth Speaker 364,Audio,software,6,6.315789473684211
P0431,Bluetooth Speaker 431,Audio,delivery,6,7.142857142857142
P0222,Air Purifier 222,Home Appliances,comfort,6,5.5045871559633035
P0328,Smartphone 328,Mobile,software,6,5.263157894736842
P0082,Fitness Watch 82,Watches,delivery,6,6.25
P0191,Headphones 191,Audio,software,6,5.5045871559633035
P0169,Analog Watch 169,Watches,delivery,6,6.976744186046512
P0017,Bluetooth Speaker 17,Audio,comfort,6,5.5045871559633035
P0171,Smart Watch 171,Watches,delivery,6,7.6923076923076925
P0423,Air Purifier 423,Home Appliances,price,6,8.0
P0029,Smart Light 29,Home Appliances,comfort,6,5.769230769230769
P0291,Wireless Earbuds 291,Audio,delivery,6,5.454545454545454
P0097,Fitness Watch 97,Watches,price,6,5.263157894736842
P0104,Smartphone 104,Mobile,software,6,5.607476635514018
P0216,Headphones 216,Audio,performance,6,7.0588235294117645
P0216,Headphones 216,Audio,delivery,6,7.0588235294117645
P0317,Smart Light 317,Home Appliances,price,6,6.0
P0489,Headphones 489,Audio,delivery,6,7.228915662650602
P0486,Tablet 486,Mobile,price,6,7.142857142857142
P0124,Smart Ring 124,Wearables,software,6,5.88235294117647
P0231,Smartphone 231,Mobile,delivery,6,7.4074074074074066
P0196,Smart Ring 196,Wearables,delivery,6,6.741573033707865
P0486,Tablet 486,Mobile,comfort,6,7.142857142857142
P0197,Fitness Band 197,Wearables,software,6,6.315789473684211
P0102,Smart Light 102,Home Appliances,price,6,6.0606060606060606
P0437,Tablet 437,Mobile,delivery,6,5.660377358490567
P0273,Smart Ring 273,Wearables,comfort,6,5.3097345132743365
P0436,Wireless Earbuds 436,Audio,price,6,5.825242718446602
P0047,Smart Fan 47,Home Appliances,software,6,6.0606060606060606
P0433,Smart Fan 433,Home Appliances,software,6,6.315789473684211
P0434,Analog Watch 434,Watches,comfort,6,5.769230769230769
P0070,Smart Watch 70,Watches,delivery,5,4.761904761904762
P0040,Analog Watch 40,Watches,software,5,5.617977528089887
P0201,Fitness Band 201,Wearables,comfort,5,4.464285714285714
P0416,Smart Ring 416,Wearables,comfort,5,5.555555555555555
P0210,Tablet 210,Mobile,price,5,5.0
P0203,Smart Light 203,Home Appliances,price,5,5.555555555555555
P0111,Smartphone 111,Mobile,price,5,4.385964912280701
P0175,Fitness Band 175,Wearables,delivery,5,5.263157894736842
P0133,Wireless Earbuds 133,Audio,delivery,5,4.761904761904762
P0200,Bluetooth Speaker 200,Audio,price,5,4.310344827586207
P0448,Smart Fan 448,Home Appliances,price,5,5.1020408163265305
P0189,Smartphone 189,Mobile,delivery,5,6.493506493506493
P0398,Wireless Earbuds 398,Audio,comfort,5,5.05050505050505
P0381,Bluetooth Speaker 381,Audio,comfort,5,5.208333333333334
P0231,Smartphone 231,Mobile,price,5,6.172839506172839
P0357,Tablet 357,Mobile,delivery,5,6.666666666666667
P0358,Bluetooth Speaker 358,Audio,price,5,5.4945054945054945
P0445,Bluetooth Speaker 445,Audio,software,5,5.4945054945054945
P0174,Tablet 174,Mobile,software,5,5.263157894736842
P0377,Smart Ring 377,Wearables,price,5,6.329113924050633
P0377,Smart Ring 377,Wearables,software,5,6.329113924050633
P0326,Smart Watch 326,Watches,delivery,5,4.901960784313726
P0108,Wireless Earbuds 108,Audio,software,5,4.9504950495049505
P0454,Smart Fan 454,Home Appliances,delivery,5,6.666666666666667
P0415,Fitness Band 415,Wearables,software,5,5.154639175257731
P0153,Fitness Band 153,Wearables,comfort,5,5.747126436781609
P0294,Smart Ring 294,Wearables,software,5,5.319148936170213
P0052,Bluetooth Speaker 52,Audio,comfort,5,5.813953488372093
P0295,Smart Ring 295,Wearables,software,5,5.263157894736842
P0462,Smart Ring 462,Wearables,delivery,5,4.9504950495049505
P0172,Air Purifier 172,Home Appliances,delivery,5,5.208333333333334
P0185,Smart Ring 185,Wearables,price,5,4.464285714285714
P0078,Smart Ring 78,Wearables,comfort,5,5.0
P0342,Smartphone 342,Mobile,delivery,5,5.617977528089887
P0343,Tablet 343,Mobile,comfort,5,4.385964912280701
P0226,Bluetooth Speaker 226,Audio,delivery,5,4.761904761904762
P0172,Air Purifier 172,Home Appliances,performance,5,5.208333333333334
P0208,Fitness Watch 208,Watches,price,5,5.263157894736842
P0277,Smartphone 277,Mobile,delivery,5,5.376344086021505
P0359,Smart Light 359,Home Appliances,software,5,5.1020408163265305
P0258,Smart Watch 258,Watches,software,5,5.376344086021505
P0338,Wireless Earbuds 338,Audio,software,5,4.587155963302752
P0224,Air Purifier 224,Home Appliances,delivery,5,5.434782608695652
P0276,Fitness Watch 276,Watches,delivery,5,4.716981132075472
P0425,Fitness Watch 425,Watches,software,5,6.666666666666667
P0095,Analog Watch 95,Watches,delivery,5,4.854368932038835
P0217,Fitness Watch 217,Watches,comfort,5,4.901960784313726
P0217,Fitness Watch 217,Watches,delivery,5,4.901960784313726
P0216,Headphones 216,Audio,comfort,5,5.88235294117647
P0423,Air Purifier 423,Home Appliances,comfort,5,6.666666666666667
P0467,Air Purifier 467,Home Appliances,delivery,5,6.666666666666667
P0268,Fitness Band 268,Wearables,price,5,5.555555555555555
P0257,Analog Watch 257,Watches,delivery,5,4.9504950495049505
P0405,Air Purifier 405,Home Appliances,delivery,5,5.263157894736842
P0206,Smartphone 206,Mobile,price,5,6.172839506172839
P0206,Smartphone 206,Mobile,comfort,5,6.172839506172839
P0205,Tablet 205,Mobile,delivery,5,5.88235294117647
P0404,Bluetooth Speaker 404,Audio,software,5,6.41025641025641
P0193,Fitness Band 193,Wearables,price,5,7.142857142857142
P0399,Analog Watch 399,Watches,comfort,5,6.8493150684931505
P0206,Smartphone 206,Mobile,software,5,6.172839506172839
P0477,Fitness Watch 477,Watches,price,5,5.05050505050505
P0255,Bluetooth Speaker 255,Audio,delivery,5,5.434782608695652
P0120,Smart Light 120,Home Appliances,comfort,5,5.263157894736842
P0118,Bluetooth Speaker 118,Audio,software,5,4.201680672268908
P0183,Wireless Earbuds 183,Audio,software,5,4.854368932038835
P0329,Wireless Earbuds 329,Audio,comfort,5,5.263157894736842
P0240,Tablet 240,Mobile,price,5,5.617977528089887
P0080,Wireless Earbuds 80,Audio,price,5,5.05050505050505
P0195,Fitness Band 195,Wearables,software,5,5.263157894736842
P0005,Air Purifier 5,Home Appliances,software,5,4.504504504504505
P0081,Headphones 81,Audio,comfort,5,5.88235294117647
P0254,Tablet 254,Mobile,software,5,4.807692307692308
P0325,Tablet 325,Mobile,comfort,5,5.813953488372093
P0493,Air Purifier 493,Home Appliances,price,5,5.555555555555555
P0496,Fitness Band 496,Wearables,price,5,4.504504504504505
P0003,Smart Light 3,Home Appliances,software,5,4.9504950495049505
P0249,Smart Light 249,Home Appliances,price,4,4.878048780487805
P0006,Headphones 6,Audio,delivery,4,3.7735849056603774
P0394,Fitness Watch 394,Watches,comfort,4,4.166666666666666
P0197,Fitness Band 197,Wearables,delivery,4,4.2105263157894735
P0120,Smart Light 120,Home Appliances,delivery,4,4.2105263157894735
P0014,Fitness Band 14,Wearables,price,4,4.25531914893617
P0399,Analog Watch 399,Watches,delivery,4,5.47945205479452
P0365,Smart Ring 365,Wearables,price,4,3.8834951456310676
P0193,Fitness Band 193,Wearables,software,4,5.714285714285714
P0240,Tablet 240,Mobile,software,4,4.49438202247191
P0399,Analog Watch 399,Watches,software,4,5.47945205479452
P0193,Fitness Band 193,Wearables,delivery,4,5.714285714285714
P0169,Analog Watch 169,Watches,price,4,4.651162790697675
P0440,Fitness Band 440,Wearables,delivery,4,4.040404040404041
P0297,Smartphone 297,Mobile,price,4,3.7037037037037033
P0170,Tablet 170,Mobile,price,4,4.705882352941177
P0151,Smart Ring 151,Wearables,comfort,4,4.545454545454546
P0040,Analog Watch 40,Watches,comfort,4,4.49438202247191
P0303,Fitness Watch 303,Watches,delivery,4,4.081632653061225
P0293,Smart Fan 293,Home Appliances,software,4,3.8461538461538463
P0081,Headphones 81,Audio,software,4,4.705882352941177
P0054,Wireless Earbuds 54,Audio,delivery,4,4.123711340206185
P0294,Smart Ring 294,Wearables,delivery,4,4.25531914893617
P0277,Smartphone 277,Mobile,software,4,4.301075268817205
P0067,Smart Fan 67,Home Appliances,delivery,4,3.8461538461538463
P0166,Smart Ring 166,Wearables,software,4,4.395604395604396
P0345,Tablet 345,Mobile,price,4,3.9603960396039604
P0446,Tablet 446,Mobile,price,4,4.395604395604396
P0445,Bluetooth Speaker 445,Audio,delivery,4,4.395604395604396
P0357,Tablet 357,Mobile,comfort,4,5.333333333333334
P0069,Headphones 69,Audio,delivery,4,4.040404040404041
P0143,Headphones 143,Audio,price,4,4.705882352941177
P0495,Tablet 495,Mobile,delivery,4,3.8095238095238098
P0494,Fitness Watch 494,Watches,comfort,4,4.705882352941177
P0427,Analog Watch 427,Watches,price,4,5.0
P0411,Smart Fan 411,Home Appliances,software,4,4.040404040404041
P0349,Smart Fan 349,Home Appliances,price,4,4.545454545454546
P0140,Smartphone 140,Mobile,price,4,4.3478260869565215
P0248,Headphones 248,Audio,price,4,4.49438202247191
P0352,Smart Ring 352,Wearables,comfort,4,4.938271604938271
P0232,Smart Ring 232,Wearables,price,4,5.263157894736842
P0419,Fitness Band 419,Wearables,delivery,4,3.361344537815126
P0325,Tablet 325,Mobile,software,4,4.651162790697675
P0131,Smartphone 131,Mobile,price,4,4.651162790697675
P0039,Bluetooth Speaker 39,Audio,comfort,4,3.8834951456310676
P0409,Analog Watch 409,Watches,delivery,4,3.8461538461538463
P0455,Fitness Band 455,Wearables,software,4,4.25531914893617
P0267,Smartphone 267,Mobile,delivery,4,4.301075268817205
P0088,Air Purifier 88,Home Appliances,delivery,4,4.25531914893617
P0034,Bluetooth Speaker 34,Audio,software,4,4.878048780487805
P0247,Bluetooth Speaker 247,Audio,comfort,4,5.128205128205128
P0245,Smart Ring 245,Wearables,software,3,3.75
P0330,Smart Watch 330,Watches,comfort,3,2.6548672566371683
P0389,Fitness Watch 389,Watches,price,3,3.0927835051546393
P0426,Headphones 426,Audio,delivery,3,3.3333333333333335
P0426,Headphones 426,Audio,price,3,3.3333333333333335
P0201,Fitness Band 201,Wearables,price,3,2.6785714285714284
P0368,Headphones 368,Audio,comfort,3,3.4482758620689653
P0263,Smart Light 263,Home Appliances,comfort,3,3.1578947368421053
P0218,Tablet 218,Mobile,software,2,1.9801980198019802
P0374,Headphones 374,Audio,price,2,1.8691588785046727
P0004,Headphones 4,Audio,software,2,2.7027027027027026
P0461,Headphones 461,Audio,software,2,2.127659574468085
P0031,Fitness Band 31,Wearables,delivery,1,1.1627906976744187
