product_id,complaint_category,complaint_count,product_name,category,subcategory,demand_problem_score,demand_problem_category,product_pain_score
P0239,battery,40,Tablet 239,Mobile,Tablet,61.06,Moderate,100.0
P0118,battery,40,Bluetooth Speaker 118,Audio,Bluetooth Speaker,44.34,Low Demand + High Problem,100.0
P0341,battery,39,Smart Watch 341,Watches,Smart Watch,66.93,Moderate,97.5
P0473,battery,38,Analog Watch 473,Watches,Analog Watch,75.14,High Demand + High Problem,95.0
P0411,battery,38,Smart Fan 411,Home Appliances,Smart Fan,58.11,Moderate,95.0
P0276,battery,38,Fitness Watch 276,Watches,Fitness Watch,57.88,Moderate,95.0
P0111,quality,37,Smartphone 111,Mobile,Smartphone,67.48,High Demand + High Problem,92.5
P0477,battery,37,Fitness Watch 477,Watches,Fitness Watch,66.47,High Demand + High Problem,92.5
P0097,battery,37,Fitness Watch 97,Watches,Fitness Watch,45.42,Low Demand + High Problem,92.5
P0198,battery,36,Smart Ring 198,Wearables,Smart Ring,71.82,High Demand + High Problem,90.0
P0051,battery,36,Air Purifier 51,Home Appliances,Air Purifier,68.27,High Demand + High Problem,90.0
P0308,battery,36,Smart Watch 308,Watches,Smart Watch,64.13,Moderate,90.0
P0219,battery,36,Smart Ring 219,Wearables,Smart Ring,50.65,Low Demand + High Problem,90.0
P0275,battery,36,Tablet 275,Mobile,Tablet,46.77,Low Demand + High Problem,90.0
P0273,battery,35,Smart Ring 273,Wearables,Smart Ring,76.86,High Demand + High Problem,87.5
P0363,battery,35,Tablet 363,Mobile,Tablet,62.14,Moderate,87.5
P0348,battery,35,Analog Watch 348,Watches,Analog Watch,48.9,Low Demand + High Problem,87.5
P0484,battery,35,Bluetooth Speaker 484,Audio,Bluetooth Speaker,42.91,Low Demand + High Problem,87.5
P0048,battery,35,Smart Watch 48,Watches,Smart Watch,42.55,Low Demand + High Problem,87.5
P0090,battery,35,Smartphone 90,Mobile,Smartphone,40.21,Low Demand + High Problem,87.5
P0084,battery,35,Fitness Band 84,Wearables,Fitness Band,37.11,Low Demand + High Problem,87.5
P0225,quality,34,Smart Fan 225,Home Appliances,Smart Fan,72.85,High Demand + High Problem,85.0
P0263,battery,34,Smart Light 263,Home Appliances,Smart Light,70.47,High Demand + High Problem,85.0
P0020,battery,34,Air Purifier 20,Home Appliances,Air Purifier,64.51,High Demand + High Problem,85.0
P0211,battery,34,Air Purifier 211,Home Appliances,Air Purifier,62.77,Moderate,85.0
P0326,battery,34,Smart Watch 326,Watches,Smart Watch,62.16,High Demand + High Problem,85.0
P0155,quality,34,Tablet 155,Mobile,Tablet,59.26,Moderate,85.0
P0481,battery,34,Bluetooth Speaker 481,Audio,Bluetooth Speaker,56.46,Moderate,85.0
P0468,battery,34,Fitness Band 468,Wearables,Fitness Band,53.34,Moderate,85.0
P0148,battery,34,Analog Watch 148,Watches,Analog Watch,48.76,Low Demand + High Problem,85.0
P0496,battery,34,Fitness Band 496,Wearables,Fitness Band,44.73,Low Demand + High Problem,85.0
P0089,battery,34,Fitness Band 89,Wearables,Fitness Band,41.58,Low Demand + High Problem,85.0
P0419,battery,33,Fitness Band 419,Wearables,Fitness Band,76.83,High Demand + High Problem,82.5
P0293,battery,33,Smart Fan 293,Home Appliances,Smart Fan,76.51,High Demand + High Problem,82.5
P0492,battery,33,Smart Ring 492,Wearables,Smart Ring,74.93,High Demand + High Problem,82.5
P0372,battery,33,Smart Watch 372,Watches,Smart Watch,60.78,Moderate,82.5
P0305,battery,33,Fitness Band 305,Wearables,Fitness Band,48.85,Low Demand + High Problem,82.5
P0176,battery,33,Smart Light 176,Home Appliances,Smart Light,47.62,Low Demand + High Problem,82.5
P0194,battery,33,Air Purifier 194,Home Appliances,Air Purifier,47.47,Low Demand + High Problem,82.5
P0019,battery,33,Fitness Watch 19,Watches,Fitness Watch,41.05,Low Demand + High Problem,82.5
P0277,battery,33,Smartphone 277,Mobile,Smartphone,39.7,Low Demand + High Problem,82.5
P0210,battery,33,Tablet 210,Mobile,Tablet,37.01,Low Demand + High Problem,82.5
P0124,battery,32,Smart Ring 124,Wearables,Smart Ring,71.44,High Demand + High Problem,80.0
P0150,battery,32,Tablet 150,Mobile,Tablet,71.05,High Demand + High Problem,80.0
P0217,battery,32,Fitness Watch 217,Watches,Fitness Watch,69.85,High Demand + High Problem,80.0
P0200,quality,32,Bluetooth Speaker 200,Audio,Bluetooth Speaker,57.33,Moderate,80.0
P0343,battery,32,Tablet 343,Mobile,Tablet,43.06,Low Demand + High Problem,80.0
P0185,battery,32,Smart Ring 185,Wearables,Smart Ring,39.75,Low Demand + High Problem,80.0
P0187,battery,32,Bluetooth Speaker 187,Audio,Bluetooth Speaker,36.59,Low Demand + High Problem,80.0
P0137,battery,32,Analog Watch 137,Watches,Analog Watch,35.85,Low Demand + High Problem,80.0
P0074,battery,32,Smart Watch 74,Watches,Smart Watch,35.16,Low Demand + High Problem,80.0
P0235,battery,31,Smartphone 235,Mobile,Smartphone,78.93,High Demand + High Problem,77.5
P0338,battery,31,Wireless Earbuds 338,Audio,Wireless Earbuds,77.17,High Demand + High Problem,77.5
P0269,battery,31,Smartphone 269,Mobile,Smartphone,71.85,High Demand + High Problem,77.5
P0032,battery,31,Smartphone 32,Mobile,Smartphone,70.5,High Demand + High Problem,77.5
P0250,battery,31,Fitness Band 250,Wearables,Fitness Band,66.68,High Demand + High Problem,77.5
P0199,battery,31,Smart Ring 199,Wearables,Smart Ring,64.24,High Demand + High Problem,77.5
P0318,battery,31,Bluetooth Speaker 318,Audio,Bluetooth Speaker,63.38,Moderate,77.5
P0294,battery,31,Smart Ring 294,Wearables,Smart Ring,58.98,Moderate,77.5
P0092,battery,31,Fitness Band 92,Wearables,Fitness Band,58.71,Moderate,77.5
P0017,battery,31,Bluetooth Speaker 17,Audio,Bluetooth Speaker,58.19,Moderate,77.5
P0214,battery,31,Fitness Band 214,Wearables,Fitness Band,56.44,Moderate,77.5
P0188,battery,31,Headphones 188,Audio,Headphones,54.98,Moderate,77.5
P0109,battery,31,Smart Fan 109,Home Appliances,Smart Fan,54.68,Moderate,77.5
P0095,battery,31,Analog Watch 95,Watches,Analog Watch,54.25,Moderate,77.5
P0296,battery,31,Headphones 296,Audio,Headphones,51.28,Low Demand + High Problem,77.5
P0296,quality,31,Headphones 296,Audio,Headphones,51.28,Low Demand + High Problem,77.5
P0145,battery,31,Fitness Band 145,Wearables,Fitness Band,47.62,Low Demand + High Problem,77.5
P0164,battery,31,Smart Fan 164,Home Appliances,Smart Fan,46.5,Low Demand + High Problem,77.5
P0201,battery,31,Fitness Band 201,Wearables,Fitness Band,43.73,Low Demand + High Problem,77.5
P0107,quality,31,Analog Watch 107,Watches,Analog Watch,43.39,Low Demand + High Problem,77.5
P0093,battery,31,Tablet 93,Mobile,Tablet,41.47,Low Demand + High Problem,77.5
P0387,battery,31,Fitness Band 387,Wearables,Fitness Band,39.05,Low Demand + High Problem,77.5
P0426,battery,31,Headphones 426,Audio,Headphones,38.77,Moderate,77.5
P0112,battery,31,Smart Light 112,Home Appliances,Smart Light,36.83,Low Demand + High Problem,77.5
P0390,battery,31,Smart Light 390,Home Appliances,Smart Light,34.44,Low Demand + High Problem,77.5
P0315,battery,31,Bluetooth Speaker 315,Audio,Bluetooth Speaker,34.01,Low Demand + High Problem,77.5
P0392,battery,31,Wireless Earbuds 392,Audio,Wireless Earbuds,31.69,Low Demand + High Problem,77.5
P0099,quality,30,Bluetooth Speaker 99,Audio,Bluetooth Speaker,77.04,High Demand + High Problem,75.0
P0110,battery,30,Smart Ring 110,Wearables,Smart Ring,70.92,High Demand + High Problem,75.0
P0111,battery,30,Smartphone 111,Mobile,Smartphone,67.48,High Demand + High Problem,75.0
P0139,battery,30,Analog Watch 139,Watches,Analog Watch,66.4,Moderate,75.0
P0117,battery,30,Smartphone 117,Mobile,Smartphone,66.12,High Demand + High Problem,75.0
P0191,battery,30,Headphones 191,Audio,Headphones,63.82,Moderate,75.0
P0394,battery,30,Fitness Watch 394,Watches,Fitness Watch,62.27,High Demand + High Problem,75.0
P0121,battery,30,Fitness Band 121,Wearables,Fitness Band,61.96,Moderate,75.0
P0056,quality,30,Analog Watch 56,Watches,Analog Watch,61.72,Moderate,75.0
P0266,battery,30,Headphones 266,Audio,Headphones,61.02,Moderate,75.0
P0323,battery,30,Smart Watch 323,Watches,Smart Watch,56.94,Moderate,75.0
P0005,battery,30,Air Purifier 5,Home Appliances,Air Purifier,56.0,Moderate,75.0
P0108,battery,30,Wireless Earbuds 108,Audio,Wireless Earbuds,54.05,Moderate,75.0
P0063,battery,30,Fitness Band 63,Wearables,Fitness Band,53.45,Moderate,75.0
P0337,battery,30,Analog Watch 337,Watches,Analog Watch,51.99,Low Demand + High Problem,75.0
P0412,battery,30,Air Purifier 412,Home Appliances,Air Purifier,51.55,Moderate,75.0
P0499,battery,30,Tablet 499,Mobile,Tablet,50.57,Low Demand + High Problem,75.0
P0091,quality,30,Tablet 91,Mobile,Tablet,48.54,Low Demand + High Problem,75.0
P0029,battery,30,Smart Light 29,Home Appliances,Smart Light,47.31,Low Demand + High Problem,75.0
P0179,battery,30,Fitness Band 179,Wearables,Fitness Band,45.59,Low Demand + High Problem,75.0
P0272,battery,30,Tablet 272,Mobile,Tablet,43.57,Low Demand + High Problem,75.0
P0138,battery,30,Smart Fan 138,Home Appliances,Smart Fan,41.05,Low Demand + High Problem,75.0
P0003,quality,30,Smart Light 3,Home Appliances,Smart Light,40.9,Low Demand + High Problem,75.0
P0244,battery,30,Air Purifier 244,Home Appliances,Air Purifier,32.1,Low Demand + High Problem,75.0
P0105,quality,29,Fitness Watch 105,Watches,Fitness Watch,74.12,High Demand + High Problem,72.5
P0466,battery,29,Smart Fan 466,Home Appliances,Smart Fan,73.63,High Demand + High Problem,72.5
P0297,quality,29,Smartphone 297,Mobile,Smartphone,73.51,High Demand + High Problem,72.5
P0283,battery,29,Headphones 283,Audio,Headphones,72.42,High Demand + High Problem,72.5
P0110,performance,29,Smart Ring 110,Wearables,Smart Ring,70.92,High Demand + High Problem,72.5
P0039,battery,29,Bluetooth Speaker 39,Audio,Bluetooth Speaker,70.91,High Demand + High Problem,72.5
P0304,battery,29,Bluetooth Speaker 304,Audio,Bluetooth Speaker,70.79,High Demand + High Problem,72.5
P0192,battery,29,Bluetooth Speaker 192,Audio,Bluetooth Speaker,69.68,High Demand + High Problem,72.5
P0479,quality,29,Fitness Watch 479,Watches,Fitness Watch,69.04,High Demand + High Problem,72.5
P0455,battery,29,Fitness Band 455,Wearables,Fitness Band,67.7,High Demand + High Problem,72.5
P0470,battery,29,Smart Light 470,Home Appliances,Smart Light,67.01,High Demand + High Problem,72.5
P0365,battery,29,Smart Ring 365,Wearables,Smart Ring,65.13,High Demand + High Problem,72.5
P0398,battery,29,Wireless Earbuds 398,Audio,Wireless Earbuds,64.63,High Demand + High Problem,72.5
P0451,battery,29,Bluetooth Speaker 451,Audio,Bluetooth Speaker,63.56,Moderate,72.5
P0373,battery,29,Smartphone 373,Mobile,Smartphone,63.2,High Demand + High Problem,72.5
P0125,battery,29,Air Purifier 125,Home Appliances,Air Purifier,61.54,Moderate,72.5
P0302,battery,29,Bluetooth Speaker 302,Audio,Bluetooth Speaker,58.13,Moderate,72.5
P0080,battery,29,Wireless Earbuds 80,Audio,Wireless Earbuds,56.98,Moderate,72.5
P0040,battery,29,Analog Watch 40,Watches,Analog Watch,55.87,Moderate,72.5
P0044,quality,29,Fitness Band 44,Wearables,Fitness Band,52.63,Moderate,72.5
P0083,battery,29,Air Purifier 83,Home Appliances,Air Purifier,52.12,Low Demand + High Problem,72.5
P0319,battery,29,Smart Ring 319,Wearables,Smart Ring,52.07,Moderate,72.5
P0065,battery,29,Smart Ring 65,Wearables,Smart Ring,51.44,Moderate,72.5
P0045,battery,29,Smart Ring 45,Wearables,Smart Ring,51.43,Low Demand + High Problem,72.5
P0042,battery,29,Smart Watch 42,Watches,Smart Watch,50.48,Low Demand + High Problem,72.5
P0038,battery,29,Tablet 38,Mobile,Tablet,47.36,Low Demand + High Problem,72.5
P0067,quality,29,Smart Fan 67,Home Appliances,Smart Fan,47.01,Low Demand + High Problem,72.5
P0395,battery,29,Analog Watch 395,Watches,Analog Watch,46.98,Low Demand + High Problem,72.5
P0136,battery,29,Tablet 136,Mobile,Tablet,45.22,Low Demand + High Problem,72.5
P0350,quality,29,Analog Watch 350,Watches,Analog Watch,44.92,Low Demand + High Problem,72.5
P0259,battery,29,Smart Fan 259,Home Appliances,Smart Fan,42.44,Moderate,72.5
P0330,battery,29,Smart Watch 330,Watches,Smart Watch,42.22,Low Demand + High Problem,72.5
P0385,battery,29,Tablet 385,Mobile,Tablet,39.25,Low Demand + High Problem,72.5
P0313,battery,29,Smart Watch 313,Watches,Smart Watch,37.79,Low Demand + High Problem,72.5
P0037,quality,29,Analog Watch 37,Watches,Analog Watch,37.3,Low Demand + High Problem,72.5
P0002,battery,29,Smart Watch 2,Watches,Smart Watch,35.34,Low Demand + High Problem,72.5
P0046,battery,29,Bluetooth Speaker 46,Audio,Bluetooth Speaker,34.94,Low Demand + High Problem,72.5
P0295,battery,29,Smart Ring 295,Wearables,Smart Ring,31.13,Low Demand + High Problem,72.5
P0075,battery,28,Fitness Watch 75,Watches,Fitness Watch,78.79,High Demand + High Problem,70.0
P0123,battery,28,Smart Watch 123,Watches,Smart Watch,75.47,High Demand + High Problem,70.0
P0312,battery,28,Smart Watch 312,Watches,Smart Watch,74.89,High Demand + High Problem,70.0
P0297,battery,28,Smartphone 297,Mobile,Smartphone,73.51,High Demand + High Problem,70.0
P0375,battery,28,Headphones 375,Audio,Headphones,72.77,High Demand + High Problem,70.0
P0001,battery,28,Smart Watch 1,Watches,Smart Watch,72.08,Moderate,70.0
P0383,battery,28,Smart Ring 383,Wearables,Smart Ring,68.97,High Demand + High Problem,70.0
P0139,quality,28,Analog Watch 139,Watches,Analog Watch,66.4,Moderate,70.0
P0258,battery,28,Smart Watch 258,Watches,Smart Watch,65.83,High Demand + High Problem,70.0
P0078,quality,28,Smart Ring 78,Wearables,Smart Ring,62.24,Moderate,70.0
P0056,battery,28,Analog Watch 56,Watches,Analog Watch,61.72,Moderate,70.0
P0266,quality,28,Headphones 266,Audio,Headphones,61.02,Moderate,70.0
P0088,battery,28,Air Purifier 88,Home Appliances,Air Purifier,59.64,Moderate,70.0
P0076,battery,28,Smart Fan 76,Home Appliances,Smart Fan,58.56,Moderate,70.0
P0218,battery,28,Tablet 218,Mobile,Tablet,58.21,Moderate,70.0
P0174,battery,28,Tablet 174,Mobile,Tablet,56.89,Moderate,70.0
P0147,quality,28,Fitness Band 147,Wearables,Fitness Band,56.82,Moderate,70.0
P0332,battery,28,Smart Watch 332,Watches,Smart Watch,55.9,Moderate,70.0
P0173,battery,28,Smartphone 173,Mobile,Smartphone,55.5,Moderate,70.0
P0317,battery,28,Smart Light 317,Home Appliances,Smart Light,54.92,Moderate,70.0
P0439,battery,28,Smartphone 439,Mobile,Smartphone,54.06,Moderate,70.0
P0085,performance,28,Fitness Band 85,Wearables,Fitness Band,53.82,Low Demand + High Problem,70.0
P0306,quality,28,Fitness Band 306,Wearables,Fitness Band,53.54,Moderate,70.0
P0119,battery,28,Wireless Earbuds 119,Audio,Wireless Earbuds,53.42,Moderate,70.0
P0391,battery,28,Smart Light 391,Home Appliances,Smart Light,53.23,Moderate,70.0
P0406,quality,28,Fitness Band 406,Wearables,Fitness Band,52.74,Moderate,70.0
P0453,quality,28,Smartphone 453,Mobile,Smartphone,51.37,Low Demand + High Problem,70.0
P0289,battery,28,Smart Ring 289,Wearables,Smart Ring,50.73,Moderate,70.0
P0106,battery,28,Bluetooth Speaker 106,Audio,Bluetooth Speaker,50.07,Low Demand + High Problem,70.0
P0114,battery,28,Smart Light 114,Home Appliances,Smart Light,49.0,Low Demand + High Problem,70.0
P0087,battery,28,Tablet 87,Mobile,Tablet,48.74,Low Demand + High Problem,70.0
P0079,battery,28,Smartphone 79,Mobile,Smartphone,47.1,Low Demand + High Problem,70.0
P0408,battery,28,Smartphone 408,Mobile,Smartphone,46.53,Low Demand + High Problem,70.0
P0459,battery,28,Smart Watch 459,Watches,Smart Watch,45.57,Low Demand + High Problem,70.0
P0500,battery,28,Wireless Earbuds 500,Audio,Wireless Earbuds,44.74,Moderate,70.0
P0333,quality,28,Smart Light 333,Home Appliances,Smart Light,44.55,Low Demand + High Problem,70.0
P0330,performance,28,Smart Watch 330,Watches,Smart Watch,42.22,Low Demand + High Problem,70.0
P0397,battery,28,Fitness Band 397,Wearables,Fitness Band,40.2,Low Demand + High Problem,70.0
P0184,quality,28,Smart Ring 184,Wearables,Smart Ring,39.8,Low Demand + High Problem,70.0
P0300,battery,28,Smart Watch 300,Watches,Smart Watch,38.11,Low Demand + High Problem,70.0
P0054,quality,28,Wireless Earbuds 54,Audio,Wireless Earbuds,35.48,Low Demand + High Problem,70.0
P0299,battery,28,Smart Ring 299,Wearables,Smart Ring,35.47,Moderate,70.0
P0445,battery,28,Bluetooth Speaker 445,Audio,Bluetooth Speaker,33.29,Moderate,70.0
P0298,battery,28,Smartphone 298,Mobile,Smartphone,29.63,Low Demand + High Problem,70.0
P0242,quality,27,Smart Light 242,Home Appliances,Smart Light,76.46,High Demand + High Problem,67.5
P0047,battery,27,Smart Fan 47,Home Appliances,Smart Fan,76.37,High Demand + High Problem,67.5
P0165,battery,27,Bluetooth Speaker 165,Audio,Bluetooth Speaker,75.94,High Demand + High Problem,67.5
P0094,performance,27,Smart Ring 94,Wearables,Smart Ring,75.53,High Demand + High Problem,67.5
P0374,quality,27,Headphones 374,Audio,Headphones,73.48,High Demand + High Problem,67.5
P0039,quality,27,Bluetooth Speaker 39,Audio,Bluetooth Speaker,70.91,High Demand + High Problem,67.5
P0149,battery,27,Fitness Watch 149,Watches,Fitness Watch,70.89,High Demand + High Problem,67.5
P0202,battery,27,Fitness Watch 202,Watches,Fitness Watch,70.42,High Demand + High Problem,67.5
P0479,battery,27,Fitness Watch 479,Watches,Fitness Watch,69.04,High Demand + High Problem,67.5
P0497,battery,27,Smart Ring 497,Wearables,Smart Ring,68.43,High Demand + High Problem,67.5
P0033,battery,27,Smart Watch 33,Watches,Smart Watch,67.78,High Demand + High Problem,67.5
P0058,battery,27,Bluetooth Speaker 58,Audio,Bluetooth Speaker,67.21,High Demand + High Problem,67.5
P0043,battery,27,Tablet 43,Mobile,Tablet,66.77,High Demand + High Problem,67.5
P0222,quality,27,Air Purifier 222,Home Appliances,Air Purifier,65.63,High Demand + High Problem,67.5
P0329,battery,27,Wireless Earbuds 329,Audio,Wireless Earbuds,62.56,High Demand + High Problem,67.5
P0234,battery,27,Air Purifier 234,Home Appliances,Air Purifier,62.11,High Demand + High Problem,67.5
P0409,battery,27,Analog Watch 409,Watches,Analog Watch,61.53,Moderate,67.5
P0353,battery,27,Analog Watch 353,Watches,Analog Watch,60.67,Moderate,67.5
P0059,quality,27,Air Purifier 59,Home Appliances,Air Purifier,59.83,Moderate,67.5
P0328,battery,27,Smartphone 328,Mobile,Smartphone,58.98,Moderate,67.5
P0221,battery,27,Tablet 221,Mobile,Tablet,58.08,Moderate,67.5
P0147,battery,27,Fitness Band 147,Wearables,Fitness Band,56.82,Moderate,67.5
P0172,battery,27,Air Purifier 172,Home Appliances,Air Purifier,56.26,Moderate,67.5
P0049,battery,27,Smart Fan 49,Home Appliances,Smart Fan,55.75,Moderate,67.5
P0036,battery,27,Smart Watch 36,Watches,Smart Watch,54.59,Moderate,67.5
P0252,battery,27,Smartphone 252,Mobile,Smartphone,54.1,Moderate,67.5
P0424,battery,27,Smart Ring 424,Wearables,Smart Ring,53.26,Moderate,67.5
P0406,battery,27,Fitness Band 406,Wearables,Fitness Band,52.74,Moderate,67.5
P0132,battery,27,Fitness Band 132,Wearables,Fitness Band,52.05,Moderate,67.5
P0120,battery,27,Smart Light 120,Home Appliances,Smart Light,49.98,Moderate,67.5
P0320,battery,27,Smart Ring 320,Wearables,Smart Ring,49.19,Low Demand + High Problem,67.5
P0168,battery,27,Smart Ring 168,Wearables,Smart Ring,48.47,Low Demand + High Problem,67.5
P0213,quality,27,Wireless Earbuds 213,Audio,Wireless Earbuds,48.11,Low Demand + High Problem,67.5
P0022,battery,27,Analog Watch 22,Watches,Analog Watch,47.84,Low Demand + High Problem,67.5
P0072,battery,27,Smart Light 72,Home Appliances,Smart Light,46.94,Low Demand + High Problem,67.5
P0459,quality,27,Smart Watch 459,Watches,Smart Watch,45.57,Low Demand + High Problem,67.5
P0201,quality,27,Fitness Band 201,Wearables,Fitness Band,43.73,Low Demand + High Problem,67.5
P0241,battery,27,Wireless Earbuds 241,Audio,Wireless Earbuds,43.72,Low Demand + High Problem,67.5
P0066,battery,27,Smart Fan 66,Home Appliances,Smart Fan,42.32,Low Demand + High Problem,67.5
P0260,battery,27,Headphones 260,Audio,Headphones,40.65,Low Demand + High Problem,67.5
P0185,quality,27,Smart Ring 185,Wearables,Smart Ring,39.75,Low Demand + High Problem,67.5
P0151,battery,27,Smart Ring 151,Wearables,Smart Ring,39.55,Moderate,67.5
P0167,battery,27,Fitness Watch 167,Watches,Fitness Watch,38.98,Moderate,67.5
P0257,battery,27,Analog Watch 257,Watches,Analog Watch,38.02,Low Demand + High Problem,67.5
P0126,battery,27,Tablet 126,Mobile,Tablet,37.28,Low Demand + High Problem,67.5
P0208,battery,27,Fitness Watch 208,Watches,Fitness Watch,34.67,Low Demand + High Problem,67.5
P0315,quality,27,Bluetooth Speaker 315,Audio,Bluetooth Speaker,34.01,Low Demand + High Problem,67.5
P0498,quality,27,Tablet 498,Mobile,Tablet,32.26,Moderate,67.5
P0347,battery,26,Smartphone 347,Mobile,Smartphone,78.35,High Demand + High Problem,65.0
P0237,battery,26,Tablet 237,Mobile,Tablet,74.81,High Demand + High Problem,65.0
P0055,battery,26,Smart Watch 55,Watches,Smart Watch,74.59,High Demand + High Problem,65.0
P0485,battery,26,Smart Watch 485,Watches,Smart Watch,73.94,High Demand + High Problem,65.0
P0485,quality,26,Smart Watch 485,Watches,Smart Watch,73.94,High Demand + High Problem,65.0
P0291,quality,26,Wireless Earbuds 291,Audio,Wireless Earbuds,73.57,High Demand + High Problem,65.0
P0057,quality,26,Headphones 57,Audio,Headphones,69.4,High Demand + High Problem,65.0
P0248,battery,26,Headphones 248,Audio,Headphones,67.87,Moderate,65.0
P0288,battery,26,Smart Ring 288,Wearables,Smart Ring,67.62,High Demand + High Problem,65.0
P0028,battery,26,Fitness Band 28,Wearables,Fitness Band,67.1,High Demand + High Problem,65.0
P0156,battery,26,Wireless Earbuds 156,Audio,Wireless Earbuds,66.39,High Demand + High Problem,65.0
P0127,quality,26,Smartphone 127,Mobile,Smartphone,65.78,High Demand + High Problem,65.0
P0488,battery,26,Smart Light 488,Home Appliances,Smart Light,63.84,Moderate,65.0
P0183,battery,26,Wireless Earbuds 183,Audio,Wireless Earbuds,63.35,Moderate,65.0
P0012,battery,26,Fitness Band 12,Wearables,Fitness Band,63.02,High Demand + High Problem,65.0
P0463,battery,26,Air Purifier 463,Home Appliances,Air Purifier,62.98,Moderate,65.0
P0125,quality,26,Air Purifier 125,Home Appliances,Air Purifier,61.54,Moderate,65.0
P0358,battery,26,Bluetooth Speaker 358,Audio,Bluetooth Speaker,61.14,Moderate,65.0
P0061,battery,26,Wireless Earbuds 61,Audio,Wireless Earbuds,60.52,Moderate,65.0
P0433,battery,26,Smart Fan 433,Home Appliances,Smart Fan,60.2,Moderate,65.0
P0270,battery,26,Smart Watch 270,Watches,Smart Watch,59.26,Moderate,65.0
P0133,quality,26,Wireless Earbuds 133,Audio,Wireless Earbuds,57.5,Moderate,65.0
P0085,battery,26,Fitness Band 85,Wearables,Fitness Band,53.82,Low Demand + High Problem,65.0
P0382,battery,26,Smart Watch 382,Watches,Smart Watch,53.78,Moderate,65.0
P0041,battery,26,Headphones 41,Audio,Headphones,52.99,Low Demand + High Problem,65.0
P0437,quality,26,Tablet 437,Mobile,Tablet,51.82,Moderate,65.0
P0160,battery,26,Smart Fan 160,Home Appliances,Smart Fan,51.52,Low Demand + High Problem,65.0
P0453,battery,26,Smartphone 453,Mobile,Smartphone,51.37,Low Demand + High Problem,65.0
P0106,quality,26,Bluetooth Speaker 106,Audio,Bluetooth Speaker,50.07,Low Demand + High Problem,65.0
P0284,battery,26,Wireless Earbuds 284,Audio,Wireless Earbuds,48.29,Low Demand + High Problem,65.0
P0162,battery,26,Smart Light 162,Home Appliances,Smart Light,47.1,Low Demand + High Problem,65.0
P0226,quality,26,Bluetooth Speaker 226,Audio,Bluetooth Speaker,45.76,Low Demand + High Problem,65.0
P0292,battery,26,Smart Fan 292,Home Appliances,Smart Fan,45.15,Low Demand + High Problem,65.0
P0333,battery,26,Smart Light 333,Home Appliances,Smart Light,44.55,Low Demand + High Problem,65.0
P0457,quality,26,Air Purifier 457,Home Appliances,Air Purifier,43.58,Low Demand + High Problem,65.0
P0073,battery,26,Smartphone 73,Mobile,Smartphone,43.14,Low Demand + High Problem,65.0
P0141,quality,26,Wireless Earbuds 141,Audio,Wireless Earbuds,42.92,Low Demand + High Problem,65.0
P0430,battery,26,Smart Light 430,Home Appliances,Smart Light,41.98,Moderate,65.0
P0190,quality,26,Smart Light 190,Home Appliances,Smart Light,41.53,Low Demand + High Problem,65.0
P0490,battery,26,Smart Light 490,Home Appliances,Smart Light,41.09,Moderate,65.0
P0461,battery,26,Headphones 461,Audio,Headphones,40.5,Low Demand + High Problem,65.0
P0101,battery,26,Bluetooth Speaker 101,Audio,Bluetooth Speaker,40.33,Low Demand + High Problem,65.0
P0184,battery,26,Smart Ring 184,Wearables,Smart Ring,39.8,Low Demand + High Problem,65.0
P0018,battery,26,Smart Ring 18,Wearables,Smart Ring,38.46,Low Demand + High Problem,65.0
P0393,battery,26,Analog Watch 393,Watches,Analog Watch,38.29,Low Demand + High Problem,65.0
P0393,quality,26,Analog Watch 393,Watches,Analog Watch,38.29,Low Demand + High Problem,65.0
P0240,battery,26,Tablet 240,Mobile,Tablet,36.9,Moderate,65.0
P0480,battery,26,Headphones 480,Audio,Headphones,32.56,Low Demand + High Problem,65.0
P0206,battery,26,Smartphone 206,Mobile,Smartphone,31.62,Moderate,65.0
P0228,battery,26,Fitness Watch 228,Watches,Fitness Watch,30.7,Low Demand + High Problem,65.0
P0075,quality,25,Fitness Watch 75,Watches,Fitness Watch,78.79,High Demand + High Problem,62.5
P0010,battery,25,Smart Light 10,Home Appliances,Smart Light,78.49,High Demand + High Problem,62.5
P0094,battery,25,Smart Ring 94,Wearables,Smart Ring,75.53,High Demand + High Problem,62.5
P0055,quality,25,Smart Watch 55,Watches,Smart Watch,74.59,High Demand + High Problem,62.5
P0291,performance,25,Wireless Earbuds 291,Audio,Wireless Earbuds,73.57,High Demand + High Problem,62.5
P0225,battery,25,Smart Fan 225,Home Appliances,Smart Fan,72.85,High Demand + High Problem,62.5
P0471,battery,25,Bluetooth Speaker 471,Audio,Bluetooth Speaker,72.23,High Demand + High Problem,62.5
P0008,battery,25,Headphones 8,Audio,Headphones,71.78,High Demand + High Problem,62.5
P0203,battery,25,Smart Light 203,Home Appliances,Smart Light,71.18,Moderate,62.5
P0142,battery,25,Smart Fan 142,Home Appliances,Smart Fan,70.25,High Demand + High Problem,62.5
P0281,battery,25,Smart Ring 281,Wearables,Smart Ring,70.25,High Demand + High Problem,62.5
P0009,battery,25,Wireless Earbuds 9,Audio,Wireless Earbuds,69.97,High Demand + High Problem,62.5
P0216,battery,25,Headphones 216,Audio,Headphones,69.4,Moderate,62.5
P0405,quality,25,Air Purifier 405,Home Appliances,Air Purifier,68.21,High Demand + High Problem,62.5
P0428,quality,25,Wireless Earbuds 428,Audio,Wireless Earbuds,67.52,Moderate,62.5
P0376,battery,25,Smart Fan 376,Home Appliances,Smart Fan,66.23,Moderate,62.5
P0127,battery,25,Smartphone 127,Mobile,Smartphone,65.78,High Demand + High Problem,62.5
P0255,battery,25,Bluetooth Speaker 255,Audio,Bluetooth Speaker,65.63,Moderate,62.5
P0077,performance,25,Fitness Watch 77,Watches,Fitness Watch,64.66,High Demand + High Problem,62.5
P0026,battery,25,Headphones 26,Audio,Headphones,64.01,High Demand + High Problem,62.5
P0261,battery,25,Analog Watch 261,Watches,Analog Watch,62.76,Moderate,62.5
P0460,battery,25,Headphones 460,Audio,Headphones,61.7,Moderate,62.5
P0265,battery,25,Smart Fan 265,Home Appliances,Smart Fan,60.78,High Demand + High Problem,62.5
P0415,battery,25,Fitness Band 415,Wearables,Fitness Band,60.25,Moderate,62.5
P0427,battery,25,Analog Watch 427,Watches,Analog Watch,59.06,Moderate,62.5
P0328,performance,25,Smartphone 328,Mobile,Smartphone,58.98,Moderate,62.5
P0435,battery,25,Bluetooth Speaker 435,Audio,Bluetooth Speaker,58.93,Moderate,62.5
P0221,quality,25,Tablet 221,Mobile,Tablet,58.08,Moderate,62.5
P0420,quality,25,Smart Ring 420,Wearables,Smart Ring,57.69,Moderate,62.5
P0102,battery,25,Smart Light 102,Home Appliances,Smart Light,57.37,Moderate,62.5
P0200,battery,25,Bluetooth Speaker 200,Audio,Bluetooth Speaker,57.33,Moderate,62.5
P0080,quality,25,Wireless Earbuds 80,Audio,Wireless Earbuds,56.98,Moderate,62.5
P0286,battery,25,Fitness Band 286,Wearables,Fitness Band,56.67,Moderate,62.5
P0267,battery,25,Smartphone 267,Mobile,Smartphone,56.54,Moderate,62.5
P0166,battery,25,Smart Ring 166,Wearables,Smart Ring,56.03,Moderate,62.5
P0005,quality,25,Air Purifier 5,Home Appliances,Air Purifier,56.0,Moderate,62.5
P0458,battery,25,Headphones 458,Audio,Headphones,55.69,Moderate,62.5
P0253,battery,25,Bluetooth Speaker 253,Audio,Bluetooth Speaker,55.11,Moderate,62.5
P0452,battery,25,Bluetooth Speaker 452,Audio,Bluetooth Speaker,54.22,Moderate,62.5
P0351,battery,25,Tablet 351,Mobile,Tablet,52.67,Moderate,62.5
P0169,quality,25,Analog Watch 169,Watches,Analog Watch,50.87,Moderate,62.5
P0499,quality,25,Tablet 499,Mobile,Tablet,50.57,Low Demand + High Problem,62.5
P0120,quality,25,Smart Light 120,Home Appliances,Smart Light,49.98,Moderate,62.5
P0035,quality,25,Smartphone 35,Mobile,Smartphone,49.93,Low Demand + High Problem,62.5
P0305,quality,25,Fitness Band 305,Wearables,Fitness Band,48.85,Low Demand + High Problem,62.5
P0495,battery,25,Tablet 495,Mobile,Tablet,48.06,Low Demand + High Problem,62.5
P0495,quality,25,Tablet 495,Mobile,Tablet,48.06,Low Demand + High Problem,62.5
P0030,battery,25,Tablet 30,Mobile,Tablet,47.76,Moderate,62.5
P0029,quality,25,Smart Light 29,Home Appliances,Smart Light,47.31,Low Demand + High Problem,62.5
P0162,quality,25,Smart Light 162,Home Appliances,Smart Light,47.1,Low Demand + High Problem,62.5
P0071,quality,25,Smart Watch 71,Watches,Smart Watch,45.6,Moderate,62.5
P0070,battery,25,Smart Watch 70,Watches,Smart Watch,45.56,Low Demand + High Problem,62.5
P0350,battery,25,Analog Watch 350,Watches,Analog Watch,44.92,Low Demand + High Problem,62.5
P0429,battery,25,Smart Ring 429,Wearables,Smart Ring,44.48,Low Demand + High Problem,62.5
P0343,quality,25,Tablet 343,Mobile,Tablet,43.06,Low Demand + High Problem,62.5
P0314,battery,25,Smart Light 314,Home Appliances,Smart Light,42.37,Low Demand + High Problem,62.5
P0003,battery,25,Smart Light 3,Home Appliances,Smart Light,40.9,Low Demand + High Problem,62.5
P0461,performance,25,Headphones 461,Audio,Headphones,40.5,Low Demand + High Problem,62.5
P0325,battery,25,Tablet 325,Mobile,Tablet,40.0,Moderate,62.5
P0322,battery,25,Smart Watch 322,Watches,Smart Watch,36.05,Low Demand + High Problem,62.5
P0182,battery,25,Fitness Band 182,Wearables,Fitness Band,33.5,Low Demand + High Problem,62.5
P0366,battery,25,Air Purifier 366,Home Appliances,Air Purifier,31.61,Moderate,62.5
P0474,performance,24,Bluetooth Speaker 474,Audio,Bluetooth Speaker,74.89,High Demand + High Problem,60.0
P0237,quality,24,Tablet 237,Mobile,Tablet,74.81,High Demand + High Problem,60.0
P0055,performance,24,Smart Watch 55,Watches,Smart Watch,74.59,High Demand + High Problem,60.0
P0413,battery,24,Smart Watch 413,Watches,Smart Watch,73.99,Moderate,60.0
P0374,battery,24,Headphones 374,Audio,Headphones,73.48,High Demand + High Problem,60.0
P0491,quality,24,Tablet 491,Mobile,Tablet,72.73,High Demand + High Problem,60.0
P0008,quality,24,Headphones 8,Audio,Headphones,71.78,High Demand + High Problem,60.0
P0389,quality,24,Fitness Watch 389,Watches,Fitness Watch,71.47,High Demand + High Problem,60.0
P0196,battery,24,Smart Ring 196,Wearables,Smart Ring,70.43,Moderate,60.0
P0009,quality,24,Wireless Earbuds 9,Audio,Wireless Earbuds,69.97,High Demand + High Problem,60.0
P0009,software,24,Wireless Earbuds 9,Audio,Wireless Earbuds,69.97,High Demand + High Problem,60.0
P0153,battery,24,Fitness Band 153,Wearables,Fitness Band,69.77,Moderate,60.0
P0115,performance,24,Air Purifier 115,Home Appliances,Air Purifier,68.23,High Demand + High Problem,60.0
P0311,quality,24,Smart Light 311,Home Appliances,Smart Light,68.11,Moderate,60.0
P0222,battery,24,Air Purifier 222,Home Appliances,Air Purifier,65.63,High Demand + High Problem,60.0
P0365,quality,24,Smart Ring 365,Wearables,Smart Ring,65.13,High Demand + High Problem,60.0
P0440,battery,24,Fitness Band 440,Wearables,Fitness Band,63.98,High Demand + High Problem,60.0
P0183,quality,24,Wireless Earbuds 183,Audio,Wireless Earbuds,63.35,Moderate,60.0
P0268,battery,24,Fitness Band 268,Wearables,Fitness Band,63.34,Moderate,60.0
P0271,battery,24,Tablet 271,Mobile,Tablet,60.64,Moderate,60.0
P0433,performance,24,Smart Fan 433,Home Appliances,Smart Fan,60.2,Moderate,60.0
P0050,battery,24,Analog Watch 50,Watches,Analog Watch,60.12,Moderate,60.0
P0407,battery,24,Fitness Band 407,Wearables,Fitness Band,59.66,Moderate,60.0
P0450,battery,24,Fitness Band 450,Wearables,Fitness Band,59.21,Moderate,60.0
P0227,battery,24,Smart Ring 227,Wearables,Smart Ring,59.09,Moderate,60.0
P0025,battery,24,Smart Watch 25,Watches,Smart Watch,58.86,Moderate,60.0
P0462,battery,24,Smart Ring 462,Wearables,Smart Ring,58.28,Moderate,60.0
P0465,quality,24,Fitness Band 465,Wearables,Fitness Band,57.58,Moderate,60.0
P0016,battery,24,Air Purifier 16,Home Appliances,Air Purifier,57.11,Moderate,60.0
P0006,quality,24,Headphones 6,Audio,Headphones,56.59,Moderate,60.0
P0104,battery,24,Smartphone 104,Mobile,Smartphone,56.5,Moderate,60.0
P0287,quality,24,Analog Watch 287,Watches,Analog Watch,56.02,Moderate,60.0
P0442,battery,24,Smartphone 442,Mobile,Smartphone,55.81,Moderate,60.0
P0402,battery,24,Wireless Earbuds 402,Audio,Wireless Earbuds,54.48,Moderate,60.0
P0321,battery,24,Smart Ring 321,Wearables,Smart Ring,54.26,Moderate,60.0
P0197,quality,24,Fitness Band 197,Wearables,Fitness Band,54.0,Moderate,60.0
P0053,battery,24,Tablet 53,Mobile,Tablet,53.0,Moderate,60.0
P0417,battery,24,Smart Light 417,Home Appliances,Smart Light,52.69,Moderate,60.0
P0349,battery,24,Smart Fan 349,Home Appliances,Smart Fan,52.07,Moderate,60.0
P0437,battery,24,Tablet 437,Mobile,Tablet,51.82,Moderate,60.0
P0303,battery,24,Fitness Watch 303,Watches,Fitness Watch,50.15,Moderate,60.0
P0098,quality,24,Analog Watch 98,Watches,Analog Watch,49.37,Moderate,60.0
P0367,battery,24,Smart Fan 367,Home Appliances,Smart Fan,48.31,Moderate,60.0
P0310,quality,24,Fitness Band 310,Wearables,Fitness Band,47.79,Low Demand + High Problem,60.0
P0164,quality,24,Smart Fan 164,Home Appliances,Smart Fan,46.5,Low Demand + High Problem,60.0
P0422,battery,24,Tablet 422,Mobile,Tablet,46.22,Low Demand + High Problem,60.0
P0226,battery,24,Bluetooth Speaker 226,Audio,Bluetooth Speaker,45.76,Low Demand + High Problem,60.0
P0368,battery,24,Headphones 368,Audio,Headphones,43.61,Moderate,60.0
P0073,quality,24,Smartphone 73,Mobile,Smartphone,43.14,Low Demand + High Problem,60.0
P0135,battery,24,Smart Watch 135,Watches,Smart Watch,42.96,Low Demand + High Problem,60.0
P0135,quality,24,Smart Watch 135,Watches,Smart Watch,42.96,Low Demand + High Problem,60.0
P0013,quality,24,Smart Ring 13,Wearables,Smart Ring,42.87,Low Demand + High Problem,60.0
P0158,battery,24,Smartphone 158,Mobile,Smartphone,42.65,Low Demand + High Problem,60.0
P0130,battery,24,Fitness Band 130,Wearables,Fitness Band,41.83,Moderate,60.0
P0181,battery,24,Smart Light 181,Home Appliances,Smart Light,41.26,Low Demand + High Problem,60.0
P0397,quality,24,Fitness Band 397,Wearables,Fitness Band,40.2,Low Demand + High Problem,60.0
P0082,battery,24,Fitness Watch 82,Watches,Fitness Watch,38.89,Low Demand + High Problem,60.0
P0324,battery,24,Air Purifier 324,Home Appliances,Air Purifier,38.41,Low Demand + High Problem,60.0
P0144,battery,24,Smart Fan 144,Home Appliances,Smart Fan,38.23,Low Demand + High Problem,60.0
P0144,quality,24,Smart Fan 144,Home Appliances,Smart Fan,38.23,Low Demand + High Problem,60.0
P0084,quality,24,Fitness Band 84,Wearables,Fitness Band,37.11,Low Demand + High Problem,60.0
P0448,battery,24,Smart Fan 448,Home Appliances,Smart Fan,36.02,Low Demand + High Problem,60.0
P0023,battery,24,Air Purifier 23,Home Appliances,Air Purifier,35.59,Low Demand + High Problem,60.0
P0074,quality,24,Smart Watch 74,Watches,Smart Watch,35.16,Low Demand + High Problem,60.0
P0129,quality,24,Air Purifier 129,Home Appliances,Air Purifier,35.02,Moderate,60.0
P0096,battery,24,Smart Watch 96,Watches,Smart Watch,34.5,Moderate,60.0
P0100,battery,24,Bluetooth Speaker 100,Audio,Bluetooth Speaker,34.02,Low Demand + High Problem,60.0
P0081,battery,24,Headphones 81,Audio,Headphones,30.67,Moderate,60.0
P0347,quality,23,Smartphone 347,Mobile,Smartphone,78.35,High Demand + High Problem,57.5
P0483,battery,23,Smartphone 483,Mobile,Smartphone,77.06,High Demand + High Problem,57.5
P0483,quality,23,Smartphone 483,Mobile,Smartphone,77.06,High Demand + High Problem,57.5
P0419,quality,23,Fitness Band 419,Wearables,Fitness Band,76.83,High Demand + High Problem,57.5
P0293,quality,23,Smart Fan 293,Home Appliances,Smart Fan,76.51,High Demand + High Problem,57.5
P0256,battery,23,Smartphone 256,Mobile,Smartphone,76.08,High Demand + High Problem,57.5
P0165,quality,23,Bluetooth Speaker 165,Audio,Bluetooth Speaker,75.94,High Demand + High Problem,57.5
P0474,battery,23,Bluetooth Speaker 474,Audio,Bluetooth Speaker,74.89,High Demand + High Problem,57.5
P0177,battery,23,Wireless Earbuds 177,Audio,Wireless Earbuds,73.15,High Demand + High Problem,57.5
P0069,battery,23,Headphones 69,Audio,Headphones,72.94,High Demand + High Problem,57.5
P0356,quality,23,Air Purifier 356,Home Appliances,Air Purifier,71.4,High Demand + High Problem,57.5
P0113,quality,23,Smart Watch 113,Watches,Smart Watch,71.1,High Demand + High Problem,57.5
P0146,performance,23,Air Purifier 146,Home Appliances,Air Purifier,70.93,High Demand + High Problem,57.5
P0217,quality,23,Fitness Watch 217,Watches,Fitness Watch,69.85,High Demand + High Problem,57.5
P0342,battery,23,Smartphone 342,Mobile,Smartphone,69.43,Moderate,57.5
P0057,battery,23,Headphones 57,Audio,Headphones,69.4,High Demand + High Problem,57.5
P0103,quality,23,Fitness Band 103,Wearables,Fitness Band,69.29,High Demand + High Problem,57.5
P0383,quality,23,Smart Ring 383,Wearables,Smart Ring,68.97,High Demand + High Problem,57.5
P0344,battery,23,Smartphone 344,Mobile,Smartphone,68.77,High Demand + High Problem,57.5
P0115,battery,23,Air Purifier 115,Home Appliances,Air Purifier,68.23,High Demand + High Problem,57.5
P0262,battery,23,Headphones 262,Audio,Headphones,67.63,High Demand + High Problem,57.5
P0028,performance,23,Fitness Band 28,Wearables,Fitness Band,67.1,High Demand + High Problem,57.5
P0341,quality,23,Smart Watch 341,Watches,Smart Watch,66.93,Moderate,57.5
P0334,performance,23,Fitness Band 334,Wearables,Fitness Band,66.7,High Demand + High Problem,57.5
P0370,quality,23,Tablet 370,Mobile,Tablet,66.09,High Demand + High Problem,57.5
P0186,battery,23,Smart Ring 186,Wearables,Smart Ring,65.58,High Demand + High Problem,57.5
P0191,quality,23,Headphones 191,Audio,Headphones,63.82,Moderate,57.5
P0340,battery,23,Fitness Band 340,Wearables,Fitness Band,63.82,Moderate,57.5
P0340,quality,23,Fitness Band 340,Wearables,Fitness Band,63.82,Moderate,57.5
P0451,quality,23,Bluetooth Speaker 451,Audio,Bluetooth Speaker,63.56,Moderate,57.5
P0285,quality,23,Smart Light 285,Home Appliances,Smart Light,60.79,Moderate,57.5
P0271,performance,23,Tablet 271,Mobile,Tablet,60.64,Moderate,57.5
P0171,battery,23,Smart Watch 171,Watches,Smart Watch,60.45,Moderate,57.5
P0415,quality,23,Fitness Band 415,Wearables,Fitness Band,60.25,Moderate,57.5
P0050,quality,23,Analog Watch 50,Watches,Analog Watch,60.12,Moderate,57.5
P0354,battery,23,Smartphone 354,Mobile,Smartphone,59.41,Moderate,57.5
P0264,battery,23,Tablet 264,Mobile,Tablet,59.35,Moderate,57.5
P0025,quality,23,Smart Watch 25,Watches,Smart Watch,58.86,Moderate,57.5
P0359,battery,23,Smart Light 359,Home Appliances,Smart Light,58.66,Moderate,57.5
P0254,battery,23,Tablet 254,Mobile,Tablet,58.33,Moderate,57.5
P0133,battery,23,Wireless Earbuds 133,Audio,Wireless Earbuds,57.5,Moderate,57.5
P0456,battery,23,Bluetooth Speaker 456,Audio,Bluetooth Speaker,55.64,Moderate,57.5
P0108,performance,23,Wireless Earbuds 108,Audio,Wireless Earbuds,54.05,Moderate,57.5
P0391,quality,23,Smart Light 391,Home Appliances,Smart Light,53.23,Moderate,57.5
P0116,battery,23,Smart Fan 116,Home Appliances,Smart Fan,53.12,Moderate,57.5
P0041,quality,23,Headphones 41,Audio,Headphones,52.99,Low Demand + High Problem,57.5
P0279,battery,23,Tablet 279,Mobile,Tablet,52.96,Low Demand + High Problem,57.5
P0044,battery,23,Fitness Band 44,Wearables,Fitness Band,52.63,Moderate,57.5
P0131,battery,23,Smartphone 131,Mobile,Smartphone,51.57,Moderate,57.5
P0476,battery,23,Wireless Earbuds 476,Audio,Wireless Earbuds,50.98,Moderate,57.5
P0035,battery,23,Smartphone 35,Mobile,Smartphone,49.93,Low Demand + High Problem,57.5
P0114,quality,23,Smart Light 114,Home Appliances,Smart Light,49.0,Low Demand + High Problem,57.5
P0215,battery,23,Smart Light 215,Home Appliances,Smart Light,48.63,Moderate,57.5
P0310,battery,23,Fitness Band 310,Wearables,Fitness Band,47.79,Low Demand + High Problem,57.5
P0377,battery,23,Smart Ring 377,Wearables,Smart Ring,47.07,Moderate,57.5
P0072,quality,23,Smart Light 72,Home Appliances,Smart Light,46.94,Low Demand + High Problem,57.5
P0379,quality,23,Bluetooth Speaker 379,Audio,Bluetooth Speaker,46.26,Low Demand + High Problem,57.5
P0175,battery,23,Fitness Band 175,Wearables,Fitness Band,45.82,Low Demand + High Problem,57.5
P0097,quality,23,Fitness Watch 97,Watches,Fitness Watch,45.42,Low Demand + High Problem,57.5
P0292,delivery,23,Smart Fan 292,Home Appliances,Smart Fan,45.15,Low Demand + High Problem,57.5
P0500,quality,23,Wireless Earbuds 500,Audio,Wireless Earbuds,44.74,Moderate,57.5
P0368,quality,23,Headphones 368,Audio,Headphones,43.61,Moderate,57.5
P0272,quality,23,Tablet 272,Mobile,Tablet,43.57,Low Demand + High Problem,57.5
P0107,battery,23,Analog Watch 107,Watches,Analog Watch,43.39,Low Demand + High Problem,57.5
P0107,performance,23,Analog Watch 107,Watches,Analog Watch,43.39,Low Demand + High Problem,57.5
P0141,battery,23,Wireless Earbuds 141,Audio,Wireless Earbuds,42.92,Low Demand + High Problem,57.5
P0414,performance,23,Wireless Earbuds 414,Audio,Wireless Earbuds,42.47,Low Demand + High Problem,57.5
P0414,quality,23,Wireless Earbuds 414,Audio,Wireless Earbuds,42.47,Low Demand + High Problem,57.5
P0330,quality,23,Smart Watch 330,Watches,Smart Watch,42.22,Low Demand + High Problem,57.5
P0157,battery,23,Smartphone 157,Mobile,Smartphone,41.97,Low Demand + High Problem,57.5
P0274,battery,23,Smart Watch 274,Watches,Smart Watch,41.62,Low Demand + High Problem,57.5
P0490,quality,23,Smart Light 490,Home Appliances,Smart Light,41.09,Moderate,57.5
P0034,battery,23,Bluetooth Speaker 34,Audio,Bluetooth Speaker,40.56,Moderate,57.5
P0421,battery,23,Air Purifier 421,Home Appliances,Air Purifier,39.7,Low Demand + High Problem,57.5
P0421,quality,23,Air Purifier 421,Home Appliances,Air Purifier,39.7,Low Demand + High Problem,57.5
P0024,battery,23,Fitness Band 24,Wearables,Fitness Band,39.68,Low Demand + High Problem,57.5
P0246,battery,23,Fitness Watch 246,Watches,Fitness Watch,39.51,Low Demand + High Problem,57.5
P0313,performance,23,Smart Watch 313,Watches,Smart Watch,37.79,Low Demand + High Problem,57.5
P0086,battery,23,Analog Watch 86,Watches,Analog Watch,37.5,Low Demand + High Problem,57.5
P0037,battery,23,Analog Watch 37,Watches,Analog Watch,37.3,Low Demand + High Problem,57.5
P0084,performance,23,Fitness Band 84,Wearables,Fitness Band,37.11,Low Demand + High Problem,57.5
P0396,battery,23,Fitness Watch 396,Watches,Fitness Watch,36.72,Low Demand + High Problem,57.5
P0434,quality,23,Analog Watch 434,Watches,Analog Watch,36.43,Low Demand + High Problem,57.5
P0023,quality,23,Air Purifier 23,Home Appliances,Air Purifier,35.59,Low Demand + High Problem,57.5
P0002,quality,23,Smart Watch 2,Watches,Smart Watch,35.34,Low Demand + High Problem,57.5
P0436,quality,23,Wireless Earbuds 436,Audio,Wireless Earbuds,35.27,Low Demand + High Problem,57.5
P0031,battery,23,Fitness Band 31,Wearables,Fitness Band,34.34,Moderate,57.5
P0301,battery,23,Bluetooth Speaker 301,Audio,Bluetooth Speaker,32.9,Low Demand + High Problem,57.5
P0307,quality,23,Smartphone 307,Mobile,Smartphone,32.1,Low Demand + High Problem,57.5
P0068,battery,23,Headphones 68,Audio,Headphones,32.07,Low Demand + High Problem,57.5
P0081,quality,23,Headphones 81,Audio,Headphones,30.67,Moderate,57.5
P0316,battery,22,Wireless Earbuds 316,Audio,Wireless Earbuds,80.09,High Demand + High Problem,55.0
P0338,quality,22,Wireless Earbuds 338,Audio,Wireless Earbuds,77.17,High Demand + High Problem,55.0
P0230,performance,22,Smart Watch 230,Watches,Smart Watch,77.04,High Demand + High Problem,55.0
P0230,quality,22,Smart Watch 230,Watches,Smart Watch,77.04,High Demand + High Problem,55.0
P0345,battery,22,Tablet 345,Mobile,Tablet,75.09,High Demand + High Problem,55.0
P0345,quality,22,Tablet 345,Mobile,Tablet,75.09,High Demand + High Problem,55.0
P0474,quality,22,Bluetooth Speaker 474,Audio,Bluetooth Speaker,74.89,High Demand + High Problem,55.0
P0069,performance,22,Headphones 69,Audio,Headphones,72.94,High Demand + High Problem,55.0
P0491,battery,22,Tablet 491,Mobile,Tablet,72.73,High Demand + High Problem,55.0
P0280,quality,22,Smartphone 280,Mobile,Smartphone,72.14,High Demand + High Problem,55.0
P0389,battery,22,Fitness Watch 389,Watches,Fitness Watch,71.47,High Demand + High Problem,55.0
P0356,performance,22,Air Purifier 356,Home Appliances,Air Purifier,71.4,High Demand + High Problem,55.0
P0113,battery,22,Smart Watch 113,Watches,Smart Watch,71.1,High Demand + High Problem,55.0
P0110,quality,22,Smart Ring 110,Wearables,Smart Ring,70.92,High Demand + High Problem,55.0
P0142,quality,22,Smart Fan 142,Home Appliances,Smart Fan,70.25,High Demand + High Problem,55.0
P0405,battery,22,Air Purifier 405,Home Appliances,Air Purifier,68.21,High Demand + High Problem,55.0
P0033,quality,22,Smart Watch 33,Watches,Smart Watch,67.78,High Demand + High Problem,55.0
P0028,quality,22,Fitness Band 28,Wearables,Fitness Band,67.1,High Demand + High Problem,55.0
P0014,quality,22,Fitness Band 14,Wearables,Fitness Band,66.23,High Demand + High Problem,55.0
P0370,battery,22,Tablet 370,Mobile,Tablet,66.09,High Demand + High Problem,55.0
P0398,quality,22,Wireless Earbuds 398,Audio,Wireless Earbuds,64.63,High Demand + High Problem,55.0
P0336,battery,22,Tablet 336,Mobile,Tablet,63.36,High Demand + High Problem,55.0
P0463,quality,22,Air Purifier 463,Home Appliances,Air Purifier,62.98,Moderate,55.0
P0121,quality,22,Fitness Band 121,Wearables,Fitness Band,61.96,Moderate,55.0
P0056,performance,22,Analog Watch 56,Watches,Analog Watch,61.72,Moderate,55.0
P0409,quality,22,Analog Watch 409,Watches,Analog Watch,61.53,Moderate,55.0
P0372,quality,22,Smart Watch 372,Watches,Smart Watch,60.78,Moderate,55.0
P0059,battery,22,Air Purifier 59,Home Appliances,Air Purifier,59.83,Moderate,55.0
P0140,battery,22,Smartphone 140,Mobile,Smartphone,59.51,Moderate,55.0
P0155,battery,22,Tablet 155,Mobile,Tablet,59.26,Moderate,55.0
P0122,battery,22,Smart Fan 122,Home Appliances,Smart Fan,58.33,Moderate,55.0
P0478,battery,22,Smart Fan 478,Home Appliances,Smart Fan,57.74,Moderate,55.0
P0420,battery,22,Smart Ring 420,Wearables,Smart Ring,57.69,Moderate,55.0
P0346,quality,22,Smart Ring 346,Wearables,Smart Ring,57.55,Moderate,55.0
P0286,quality,22,Fitness Band 286,Wearables,Fitness Band,56.67,Moderate,55.0
P0006,performance,22,Headphones 6,Audio,Headphones,56.59,Moderate,55.0
P0253,quality,22,Bluetooth Speaker 253,Audio,Bluetooth Speaker,55.11,Moderate,55.0
P0021,battery,22,Wireless Earbuds 21,Audio,Wireless Earbuds,54.7,Moderate,55.0
P0197,battery,22,Fitness Band 197,Wearables,Fitness Band,54.0,Moderate,55.0
P0197,performance,22,Fitness Band 197,Wearables,Fitness Band,54.0,Moderate,55.0
P0085,quality,22,Fitness Band 85,Wearables,Fitness Band,53.82,Low Demand + High Problem,55.0
P0418,battery,22,Smart Fan 418,Home Appliances,Smart Fan,53.57,Moderate,55.0
P0223,quality,22,Smartphone 223,Mobile,Smartphone,53.09,Moderate,55.0
P0279,performance,22,Tablet 279,Mobile,Tablet,52.96,Low Demand + High Problem,55.0
P0278,battery,22,Tablet 278,Mobile,Tablet,51.56,Moderate,55.0
P0160,performance,22,Smart Fan 160,Home Appliances,Smart Fan,51.52,Low Demand + High Problem,55.0
P0469,quality,22,Smart Ring 469,Wearables,Smart Ring,51.5,Moderate,55.0
P0134,battery,22,Smartphone 134,Mobile,Smartphone,50.27,Low Demand + High Problem,55.0
P0134,performance,22,Smartphone 134,Mobile,Smartphone,50.27,Low Demand + High Problem,55.0
P0446,battery,22,Tablet 446,Mobile,Tablet,49.88,Moderate,55.0
P0357,battery,22,Tablet 357,Mobile,Tablet,49.0,Moderate,55.0
P0213,battery,22,Wireless Earbuds 213,Audio,Wireless Earbuds,48.11,Low Demand + High Problem,55.0
P0030,quality,22,Tablet 30,Mobile,Tablet,47.76,Moderate,55.0
P0145,quality,22,Fitness Band 145,Wearables,Fitness Band,47.62,Low Demand + High Problem,55.0
P0379,battery,22,Bluetooth Speaker 379,Audio,Bluetooth Speaker,46.26,Low Demand + High Problem,55.0
P0309,battery,22,Fitness Band 309,Wearables,Fitness Band,46.05,Low Demand + High Problem,55.0
P0309,quality,22,Fitness Band 309,Wearables,Fitness Band,46.05,Low Demand + High Problem,55.0
P0070,quality,22,Smart Watch 70,Watches,Smart Watch,45.56,Low Demand + High Problem,55.0
P0292,quality,22,Smart Fan 292,Home Appliances,Smart Fan,45.15,Low Demand + High Problem,55.0
P0335,battery,22,Headphones 335,Audio,Headphones,44.81,Low Demand + High Problem,55.0
P0118,performance,22,Bluetooth Speaker 118,Audio,Bluetooth Speaker,44.34,Low Demand + High Problem,55.0
P0118,quality,22,Bluetooth Speaker 118,Audio,Bluetooth Speaker,44.34,Low Demand + High Problem,55.0
P0013,battery,22,Smart Ring 13,Wearables,Smart Ring,42.87,Low Demand + High Problem,55.0
P0371,performance,22,Wireless Earbuds 371,Audio,Wireless Earbuds,41.38,Low Demand + High Problem,55.0
P0416,battery,22,Smart Ring 416,Wearables,Smart Ring,39.68,Moderate,55.0
P0361,battery,22,Air Purifier 361,Home Appliances,Air Purifier,39.63,Low Demand + High Problem,55.0
P0475,battery,22,Fitness Watch 475,Watches,Fitness Watch,38.81,Moderate,55.0
P0018,quality,22,Smart Ring 18,Wearables,Smart Ring,38.46,Low Demand + High Problem,55.0
P0300,quality,22,Smart Watch 300,Watches,Smart Watch,38.11,Low Demand + High Problem,55.0
P0257,quality,22,Analog Watch 257,Watches,Analog Watch,38.02,Low Demand + High Problem,55.0
P0434,battery,22,Analog Watch 434,Watches,Analog Watch,36.43,Low Demand + High Problem,55.0
P0441,battery,22,Smartphone 441,Mobile,Smartphone,34.8,Low Demand + High Problem,55.0
P0390,quality,22,Smart Light 390,Home Appliances,Smart Light,34.44,Low Demand + High Problem,55.0
P0027,quality,22,Smart Ring 27,Wearables,Smart Ring,34.28,Low Demand + High Problem,55.0
P0378,performance,22,Tablet 378,Mobile,Tablet,33.68,Low Demand + High Problem,55.0
P0445,quality,22,Bluetooth Speaker 445,Audio,Bluetooth Speaker,33.29,Moderate,55.0
P0244,quality,22,Air Purifier 244,Home Appliances,Air Purifier,32.1,Low Demand + High Problem,55.0
P0307,battery,22,Smartphone 307,Mobile,Smartphone,32.1,Low Demand + High Problem,55.0
P0235,quality,21,Smartphone 235,Mobile,Smartphone,78.93,High Demand + High Problem,52.5
P0010,performance,21,Smart Light 10,Home Appliances,Smart Light,78.49,High Demand + High Problem,52.5
P0483,performance,21,Smartphone 483,Mobile,Smartphone,77.06,High Demand + High Problem,52.5
P0099,performance,21,Bluetooth Speaker 99,Audio,Bluetooth Speaker,77.04,High Demand + High Problem,52.5
P0256,performance,21,Smartphone 256,Mobile,Smartphone,76.08,High Demand + High Problem,52.5
P0339,battery,21,Wireless Earbuds 339,Audio,Wireless Earbuds,75.81,High Demand + High Problem,52.5
P0123,quality,21,Smart Watch 123,Watches,Smart Watch,75.47,High Demand + High Problem,52.5
P0492,quality,21,Smart Ring 492,Wearables,Smart Ring,74.93,High Demand + High Problem,52.5
P0177,quality,21,Wireless Earbuds 177,Audio,Wireless Earbuds,73.15,High Demand + High Problem,52.5
P0064,battery,21,Fitness Band 64,Wearables,Fitness Band,72.23,High Demand + High Problem,52.5
P0064,quality,21,Fitness Band 64,Wearables,Fitness Band,72.23,High Demand + High Problem,52.5
P0124,quality,21,Smart Ring 124,Wearables,Smart Ring,71.44,High Demand + High Problem,52.5
P0356,battery,21,Air Purifier 356,Home Appliances,Air Purifier,71.4,High Demand + High Problem,52.5
P0146,battery,21,Air Purifier 146,Home Appliances,Air Purifier,70.93,High Demand + High Problem,52.5
P0149,quality,21,Fitness Watch 149,Watches,Fitness Watch,70.89,High Demand + High Problem,52.5
P0236,battery,21,Fitness Band 236,Wearables,Fitness Band,70.79,Moderate,52.5
P0205,battery,21,Tablet 205,Mobile,Tablet,70.49,Moderate,52.5
P0202,quality,21,Fitness Watch 202,Watches,Fitness Watch,70.42,High Demand + High Problem,52.5
P0103,battery,21,Fitness Band 103,Wearables,Fitness Band,69.29,High Demand + High Problem,52.5
P0344,performance,21,Smartphone 344,Mobile,Smartphone,68.77,High Demand + High Problem,52.5
P0344,quality,21,Smartphone 344,Mobile,Smartphone,68.77,High Demand + High Problem,52.5
P0311,battery,21,Smart Light 311,Home Appliances,Smart Light,68.11,Moderate,52.5
P0033,performance,21,Smart Watch 33,Watches,Smart Watch,67.78,High Demand + High Problem,52.5
P0288,quality,21,Smart Ring 288,Wearables,Smart Ring,67.62,High Demand + High Problem,52.5
P0163,quality,21,Smart Ring 163,Wearables,Smart Ring,67.22,Moderate,52.5
P0058,quality,21,Bluetooth Speaker 58,Audio,Bluetooth Speaker,67.21,High Demand + High Problem,52.5
P0470,quality,21,Smart Light 470,Home Appliances,Smart Light,67.01,High Demand + High Problem,52.5
P0250,performance,21,Fitness Band 250,Wearables,Fitness Band,66.68,High Demand + High Problem,52.5
P0250,quality,21,Fitness Band 250,Wearables,Fitness Band,66.68,High Demand + High Problem,52.5
P0193,battery,21,Fitness Band 193,Wearables,Fitness Band,65.23,Moderate,52.5
P0209,quality,21,Wireless Earbuds 209,Audio,Wireless Earbuds,65.11,Moderate,52.5
P0026,performance,21,Headphones 26,Audio,Headphones,64.01,High Demand + High Problem,52.5
P0340,performance,21,Fitness Band 340,Wearables,Fitness Band,63.82,Moderate,52.5
P0211,performance,21,Air Purifier 211,Home Appliances,Air Purifier,62.77,Moderate,52.5
P0454,battery,21,Smart Fan 454,Home Appliances,Smart Fan,62.76,Moderate,52.5
P0394,performance,21,Fitness Watch 394,Watches,Fitness Watch,62.27,High Demand + High Problem,52.5
P0078,battery,21,Smart Ring 78,Wearables,Smart Ring,62.24,Moderate,52.5
P0326,quality,21,Smart Watch 326,Watches,Smart Watch,62.16,High Demand + High Problem,52.5
P0220,battery,21,Smart Ring 220,Wearables,Smart Ring,61.32,High Demand + High Problem,52.5
P0212,quality,21,Smartphone 212,Mobile,Smartphone,60.35,Moderate,52.5
P0328,quality,21,Smartphone 328,Mobile,Smartphone,58.98,Moderate,52.5
P0152,quality,21,Wireless Earbuds 152,Audio,Wireless Earbuds,58.95,Moderate,52.5
P0233,battery,21,Air Purifier 233,Home Appliances,Air Purifier,58.79,Moderate,52.5
P0359,quality,21,Smart Light 359,Home Appliances,Smart Light,58.66,Moderate,52.5
P0254,performance,21,Tablet 254,Mobile,Tablet,58.33,Moderate,52.5
P0462,performance,21,Smart Ring 462,Wearables,Smart Ring,58.28,Moderate,52.5
P0218,quality,21,Tablet 218,Mobile,Tablet,58.21,Moderate,52.5
P0276,quality,21,Fitness Watch 276,Watches,Fitness Watch,57.88,Moderate,52.5
P0465,software,21,Fitness Band 465,Wearables,Fitness Band,57.58,Moderate,52.5
P0287,battery,21,Analog Watch 287,Watches,Analog Watch,56.02,Moderate,52.5
P0332,quality,21,Smart Watch 332,Watches,Smart Watch,55.9,Moderate,52.5
P0369,battery,21,Air Purifier 369,Home Appliances,Air Purifier,55.73,Moderate,52.5
P0188,performance,21,Headphones 188,Audio,Headphones,54.98,Moderate,52.5
P0188,quality,21,Headphones 188,Audio,Headphones,54.98,Moderate,52.5
P0021,quality,21,Wireless Earbuds 21,Audio,Wireless Earbuds,54.7,Moderate,52.5
P0321,quality,21,Smart Ring 321,Wearables,Smart Ring,54.26,Moderate,52.5
P0095,quality,21,Analog Watch 95,Watches,Analog Watch,54.25,Moderate,52.5
P0306,battery,21,Fitness Band 306,Wearables,Fitness Band,53.54,Moderate,52.5
P0468,quality,21,Fitness Band 468,Wearables,Fitness Band,53.34,Moderate,52.5
P0223,battery,21,Smartphone 223,Mobile,Smartphone,53.09,Moderate,52.5
P0417,quality,21,Smart Light 417,Home Appliances,Smart Light,52.69,Moderate,52.5
P0128,battery,21,Smart Light 128,Home Appliances,Smart Light,52.5,Moderate,52.5
P0083,quality,21,Air Purifier 83,Home Appliances,Air Purifier,52.12,Low Demand + High Problem,52.5
P0349,quality,21,Smart Fan 349,Home Appliances,Smart Fan,52.07,Moderate,52.5
P0337,quality,21,Analog Watch 337,Watches,Analog Watch,51.99,Low Demand + High Problem,52.5
P0045,quality,21,Smart Ring 45,Wearables,Smart Ring,51.43,Low Demand + High Problem,52.5
P0384,battery,21,Bluetooth Speaker 384,Audio,Bluetooth Speaker,50.39,Low Demand + High Problem,52.5
P0447,battery,21,Smartphone 447,Mobile,Smartphone,50.12,Low Demand + High Problem,52.5
P0320,quality,21,Smart Ring 320,Wearables,Smart Ring,49.19,Low Demand + High Problem,52.5
P0087,quality,21,Tablet 87,Mobile,Tablet,48.74,Low Demand + High Problem,52.5
P0207,battery,21,Wireless Earbuds 207,Audio,Wireless Earbuds,47.93,Low Demand + High Problem,52.5
P0022,performance,21,Analog Watch 22,Watches,Analog Watch,47.84,Low Demand + High Problem,52.5
P0038,quality,21,Tablet 38,Mobile,Tablet,47.36,Low Demand + High Problem,52.5
P0275,quality,21,Tablet 275,Mobile,Tablet,46.77,Low Demand + High Problem,52.5
P0179,quality,21,Fitness Band 179,Wearables,Fitness Band,45.59,Low Demand + High Problem,52.5
P0143,battery,21,Headphones 143,Audio,Headphones,43.94,Moderate,52.5
P0314,quality,21,Smart Light 314,Home Appliances,Smart Light,42.37,Low Demand + High Problem,52.5
P0066,quality,21,Smart Fan 66,Home Appliances,Smart Fan,42.32,Low Demand + High Problem,52.5
P0231,battery,21,Smartphone 231,Mobile,Smartphone,41.99,Moderate,52.5
P0274,quality,21,Smart Watch 274,Watches,Smart Watch,41.62,Low Demand + High Problem,52.5
P0371,battery,21,Wireless Earbuds 371,Audio,Wireless Earbuds,41.38,Low Demand + High Problem,52.5
P0181,quality,21,Smart Light 181,Home Appliances,Smart Light,41.26,Low Demand + High Problem,52.5
P0361,quality,21,Air Purifier 361,Home Appliances,Air Purifier,39.63,Low Demand + High Problem,52.5
P0151,quality,21,Smart Ring 151,Wearables,Smart Ring,39.55,Moderate,52.5
P0082,quality,21,Fitness Watch 82,Watches,Fitness Watch,38.89,Low Demand + High Problem,52.5
P0475,quality,21,Fitness Watch 475,Watches,Fitness Watch,38.81,Moderate,52.5
P0086,performance,21,Analog Watch 86,Watches,Analog Watch,37.5,Low Demand + High Problem,52.5
P0086,quality,21,Analog Watch 86,Watches,Analog Watch,37.5,Low Demand + High Problem,52.5
P0126,performance,21,Tablet 126,Mobile,Tablet,37.28,Low Demand + High Problem,52.5
P0282,quality,21,Smartphone 282,Mobile,Smartphone,37.14,Low Demand + High Problem,52.5
P0240,quality,21,Tablet 240,Mobile,Tablet,36.9,Moderate,52.5
P0436,battery,21,Wireless Earbuds 436,Audio,Wireless Earbuds,35.27,Low Demand + High Problem,52.5
P0352,battery,21,Smart Ring 352,Wearables,Smart Ring,35.1,Moderate,52.5
P0100,quality,21,Bluetooth Speaker 100,Audio,Bluetooth Speaker,34.02,Low Demand + High Problem,52.5
P0301,quality,21,Bluetooth Speaker 301,Audio,Bluetooth Speaker,32.9,Low Demand + High Problem,52.5
P0392,quality,21,Wireless Earbuds 392,Audio,Wireless Earbuds,31.69,Low Demand + High Problem,52.5
P0432,quality,21,Air Purifier 432,Home Appliances,Air Purifier,31.34,Low Demand + High Problem,52.5
P0243,quality,21,Bluetooth Speaker 243,Audio,Bluetooth Speaker,31.01,Moderate,52.5
P0386,battery,21,Smart Fan 386,Home Appliances,Smart Fan,27.09,Moderate,52.5
P0165,performance,20,Bluetooth Speaker 165,Audio,Bluetooth Speaker,75.94,High Demand + High Problem,50.0
P0339,performance,20,Wireless Earbuds 339,Audio,Wireless Earbuds,75.81,High Demand + High Problem,50.0
P0485,performance,20,Smart Watch 485,Watches,Smart Watch,73.94,High Demand + High Problem,50.0
P0374,performance,20,Headphones 374,Audio,Headphones,73.48,High Demand + High Problem,50.0
P0388,battery,20,Smart Fan 388,Home Appliances,Smart Fan,72.7,High Demand + High Problem,50.0
P0431,battery,20,Bluetooth Speaker 431,Audio,Bluetooth Speaker,71.32,Moderate,50.0
P0431,quality,20,Bluetooth Speaker 431,Audio,Bluetooth Speaker,71.32,Moderate,50.0
P0142,comfort,20,Smart Fan 142,Home Appliances,Smart Fan,70.25,High Demand + High Problem,50.0
P0007,performance,20,Tablet 7,Mobile,Tablet,69.88,Moderate,50.0
P0007,quality,20,Tablet 7,Mobile,Tablet,69.88,Moderate,50.0
P0192,quality,20,Bluetooth Speaker 192,Audio,Bluetooth Speaker,69.68,High Demand + High Problem,50.0
P0479,performance,20,Fitness Watch 479,Watches,Fitness Watch,69.04,High Demand + High Problem,50.0
P0115,quality,20,Air Purifier 115,Home Appliances,Air Purifier,68.23,High Demand + High Problem,50.0
P0043,performance,20,Tablet 43,Mobile,Tablet,66.77,High Demand + High Problem,50.0
P0334,quality,20,Fitness Band 334,Wearables,Fitness Band,66.7,High Demand + High Problem,50.0
P0376,quality,20,Smart Fan 376,Home Appliances,Smart Fan,66.23,Moderate,50.0
P0077,battery,20,Fitness Watch 77,Watches,Fitness Watch,64.66,High Demand + High Problem,50.0
P0052,battery,20,Bluetooth Speaker 52,Audio,Bluetooth Speaker,64.5,Moderate,50.0
P0308,quality,20,Smart Watch 308,Watches,Smart Watch,64.13,Moderate,50.0
P0488,quality,20,Smart Light 488,Home Appliances,Smart Light,63.84,Moderate,50.0
P0380,battery,20,Fitness Band 380,Wearables,Fitness Band,63.8,High Demand + High Problem,50.0
P0261,quality,20,Analog Watch 261,Watches,Analog Watch,62.76,Moderate,50.0
P0363,quality,20,Tablet 363,Mobile,Tablet,62.14,Moderate,50.0
P0234,performance,20,Air Purifier 234,Home Appliances,Air Purifier,62.11,High Demand + High Problem,50.0
P0285,battery,20,Smart Light 285,Home Appliances,Smart Light,60.79,Moderate,50.0
P0265,quality,20,Smart Fan 265,Home Appliances,Smart Fan,60.78,High Demand + High Problem,50.0
P0354,delivery,20,Smartphone 354,Mobile,Smartphone,59.41,Moderate,50.0
P0354,quality,20,Smartphone 354,Mobile,Smartphone,59.41,Moderate,50.0
P0294,quality,20,Smart Ring 294,Wearables,Smart Ring,58.98,Moderate,50.0
P0254,quality,20,Tablet 254,Mobile,Tablet,58.33,Moderate,50.0
P0346,battery,20,Smart Ring 346,Wearables,Smart Ring,57.55,Moderate,50.0
P0493,quality,20,Air Purifier 493,Home Appliances,Air Purifier,57.45,Moderate,50.0
P0464,battery,20,Smart Light 464,Home Appliances,Smart Light,57.22,Moderate,50.0
P0323,quality,20,Smart Watch 323,Watches,Smart Watch,56.94,Moderate,50.0
P0245,battery,20,Smart Ring 245,Wearables,Smart Ring,56.8,Moderate,50.0
P0104,quality,20,Smartphone 104,Mobile,Smartphone,56.5,Moderate,50.0
P0214,quality,20,Fitness Band 214,Wearables,Fitness Band,56.44,Moderate,50.0
P0172,quality,20,Air Purifier 172,Home Appliances,Air Purifier,56.26,Moderate,50.0
P0049,quality,20,Smart Fan 49,Home Appliances,Smart Fan,55.75,Moderate,50.0
P0369,quality,20,Air Purifier 369,Home Appliances,Air Purifier,55.73,Moderate,50.0
P0317,quality,20,Smart Light 317,Home Appliances,Smart Light,54.92,Moderate,50.0
P0063,quality,20,Fitness Band 63,Wearables,Fitness Band,53.45,Moderate,50.0
P0119,quality,20,Wireless Earbuds 119,Audio,Wireless Earbuds,53.42,Moderate,50.0
P0053,performance,20,Tablet 53,Mobile,Tablet,53.0,Moderate,50.0
P0437,performance,20,Tablet 437,Mobile,Tablet,51.82,Moderate,50.0
P0131,quality,20,Smartphone 131,Mobile,Smartphone,51.57,Moderate,50.0
P0160,quality,20,Smart Fan 160,Home Appliances,Smart Fan,51.52,Low Demand + High Problem,50.0
P0469,battery,20,Smart Ring 469,Wearables,Smart Ring,51.5,Moderate,50.0
P0219,quality,20,Smart Ring 219,Wearables,Smart Ring,50.65,Low Demand + High Problem,50.0
P0195,performance,20,Fitness Band 195,Wearables,Fitness Band,50.32,Moderate,50.0
P0303,quality,20,Fitness Watch 303,Watches,Fitness Watch,50.15,Moderate,50.0
P0098,battery,20,Analog Watch 98,Watches,Analog Watch,49.37,Moderate,50.0
P0327,quality,20,Smart Fan 327,Home Appliances,Smart Fan,48.56,Moderate,50.0
P0091,battery,20,Tablet 91,Mobile,Tablet,48.54,Low Demand + High Problem,50.0
P0168,performance,20,Smart Ring 168,Wearables,Smart Ring,48.47,Low Demand + High Problem,50.0
P0145,performance,20,Fitness Band 145,Wearables,Fitness Band,47.62,Low Demand + High Problem,50.0
P0180,battery,20,Smart Light 180,Home Appliances,Smart Light,47.23,Moderate,50.0
P0180,quality,20,Smart Light 180,Home Appliances,Smart Light,47.23,Moderate,50.0
P0422,quality,20,Tablet 422,Mobile,Tablet,46.22,Low Demand + High Problem,50.0
P0459,software,20,Smart Watch 459,Watches,Smart Watch,45.57,Low Demand + High Problem,50.0
P0136,comfort,20,Tablet 136,Mobile,Tablet,45.22,Low Demand + High Problem,50.0
P0292,performance,20,Smart Fan 292,Home Appliances,Smart Fan,45.15,Low Demand + High Problem,50.0
P0496,performance,20,Fitness Band 496,Wearables,Fitness Band,44.73,Low Demand + High Problem,50.0
P0496,quality,20,Fitness Band 496,Wearables,Fitness Band,44.73,Low Demand + High Problem,50.0
P0201,performance,20,Fitness Band 201,Wearables,Fitness Band,43.73,Low Demand + High Problem,50.0
P0489,battery,20,Headphones 489,Audio,Headphones,42.48,Moderate,50.0
P0399,quality,20,Analog Watch 399,Watches,Analog Watch,42.05,Moderate,50.0
P0093,quality,20,Tablet 93,Mobile,Tablet,41.47,Low Demand + High Problem,50.0
P0181,price,20,Smart Light 181,Home Appliances,Smart Light,41.26,Low Demand + High Problem,50.0
P0138,quality,20,Smart Fan 138,Home Appliances,Smart Fan,41.05,Low Demand + High Problem,50.0
P0416,performance,20,Smart Ring 416,Wearables,Smart Ring,39.68,Moderate,50.0
P0246,quality,20,Fitness Watch 246,Watches,Fitness Watch,39.51,Low Demand + High Problem,50.0
P0381,performance,20,Bluetooth Speaker 381,Audio,Bluetooth Speaker,38.34,Low Demand + High Problem,50.0
P0282,performance,20,Smartphone 282,Mobile,Smartphone,37.14,Low Demand + High Problem,50.0
P0448,delivery,20,Smart Fan 448,Home Appliances,Smart Fan,36.02,Low Demand + High Problem,50.0
P0364,quality,20,Bluetooth Speaker 364,Audio,Bluetooth Speaker,35.3,Low Demand + High Problem,50.0
P0355,battery,20,Analog Watch 355,Watches,Analog Watch,35.17,Moderate,50.0
P0129,battery,20,Air Purifier 129,Home Appliances,Air Purifier,35.02,Moderate,50.0
P0482,battery,20,Smartphone 482,Mobile,Smartphone,33.44,Moderate,50.0
P0410,battery,20,Analog Watch 410,Watches,Analog Watch,32.53,Moderate,50.0
P0449,quality,20,Bluetooth Speaker 449,Audio,Bluetooth Speaker,32.35,Moderate,50.0
P0366,quality,20,Air Purifier 366,Home Appliances,Air Purifier,31.61,Moderate,50.0
P0243,battery,20,Bluetooth Speaker 243,Audio,Bluetooth Speaker,31.01,Moderate,50.0
P0228,quality,20,Fitness Watch 228,Watches,Fitness Watch,30.7,Low Demand + High Problem,50.0
P0316,performance,19,Wireless Earbuds 316,Audio,Wireless Earbuds,80.09,High Demand + High Problem,47.5
P0316,quality,19,Wireless Earbuds 316,Audio,Wireless Earbuds,80.09,High Demand + High Problem,47.5
P0316,software,19,Wireless Earbuds 316,Audio,Wireless Earbuds,80.09,High Demand + High Problem,47.5
P0235,performance,19,Smartphone 235,Mobile,Smartphone,78.93,High Demand + High Problem,47.5
P0347,comfort,19,Smartphone 347,Mobile,Smartphone,78.35,High Demand + High Problem,47.5
P0347,performance,19,Smartphone 347,Mobile,Smartphone,78.35,High Demand + High Problem,47.5
P0230,battery,19,Smart Watch 230,Watches,Smart Watch,77.04,High Demand + High Problem,47.5
P0273,performance,19,Smart Ring 273,Wearables,Smart Ring,76.86,High Demand + High Problem,47.5
P0242,delivery,19,Smart Light 242,Home Appliances,Smart Light,76.46,High Demand + High Problem,47.5
P0094,quality,19,Smart Ring 94,Wearables,Smart Ring,75.53,High Demand + High Problem,47.5
P0345,performance,19,Tablet 345,Mobile,Tablet,75.09,High Demand + High Problem,47.5
P0312,quality,19,Smart Watch 312,Watches,Smart Watch,74.89,High Demand + High Problem,47.5
P0105,battery,19,Fitness Watch 105,Watches,Fitness Watch,74.12,High Demand + High Problem,47.5
P0291,battery,19,Wireless Earbuds 291,Audio,Wireless Earbuds,73.57,High Demand + High Problem,47.5
P0400,quality,19,Analog Watch 400,Watches,Analog Watch,73.08,High Demand + High Problem,47.5
P0388,quality,19,Smart Fan 388,Home Appliances,Smart Fan,72.7,High Demand + High Problem,47.5
P0229,delivery,19,Smart Light 229,Home Appliances,Smart Light,71.88,Moderate,47.5
P0269,performance,19,Smartphone 269,Mobile,Smartphone,71.85,High Demand + High Problem,47.5
P0269,quality,19,Smartphone 269,Mobile,Smartphone,71.85,High Demand + High Problem,47.5
P0203,quality,19,Smart Light 203,Home Appliances,Smart Light,71.18,Moderate,47.5
P0146,quality,19,Air Purifier 146,Home Appliances,Air Purifier,70.93,High Demand + High Problem,47.5
P0263,quality,19,Smart Light 263,Home Appliances,Smart Light,70.47,High Demand + High Problem,47.5
P0192,performance,19,Bluetooth Speaker 192,Audio,Bluetooth Speaker,69.68,High Demand + High Problem,47.5
P0248,quality,19,Headphones 248,Audio,Headphones,67.87,Moderate,47.5
P0455,quality,19,Fitness Band 455,Wearables,Fitness Band,67.7,High Demand + High Problem,47.5
P0428,battery,19,Wireless Earbuds 428,Audio,Wireless Earbuds,67.52,Moderate,47.5
P0043,quality,19,Tablet 43,Mobile,Tablet,66.77,High Demand + High Problem,47.5
P0139,performance,19,Analog Watch 139,Watches,Analog Watch,66.4,Moderate,47.5
P0156,quality,19,Wireless Earbuds 156,Audio,Wireless Earbuds,66.39,High Demand + High Problem,47.5
P0404,battery,19,Bluetooth Speaker 404,Audio,Bluetooth Speaker,66.09,Moderate,47.5
P0404,quality,19,Bluetooth Speaker 404,Audio,Bluetooth Speaker,66.09,Moderate,47.5
P0255,quality,19,Bluetooth Speaker 255,Audio,Bluetooth Speaker,65.63,Moderate,47.5
P0224,performance,19,Air Purifier 224,Home Appliances,Air Purifier,65.6,Moderate,47.5
P0199,quality,19,Smart Ring 199,Wearables,Smart Ring,64.24,High Demand + High Problem,47.5
P0191,performance,19,Headphones 191,Audio,Headphones,63.82,Moderate,47.5
P0318,comfort,19,Bluetooth Speaker 318,Audio,Bluetooth Speaker,63.38,Moderate,47.5
P0336,price,19,Tablet 336,Mobile,Tablet,63.36,High Demand + High Problem,47.5
P0329,quality,19,Wireless Earbuds 329,Audio,Wireless Earbuds,62.56,High Demand + High Problem,47.5
P0170,quality,19,Tablet 170,Mobile,Tablet,62.48,Moderate,47.5
P0326,performance,19,Smart Watch 326,Watches,Smart Watch,62.16,High Demand + High Problem,47.5
P0266,performance,19,Headphones 266,Audio,Headphones,61.02,Moderate,47.5
P0061,quality,19,Wireless Earbuds 61,Audio,Wireless Earbuds,60.52,Moderate,47.5
P0212,battery,19,Smartphone 212,Mobile,Smartphone,60.35,Moderate,47.5
P0415,performance,19,Fitness Band 415,Wearables,Fitness Band,60.25,Moderate,47.5
P0360,battery,19,Analog Watch 360,Watches,Analog Watch,60.06,Moderate,47.5
P0360,quality,19,Analog Watch 360,Watches,Analog Watch,60.06,Moderate,47.5
P0487,battery,19,Air Purifier 487,Home Appliances,Air Purifier,59.72,Moderate,47.5
P0487,quality,19,Air Purifier 487,Home Appliances,Air Purifier,59.72,Moderate,47.5
P0088,quality,19,Air Purifier 88,Home Appliances,Air Purifier,59.64,Moderate,47.5
P0140,performance,19,Smartphone 140,Mobile,Smartphone,59.51,Moderate,47.5
P0152,battery,19,Wireless Earbuds 152,Audio,Wireless Earbuds,58.95,Moderate,47.5
P0435,quality,19,Bluetooth Speaker 435,Audio,Bluetooth Speaker,58.93,Moderate,47.5
P0411,quality,19,Smart Fan 411,Home Appliances,Smart Fan,58.11,Moderate,47.5
P0133,performance,19,Wireless Earbuds 133,Audio,Wireless Earbuds,57.5,Moderate,47.5
P0493,battery,19,Air Purifier 493,Home Appliances,Air Purifier,57.45,Moderate,47.5
P0102,quality,19,Smart Light 102,Home Appliances,Smart Light,57.37,Moderate,47.5
P0174,quality,19,Tablet 174,Mobile,Tablet,56.89,Moderate,47.5
P0481,performance,19,Bluetooth Speaker 481,Audio,Bluetooth Speaker,56.46,Moderate,47.5
P0166,quality,19,Smart Ring 166,Wearables,Smart Ring,56.03,Moderate,47.5
P0005,performance,19,Air Purifier 5,Home Appliances,Air Purifier,56.0,Moderate,47.5
P0369,price,19,Air Purifier 369,Home Appliances,Air Purifier,55.73,Moderate,47.5
P0458,quality,19,Headphones 458,Audio,Headphones,55.69,Moderate,47.5
P0402,quality,19,Wireless Earbuds 402,Audio,Wireless Earbuds,54.48,Moderate,47.5
P0439,quality,19,Smartphone 439,Mobile,Smartphone,54.06,Moderate,47.5
P0468,performance,19,Fitness Band 468,Wearables,Fitness Band,53.34,Moderate,47.5
P0041,performance,19,Headphones 41,Audio,Headphones,52.99,Low Demand + High Problem,47.5
P0189,battery,19,Smartphone 189,Mobile,Smartphone,52.29,Moderate,47.5
P0319,quality,19,Smart Ring 319,Wearables,Smart Ring,52.07,Moderate,47.5
P0278,quality,19,Tablet 278,Mobile,Tablet,51.56,Moderate,47.5
P0045,performance,19,Smart Ring 45,Wearables,Smart Ring,51.43,Low Demand + High Problem,47.5
P0042,software,19,Smart Watch 42,Watches,Smart Watch,50.48,Low Demand + High Problem,47.5
P0384,quality,19,Bluetooth Speaker 384,Audio,Bluetooth Speaker,50.39,Low Demand + High Problem,47.5
P0195,quality,19,Fitness Band 195,Wearables,Fitness Band,50.32,Moderate,47.5
P0035,software,19,Smartphone 35,Mobile,Smartphone,49.93,Low Demand + High Problem,47.5
P0060,battery,19,Smartphone 60,Mobile,Smartphone,49.75,Moderate,47.5
P0467,battery,19,Air Purifier 467,Home Appliances,Air Purifier,49.59,Moderate,47.5
P0247,battery,19,Bluetooth Speaker 247,Audio,Bluetooth Speaker,49.06,Moderate,47.5
P0114,price,19,Smart Light 114,Home Appliances,Smart Light,49.0,Low Demand + High Problem,47.5
P0348,quality,19,Analog Watch 348,Watches,Analog Watch,48.9,Low Demand + High Problem,47.5
P0327,battery,19,Smart Fan 327,Home Appliances,Smart Fan,48.56,Moderate,47.5
P0327,performance,19,Smart Fan 327,Home Appliances,Smart Fan,48.56,Moderate,47.5
P0284,performance,19,Wireless Earbuds 284,Audio,Wireless Earbuds,48.29,Low Demand + High Problem,47.5
P0284,quality,19,Wireless Earbuds 284,Audio,Wireless Earbuds,48.29,Low Demand + High Problem,47.5
P0207,quality,19,Wireless Earbuds 207,Audio,Wireless Earbuds,47.93,Low Demand + High Problem,47.5
P0310,performance,19,Fitness Band 310,Wearables,Fitness Band,47.79,Low Demand + High Problem,47.5
P0079,quality,19,Smartphone 79,Mobile,Smartphone,47.1,Low Demand + High Problem,47.5
P0067,battery,19,Smart Fan 67,Home Appliances,Smart Fan,47.01,Low Demand + High Problem,47.5
P0408,quality,19,Smartphone 408,Mobile,Smartphone,46.53,Low Demand + High Problem,47.5
P0226,performance,19,Bluetooth Speaker 226,Audio,Bluetooth Speaker,45.76,Low Demand + High Problem,47.5
P0015,battery,19,Smart Ring 15,Wearables,Smart Ring,45.62,Moderate,47.5
P0071,battery,19,Smart Watch 71,Watches,Smart Watch,45.6,Moderate,47.5
P0070,price,19,Smart Watch 70,Watches,Smart Watch,45.56,Low Demand + High Problem,47.5
P0136,quality,19,Tablet 136,Mobile,Tablet,45.22,Low Demand + High Problem,47.5
P0004,battery,19,Headphones 4,Audio,Headphones,44.08,Moderate,47.5
P0048,quality,19,Smart Watch 48,Watches,Smart Watch,42.55,Low Demand + High Problem,47.5
P0489,quality,19,Headphones 489,Audio,Headphones,42.48,Moderate,47.5
P0414,battery,19,Wireless Earbuds 414,Audio,Wireless Earbuds,42.47,Low Demand + High Problem,47.5
P0089,quality,19,Fitness Band 89,Wearables,Fitness Band,41.58,Low Demand + High Problem,47.5
P0181,performance,19,Smart Light 181,Home Appliances,Smart Light,41.26,Low Demand + High Problem,47.5
P0260,quality,19,Headphones 260,Audio,Headphones,40.65,Low Demand + High Problem,47.5
P0090,quality,19,Smartphone 90,Mobile,Smartphone,40.21,Low Demand + High Problem,47.5
P0397,performance,19,Fitness Band 397,Wearables,Fitness Band,40.2,Low Demand + High Problem,47.5
P0325,quality,19,Tablet 325,Mobile,Tablet,40.0,Moderate,47.5
P0024,performance,19,Fitness Band 24,Wearables,Fitness Band,39.68,Low Demand + High Problem,47.5
P0416,quality,19,Smart Ring 416,Wearables,Smart Ring,39.68,Moderate,47.5
P0387,performance,19,Fitness Band 387,Wearables,Fitness Band,39.05,Low Demand + High Problem,47.5
P0393,performance,19,Analog Watch 393,Watches,Analog Watch,38.29,Low Demand + High Problem,47.5
P0403,quality,19,Smart Watch 403,Watches,Smart Watch,38.02,Low Demand + High Problem,47.5
P0282,battery,19,Smartphone 282,Mobile,Smartphone,37.14,Low Demand + High Problem,47.5
P0434,performance,19,Analog Watch 434,Watches,Analog Watch,36.43,Low Demand + High Problem,47.5
P0322,software,19,Smart Watch 322,Watches,Smart Watch,36.05,Low Demand + High Problem,47.5
P0443,battery,19,Wireless Earbuds 443,Audio,Wireless Earbuds,35.69,Moderate,47.5
P0249,quality,19,Smart Light 249,Home Appliances,Smart Light,35.46,Moderate,47.5
P0364,battery,19,Bluetooth Speaker 364,Audio,Bluetooth Speaker,35.3,Low Demand + High Problem,47.5
P0355,quality,19,Analog Watch 355,Watches,Analog Watch,35.17,Moderate,47.5
P0441,quality,19,Smartphone 441,Mobile,Smartphone,34.8,Low Demand + High Problem,47.5
P0472,quality,19,Smartphone 472,Mobile,Smartphone,34.7,Moderate,47.5
P0159,quality,19,Analog Watch 159,Watches,Analog Watch,34.37,Moderate,47.5
P0031,quality,19,Fitness Band 31,Wearables,Fitness Band,34.34,Moderate,47.5
P0290,battery,19,Fitness Band 290,Wearables,Fitness Band,33.81,Low Demand + High Problem,47.5
P0290,quality,19,Fitness Band 290,Wearables,Fitness Band,33.81,Low Demand + High Problem,47.5
P0482,performance,19,Smartphone 482,Mobile,Smartphone,33.44,Moderate,47.5
P0410,quality,19,Analog Watch 410,Watches,Analog Watch,32.53,Moderate,47.5
P0068,quality,19,Headphones 68,Audio,Headphones,32.07,Low Demand + High Problem,47.5
P0438,quality,19,Fitness Band 438,Wearables,Fitness Band,31.61,Moderate,47.5
P0432,battery,19,Air Purifier 432,Home Appliances,Air Purifier,31.34,Low Demand + High Problem,47.5
P0099,battery,18,Bluetooth Speaker 99,Audio,Bluetooth Speaker,77.04,High Demand + High Problem,45.0
P0230,comfort,18,Smart Watch 230,Watches,Smart Watch,77.04,High Demand + High Problem,45.0
P0419,performance,18,Fitness Band 419,Wearables,Fitness Band,76.83,High Demand + High Problem,45.0
P0339,quality,18,Wireless Earbuds 339,Audio,Wireless Earbuds,75.81,High Demand + High Problem,45.0
P0123,performance,18,Smart Watch 123,Watches,Smart Watch,75.47,High Demand + High Problem,45.0
P0413,performance,18,Smart Watch 413,Watches,Smart Watch,73.99,Moderate,45.0
P0374,software,18,Headphones 374,Audio,Headphones,73.48,High Demand + High Problem,45.0
P0388,performance,18,Smart Fan 388,Home Appliances,Smart Fan,72.7,High Demand + High Problem,45.0
P0062,battery,18,Tablet 62,Mobile,Tablet,71.93,Moderate,45.0
P0008,price,18,Headphones 8,Audio,Headphones,71.78,High Demand + High Problem,45.0
P0389,performance,18,Fitness Watch 389,Watches,Fitness Watch,71.47,High Demand + High Problem,45.0
P0032,quality,18,Smartphone 32,Mobile,Smartphone,70.5,High Demand + High Problem,45.0
P0205,software,18,Tablet 205,Mobile,Tablet,70.49,Moderate,45.0
P0142,performance,18,Smart Fan 142,Home Appliances,Smart Fan,70.25,High Demand + High Problem,45.0
P0103,performance,18,Fitness Band 103,Wearables,Fitness Band,69.29,High Demand + High Problem,45.0
P0331,battery,18,Smart Ring 331,Wearables,Smart Ring,68.58,High Demand + High Problem,45.0
P0497,quality,18,Smart Ring 497,Wearables,Smart Ring,68.43,High Demand + High Problem,45.0
P0161,battery,18,Smartphone 161,Mobile,Smartphone,67.95,High Demand + High Problem,45.0
P0248,performance,18,Headphones 248,Audio,Headphones,67.87,Moderate,45.0
P0288,performance,18,Smart Ring 288,Wearables,Smart Ring,67.62,High Demand + High Problem,45.0
P0163,battery,18,Smart Ring 163,Wearables,Smart Ring,67.22,Moderate,45.0
P0058,software,18,Bluetooth Speaker 58,Audio,Bluetooth Speaker,67.21,High Demand + High Problem,45.0
P0341,performance,18,Smart Watch 341,Watches,Smart Watch,66.93,Moderate,45.0
P0154,battery,18,Smart Fan 154,Home Appliances,Smart Fan,66.36,High Demand + High Problem,45.0
P0154,quality,18,Smart Fan 154,Home Appliances,Smart Fan,66.36,High Demand + High Problem,45.0
P0224,battery,18,Air Purifier 224,Home Appliances,Air Purifier,65.6,Moderate,45.0
P0186,performance,18,Smart Ring 186,Wearables,Smart Ring,65.58,High Demand + High Problem,45.0
P0193,quality,18,Fitness Band 193,Wearables,Fitness Band,65.23,Moderate,45.0
P0209,battery,18,Wireless Earbuds 209,Audio,Wireless Earbuds,65.11,Moderate,45.0
P0052,quality,18,Bluetooth Speaker 52,Audio,Bluetooth Speaker,64.5,Moderate,45.0
P0440,performance,18,Fitness Band 440,Wearables,Fitness Band,63.98,High Demand + High Problem,45.0
P0440,quality,18,Fitness Band 440,Wearables,Fitness Band,63.98,High Demand + High Problem,45.0
P0380,performance,18,Fitness Band 380,Wearables,Fitness Band,63.8,High Demand + High Problem,45.0
P0380,quality,18,Fitness Band 380,Wearables,Fitness Band,63.8,High Demand + High Problem,45.0
P0380,software,18,Fitness Band 380,Wearables,Fitness Band,63.8,High Demand + High Problem,45.0
P0012,quality,18,Fitness Band 12,Wearables,Fitness Band,63.02,High Demand + High Problem,45.0
P0463,performance,18,Air Purifier 463,Home Appliances,Air Purifier,62.98,Moderate,45.0
P0125,performance,18,Air Purifier 125,Home Appliances,Air Purifier,61.54,Moderate,45.0
P0358,quality,18,Bluetooth Speaker 358,Audio,Bluetooth Speaker,61.14,Moderate,45.0
P0285,performance,18,Smart Light 285,Home Appliances,Smart Light,60.79,Moderate,45.0
P0353,quality,18,Analog Watch 353,Watches,Analog Watch,60.67,Moderate,45.0
P0433,quality,18,Smart Fan 433,Home Appliances,Smart Fan,60.2,Moderate,45.0
P0487,performance,18,Air Purifier 487,Home Appliances,Air Purifier,59.72,Moderate,45.0
P0270,quality,18,Smart Watch 270,Watches,Smart Watch,59.26,Moderate,45.0
P0227,quality,18,Smart Ring 227,Wearables,Smart Ring,59.09,Moderate,45.0
P0122,quality,18,Smart Fan 122,Home Appliances,Smart Fan,58.33,Moderate,45.0
P0122,software,18,Smart Fan 122,Home Appliances,Smart Fan,58.33,Moderate,45.0
P0302,quality,18,Bluetooth Speaker 302,Audio,Bluetooth Speaker,58.13,Moderate,45.0
P0465,battery,18,Fitness Band 465,Wearables,Fitness Band,57.58,Moderate,45.0
P0287,performance,18,Analog Watch 287,Watches,Analog Watch,56.02,Moderate,45.0
P0456,performance,18,Bluetooth Speaker 456,Audio,Bluetooth Speaker,55.64,Moderate,45.0
P0238,battery,18,Air Purifier 238,Home Appliances,Air Purifier,54.77,Moderate,45.0
P0424,performance,18,Smart Ring 424,Wearables,Smart Ring,53.26,Moderate,45.0
P0351,quality,18,Tablet 351,Mobile,Tablet,52.67,Moderate,45.0
P0128,quality,18,Smart Light 128,Home Appliances,Smart Light,52.5,Moderate,45.0
P0083,performance,18,Air Purifier 83,Home Appliances,Air Purifier,52.12,Low Demand + High Problem,45.0
P0425,battery,18,Fitness Watch 425,Watches,Fitness Watch,51.64,Moderate,45.0
P0425,quality,18,Fitness Watch 425,Watches,Fitness Watch,51.64,Moderate,45.0
P0278,performance,18,Tablet 278,Mobile,Tablet,51.56,Moderate,45.0
P0065,performance,18,Smart Ring 65,Wearables,Smart Ring,51.44,Moderate,45.0
P0169,battery,18,Analog Watch 169,Watches,Analog Watch,50.87,Moderate,45.0
P0195,battery,18,Fitness Band 195,Wearables,Fitness Band,50.32,Moderate,45.0
P0134,quality,18,Smartphone 134,Mobile,Smartphone,50.27,Low Demand + High Problem,45.0
P0303,comfort,18,Fitness Watch 303,Watches,Fitness Watch,50.15,Moderate,45.0
P0447,quality,18,Smartphone 447,Mobile,Smartphone,50.12,Low Demand + High Problem,45.0
P0446,quality,18,Tablet 446,Mobile,Tablet,49.88,Moderate,45.0
P0060,quality,18,Smartphone 60,Mobile,Smartphone,49.75,Moderate,45.0
P0320,performance,18,Smart Ring 320,Wearables,Smart Ring,49.19,Low Demand + High Problem,45.0
P0357,performance,18,Tablet 357,Mobile,Tablet,49.0,Moderate,45.0
P0087,performance,18,Tablet 87,Mobile,Tablet,48.74,Low Demand + High Problem,45.0
P0215,quality,18,Smart Light 215,Home Appliances,Smart Light,48.63,Moderate,45.0
P0367,quality,18,Smart Fan 367,Home Appliances,Smart Fan,48.31,Moderate,45.0
P0022,quality,18,Analog Watch 22,Watches,Analog Watch,47.84,Low Demand + High Problem,45.0
P0176,quality,18,Smart Light 176,Home Appliances,Smart Light,47.62,Low Demand + High Problem,45.0
P0038,performance,18,Tablet 38,Mobile,Tablet,47.36,Low Demand + High Problem,45.0
P0204,quality,18,Wireless Earbuds 204,Audio,Wireless Earbuds,47.09,Moderate,45.0
P0067,performance,18,Smart Fan 67,Home Appliances,Smart Fan,47.01,Low Demand + High Problem,45.0
P0379,performance,18,Bluetooth Speaker 379,Audio,Bluetooth Speaker,46.26,Low Demand + High Problem,45.0
P0309,performance,18,Fitness Band 309,Wearables,Fitness Band,46.05,Low Demand + High Problem,45.0
P0459,performance,18,Smart Watch 459,Watches,Smart Watch,45.57,Low Demand + High Problem,45.0
P0070,performance,18,Smart Watch 70,Watches,Smart Watch,45.56,Low Demand + High Problem,45.0
P0350,performance,18,Analog Watch 350,Watches,Analog Watch,44.92,Low Demand + High Problem,45.0
P0333,price,18,Smart Light 333,Home Appliances,Smart Light,44.55,Low Demand + High Problem,45.0
P0457,battery,18,Air Purifier 457,Home Appliances,Air Purifier,43.58,Low Demand + High Problem,45.0
P0343,performance,18,Tablet 343,Mobile,Tablet,43.06,Low Demand + High Problem,45.0
P0399,battery,18,Analog Watch 399,Watches,Analog Watch,42.05,Moderate,45.0
P0231,quality,18,Smartphone 231,Mobile,Smartphone,41.99,Moderate,45.0
P0157,quality,18,Smartphone 157,Mobile,Smartphone,41.97,Low Demand + High Problem,45.0
P0190,battery,18,Smart Light 190,Home Appliances,Smart Light,41.53,Low Demand + High Problem,45.0
P0019,delivery,18,Fitness Watch 19,Watches,Fitness Watch,41.05,Low Demand + High Problem,45.0
P0019,quality,18,Fitness Watch 19,Watches,Fitness Watch,41.05,Low Demand + High Problem,45.0
P0034,quality,18,Bluetooth Speaker 34,Audio,Bluetooth Speaker,40.56,Moderate,45.0
P0461,quality,18,Headphones 461,Audio,Headphones,40.5,Low Demand + High Problem,45.0
P0277,quality,18,Smartphone 277,Mobile,Smartphone,39.7,Low Demand + High Problem,45.0
P0251,battery,18,Fitness Band 251,Wearables,Fitness Band,39.32,Moderate,45.0
P0167,performance,18,Fitness Watch 167,Watches,Fitness Watch,38.98,Moderate,45.0
P0426,quality,18,Headphones 426,Audio,Headphones,38.77,Moderate,45.0
P0018,performance,18,Smart Ring 18,Wearables,Smart Ring,38.46,Low Demand + High Problem,45.0
P0324,performance,18,Air Purifier 324,Home Appliances,Air Purifier,38.41,Low Demand + High Problem,45.0
P0381,quality,18,Bluetooth Speaker 381,Audio,Bluetooth Speaker,38.34,Low Demand + High Problem,45.0
P0403,battery,18,Smart Watch 403,Watches,Smart Watch,38.02,Low Demand + High Problem,45.0
P0037,performance,18,Analog Watch 37,Watches,Analog Watch,37.3,Low Demand + High Problem,45.0
P0126,quality,18,Tablet 126,Mobile,Tablet,37.28,Low Demand + High Problem,45.0
P0187,quality,18,Bluetooth Speaker 187,Audio,Bluetooth Speaker,36.59,Low Demand + High Problem,45.0
P0322,quality,18,Smart Watch 322,Watches,Smart Watch,36.05,Low Demand + High Problem,45.0
P0054,battery,18,Wireless Earbuds 54,Audio,Wireless Earbuds,35.48,Low Demand + High Problem,45.0
P0436,performance,18,Wireless Earbuds 436,Audio,Wireless Earbuds,35.27,Low Demand + High Problem,45.0
P0355,performance,18,Analog Watch 355,Watches,Analog Watch,35.17,Moderate,45.0
P0129,performance,18,Air Purifier 129,Home Appliances,Air Purifier,35.02,Moderate,45.0
P0046,performance,18,Bluetooth Speaker 46,Audio,Bluetooth Speaker,34.94,Low Demand + High Problem,45.0
P0472,comfort,18,Smartphone 472,Mobile,Smartphone,34.7,Moderate,45.0
P0390,performance,18,Smart Light 390,Home Appliances,Smart Light,34.44,Low Demand + High Problem,45.0
P0027,battery,18,Smart Ring 27,Wearables,Smart Ring,34.28,Low Demand + High Problem,45.0
P0290,price,18,Fitness Band 290,Wearables,Fitness Band,33.81,Low Demand + High Problem,45.0
P0480,quality,18,Headphones 480,Audio,Headphones,32.56,Low Demand + High Problem,45.0
P0449,performance,18,Bluetooth Speaker 449,Audio,Bluetooth Speaker,32.35,Moderate,45.0
P0338,delivery,17,Wireless Earbuds 338,Audio,Wireless Earbuds,77.17,High Demand + High Problem,42.5
P0273,quality,17,Smart Ring 273,Wearables,Smart Ring,76.86,High Demand + High Problem,42.5
P0242,battery,17,Smart Light 242,Home Appliances,Smart Light,76.46,High Demand + High Problem,42.5
P0047,quality,17,Smart Fan 47,Home Appliances,Smart Fan,76.37,High Demand + High Problem,42.5
P0256,quality,17,Smartphone 256,Mobile,Smartphone,76.08,High Demand + High Problem,42.5
P0105,performance,17,Fitness Watch 105,Watches,Fitness Watch,74.12,High Demand + High Problem,42.5
P0413,quality,17,Smart Watch 413,Watches,Smart Watch,73.99,Moderate,42.5
P0466,performance,17,Smart Fan 466,Home Appliances,Smart Fan,73.63,High Demand + High Problem,42.5
P0466,quality,17,Smart Fan 466,Home Appliances,Smart Fan,73.63,High Demand + High Problem,42.5
P0069,quality,17,Headphones 69,Audio,Headphones,72.94,High Demand + High Problem,42.5
P0283,quality,17,Headphones 283,Audio,Headphones,72.42,High Demand + High Problem,42.5
P0471,performance,17,Bluetooth Speaker 471,Audio,Bluetooth Speaker,72.23,High Demand + High Problem,42.5
P0471,quality,17,Bluetooth Speaker 471,Audio,Bluetooth Speaker,72.23,High Demand + High Problem,42.5
P0229,battery,17,Smart Light 229,Home Appliances,Smart Light,71.88,Moderate,42.5
P0124,performance,17,Smart Ring 124,Wearables,Smart Ring,71.44,High Demand + High Problem,42.5
P0110,delivery,17,Smart Ring 110,Wearables,Smart Ring,70.92,High Demand + High Problem,42.5
P0149,performance,17,Fitness Watch 149,Watches,Fitness Watch,70.89,High Demand + High Problem,42.5
P0304,quality,17,Bluetooth Speaker 304,Audio,Bluetooth Speaker,70.79,High Demand + High Problem,42.5
P0281,price,17,Smart Ring 281,Wearables,Smart Ring,70.25,High Demand + High Problem,42.5
P0007,battery,17,Tablet 7,Mobile,Tablet,69.88,Moderate,42.5
P0331,quality,17,Smart Ring 331,Wearables,Smart Ring,68.58,High Demand + High Problem,42.5
P0161,quality,17,Smartphone 161,Mobile,Smartphone,67.95,High Demand + High Problem,42.5
P0334,battery,17,Fitness Band 334,Wearables,Fitness Band,66.7,High Demand + High Problem,42.5
P0014,battery,17,Fitness Band 14,Wearables,Fitness Band,66.23,High Demand + High Problem,42.5
P0365,performance,17,Smart Ring 365,Wearables,Smart Ring,65.13,High Demand + High Problem,42.5
P0183,performance,17,Wireless Earbuds 183,Audio,Wireless Earbuds,63.35,Moderate,42.5
P0268,quality,17,Fitness Band 268,Wearables,Fitness Band,63.34,Moderate,42.5
P0373,quality,17,Smartphone 373,Mobile,Smartphone,63.2,High Demand + High Problem,42.5
P0232,battery,17,Smart Ring 232,Wearables,Smart Ring,62.71,Moderate,42.5
P0220,quality,17,Smart Ring 220,Wearables,Smart Ring,61.32,High Demand + High Problem,42.5
P0358,performance,17,Bluetooth Speaker 358,Audio,Bluetooth Speaker,61.14,Moderate,42.5
P0486,battery,17,Tablet 486,Mobile,Tablet,60.85,Moderate,42.5
P0061,performance,17,Wireless Earbuds 61,Audio,Wireless Earbuds,60.52,Moderate,42.5
P0059,performance,17,Air Purifier 59,Home Appliances,Air Purifier,59.83,Moderate,42.5
P0407,quality,17,Fitness Band 407,Wearables,Fitness Band,59.66,Moderate,42.5
P0427,quality,17,Analog Watch 427,Watches,Analog Watch,59.06,Moderate,42.5
P0294,performance,17,Smart Ring 294,Wearables,Smart Ring,58.98,Moderate,42.5
P0233,delivery,17,Air Purifier 233,Home Appliances,Air Purifier,58.79,Moderate,42.5
P0233,quality,17,Air Purifier 233,Home Appliances,Air Purifier,58.79,Moderate,42.5
P0092,delivery,17,Fitness Band 92,Wearables,Fitness Band,58.71,Moderate,42.5
P0092,quality,17,Fitness Band 92,Wearables,Fitness Band,58.71,Moderate,42.5
P0462,quality,17,Smart Ring 462,Wearables,Smart Ring,58.28,Moderate,42.5
P0302,performance,17,Bluetooth Speaker 302,Audio,Bluetooth Speaker,58.13,Moderate,42.5
P0200,software,17,Bluetooth Speaker 200,Audio,Bluetooth Speaker,57.33,Moderate,42.5
P0323,performance,17,Smart Watch 323,Watches,Smart Watch,56.94,Moderate,42.5
P0245,performance,17,Smart Ring 245,Wearables,Smart Ring,56.8,Moderate,42.5
P0006,battery,17,Headphones 6,Audio,Headphones,56.59,Moderate,42.5
P0267,quality,17,Smartphone 267,Mobile,Smartphone,56.54,Moderate,42.5
P0481,price,17,Bluetooth Speaker 481,Audio,Bluetooth Speaker,56.46,Moderate,42.5
P0481,quality,17,Bluetooth Speaker 481,Audio,Bluetooth Speaker,56.46,Moderate,42.5
P0166,comfort,17,Smart Ring 166,Wearables,Smart Ring,56.03,Moderate,42.5
P0442,performance,17,Smartphone 442,Mobile,Smartphone,55.81,Moderate,42.5
P0442,quality,17,Smartphone 442,Mobile,Smartphone,55.81,Moderate,42.5
P0021,performance,17,Wireless Earbuds 21,Audio,Wireless Earbuds,54.7,Moderate,42.5
P0494,quality,17,Fitness Watch 494,Watches,Fitness Watch,54.27,Moderate,42.5
P0452,performance,17,Bluetooth Speaker 452,Audio,Bluetooth Speaker,54.22,Moderate,42.5
P0252,quality,17,Smartphone 252,Mobile,Smartphone,54.1,Moderate,42.5
P0128,delivery,17,Smart Light 128,Home Appliances,Smart Light,52.5,Moderate,42.5
P0128,performance,17,Smart Light 128,Home Appliances,Smart Light,52.5,Moderate,42.5
P0065,quality,17,Smart Ring 65,Wearables,Smart Ring,51.44,Moderate,42.5
P0453,performance,17,Smartphone 453,Mobile,Smartphone,51.37,Low Demand + High Problem,42.5
P0042,quality,17,Smart Watch 42,Watches,Smart Watch,50.48,Low Demand + High Problem,42.5
P0035,performance,17,Smartphone 35,Mobile,Smartphone,49.93,Low Demand + High Problem,42.5
P0348,performance,17,Analog Watch 348,Watches,Analog Watch,48.9,Low Demand + High Problem,42.5
P0305,performance,17,Fitness Band 305,Wearables,Fitness Band,48.85,Low Demand + High Problem,42.5
P0148,quality,17,Analog Watch 148,Watches,Analog Watch,48.76,Low Demand + High Problem,42.5
P0213,software,17,Wireless Earbuds 213,Audio,Wireless Earbuds,48.11,Low Demand + High Problem,42.5
P0079,performance,17,Smartphone 79,Mobile,Smartphone,47.1,Low Demand + High Problem,42.5
P0204,battery,17,Wireless Earbuds 204,Audio,Wireless Earbuds,47.09,Moderate,42.5
P0395,comfort,17,Analog Watch 395,Watches,Analog Watch,46.98,Low Demand + High Problem,42.5
P0395,quality,17,Analog Watch 395,Watches,Analog Watch,46.98,Low Demand + High Problem,42.5
P0275,performance,17,Tablet 275,Mobile,Tablet,46.77,Low Demand + High Problem,42.5
P0408,performance,17,Smartphone 408,Mobile,Smartphone,46.53,Low Demand + High Problem,42.5
P0401,battery,17,Headphones 401,Audio,Headphones,46.12,Low Demand + High Problem,42.5
P0401,performance,17,Headphones 401,Audio,Headphones,46.12,Low Demand + High Problem,42.5
P0401,quality,17,Headphones 401,Audio,Headphones,46.12,Low Demand + High Problem,42.5
P0175,quality,17,Fitness Band 175,Wearables,Fitness Band,45.82,Low Demand + High Problem,42.5
P0015,quality,17,Smart Ring 15,Wearables,Smart Ring,45.62,Moderate,42.5
P0241,performance,17,Wireless Earbuds 241,Audio,Wireless Earbuds,43.72,Low Demand + High Problem,42.5
P0158,quality,17,Smartphone 158,Mobile,Smartphone,42.65,Low Demand + High Problem,42.5
P0274,performance,17,Smart Watch 274,Watches,Smart Watch,41.62,Low Demand + High Problem,42.5
P0019,performance,17,Fitness Watch 19,Watches,Fitness Watch,41.05,Low Demand + High Problem,42.5
P0101,performance,17,Bluetooth Speaker 101,Audio,Bluetooth Speaker,40.33,Low Demand + High Problem,42.5
P0444,battery,17,Fitness Band 444,Wearables,Fitness Band,40.24,Moderate,42.5
P0185,software,17,Smart Ring 185,Wearables,Smart Ring,39.75,Low Demand + High Problem,42.5
P0024,quality,17,Fitness Band 24,Wearables,Fitness Band,39.68,Low Demand + High Problem,42.5
P0246,performance,17,Fitness Watch 246,Watches,Fitness Watch,39.51,Low Demand + High Problem,42.5
P0251,comfort,17,Fitness Band 251,Wearables,Fitness Band,39.32,Moderate,42.5
P0313,quality,17,Smart Watch 313,Watches,Smart Watch,37.79,Low Demand + High Problem,42.5
P0210,quality,17,Tablet 210,Mobile,Tablet,37.01,Low Demand + High Problem,42.5
P0112,performance,17,Smart Light 112,Home Appliances,Smart Light,36.83,Low Demand + High Problem,42.5
P0396,quality,17,Fitness Watch 396,Watches,Fitness Watch,36.72,Low Demand + High Problem,42.5
P0137,quality,17,Analog Watch 137,Watches,Analog Watch,35.85,Low Demand + High Problem,42.5
P0249,battery,17,Smart Light 249,Home Appliances,Smart Light,35.46,Moderate,42.5
P0249,performance,17,Smart Light 249,Home Appliances,Smart Light,35.46,Moderate,42.5
P0074,delivery,17,Smart Watch 74,Watches,Smart Watch,35.16,Low Demand + High Problem,42.5
P0441,performance,17,Smartphone 441,Mobile,Smartphone,34.8,Low Demand + High Problem,42.5
P0472,battery,17,Smartphone 472,Mobile,Smartphone,34.7,Moderate,42.5
P0031,performance,17,Fitness Band 31,Wearables,Fitness Band,34.34,Moderate,42.5
P0027,delivery,17,Smart Ring 27,Wearables,Smart Ring,34.28,Low Demand + High Problem,42.5
P0378,battery,17,Tablet 378,Mobile,Tablet,33.68,Low Demand + High Problem,42.5
P0178,battery,17,Fitness Watch 178,Watches,Fitness Watch,32.69,Moderate,42.5
P0011,quality,17,Smartphone 11,Mobile,Smartphone,32.06,Moderate,42.5
P0010,delivery,16,Smart Light 10,Home Appliances,Smart Light,78.49,High Demand + High Problem,40.0
P0338,price,16,Wireless Earbuds 338,Audio,Wireless Earbuds,77.17,High Demand + High Problem,40.0
P0339,delivery,16,Wireless Earbuds 339,Audio,Wireless Earbuds,75.81,High Demand + High Problem,40.0
P0094,software,16,Smart Ring 94,Wearables,Smart Ring,75.53,High Demand + High Problem,40.0
P0400,battery,16,Analog Watch 400,Watches,Analog Watch,73.08,High Demand + High Problem,40.0
P0491,performance,16,Tablet 491,Mobile,Tablet,72.73,High Demand + High Problem,40.0
P0280,battery,16,Smartphone 280,Mobile,Smartphone,72.14,High Demand + High Problem,40.0
P0280,software,16,Smartphone 280,Mobile,Smartphone,72.14,High Demand + High Problem,40.0
P0001,performance,16,Smart Watch 1,Watches,Smart Watch,72.08,Moderate,40.0
P0001,quality,16,Smart Watch 1,Watches,Smart Watch,72.08,Moderate,40.0
P0062,performance,16,Tablet 62,Mobile,Tablet,71.93,Moderate,40.0
P0062,quality,16,Tablet 62,Mobile,Tablet,71.93,Moderate,40.0
P0150,quality,16,Tablet 150,Mobile,Tablet,71.05,High Demand + High Problem,40.0
P0009,performance,16,Wireless Earbuds 9,Audio,Wireless Earbuds,69.97,High Demand + High Problem,40.0
P0153,quality,16,Fitness Band 153,Wearables,Fitness Band,69.77,Moderate,40.0
P0342,performance,16,Smartphone 342,Mobile,Smartphone,69.43,Moderate,40.0
P0342,quality,16,Smartphone 342,Mobile,Smartphone,69.43,Moderate,40.0
P0331,software,16,Smart Ring 331,Wearables,Smart Ring,68.58,High Demand + High Problem,40.0
P0115,price,16,Air Purifier 115,Home Appliances,Air Purifier,68.23,High Demand + High Problem,40.0
P0111,performance,16,Smartphone 111,Mobile,Smartphone,67.48,High Demand + High Problem,40.0
P0334,software,16,Fitness Band 334,Wearables,Fitness Band,66.7,High Demand + High Problem,40.0
P0477,quality,16,Fitness Watch 477,Watches,Fitness Watch,66.47,High Demand + High Problem,40.0
P0156,performance,16,Wireless Earbuds 156,Audio,Wireless Earbuds,66.39,High Demand + High Problem,40.0
P0117,quality,16,Smartphone 117,Mobile,Smartphone,66.12,High Demand + High Problem,40.0
P0258,price,16,Smart Watch 258,Watches,Smart Watch,65.83,High Demand + High Problem,40.0
P0127,performance,16,Smartphone 127,Mobile,Smartphone,65.78,High Demand + High Problem,40.0
P0186,quality,16,Smart Ring 186,Wearables,Smart Ring,65.58,High Demand + High Problem,40.0
P0318,quality,16,Bluetooth Speaker 318,Audio,Bluetooth Speaker,63.38,Moderate,40.0
P0268,performance,16,Fitness Band 268,Wearables,Fitness Band,63.34,Moderate,40.0
P0012,performance,16,Fitness Band 12,Wearables,Fitness Band,63.02,High Demand + High Problem,40.0
P0211,quality,16,Air Purifier 211,Home Appliances,Air Purifier,62.77,Moderate,40.0
P0261,comfort,16,Analog Watch 261,Watches,Analog Watch,62.76,Moderate,40.0
P0261,performance,16,Analog Watch 261,Watches,Analog Watch,62.76,Moderate,40.0
P0232,quality,16,Smart Ring 232,Wearables,Smart Ring,62.71,Moderate,40.0
P0170,comfort,16,Tablet 170,Mobile,Tablet,62.48,Moderate,40.0
P0078,performance,16,Smart Ring 78,Wearables,Smart Ring,62.24,Moderate,40.0
P0056,comfort,16,Analog Watch 56,Watches,Analog Watch,61.72,Moderate,40.0
P0487,price,16,Air Purifier 487,Home Appliances,Air Purifier,59.72,Moderate,40.0
P0088,performance,16,Air Purifier 88,Home Appliances,Air Purifier,59.64,Moderate,40.0
P0233,price,16,Air Purifier 233,Home Appliances,Air Purifier,58.79,Moderate,40.0
P0359,performance,16,Smart Light 359,Home Appliances,Smart Light,58.66,Moderate,40.0
P0218,performance,16,Tablet 218,Mobile,Tablet,58.21,Moderate,40.0
P0017,delivery,16,Bluetooth Speaker 17,Audio,Bluetooth Speaker,58.19,Moderate,40.0
P0276,performance,16,Fitness Watch 276,Watches,Fitness Watch,57.88,Moderate,40.0
P0465,performance,16,Fitness Band 465,Wearables,Fitness Band,57.58,Moderate,40.0
P0493,comfort,16,Air Purifier 493,Home Appliances,Air Purifier,57.45,Moderate,40.0
P0102,comfort,16,Smart Light 102,Home Appliances,Smart Light,57.37,Moderate,40.0
P0464,comfort,16,Smart Light 464,Home Appliances,Smart Light,57.22,Moderate,40.0
P0174,performance,16,Tablet 174,Mobile,Tablet,56.89,Moderate,40.0
P0006,software,16,Headphones 6,Audio,Headphones,56.59,Moderate,40.0
P0172,comfort,16,Air Purifier 172,Home Appliances,Air Purifier,56.26,Moderate,40.0
P0040,quality,16,Analog Watch 40,Watches,Analog Watch,55.87,Moderate,40.0
P0369,software,16,Air Purifier 369,Home Appliances,Air Purifier,55.73,Moderate,40.0
P0173,quality,16,Smartphone 173,Mobile,Smartphone,55.5,Moderate,40.0
P0253,delivery,16,Bluetooth Speaker 253,Audio,Bluetooth Speaker,55.11,Moderate,40.0
P0238,quality,16,Air Purifier 238,Home Appliances,Air Purifier,54.77,Moderate,40.0
P0036,performance,16,Smart Watch 36,Watches,Smart Watch,54.59,Moderate,40.0
P0494,performance,16,Fitness Watch 494,Watches,Fitness Watch,54.27,Moderate,40.0
P0321,delivery,16,Smart Ring 321,Wearables,Smart Ring,54.26,Moderate,40.0
P0321,performance,16,Smart Ring 321,Wearables,Smart Ring,54.26,Moderate,40.0
P0452,quality,16,Bluetooth Speaker 452,Audio,Bluetooth Speaker,54.22,Moderate,40.0
P0119,delivery,16,Wireless Earbuds 119,Audio,Wireless Earbuds,53.42,Moderate,40.0
P0053,price,16,Tablet 53,Mobile,Tablet,53.0,Moderate,40.0
P0279,comfort,16,Tablet 279,Mobile,Tablet,52.96,Low Demand + High Problem,40.0
P0044,performance,16,Fitness Band 44,Wearables,Fitness Band,52.63,Moderate,40.0
P0128,price,16,Smart Light 128,Home Appliances,Smart Light,52.5,Moderate,40.0
P0189,quality,16,Smartphone 189,Mobile,Smartphone,52.29,Moderate,40.0
P0083,price,16,Air Purifier 83,Home Appliances,Air Purifier,52.12,Low Demand + High Problem,40.0
P0412,performance,16,Air Purifier 412,Home Appliances,Air Purifier,51.55,Moderate,40.0
P0412,price,16,Air Purifier 412,Home Appliances,Air Purifier,51.55,Moderate,40.0
P0296,performance,16,Headphones 296,Audio,Headphones,51.28,Low Demand + High Problem,40.0
P0447,software,16,Smartphone 447,Mobile,Smartphone,50.12,Low Demand + High Problem,40.0
P0106,software,16,Bluetooth Speaker 106,Audio,Bluetooth Speaker,50.07,Low Demand + High Problem,40.0
P0348,delivery,16,Analog Watch 348,Watches,Analog Watch,48.9,Low Demand + High Problem,40.0
P0087,delivery,16,Tablet 87,Mobile,Tablet,48.74,Low Demand + High Problem,40.0
P0087,software,16,Tablet 87,Mobile,Tablet,48.74,Low Demand + High Problem,40.0
P0168,quality,16,Smart Ring 168,Wearables,Smart Ring,48.47,Low Demand + High Problem,40.0
P0213,performance,16,Wireless Earbuds 213,Audio,Wireless Earbuds,48.11,Low Demand + High Problem,40.0
P0495,price,16,Tablet 495,Mobile,Tablet,48.06,Low Demand + High Problem,40.0
P0207,performance,16,Wireless Earbuds 207,Audio,Wireless Earbuds,47.93,Low Demand + High Problem,40.0
P0145,price,16,Fitness Band 145,Wearables,Fitness Band,47.62,Low Demand + High Problem,40.0
P0079,price,16,Smartphone 79,Mobile,Smartphone,47.1,Low Demand + High Problem,40.0
P0408,price,16,Smartphone 408,Mobile,Smartphone,46.53,Low Demand + High Problem,40.0
P0401,comfort,16,Headphones 401,Audio,Headphones,46.12,Low Demand + High Problem,40.0
P0309,software,16,Fitness Band 309,Wearables,Fitness Band,46.05,Low Demand + High Problem,40.0
P0175,performance,16,Fitness Band 175,Wearables,Fitness Band,45.82,Low Demand + High Problem,40.0
P0097,delivery,16,Fitness Watch 97,Watches,Fitness Watch,45.42,Low Demand + High Problem,40.0
P0292,comfort,16,Smart Fan 292,Home Appliances,Smart Fan,45.15,Low Demand + High Problem,40.0
P0335,delivery,16,Headphones 335,Audio,Headphones,44.81,Low Demand + High Problem,40.0
P0429,performance,16,Smart Ring 429,Wearables,Smart Ring,44.48,Low Demand + High Problem,40.0
P0143,quality,16,Headphones 143,Audio,Headphones,43.94,Moderate,40.0
P0201,software,16,Fitness Band 201,Wearables,Fitness Band,43.73,Low Demand + High Problem,40.0
P0259,quality,16,Smart Fan 259,Home Appliances,Smart Fan,42.44,Moderate,40.0
P0066,delivery,16,Smart Fan 66,Home Appliances,Smart Fan,42.32,Low Demand + High Problem,40.0
P0231,performance,16,Smartphone 231,Mobile,Smartphone,41.99,Moderate,40.0
P0181,delivery,16,Smart Light 181,Home Appliances,Smart Light,41.26,Low Demand + High Problem,40.0
P0019,comfort,16,Fitness Watch 19,Watches,Fitness Watch,41.05,Low Demand + High Problem,40.0
P0260,performance,16,Headphones 260,Audio,Headphones,40.65,Low Demand + High Problem,40.0
P0090,delivery,16,Smartphone 90,Mobile,Smartphone,40.21,Low Demand + High Problem,40.0
P0184,performance,16,Smart Ring 184,Wearables,Smart Ring,39.8,Low Demand + High Problem,40.0
P0421,performance,16,Air Purifier 421,Home Appliances,Air Purifier,39.7,Low Demand + High Problem,40.0
P0421,price,16,Air Purifier 421,Home Appliances,Air Purifier,39.7,Low Demand + High Problem,40.0
P0361,delivery,16,Air Purifier 361,Home Appliances,Air Purifier,39.63,Low Demand + High Problem,40.0
P0361,performance,16,Air Purifier 361,Home Appliances,Air Purifier,39.63,Low Demand + High Problem,40.0
P0251,price,16,Fitness Band 251,Wearables,Fitness Band,39.32,Moderate,40.0
P0387,quality,16,Fitness Band 387,Wearables,Fitness Band,39.05,Low Demand + High Problem,40.0
P0018,price,16,Smart Ring 18,Wearables,Smart Ring,38.46,Low Demand + High Problem,40.0
P0144,performance,16,Smart Fan 144,Home Appliances,Smart Fan,38.23,Low Demand + High Problem,40.0
P0423,battery,16,Air Purifier 423,Home Appliances,Air Purifier,37.2,Moderate,40.0
P0423,quality,16,Air Purifier 423,Home Appliances,Air Purifier,37.2,Moderate,40.0
P0448,performance,16,Smart Fan 448,Home Appliances,Smart Fan,36.02,Low Demand + High Problem,40.0
P0299,quality,16,Smart Ring 299,Wearables,Smart Ring,35.47,Moderate,40.0
P0002,performance,16,Smart Watch 2,Watches,Smart Watch,35.34,Low Demand + High Problem,40.0
P0364,performance,16,Bluetooth Speaker 364,Audio,Bluetooth Speaker,35.3,Low Demand + High Problem,40.0
P0352,quality,16,Smart Ring 352,Wearables,Smart Ring,35.1,Moderate,40.0
P0046,comfort,16,Bluetooth Speaker 46,Audio,Bluetooth Speaker,34.94,Low Demand + High Problem,40.0
P0208,quality,16,Fitness Watch 208,Watches,Fitness Watch,34.67,Low Demand + High Problem,40.0
P0096,quality,16,Smart Watch 96,Watches,Smart Watch,34.5,Moderate,40.0
P0159,battery,16,Analog Watch 159,Watches,Analog Watch,34.37,Moderate,40.0
P0378,quality,16,Tablet 378,Mobile,Tablet,33.68,Low Demand + High Problem,40.0
P0182,quality,16,Fitness Band 182,Wearables,Fitness Band,33.5,Low Demand + High Problem,40.0
P0445,performance,16,Bluetooth Speaker 445,Audio,Bluetooth Speaker,33.29,Moderate,40.0
P0068,performance,16,Headphones 68,Audio,Headphones,32.07,Low Demand + High Problem,40.0
P0011,battery,16,Smartphone 11,Mobile,Smartphone,32.06,Moderate,40.0
P0295,price,16,Smart Ring 295,Wearables,Smart Ring,31.13,Low Demand + High Problem,40.0
P0295,quality,16,Smart Ring 295,Wearables,Smart Ring,31.13,Low Demand + High Problem,40.0
P0362,battery,16,Bluetooth Speaker 362,Audio,Bluetooth Speaker,29.71,Moderate,40.0
P0298,delivery,16,Smartphone 298,Mobile,Smartphone,29.63,Low Demand + High Problem,40.0
P0316,comfort,15,Wireless Earbuds 316,Audio,Wireless Earbuds,80.09,High Demand + High Problem,37.5
P0273,software,15,Smart Ring 273,Wearables,Smart Ring,76.86,High Demand + High Problem,37.5
P0419,price,15,Fitness Band 419,Wearables,Fitness Band,76.83,High Demand + High Problem,37.5
P0047,performance,15,Smart Fan 47,Home Appliances,Smart Fan,76.37,High Demand + High Problem,37.5
P0312,performance,15,Smart Watch 312,Watches,Smart Watch,74.89,High Demand + High Problem,37.5
P0474,comfort,15,Bluetooth Speaker 474,Audio,Bluetooth Speaker,74.89,High Demand + High Problem,37.5
P0485,software,15,Smart Watch 485,Watches,Smart Watch,73.94,High Demand + High Problem,37.5
P0400,performance,15,Analog Watch 400,Watches,Analog Watch,73.08,High Demand + High Problem,37.5
P0375,performance,15,Headphones 375,Audio,Headphones,72.77,High Demand + High Problem,37.5
P0375,quality,15,Headphones 375,Audio,Headphones,72.77,High Demand + High Problem,37.5
P0491,comfort,15,Tablet 491,Mobile,Tablet,72.73,High Demand + High Problem,37.5
P0146,comfort,15,Air Purifier 146,Home Appliances,Air Purifier,70.93,High Demand + High Problem,37.5
P0202,delivery,15,Fitness Watch 202,Watches,Fitness Watch,70.42,High Demand + High Problem,37.5
P0281,quality,15,Smart Ring 281,Wearables,Smart Ring,70.25,High Demand + High Problem,37.5
P0217,performance,15,Fitness Watch 217,Watches,Fitness Watch,69.85,High Demand + High Problem,37.5
P0217,software,15,Fitness Watch 217,Watches,Fitness Watch,69.85,High Demand + High Problem,37.5
P0057,performance,15,Headphones 57,Audio,Headphones,69.4,High Demand + High Problem,37.5
P0216,price,15,Headphones 216,Audio,Headphones,69.4,Moderate,37.5
P0216,quality,15,Headphones 216,Audio,Headphones,69.4,Moderate,37.5
P0103,delivery,15,Fitness Band 103,Wearables,Fitness Band,69.29,High Demand + High Problem,37.5
P0344,comfort,15,Smartphone 344,Mobile,Smartphone,68.77,High Demand + High Problem,37.5
P0497,performance,15,Smart Ring 497,Wearables,Smart Ring,68.43,High Demand + High Problem,37.5
P0161,performance,15,Smartphone 161,Mobile,Smartphone,67.95,High Demand + High Problem,37.5
P0262,quality,15,Headphones 262,Audio,Headphones,67.63,High Demand + High Problem,37.5
P0470,price,15,Smart Light 470,Home Appliances,Smart Light,67.01,High Demand + High Problem,37.5
P0139,comfort,15,Analog Watch 139,Watches,Analog Watch,66.4,Moderate,37.5
P0014,performance,15,Fitness Band 14,Wearables,Fitness Band,66.23,High Demand + High Problem,37.5
P0117,performance,15,Smartphone 117,Mobile,Smartphone,66.12,High Demand + High Problem,37.5
P0222,delivery,15,Air Purifier 222,Home Appliances,Air Purifier,65.63,High Demand + High Problem,37.5
P0222,performance,15,Air Purifier 222,Home Appliances,Air Purifier,65.63,High Demand + High Problem,37.5
P0255,performance,15,Bluetooth Speaker 255,Audio,Bluetooth Speaker,65.63,Moderate,37.5
P0224,quality,15,Air Purifier 224,Home Appliances,Air Purifier,65.6,Moderate,37.5
P0026,comfort,15,Headphones 26,Audio,Headphones,64.01,High Demand + High Problem,37.5
P0440,comfort,15,Fitness Band 440,Wearables,Fitness Band,63.98,High Demand + High Problem,37.5
P0488,comfort,15,Smart Light 488,Home Appliances,Smart Light,63.84,Moderate,37.5
P0451,performance,15,Bluetooth Speaker 451,Audio,Bluetooth Speaker,63.56,Moderate,37.5
P0451,software,15,Bluetooth Speaker 451,Audio,Bluetooth Speaker,63.56,Moderate,37.5
P0454,quality,15,Smart Fan 454,Home Appliances,Smart Fan,62.76,Moderate,37.5
P0329,performance,15,Wireless Earbuds 329,Audio,Wireless Earbuds,62.56,High Demand + High Problem,37.5
P0394,quality,15,Fitness Watch 394,Watches,Fitness Watch,62.27,High Demand + High Problem,37.5
P0121,price,15,Fitness Band 121,Wearables,Fitness Band,61.96,Moderate,37.5
P0125,software,15,Air Purifier 125,Home Appliances,Air Purifier,61.54,Moderate,37.5
P0409,performance,15,Analog Watch 409,Watches,Analog Watch,61.53,Moderate,37.5
P0486,quality,15,Tablet 486,Mobile,Tablet,60.85,Moderate,37.5
P0285,delivery,15,Smart Light 285,Home Appliances,Smart Light,60.79,Moderate,37.5
P0271,quality,15,Tablet 271,Mobile,Tablet,60.64,Moderate,37.5
P0212,performance,15,Smartphone 212,Mobile,Smartphone,60.35,Moderate,37.5
P0059,comfort,15,Air Purifier 59,Home Appliances,Air Purifier,59.83,Moderate,37.5
P0140,quality,15,Smartphone 140,Mobile,Smartphone,59.51,Moderate,37.5
P0354,performance,15,Smartphone 354,Mobile,Smartphone,59.41,Moderate,37.5
P0155,performance,15,Tablet 155,Mobile,Tablet,59.26,Moderate,37.5
P0227,software,15,Smart Ring 227,Wearables,Smart Ring,59.09,Moderate,37.5
P0152,performance,15,Wireless Earbuds 152,Audio,Wireless Earbuds,58.95,Moderate,37.5
P0092,performance,15,Fitness Band 92,Wearables,Fitness Band,58.71,Moderate,37.5
P0359,price,15,Smart Light 359,Home Appliances,Smart Light,58.66,Moderate,37.5
P0076,performance,15,Smart Fan 76,Home Appliances,Smart Fan,58.56,Moderate,37.5
P0017,performance,15,Bluetooth Speaker 17,Audio,Bluetooth Speaker,58.19,Moderate,37.5
P0478,comfort,15,Smart Fan 478,Home Appliances,Smart Fan,57.74,Moderate,37.5
P0465,price,15,Fitness Band 465,Wearables,Fitness Band,57.58,Moderate,37.5
P0346,performance,15,Smart Ring 346,Wearables,Smart Ring,57.55,Moderate,37.5
P0493,performance,15,Air Purifier 493,Home Appliances,Air Purifier,57.45,Moderate,37.5
P0016,performance,15,Air Purifier 16,Home Appliances,Air Purifier,57.11,Moderate,37.5
P0016,quality,15,Air Purifier 16,Home Appliances,Air Purifier,57.11,Moderate,37.5
P0286,comfort,15,Fitness Band 286,Wearables,Fitness Band,56.67,Moderate,37.5
P0267,comfort,15,Smartphone 267,Mobile,Smartphone,56.54,Moderate,37.5
P0104,comfort,15,Smartphone 104,Mobile,Smartphone,56.5,Moderate,37.5
P0104,performance,15,Smartphone 104,Mobile,Smartphone,56.5,Moderate,37.5
P0442,price,15,Smartphone 442,Mobile,Smartphone,55.81,Moderate,37.5
P0049,performance,15,Smart Fan 49,Home Appliances,Smart Fan,55.75,Moderate,37.5
P0049,price,15,Smart Fan 49,Home Appliances,Smart Fan,55.75,Moderate,37.5
P0253,performance,15,Bluetooth Speaker 253,Audio,Bluetooth Speaker,55.11,Moderate,37.5
P0253,software,15,Bluetooth Speaker 253,Audio,Bluetooth Speaker,55.11,Moderate,37.5
P0317,performance,15,Smart Light 317,Home Appliances,Smart Light,54.92,Moderate,37.5
P0036,quality,15,Smart Watch 36,Watches,Smart Watch,54.59,Moderate,37.5
P0108,quality,15,Wireless Earbuds 108,Audio,Wireless Earbuds,54.05,Moderate,37.5
P0382,quality,15,Smart Watch 382,Watches,Smart Watch,53.78,Moderate,37.5
P0424,quality,15,Smart Ring 424,Wearables,Smart Ring,53.26,Moderate,37.5
P0391,comfort,15,Smart Light 391,Home Appliances,Smart Light,53.23,Moderate,37.5
P0041,comfort,15,Headphones 41,Audio,Headphones,52.99,Low Demand + High Problem,37.5
P0279,price,15,Tablet 279,Mobile,Tablet,52.96,Low Demand + High Problem,37.5
P0417,price,15,Smart Light 417,Home Appliances,Smart Light,52.69,Moderate,37.5
P0319,performance,15,Smart Ring 319,Wearables,Smart Ring,52.07,Moderate,37.5
P0131,performance,15,Smartphone 131,Mobile,Smartphone,51.57,Moderate,37.5
P0160,comfort,15,Smart Fan 160,Home Appliances,Smart Fan,51.52,Low Demand + High Problem,37.5
P0289,performance,15,Smart Ring 289,Wearables,Smart Ring,50.73,Moderate,37.5
P0289,quality,15,Smart Ring 289,Wearables,Smart Ring,50.73,Moderate,37.5
P0219,performance,15,Smart Ring 219,Wearables,Smart Ring,50.65,Low Demand + High Problem,37.5
P0447,performance,15,Smartphone 447,Mobile,Smartphone,50.12,Low Demand + High Problem,37.5
P0106,performance,15,Bluetooth Speaker 106,Audio,Bluetooth Speaker,50.07,Low Demand + High Problem,37.5
P0106,price,15,Bluetooth Speaker 106,Audio,Bluetooth Speaker,50.07,Low Demand + High Problem,37.5
P0446,performance,15,Tablet 446,Mobile,Tablet,49.88,Moderate,37.5
P0467,quality,15,Air Purifier 467,Home Appliances,Air Purifier,49.59,Moderate,37.5
P0247,quality,15,Bluetooth Speaker 247,Audio,Bluetooth Speaker,49.06,Moderate,37.5
P0148,software,15,Analog Watch 148,Watches,Analog Watch,48.76,Low Demand + High Problem,37.5
P0091,delivery,15,Tablet 91,Mobile,Tablet,48.54,Low Demand + High Problem,37.5
P0091,performance,15,Tablet 91,Mobile,Tablet,48.54,Low Demand + High Problem,37.5
P0367,price,15,Smart Fan 367,Home Appliances,Smart Fan,48.31,Moderate,37.5
P0194,quality,15,Air Purifier 194,Home Appliances,Air Purifier,47.47,Low Demand + High Problem,37.5
P0038,comfort,15,Tablet 38,Mobile,Tablet,47.36,Low Demand + High Problem,37.5
P0072,performance,15,Smart Light 72,Home Appliances,Smart Light,46.94,Low Demand + High Problem,37.5
P0164,performance,15,Smart Fan 164,Home Appliances,Smart Fan,46.5,Low Demand + High Problem,37.5
P0175,comfort,15,Fitness Band 175,Wearables,Fitness Band,45.82,Low Demand + High Problem,37.5
P0292,price,15,Smart Fan 292,Home Appliances,Smart Fan,45.15,Low Demand + High Problem,37.5
P0335,quality,15,Headphones 335,Audio,Headphones,44.81,Low Demand + High Problem,37.5
P0004,quality,15,Headphones 4,Audio,Headphones,44.08,Moderate,37.5
P0241,quality,15,Wireless Earbuds 241,Audio,Wireless Earbuds,43.72,Low Demand + High Problem,37.5
P0457,delivery,15,Air Purifier 457,Home Appliances,Air Purifier,43.58,Low Demand + High Problem,37.5
P0457,performance,15,Air Purifier 457,Home Appliances,Air Purifier,43.58,Low Demand + High Problem,37.5
P0457,price,15,Air Purifier 457,Home Appliances,Air Purifier,43.58,Low Demand + High Problem,37.5
P0272,performance,15,Tablet 272,Mobile,Tablet,43.57,Low Demand + High Problem,37.5
P0107,software,15,Analog Watch 107,Watches,Analog Watch,43.39,Low Demand + High Problem,37.5
P0343,price,15,Tablet 343,Mobile,Tablet,43.06,Low Demand + High Problem,37.5
P0484,performance,15,Bluetooth Speaker 484,Audio,Bluetooth Speaker,42.91,Low Demand + High Problem,37.5
P0048,performance,15,Smart Watch 48,Watches,Smart Watch,42.55,Low Demand + High Problem,37.5
P0157,price,15,Smartphone 157,Mobile,Smartphone,41.97,Low Demand + High Problem,37.5
P0130,quality,15,Fitness Band 130,Wearables,Fitness Band,41.83,Moderate,37.5
P0089,performance,15,Fitness Band 89,Wearables,Fitness Band,41.58,Low Demand + High Problem,37.5
P0371,quality,15,Wireless Earbuds 371,Audio,Wireless Earbuds,41.38,Low Demand + High Problem,37.5
P0019,software,15,Fitness Watch 19,Watches,Fitness Watch,41.05,Low Demand + High Problem,37.5
P0003,delivery,15,Smart Light 3,Home Appliances,Smart Light,40.9,Low Demand + High Problem,37.5
P0034,performance,15,Bluetooth Speaker 34,Audio,Bluetooth Speaker,40.56,Moderate,37.5
P0018,software,15,Smart Ring 18,Wearables,Smart Ring,38.46,Low Demand + High Problem,37.5
P0324,quality,15,Air Purifier 324,Home Appliances,Air Purifier,38.41,Low Demand + High Problem,37.5
P0300,performance,15,Smart Watch 300,Watches,Smart Watch,38.11,Low Demand + High Problem,37.5
P0257,performance,15,Analog Watch 257,Watches,Analog Watch,38.02,Low Demand + High Problem,37.5
P0112,quality,15,Smart Light 112,Home Appliances,Smart Light,36.83,Low Demand + High Problem,37.5
P0396,performance,15,Fitness Watch 396,Watches,Fitness Watch,36.72,Low Demand + High Problem,37.5
P0434,price,15,Analog Watch 434,Watches,Analog Watch,36.43,Low Demand + High Problem,37.5
P0322,performance,15,Smart Watch 322,Watches,Smart Watch,36.05,Low Demand + High Problem,37.5
P0443,performance,15,Wireless Earbuds 443,Audio,Wireless Earbuds,35.69,Moderate,37.5
P0023,comfort,15,Air Purifier 23,Home Appliances,Air Purifier,35.59,Low Demand + High Problem,37.5
P0023,performance,15,Air Purifier 23,Home Appliances,Air Purifier,35.59,Low Demand + High Problem,37.5
P0054,software,15,Wireless Earbuds 54,Audio,Wireless Earbuds,35.48,Low Demand + High Problem,37.5
P0046,quality,15,Bluetooth Speaker 46,Audio,Bluetooth Speaker,34.94,Low Demand + High Problem,37.5
P0208,performance,15,Fitness Watch 208,Watches,Fitness Watch,34.67,Low Demand + High Problem,37.5
P0290,performance,15,Fitness Band 290,Wearables,Fitness Band,33.81,Low Demand + High Problem,37.5
P0182,performance,15,Fitness Band 182,Wearables,Fitness Band,33.5,Low Demand + High Problem,37.5
P0482,quality,15,Smartphone 482,Mobile,Smartphone,33.44,Moderate,37.5
P0301,delivery,15,Bluetooth Speaker 301,Audio,Bluetooth Speaker,32.9,Low Demand + High Problem,37.5
P0301,performance,15,Bluetooth Speaker 301,Audio,Bluetooth Speaker,32.9,Low Demand + High Problem,37.5
P0449,battery,15,Bluetooth Speaker 449,Audio,Bluetooth Speaker,32.35,Moderate,37.5
P0307,price,15,Smartphone 307,Mobile,Smartphone,32.1,Low Demand + High Problem,37.5
P0307,software,15,Smartphone 307,Mobile,Smartphone,32.1,Low Demand + High Problem,37.5
P0011,performance,15,Smartphone 11,Mobile,Smartphone,32.06,Moderate,37.5
P0206,performance,15,Smartphone 206,Mobile,Smartphone,31.62,Moderate,37.5
P0206,quality,15,Smartphone 206,Mobile,Smartphone,31.62,Moderate,37.5
P0228,performance,15,Fitness Watch 228,Watches,Fitness Watch,30.7,Low Demand + High Problem,37.5
P0362,performance,15,Bluetooth Speaker 362,Audio,Bluetooth Speaker,29.71,Moderate,37.5
P0362,price,15,Bluetooth Speaker 362,Audio,Bluetooth Speaker,29.71,Moderate,37.5
P0010,comfort,14,Smart Light 10,Home Appliances,Smart Light,78.49,High Demand + High Problem,35.0
P0347,software,14,Smartphone 347,Mobile,Smartphone,78.35,High Demand + High Problem,35.0
P0419,software,14,Fitness Band 419,Wearables,Fitness Band,76.83,High Demand + High Problem,35.0
P0293,performance,14,Smart Fan 293,Home Appliances,Smart Fan,76.51,High Demand + High Problem,35.0
P0339,software,14,Wireless Earbuds 339,Audio,Wireless Earbuds,75.81,High Demand + High Problem,35.0
P0123,delivery,14,Smart Watch 123,Watches,Smart Watch,75.47,High Demand + High Problem,35.0
P0473,quality,14,Analog Watch 473,Watches,Analog Watch,75.14,High Demand + High Problem,35.0
P0312,price,14,Smart Watch 312,Watches,Smart Watch,74.89,High Demand + High Problem,35.0
P0474,software,14,Bluetooth Speaker 474,Audio,Bluetooth Speaker,74.89,High Demand + High Problem,35.0
P0237,performance,14,Tablet 237,Mobile,Tablet,74.81,High Demand + High Problem,35.0
P0105,comfort,14,Fitness Watch 105,Watches,Fitness Watch,74.12,High Demand + High Problem,35.0
P0177,delivery,14,Wireless Earbuds 177,Audio,Wireless Earbuds,73.15,High Demand + High Problem,35.0
P0177,price,14,Wireless Earbuds 177,Audio,Wireless Earbuds,73.15,High Demand + High Problem,35.0
P0069,software,14,Headphones 69,Audio,Headphones,72.94,High Demand + High Problem,35.0
P0283,price,14,Headphones 283,Audio,Headphones,72.42,High Demand + High Problem,35.0
P0113,performance,14,Smart Watch 113,Watches,Smart Watch,71.1,High Demand + High Problem,35.0
P0039,performance,14,Bluetooth Speaker 39,Audio,Bluetooth Speaker,70.91,High Demand + High Problem,35.0
P0236,performance,14,Fitness Band 236,Wearables,Fitness Band,70.79,Moderate,35.0
P0032,price,14,Smartphone 32,Mobile,Smartphone,70.5,High Demand + High Problem,35.0
P0009,price,14,Wireless Earbuds 9,Audio,Wireless Earbuds,69.97,High Demand + High Problem,35.0
P0192,software,14,Bluetooth Speaker 192,Audio,Bluetooth Speaker,69.68,High Demand + High Problem,35.0
P0103,comfort,14,Fitness Band 103,Wearables,Fitness Band,69.29,High Demand + High Problem,35.0
P0331,comfort,14,Smart Ring 331,Wearables,Smart Ring,68.58,High Demand + High Problem,35.0
P0331,delivery,14,Smart Ring 331,Wearables,Smart Ring,68.58,High Demand + High Problem,35.0
P0051,quality,14,Air Purifier 51,Home Appliances,Air Purifier,68.27,High Demand + High Problem,35.0
P0051,software,14,Air Purifier 51,Home Appliances,Air Purifier,68.27,High Demand + High Problem,35.0
P0405,comfort,14,Air Purifier 405,Home Appliances,Air Purifier,68.21,High Demand + High Problem,35.0
P0161,comfort,14,Smartphone 161,Mobile,Smartphone,67.95,High Demand + High Problem,35.0
P0161,price,14,Smartphone 161,Mobile,Smartphone,67.95,High Demand + High Problem,35.0
P0455,comfort,14,Fitness Band 455,Wearables,Fitness Band,67.7,High Demand + High Problem,35.0
P0428,comfort,14,Wireless Earbuds 428,Audio,Wireless Earbuds,67.52,Moderate,35.0
P0043,price,14,Tablet 43,Mobile,Tablet,66.77,High Demand + High Problem,35.0
P0154,performance,14,Smart Fan 154,Home Appliances,Smart Fan,66.36,High Demand + High Problem,35.0
P0014,delivery,14,Fitness Band 14,Wearables,Fitness Band,66.23,High Demand + High Problem,35.0
P0376,performance,14,Smart Fan 376,Home Appliances,Smart Fan,66.23,Moderate,35.0
P0117,price,14,Smartphone 117,Mobile,Smartphone,66.12,High Demand + High Problem,35.0
P0370,performance,14,Tablet 370,Mobile,Tablet,66.09,High Demand + High Problem,35.0
P0258,quality,14,Smart Watch 258,Watches,Smart Watch,65.83,High Demand + High Problem,35.0
P0398,performance,14,Wireless Earbuds 398,Audio,Wireless Earbuds,64.63,High Demand + High Problem,35.0
P0020,comfort,14,Air Purifier 20,Home Appliances,Air Purifier,64.51,High Demand + High Problem,35.0
P0020,quality,14,Air Purifier 20,Home Appliances,Air Purifier,64.51,High Demand + High Problem,35.0
P0308,performance,14,Smart Watch 308,Watches,Smart Watch,64.13,Moderate,35.0
P0488,performance,14,Smart Light 488,Home Appliances,Smart Light,63.84,Moderate,35.0
P0318,delivery,14,Bluetooth Speaker 318,Audio,Bluetooth Speaker,63.38,Moderate,35.0
P0318,performance,14,Bluetooth Speaker 318,Audio,Bluetooth Speaker,63.38,Moderate,35.0
P0012,delivery,14,Fitness Band 12,Wearables,Fitness Band,63.02,High Demand + High Problem,35.0
P0211,software,14,Air Purifier 211,Home Appliances,Air Purifier,62.77,Moderate,35.0
P0170,battery,14,Tablet 170,Mobile,Tablet,62.48,Moderate,35.0
P0234,quality,14,Air Purifier 234,Home Appliances,Air Purifier,62.11,High Demand + High Problem,35.0
P0409,software,14,Analog Watch 409,Watches,Analog Watch,61.53,Moderate,35.0
P0220,performance,14,Smart Ring 220,Wearables,Smart Ring,61.32,High Demand + High Problem,35.0
P0239,quality,14,Tablet 239,Mobile,Tablet,61.06,Moderate,35.0
P0266,delivery,14,Headphones 266,Audio,Headphones,61.02,Moderate,35.0
P0266,software,14,Headphones 266,Audio,Headphones,61.02,Moderate,35.0
P0486,software,14,Tablet 486,Mobile,Tablet,60.85,Moderate,35.0
P0372,performance,14,Smart Watch 372,Watches,Smart Watch,60.78,Moderate,35.0
P0061,comfort,14,Wireless Earbuds 61,Audio,Wireless Earbuds,60.52,Moderate,35.0
P0171,quality,14,Smart Watch 171,Watches,Smart Watch,60.45,Moderate,35.0
P0050,performance,14,Analog Watch 50,Watches,Analog Watch,60.12,Moderate,35.0
P0140,comfort,14,Smartphone 140,Mobile,Smartphone,59.51,Moderate,35.0
P0450,quality,14,Fitness Band 450,Wearables,Fitness Band,59.21,Moderate,35.0
P0328,price,14,Smartphone 328,Mobile,Smartphone,58.98,Moderate,35.0
P0435,performance,14,Bluetooth Speaker 435,Audio,Bluetooth Speaker,58.93,Moderate,35.0
P0435,software,14,Bluetooth Speaker 435,Audio,Bluetooth Speaker,58.93,Moderate,35.0
P0025,price,14,Smart Watch 25,Watches,Smart Watch,58.86,Moderate,35.0
P0254,comfort,14,Tablet 254,Mobile,Tablet,58.33,Moderate,35.0
P0017,quality,14,Bluetooth Speaker 17,Audio,Bluetooth Speaker,58.19,Moderate,35.0
P0017,software,14,Bluetooth Speaker 17,Audio,Bluetooth Speaker,58.19,Moderate,35.0
P0478,quality,14,Smart Fan 478,Home Appliances,Smart Fan,57.74,Moderate,35.0
P0133,software,14,Wireless Earbuds 133,Audio,Wireless Earbuds,57.5,Moderate,35.0
P0102,delivery,14,Smart Light 102,Home Appliances,Smart Light,57.37,Moderate,35.0
P0200,comfort,14,Bluetooth Speaker 200,Audio,Bluetooth Speaker,57.33,Moderate,35.0
P0200,performance,14,Bluetooth Speaker 200,Audio,Bluetooth Speaker,57.33,Moderate,35.0
P0286,performance,14,Fitness Band 286,Wearables,Fitness Band,56.67,Moderate,35.0
P0267,performance,14,Smartphone 267,Mobile,Smartphone,56.54,Moderate,35.0
P0104,price,14,Smartphone 104,Mobile,Smartphone,56.5,Moderate,35.0
P0040,delivery,14,Analog Watch 40,Watches,Analog Watch,55.87,Moderate,35.0
P0369,performance,14,Air Purifier 369,Home Appliances,Air Purifier,55.73,Moderate,35.0
P0109,quality,14,Smart Fan 109,Home Appliances,Smart Fan,54.68,Moderate,35.0
P0402,delivery,14,Wireless Earbuds 402,Audio,Wireless Earbuds,54.48,Moderate,35.0
P0402,price,14,Wireless Earbuds 402,Audio,Wireless Earbuds,54.48,Moderate,35.0
P0494,delivery,14,Fitness Watch 494,Watches,Fitness Watch,54.27,Moderate,35.0
P0095,performance,14,Analog Watch 95,Watches,Analog Watch,54.25,Moderate,35.0
P0439,delivery,14,Smartphone 439,Mobile,Smartphone,54.06,Moderate,35.0
P0382,performance,14,Smart Watch 382,Watches,Smart Watch,53.78,Moderate,35.0
P0418,performance,14,Smart Fan 418,Home Appliances,Smart Fan,53.57,Moderate,35.0
P0418,quality,14,Smart Fan 418,Home Appliances,Smart Fan,53.57,Moderate,35.0
P0306,software,14,Fitness Band 306,Wearables,Fitness Band,53.54,Moderate,35.0
P0063,performance,14,Fitness Band 63,Wearables,Fitness Band,53.45,Moderate,35.0
P0223,performance,14,Smartphone 223,Mobile,Smartphone,53.09,Moderate,35.0
P0279,quality,14,Tablet 279,Mobile,Tablet,52.96,Low Demand + High Problem,35.0
P0351,comfort,14,Tablet 351,Mobile,Tablet,52.67,Moderate,35.0
P0132,delivery,14,Fitness Band 132,Wearables,Fitness Band,52.05,Moderate,35.0
P0337,comfort,14,Analog Watch 337,Watches,Analog Watch,51.99,Low Demand + High Problem,35.0
P0045,price,14,Smart Ring 45,Wearables,Smart Ring,51.43,Low Demand + High Problem,35.0
P0453,price,14,Smartphone 453,Mobile,Smartphone,51.37,Low Demand + High Problem,35.0
P0296,delivery,14,Headphones 296,Audio,Headphones,51.28,Low Demand + High Problem,35.0
P0296,price,14,Headphones 296,Audio,Headphones,51.28,Low Demand + High Problem,35.0
P0476,delivery,14,Wireless Earbuds 476,Audio,Wireless Earbuds,50.98,Moderate,35.0
P0476,quality,14,Wireless Earbuds 476,Audio,Wireless Earbuds,50.98,Moderate,35.0
P0476,software,14,Wireless Earbuds 476,Audio,Wireless Earbuds,50.98,Moderate,35.0
P0042,comfort,14,Smart Watch 42,Watches,Smart Watch,50.48,Low Demand + High Problem,35.0
P0384,price,14,Bluetooth Speaker 384,Audio,Bluetooth Speaker,50.39,Low Demand + High Problem,35.0
P0195,price,14,Fitness Band 195,Wearables,Fitness Band,50.32,Moderate,35.0
P0120,software,14,Smart Light 120,Home Appliances,Smart Light,49.98,Moderate,35.0
P0060,software,14,Smartphone 60,Mobile,Smartphone,49.75,Moderate,35.0
P0320,price,14,Smart Ring 320,Wearables,Smart Ring,49.19,Low Demand + High Problem,35.0
P0215,price,14,Smart Light 215,Home Appliances,Smart Light,48.63,Moderate,35.0
P0215,software,14,Smart Light 215,Home Appliances,Smart Light,48.63,Moderate,35.0
P0367,delivery,14,Smart Fan 367,Home Appliances,Smart Fan,48.31,Moderate,35.0
P0495,performance,14,Tablet 495,Mobile,Tablet,48.06,Low Demand + High Problem,35.0
P0310,comfort,14,Fitness Band 310,Wearables,Fitness Band,47.79,Low Demand + High Problem,35.0
P0377,quality,14,Smart Ring 377,Wearables,Smart Ring,47.07,Moderate,35.0
P0275,price,14,Tablet 275,Mobile,Tablet,46.77,Low Demand + High Problem,35.0
P0408,comfort,14,Smartphone 408,Mobile,Smartphone,46.53,Low Demand + High Problem,35.0
P0422,comfort,14,Tablet 422,Mobile,Tablet,46.22,Low Demand + High Problem,35.0
P0350,delivery,14,Analog Watch 350,Watches,Analog Watch,44.92,Low Demand + High Problem,35.0
P0333,comfort,14,Smart Light 333,Home Appliances,Smart Light,44.55,Low Demand + High Problem,35.0
P0429,price,14,Smart Ring 429,Wearables,Smart Ring,44.48,Low Demand + High Problem,35.0
P0429,quality,14,Smart Ring 429,Wearables,Smart Ring,44.48,Low Demand + High Problem,35.0
P0143,comfort,14,Headphones 143,Audio,Headphones,43.94,Moderate,35.0
P0272,delivery,14,Tablet 272,Mobile,Tablet,43.57,Low Demand + High Problem,35.0
P0135,performance,14,Smart Watch 135,Watches,Smart Watch,42.96,Low Demand + High Problem,35.0
P0013,comfort,14,Smart Ring 13,Wearables,Smart Ring,42.87,Low Demand + High Problem,35.0
P0013,performance,14,Smart Ring 13,Wearables,Smart Ring,42.87,Low Demand + High Problem,35.0
P0314,comfort,14,Smart Light 314,Home Appliances,Smart Light,42.37,Low Demand + High Problem,35.0
P0066,performance,14,Smart Fan 66,Home Appliances,Smart Fan,42.32,Low Demand + High Problem,35.0
P0274,software,14,Smart Watch 274,Watches,Smart Watch,41.62,Low Demand + High Problem,35.0
P0260,comfort,14,Headphones 260,Audio,Headphones,40.65,Low Demand + High Problem,35.0
P0444,price,14,Fitness Band 444,Wearables,Fitness Band,40.24,Moderate,35.0
P0444,quality,14,Fitness Band 444,Wearables,Fitness Band,40.24,Moderate,35.0
P0325,performance,14,Tablet 325,Mobile,Tablet,40.0,Moderate,35.0
P0082,performance,14,Fitness Watch 82,Watches,Fitness Watch,38.89,Low Demand + High Problem,35.0
P0426,performance,14,Headphones 426,Audio,Headphones,38.77,Moderate,35.0
P0018,comfort,14,Smart Ring 18,Wearables,Smart Ring,38.46,Low Demand + High Problem,35.0
P0324,comfort,14,Air Purifier 324,Home Appliances,Air Purifier,38.41,Low Demand + High Problem,35.0
P0381,battery,14,Bluetooth Speaker 381,Audio,Bluetooth Speaker,38.34,Low Demand + High Problem,35.0
P0381,delivery,14,Bluetooth Speaker 381,Audio,Bluetooth Speaker,38.34,Low Demand + High Problem,35.0
P0393,software,14,Analog Watch 393,Watches,Analog Watch,38.29,Low Demand + High Problem,35.0
P0144,delivery,14,Smart Fan 144,Home Appliances,Smart Fan,38.23,Low Demand + High Problem,35.0
P0403,software,14,Smart Watch 403,Watches,Smart Watch,38.02,Low Demand + High Problem,35.0
P0313,delivery,14,Smart Watch 313,Watches,Smart Watch,37.79,Low Demand + High Problem,35.0
P0210,software,14,Tablet 210,Mobile,Tablet,37.01,Low Demand + High Problem,35.0
P0396,delivery,14,Fitness Watch 396,Watches,Fitness Watch,36.72,Low Demand + High Problem,35.0
P0448,quality,14,Smart Fan 448,Home Appliances,Smart Fan,36.02,Low Demand + High Problem,35.0
P0054,price,14,Wireless Earbuds 54,Audio,Wireless Earbuds,35.48,Low Demand + High Problem,35.0
P0436,comfort,14,Wireless Earbuds 436,Audio,Wireless Earbuds,35.27,Low Demand + High Problem,35.0
P0436,delivery,14,Wireless Earbuds 436,Audio,Wireless Earbuds,35.27,Low Demand + High Problem,35.0
P0100,delivery,14,Bluetooth Speaker 100,Audio,Bluetooth Speaker,34.02,Low Demand + High Problem,35.0
P0301,comfort,14,Bluetooth Speaker 301,Audio,Bluetooth Speaker,32.9,Low Demand + High Problem,35.0
P0480,performance,14,Headphones 480,Audio,Headphones,32.56,Low Demand + High Problem,35.0
P0410,software,14,Analog Watch 410,Watches,Analog Watch,32.53,Moderate,35.0
P0244,delivery,14,Air Purifier 244,Home Appliances,Air Purifier,32.1,Low Demand + High Problem,35.0
P0068,software,14,Headphones 68,Audio,Headphones,32.07,Low Demand + High Problem,35.0
P0432,performance,14,Air Purifier 432,Home Appliances,Air Purifier,31.34,Low Demand + High Problem,35.0
P0295,performance,14,Smart Ring 295,Wearables,Smart Ring,31.13,Low Demand + High Problem,35.0
P0362,quality,14,Bluetooth Speaker 362,Audio,Bluetooth Speaker,29.71,Moderate,35.0
P0298,quality,14,Smartphone 298,Mobile,Smartphone,29.63,Low Demand + High Problem,35.0
P0316,delivery,13,Wireless Earbuds 316,Audio,Wireless Earbuds,80.09,High Demand + High Problem,32.5
P0235,price,13,Smartphone 235,Mobile,Smartphone,78.93,High Demand + High Problem,32.5
P0010,quality,13,Smart Light 10,Home Appliances,Smart Light,78.49,High Demand + High Problem,32.5
P0483,delivery,13,Smartphone 483,Mobile,Smartphone,77.06,High Demand + High Problem,32.5
P0230,price,13,Smart Watch 230,Watches,Smart Watch,77.04,High Demand + High Problem,32.5
P0273,delivery,13,Smart Ring 273,Wearables,Smart Ring,76.86,High Demand + High Problem,32.5
P0293,delivery,13,Smart Fan 293,Home Appliances,Smart Fan,76.51,High Demand + High Problem,32.5
P0242,performance,13,Smart Light 242,Home Appliances,Smart Light,76.46,High Demand + High Problem,32.5
P0339,comfort,13,Wireless Earbuds 339,Audio,Wireless Earbuds,75.81,High Demand + High Problem,32.5
P0473,delivery,13,Analog Watch 473,Watches,Analog Watch,75.14,High Demand + High Problem,32.5
P0345,comfort,13,Tablet 345,Mobile,Tablet,75.09,High Demand + High Problem,32.5
P0105,price,13,Fitness Watch 105,Watches,Fitness Watch,74.12,High Demand + High Problem,32.5
P0485,comfort,13,Smart Watch 485,Watches,Smart Watch,73.94,High Demand + High Problem,32.5
P0297,comfort,13,Smartphone 297,Mobile,Smartphone,73.51,High Demand + High Problem,32.5
P0297,delivery,13,Smartphone 297,Mobile,Smartphone,73.51,High Demand + High Problem,32.5
P0297,software,13,Smartphone 297,Mobile,Smartphone,73.51,High Demand + High Problem,32.5
P0069,price,13,Headphones 69,Audio,Headphones,72.94,High Demand + High Problem,32.5
P0064,delivery,13,Fitness Band 64,Wearables,Fitness Band,72.23,High Demand + High Problem,32.5
P0064,performance,13,Fitness Band 64,Wearables,Fitness Band,72.23,High Demand + High Problem,32.5
P0280,performance,13,Smartphone 280,Mobile,Smartphone,72.14,High Demand + High Problem,32.5
P0280,price,13,Smartphone 280,Mobile,Smartphone,72.14,High Demand + High Problem,32.5
P0229,quality,13,Smart Light 229,Home Appliances,Smart Light,71.88,Moderate,32.5
P0198,quality,13,Smart Ring 198,Wearables,Smart Ring,71.82,High Demand + High Problem,32.5
P0203,performance,13,Smart Light 203,Home Appliances,Smart Light,71.18,Moderate,32.5
P0113,software,13,Smart Watch 113,Watches,Smart Watch,71.1,High Demand + High Problem,32.5
P0150,performance,13,Tablet 150,Mobile,Tablet,71.05,High Demand + High Problem,32.5
P0039,price,13,Bluetooth Speaker 39,Audio,Bluetooth Speaker,70.91,High Demand + High Problem,32.5
P0149,price,13,Fitness Watch 149,Watches,Fitness Watch,70.89,High Demand + High Problem,32.5
P0149,software,13,Fitness Watch 149,Watches,Fitness Watch,70.89,High Demand + High Problem,32.5
P0236,delivery,13,Fitness Band 236,Wearables,Fitness Band,70.79,Moderate,32.5
P0236,quality,13,Fitness Band 236,Wearables,Fitness Band,70.79,Moderate,32.5
P0263,price,13,Smart Light 263,Home Appliances,Smart Light,70.47,High Demand + High Problem,32.5
P0196,comfort,13,Smart Ring 196,Wearables,Smart Ring,70.43,Moderate,32.5
P0142,delivery,13,Smart Fan 142,Home Appliances,Smart Fan,70.25,High Demand + High Problem,32.5
P0142,software,13,Smart Fan 142,Home Appliances,Smart Fan,70.25,High Demand + High Problem,32.5
P0216,software,13,Headphones 216,Audio,Headphones,69.4,Moderate,32.5
P0479,comfort,13,Fitness Watch 479,Watches,Fitness Watch,69.04,High Demand + High Problem,32.5
P0479,software,13,Fitness Watch 479,Watches,Fitness Watch,69.04,High Demand + High Problem,32.5
P0383,comfort,13,Smart Ring 383,Wearables,Smart Ring,68.97,High Demand + High Problem,32.5
P0331,price,13,Smart Ring 331,Wearables,Smart Ring,68.58,High Demand + High Problem,32.5
P0051,performance,13,Air Purifier 51,Home Appliances,Air Purifier,68.27,High Demand + High Problem,32.5
P0311,price,13,Smart Light 311,Home Appliances,Smart Light,68.11,Moderate,32.5
P0262,delivery,13,Headphones 262,Audio,Headphones,67.63,High Demand + High Problem,32.5
P0262,performance,13,Headphones 262,Audio,Headphones,67.63,High Demand + High Problem,32.5
P0262,software,13,Headphones 262,Audio,Headphones,67.63,High Demand + High Problem,32.5
P0341,price,13,Smart Watch 341,Watches,Smart Watch,66.93,Moderate,32.5
P0043,software,13,Tablet 43,Mobile,Tablet,66.77,High Demand + High Problem,32.5
P0154,comfort,13,Smart Fan 154,Home Appliances,Smart Fan,66.36,High Demand + High Problem,32.5
P0117,delivery,13,Smartphone 117,Mobile,Smartphone,66.12,High Demand + High Problem,32.5
P0258,performance,13,Smart Watch 258,Watches,Smart Watch,65.83,High Demand + High Problem,32.5
P0222,software,13,Air Purifier 222,Home Appliances,Air Purifier,65.63,High Demand + High Problem,32.5
P0186,comfort,13,Smart Ring 186,Wearables,Smart Ring,65.58,High Demand + High Problem,32.5
P0365,software,13,Smart Ring 365,Wearables,Smart Ring,65.13,High Demand + High Problem,32.5
P0209,performance,13,Wireless Earbuds 209,Audio,Wireless Earbuds,65.11,Moderate,32.5
P0308,price,13,Smart Watch 308,Watches,Smart Watch,64.13,Moderate,32.5
P0026,quality,13,Headphones 26,Audio,Headphones,64.01,High Demand + High Problem,32.5
P0340,comfort,13,Fitness Band 340,Wearables,Fitness Band,63.82,Moderate,32.5
P0380,comfort,13,Fitness Band 380,Wearables,Fitness Band,63.8,High Demand + High Problem,32.5
P0336,comfort,13,Tablet 336,Mobile,Tablet,63.36,High Demand + High Problem,32.5
P0336,quality,13,Tablet 336,Mobile,Tablet,63.36,High Demand + High Problem,32.5
P0373,price,13,Smartphone 373,Mobile,Smartphone,63.2,High Demand + High Problem,32.5
P0463,comfort,13,Air Purifier 463,Home Appliances,Air Purifier,62.98,Moderate,32.5
P0170,delivery,13,Tablet 170,Mobile,Tablet,62.48,Moderate,32.5
P0056,software,13,Analog Watch 56,Watches,Analog Watch,61.72,Moderate,32.5
P0460,comfort,13,Headphones 460,Audio,Headphones,61.7,Moderate,32.5
P0125,delivery,13,Air Purifier 125,Home Appliances,Air Purifier,61.54,Moderate,32.5
P0486,delivery,13,Tablet 486,Mobile,Tablet,60.85,Moderate,32.5
P0486,performance,13,Tablet 486,Mobile,Tablet,60.85,Moderate,32.5
P0265,performance,13,Smart Fan 265,Home Appliances,Smart Fan,60.78,High Demand + High Problem,32.5
P0372,price,13,Smart Watch 372,Watches,Smart Watch,60.78,Moderate,32.5
P0360,comfort,13,Analog Watch 360,Watches,Analog Watch,60.06,Moderate,32.5
P0360,performance,13,Analog Watch 360,Watches,Analog Watch,60.06,Moderate,32.5
P0360,price,13,Analog Watch 360,Watches,Analog Watch,60.06,Moderate,32.5
P0487,software,13,Air Purifier 487,Home Appliances,Air Purifier,59.72,Moderate,32.5
P0407,performance,13,Fitness Band 407,Wearables,Fitness Band,59.66,Moderate,32.5
P0407,software,13,Fitness Band 407,Wearables,Fitness Band,59.66,Moderate,32.5
P0155,comfort,13,Tablet 155,Mobile,Tablet,59.26,Moderate,32.5
P0270,comfort,13,Smart Watch 270,Watches,Smart Watch,59.26,Moderate,32.5
P0227,performance,13,Smart Ring 227,Wearables,Smart Ring,59.09,Moderate,32.5
P0152,software,13,Wireless Earbuds 152,Audio,Wireless Earbuds,58.95,Moderate,32.5
P0025,delivery,13,Smart Watch 25,Watches,Smart Watch,58.86,Moderate,32.5
P0025,performance,13,Smart Watch 25,Watches,Smart Watch,58.86,Moderate,32.5
P0076,quality,13,Smart Fan 76,Home Appliances,Smart Fan,58.56,Moderate,32.5
P0122,performance,13,Smart Fan 122,Home Appliances,Smart Fan,58.33,Moderate,32.5
P0254,delivery,13,Tablet 254,Mobile,Tablet,58.33,Moderate,32.5
P0462,comfort,13,Smart Ring 462,Wearables,Smart Ring,58.28,Moderate,32.5
P0218,delivery,13,Tablet 218,Mobile,Tablet,58.21,Moderate,32.5
P0218,price,13,Tablet 218,Mobile,Tablet,58.21,Moderate,32.5
P0017,price,13,Bluetooth Speaker 17,Audio,Bluetooth Speaker,58.19,Moderate,32.5
P0346,price,13,Smart Ring 346,Wearables,Smart Ring,57.55,Moderate,32.5
P0102,performance,13,Smart Light 102,Home Appliances,Smart Light,57.37,Moderate,32.5
P0464,quality,13,Smart Light 464,Home Appliances,Smart Light,57.22,Moderate,32.5
P0147,performance,13,Fitness Band 147,Wearables,Fitness Band,56.82,Moderate,32.5
P0147,software,13,Fitness Band 147,Wearables,Fitness Band,56.82,Moderate,32.5
P0104,delivery,13,Smartphone 104,Mobile,Smartphone,56.5,Moderate,32.5
P0481,software,13,Bluetooth Speaker 481,Audio,Bluetooth Speaker,56.46,Moderate,32.5
P0214,software,13,Fitness Band 214,Wearables,Fitness Band,56.44,Moderate,32.5
P0172,price,13,Air Purifier 172,Home Appliances,Air Purifier,56.26,Moderate,32.5
P0166,performance,13,Smart Ring 166,Wearables,Smart Ring,56.03,Moderate,32.5
P0005,delivery,13,Air Purifier 5,Home Appliances,Air Purifier,56.0,Moderate,32.5
P0456,quality,13,Bluetooth Speaker 456,Audio,Bluetooth Speaker,55.64,Moderate,32.5
P0173,performance,13,Smartphone 173,Mobile,Smartphone,55.5,Moderate,32.5
P0253,comfort,13,Bluetooth Speaker 253,Audio,Bluetooth Speaker,55.11,Moderate,32.5
P0188,delivery,13,Headphones 188,Audio,Headphones,54.98,Moderate,32.5
P0188,price,13,Headphones 188,Audio,Headphones,54.98,Moderate,32.5
P0036,price,13,Smart Watch 36,Watches,Smart Watch,54.59,Moderate,32.5
P0095,comfort,13,Analog Watch 95,Watches,Analog Watch,54.25,Moderate,32.5
P0252,price,13,Smartphone 252,Mobile,Smartphone,54.1,Moderate,32.5
P0306,comfort,13,Fitness Band 306,Wearables,Fitness Band,53.54,Moderate,32.5
P0063,price,13,Fitness Band 63,Wearables,Fitness Band,53.45,Moderate,32.5
P0119,performance,13,Wireless Earbuds 119,Audio,Wireless Earbuds,53.42,Moderate,32.5
P0424,software,13,Smart Ring 424,Wearables,Smart Ring,53.26,Moderate,32.5
P0116,quality,13,Smart Fan 116,Home Appliances,Smart Fan,53.12,Moderate,32.5
P0053,quality,13,Tablet 53,Mobile,Tablet,53.0,Moderate,32.5
P0279,software,13,Tablet 279,Mobile,Tablet,52.96,Low Demand + High Problem,32.5
P0406,software,13,Fitness Band 406,Wearables,Fitness Band,52.74,Moderate,32.5
P0044,delivery,13,Fitness Band 44,Wearables,Fitness Band,52.63,Moderate,32.5
P0132,quality,13,Fitness Band 132,Wearables,Fitness Band,52.05,Moderate,32.5
P0337,performance,13,Analog Watch 337,Watches,Analog Watch,51.99,Low Demand + High Problem,32.5
P0337,software,13,Analog Watch 337,Watches,Analog Watch,51.99,Low Demand + High Problem,32.5
P0437,comfort,13,Tablet 437,Mobile,Tablet,51.82,Moderate,32.5
P0160,delivery,13,Smart Fan 160,Home Appliances,Smart Fan,51.52,Low Demand + High Problem,32.5
P0469,software,13,Smart Ring 469,Wearables,Smart Ring,51.5,Moderate,32.5
P0296,software,13,Headphones 296,Audio,Headphones,51.28,Low Demand + High Problem,32.5
P0169,performance,13,Analog Watch 169,Watches,Analog Watch,50.87,Moderate,32.5
P0289,comfort,13,Smart Ring 289,Wearables,Smart Ring,50.73,Moderate,32.5
P0219,comfort,13,Smart Ring 219,Wearables,Smart Ring,50.65,Low Demand + High Problem,32.5
P0384,delivery,13,Bluetooth Speaker 384,Audio,Bluetooth Speaker,50.39,Low Demand + High Problem,32.5
P0384,performance,13,Bluetooth Speaker 384,Audio,Bluetooth Speaker,50.39,Low Demand + High Problem,32.5
P0195,comfort,13,Fitness Band 195,Wearables,Fitness Band,50.32,Moderate,32.5
P0303,performance,13,Fitness Watch 303,Watches,Fitness Watch,50.15,Moderate,32.5
P0446,delivery,13,Tablet 446,Mobile,Tablet,49.88,Moderate,32.5
P0320,delivery,13,Smart Ring 320,Wearables,Smart Ring,49.19,Low Demand + High Problem,32.5
P0247,price,13,Bluetooth Speaker 247,Audio,Bluetooth Speaker,49.06,Moderate,32.5
P0348,software,13,Analog Watch 348,Watches,Analog Watch,48.9,Low Demand + High Problem,32.5
P0148,performance,13,Analog Watch 148,Watches,Analog Watch,48.76,Low Demand + High Problem,32.5
P0022,delivery,13,Analog Watch 22,Watches,Analog Watch,47.84,Low Demand + High Problem,32.5
P0176,performance,13,Smart Light 176,Home Appliances,Smart Light,47.62,Low Demand + High Problem,32.5
P0176,software,13,Smart Light 176,Home Appliances,Smart Light,47.62,Low Demand + High Problem,32.5
P0180,performance,13,Smart Light 180,Home Appliances,Smart Light,47.23,Moderate,32.5
P0377,delivery,13,Smart Ring 377,Wearables,Smart Ring,47.07,Moderate,32.5
P0067,price,13,Smart Fan 67,Home Appliances,Smart Fan,47.01,Low Demand + High Problem,32.5
P0275,software,13,Tablet 275,Mobile,Tablet,46.77,Low Demand + High Problem,32.5
P0309,comfort,13,Fitness Band 309,Wearables,Fitness Band,46.05,Low Demand + High Problem,32.5
P0015,delivery,13,Smart Ring 15,Wearables,Smart Ring,45.62,Moderate,32.5
P0015,performance,13,Smart Ring 15,Wearables,Smart Ring,45.62,Moderate,32.5
P0350,software,13,Analog Watch 350,Watches,Analog Watch,44.92,Low Demand + High Problem,32.5
P0335,performance,13,Headphones 335,Audio,Headphones,44.81,Low Demand + High Problem,32.5
P0335,software,13,Headphones 335,Audio,Headphones,44.81,Low Demand + High Problem,32.5
P0496,software,13,Fitness Band 496,Wearables,Fitness Band,44.73,Low Demand + High Problem,32.5
P0333,performance,13,Smart Light 333,Home Appliances,Smart Light,44.55,Low Demand + High Problem,32.5
P0118,price,13,Bluetooth Speaker 118,Audio,Bluetooth Speaker,44.34,Low Demand + High Problem,32.5
P0368,performance,13,Headphones 368,Audio,Headphones,43.61,Moderate,32.5
P0484,quality,13,Bluetooth Speaker 484,Audio,Bluetooth Speaker,42.91,Low Demand + High Problem,32.5
P0314,performance,13,Smart Light 314,Home Appliances,Smart Light,42.37,Low Demand + High Problem,32.5
P0314,software,13,Smart Light 314,Home Appliances,Smart Light,42.37,Low Demand + High Problem,32.5
P0430,comfort,13,Smart Light 430,Home Appliances,Smart Light,41.98,Moderate,32.5
P0157,comfort,13,Smartphone 157,Mobile,Smartphone,41.97,Low Demand + High Problem,32.5
P0157,delivery,13,Smartphone 157,Mobile,Smartphone,41.97,Low Demand + High Problem,32.5
P0190,comfort,13,Smart Light 190,Home Appliances,Smart Light,41.53,Low Demand + High Problem,32.5
P0093,performance,13,Tablet 93,Mobile,Tablet,41.47,Low Demand + High Problem,32.5
P0101,quality,13,Bluetooth Speaker 101,Audio,Bluetooth Speaker,40.33,Low Demand + High Problem,32.5
P0444,comfort,13,Fitness Band 444,Wearables,Fitness Band,40.24,Moderate,32.5
P0444,performance,13,Fitness Band 444,Wearables,Fitness Band,40.24,Moderate,32.5
P0397,price,13,Fitness Band 397,Wearables,Fitness Band,40.2,Low Demand + High Problem,32.5
P0184,software,13,Smart Ring 184,Wearables,Smart Ring,39.8,Low Demand + High Problem,32.5
P0421,delivery,13,Air Purifier 421,Home Appliances,Air Purifier,39.7,Low Demand + High Problem,32.5
P0421,software,13,Air Purifier 421,Home Appliances,Air Purifier,39.7,Low Demand + High Problem,32.5
P0251,quality,13,Fitness Band 251,Wearables,Fitness Band,39.32,Moderate,32.5
P0385,quality,13,Tablet 385,Mobile,Tablet,39.25,Low Demand + High Problem,32.5
P0385,software,13,Tablet 385,Mobile,Tablet,39.25,Low Demand + High Problem,32.5
P0082,comfort,13,Fitness Watch 82,Watches,Fitness Watch,38.89,Low Demand + High Problem,32.5
P0381,software,13,Bluetooth Speaker 381,Audio,Bluetooth Speaker,38.34,Low Demand + High Problem,32.5
P0257,comfort,13,Analog Watch 257,Watches,Analog Watch,38.02,Low Demand + High Problem,32.5
P0403,performance,13,Smart Watch 403,Watches,Smart Watch,38.02,Low Demand + High Problem,32.5
P0112,software,13,Smart Light 112,Home Appliances,Smart Light,36.83,Low Demand + High Problem,32.5
P0187,performance,13,Bluetooth Speaker 187,Audio,Bluetooth Speaker,36.59,Low Demand + High Problem,32.5
P0187,software,13,Bluetooth Speaker 187,Audio,Bluetooth Speaker,36.59,Low Demand + High Problem,32.5
P0322,delivery,13,Smart Watch 322,Watches,Smart Watch,36.05,Low Demand + High Problem,32.5
P0137,comfort,13,Analog Watch 137,Watches,Analog Watch,35.85,Low Demand + High Problem,32.5
P0443,quality,13,Wireless Earbuds 443,Audio,Wireless Earbuds,35.69,Moderate,32.5
P0002,price,13,Smart Watch 2,Watches,Smart Watch,35.34,Low Demand + High Problem,32.5
P0364,price,13,Bluetooth Speaker 364,Audio,Bluetooth Speaker,35.3,Low Demand + High Problem,32.5
P0074,performance,13,Smart Watch 74,Watches,Smart Watch,35.16,Low Demand + High Problem,32.5
P0352,performance,13,Smart Ring 352,Wearables,Smart Ring,35.1,Moderate,32.5
P0441,comfort,13,Smartphone 441,Mobile,Smartphone,34.8,Low Demand + High Problem,32.5
P0096,performance,13,Smart Watch 96,Watches,Smart Watch,34.5,Moderate,32.5
P0027,comfort,13,Smart Ring 27,Wearables,Smart Ring,34.28,Low Demand + High Problem,32.5
P0378,comfort,13,Tablet 378,Mobile,Tablet,33.68,Low Demand + High Problem,32.5
P0378,delivery,13,Tablet 378,Mobile,Tablet,33.68,Low Demand + High Problem,32.5
P0307,performance,13,Smartphone 307,Mobile,Smartphone,32.1,Low Demand + High Problem,32.5
P0392,performance,13,Wireless Earbuds 392,Audio,Wireless Earbuds,31.69,Low Demand + High Problem,32.5
P0438,battery,13,Fitness Band 438,Wearables,Fitness Band,31.61,Moderate,32.5
P0243,performance,13,Bluetooth Speaker 243,Audio,Bluetooth Speaker,31.01,Moderate,32.5
P0386,quality,13,Smart Fan 386,Home Appliances,Smart Fan,27.09,Moderate,32.5
P0235,comfort,12,Smartphone 235,Mobile,Smartphone,78.93,High Demand + High Problem,30.0
P0075,comfort,12,Fitness Watch 75,Watches,Fitness Watch,78.79,High Demand + High Problem,30.0
P0075,software,12,Fitness Watch 75,Watches,Fitness Watch,78.79,High Demand + High Problem,30.0
P0010,price,12,Smart Light 10,Home Appliances,Smart Light,78.49,High Demand + High Problem,30.0
P0483,software,12,Smartphone 483,Mobile,Smartphone,77.06,High Demand + High Problem,30.0
P0099,price,12,Bluetooth Speaker 99,Audio,Bluetooth Speaker,77.04,High Demand + High Problem,30.0
P0419,comfort,12,Fitness Band 419,Wearables,Fitness Band,76.83,High Demand + High Problem,30.0
P0047,comfort,12,Smart Fan 47,Home Appliances,Smart Fan,76.37,High Demand + High Problem,30.0
P0047,delivery,12,Smart Fan 47,Home Appliances,Smart Fan,76.37,High Demand + High Problem,30.0
P0165,price,12,Bluetooth Speaker 165,Audio,Bluetooth Speaker,75.94,High Demand + High Problem,30.0
P0339,price,12,Wireless Earbuds 339,Audio,Wireless Earbuds,75.81,High Demand + High Problem,30.0
P0094,comfort,12,Smart Ring 94,Wearables,Smart Ring,75.53,High Demand + High Problem,30.0
P0473,comfort,12,Analog Watch 473,Watches,Analog Watch,75.14,High Demand + High Problem,30.0
P0492,performance,12,Smart Ring 492,Wearables,Smart Ring,74.93,High Demand + High Problem,30.0
P0485,price,12,Smart Watch 485,Watches,Smart Watch,73.94,High Demand + High Problem,30.0
P0291,software,12,Wireless Earbuds 291,Audio,Wireless Earbuds,73.57,High Demand + High Problem,30.0
P0400,price,12,Analog Watch 400,Watches,Analog Watch,73.08,High Demand + High Problem,30.0
P0225,performance,12,Smart Fan 225,Home Appliances,Smart Fan,72.85,High Demand + High Problem,30.0
P0283,delivery,12,Headphones 283,Audio,Headphones,72.42,High Demand + High Problem,30.0
P0283,performance,12,Headphones 283,Audio,Headphones,72.42,High Demand + High Problem,30.0
P0064,software,12,Fitness Band 64,Wearables,Fitness Band,72.23,High Demand + High Problem,30.0
P0062,comfort,12,Tablet 62,Mobile,Tablet,71.93,Moderate,30.0
P0062,price,12,Tablet 62,Mobile,Tablet,71.93,Moderate,30.0
P0229,price,12,Smart Light 229,Home Appliances,Smart Light,71.88,Moderate,30.0
P0229,software,12,Smart Light 229,Home Appliances,Smart Light,71.88,Moderate,30.0
P0269,price,12,Smartphone 269,Mobile,Smartphone,71.85,High Demand + High Problem,30.0
P0269,software,12,Smartphone 269,Mobile,Smartphone,71.85,High Demand + High Problem,30.0
P0198,delivery,12,Smart Ring 198,Wearables,Smart Ring,71.82,High Demand + High Problem,30.0
P0198,performance,12,Smart Ring 198,Wearables,Smart Ring,71.82,High Demand + High Problem,30.0
P0431,price,12,Bluetooth Speaker 431,Audio,Bluetooth Speaker,71.32,Moderate,30.0
P0150,software,12,Tablet 150,Mobile,Tablet,71.05,High Demand + High Problem,30.0
P0146,price,12,Air Purifier 146,Home Appliances,Air Purifier,70.93,High Demand + High Problem,30.0
P0110,software,12,Smart Ring 110,Wearables,Smart Ring,70.92,High Demand + High Problem,30.0
P0304,comfort,12,Bluetooth Speaker 304,Audio,Bluetooth Speaker,70.79,High Demand + High Problem,30.0
P0304,performance,12,Bluetooth Speaker 304,Audio,Bluetooth Speaker,70.79,High Demand + High Problem,30.0
P0032,software,12,Smartphone 32,Mobile,Smartphone,70.5,High Demand + High Problem,30.0
P0263,performance,12,Smart Light 263,Home Appliances,Smart Light,70.47,High Demand + High Problem,30.0
P0196,performance,12,Smart Ring 196,Wearables,Smart Ring,70.43,Moderate,30.0
P0196,quality,12,Smart Ring 196,Wearables,Smart Ring,70.43,Moderate,30.0
P0196,software,12,Smart Ring 196,Wearables,Smart Ring,70.43,Moderate,30.0
P0142,price,12,Smart Fan 142,Home Appliances,Smart Fan,70.25,High Demand + High Problem,30.0
P0281,performance,12,Smart Ring 281,Wearables,Smart Ring,70.25,High Demand + High Problem,30.0
P0192,delivery,12,Bluetooth Speaker 192,Audio,Bluetooth Speaker,69.68,High Demand + High Problem,30.0
P0192,price,12,Bluetooth Speaker 192,Audio,Bluetooth Speaker,69.68,High Demand + High Problem,30.0
P0497,price,12,Smart Ring 497,Wearables,Smart Ring,68.43,High Demand + High Problem,30.0
P0051,delivery,12,Air Purifier 51,Home Appliances,Air Purifier,68.27,High Demand + High Problem,30.0
P0115,comfort,12,Air Purifier 115,Home Appliances,Air Purifier,68.23,High Demand + High Problem,30.0
P0405,performance,12,Air Purifier 405,Home Appliances,Air Purifier,68.21,High Demand + High Problem,30.0
P0311,performance,12,Smart Light 311,Home Appliances,Smart Light,68.11,Moderate,30.0
P0033,delivery,12,Smart Watch 33,Watches,Smart Watch,67.78,High Demand + High Problem,30.0
P0033,software,12,Smart Watch 33,Watches,Smart Watch,67.78,High Demand + High Problem,30.0
P0288,delivery,12,Smart Ring 288,Wearables,Smart Ring,67.62,High Demand + High Problem,30.0
P0163,performance,12,Smart Ring 163,Wearables,Smart Ring,67.22,Moderate,30.0
P0058,performance,12,Bluetooth Speaker 58,Audio,Bluetooth Speaker,67.21,High Demand + High Problem,30.0
P0470,software,12,Smart Light 470,Home Appliances,Smart Light,67.01,High Demand + High Problem,30.0
P0477,comfort,12,Fitness Watch 477,Watches,Fitness Watch,66.47,High Demand + High Problem,30.0
P0139,price,12,Analog Watch 139,Watches,Analog Watch,66.4,Moderate,30.0
P0154,software,12,Smart Fan 154,Home Appliances,Smart Fan,66.36,High Demand + High Problem,30.0
P0014,comfort,12,Fitness Band 14,Wearables,Fitness Band,66.23,High Demand + High Problem,30.0
P0370,delivery,12,Tablet 370,Mobile,Tablet,66.09,High Demand + High Problem,30.0
P0370,price,12,Tablet 370,Mobile,Tablet,66.09,High Demand + High Problem,30.0
P0370,software,12,Tablet 370,Mobile,Tablet,66.09,High Demand + High Problem,30.0
P0127,delivery,12,Smartphone 127,Mobile,Smartphone,65.78,High Demand + High Problem,30.0
P0224,comfort,12,Air Purifier 224,Home Appliances,Air Purifier,65.6,Moderate,30.0
P0224,software,12,Air Purifier 224,Home Appliances,Air Purifier,65.6,Moderate,30.0
P0077,price,12,Fitness Watch 77,Watches,Fitness Watch,64.66,High Demand + High Problem,30.0
P0077,quality,12,Fitness Watch 77,Watches,Fitness Watch,64.66,High Demand + High Problem,30.0
P0398,price,12,Wireless Earbuds 398,Audio,Wireless Earbuds,64.63,High Demand + High Problem,30.0
P0052,performance,12,Bluetooth Speaker 52,Audio,Bluetooth Speaker,64.5,Moderate,30.0
P0026,price,12,Headphones 26,Audio,Headphones,64.01,High Demand + High Problem,30.0
P0026,software,12,Headphones 26,Audio,Headphones,64.01,High Demand + High Problem,30.0
P0488,software,12,Smart Light 488,Home Appliances,Smart Light,63.84,Moderate,30.0
P0191,price,12,Headphones 191,Audio,Headphones,63.82,Moderate,30.0
P0451,comfort,12,Bluetooth Speaker 451,Audio,Bluetooth Speaker,63.56,Moderate,30.0
P0336,performance,12,Tablet 336,Mobile,Tablet,63.36,High Demand + High Problem,30.0
P0183,comfort,12,Wireless Earbuds 183,Audio,Wireless Earbuds,63.35,Moderate,30.0
P0183,delivery,12,Wireless Earbuds 183,Audio,Wireless Earbuds,63.35,Moderate,30.0
P0268,software,12,Fitness Band 268,Wearables,Fitness Band,63.34,Moderate,30.0
P0012,price,12,Fitness Band 12,Wearables,Fitness Band,63.02,High Demand + High Problem,30.0
P0463,software,12,Air Purifier 463,Home Appliances,Air Purifier,62.98,Moderate,30.0
P0232,delivery,12,Smart Ring 232,Wearables,Smart Ring,62.71,Moderate,30.0
P0232,software,12,Smart Ring 232,Wearables,Smart Ring,62.71,Moderate,30.0
P0170,software,12,Tablet 170,Mobile,Tablet,62.48,Moderate,30.0
P0078,delivery,12,Smart Ring 78,Wearables,Smart Ring,62.24,Moderate,30.0
P0363,delivery,12,Tablet 363,Mobile,Tablet,62.14,Moderate,30.0
P0234,comfort,12,Air Purifier 234,Home Appliances,Air Purifier,62.11,High Demand + High Problem,30.0
P0121,performance,12,Fitness Band 121,Wearables,Fitness Band,61.96,Moderate,30.0
P0460,quality,12,Headphones 460,Audio,Headphones,61.7,Moderate,30.0
P0220,price,12,Smart Ring 220,Wearables,Smart Ring,61.32,High Demand + High Problem,30.0
P0239,comfort,12,Tablet 239,Mobile,Tablet,61.06,Moderate,30.0
P0372,delivery,12,Smart Watch 372,Watches,Smart Watch,60.78,Moderate,30.0
P0271,delivery,12,Tablet 271,Mobile,Tablet,60.64,Moderate,30.0
P0171,performance,12,Smart Watch 171,Watches,Smart Watch,60.45,Moderate,30.0
P0407,delivery,12,Fitness Band 407,Wearables,Fitness Band,59.66,Moderate,30.0
P0270,performance,12,Smart Watch 270,Watches,Smart Watch,59.26,Moderate,30.0
P0450,comfort,12,Fitness Band 450,Wearables,Fitness Band,59.21,Moderate,30.0
P0450,performance,12,Fitness Band 450,Wearables,Fitness Band,59.21,Moderate,30.0
P0227,delivery,12,Smart Ring 227,Wearables,Smart Ring,59.09,Moderate,30.0
P0427,performance,12,Analog Watch 427,Watches,Analog Watch,59.06,Moderate,30.0
P0328,comfort,12,Smartphone 328,Mobile,Smartphone,58.98,Moderate,30.0
P0435,delivery,12,Bluetooth Speaker 435,Audio,Bluetooth Speaker,58.93,Moderate,30.0
P0435,price,12,Bluetooth Speaker 435,Audio,Bluetooth Speaker,58.93,Moderate,30.0
P0076,delivery,12,Smart Fan 76,Home Appliances,Smart Fan,58.56,Moderate,30.0
P0122,comfort,12,Smart Fan 122,Home Appliances,Smart Fan,58.33,Moderate,30.0
P0462,price,12,Smart Ring 462,Wearables,Smart Ring,58.28,Moderate,30.0
P0411,performance,12,Smart Fan 411,Home Appliances,Smart Fan,58.11,Moderate,30.0
P0420,performance,12,Smart Ring 420,Wearables,Smart Ring,57.69,Moderate,30.0
P0016,software,12,Air Purifier 16,Home Appliances,Air Purifier,57.11,Moderate,30.0
P0174,delivery,12,Tablet 174,Mobile,Tablet,56.89,Moderate,30.0
P0245,quality,12,Smart Ring 245,Wearables,Smart Ring,56.8,Moderate,30.0
P0006,comfort,12,Headphones 6,Audio,Headphones,56.59,Moderate,30.0
P0267,software,12,Smartphone 267,Mobile,Smartphone,56.54,Moderate,30.0
P0287,price,12,Analog Watch 287,Watches,Analog Watch,56.02,Moderate,30.0
P0040,performance,12,Analog Watch 40,Watches,Analog Watch,55.87,Moderate,30.0
P0049,comfort,12,Smart Fan 49,Home Appliances,Smart Fan,55.75,Moderate,30.0
P0456,price,12,Bluetooth Speaker 456,Audio,Bluetooth Speaker,55.64,Moderate,30.0
P0109,performance,12,Smart Fan 109,Home Appliances,Smart Fan,54.68,Moderate,30.0
P0036,comfort,12,Smart Watch 36,Watches,Smart Watch,54.59,Moderate,30.0
P0402,comfort,12,Wireless Earbuds 402,Audio,Wireless Earbuds,54.48,Moderate,30.0
P0494,battery,12,Fitness Watch 494,Watches,Fitness Watch,54.27,Moderate,30.0
P0321,price,12,Smart Ring 321,Wearables,Smart Ring,54.26,Moderate,30.0
P0095,price,12,Analog Watch 95,Watches,Analog Watch,54.25,Moderate,30.0
P0252,software,12,Smartphone 252,Mobile,Smartphone,54.1,Moderate,30.0
P0085,comfort,12,Fitness Band 85,Wearables,Fitness Band,53.82,Low Demand + High Problem,30.0
P0085,delivery,12,Fitness Band 85,Wearables,Fitness Band,53.82,Low Demand + High Problem,30.0
P0085,price,12,Fitness Band 85,Wearables,Fitness Band,53.82,Low Demand + High Problem,30.0
P0085,software,12,Fitness Band 85,Wearables,Fitness Band,53.82,Low Demand + High Problem,30.0
P0418,software,12,Smart Fan 418,Home Appliances,Smart Fan,53.57,Moderate,30.0
P0424,price,12,Smart Ring 424,Wearables,Smart Ring,53.26,Moderate,30.0
P0116,software,12,Smart Fan 116,Home Appliances,Smart Fan,53.12,Moderate,30.0
P0223,software,12,Smartphone 223,Mobile,Smartphone,53.09,Moderate,30.0
P0053,delivery,12,Tablet 53,Mobile,Tablet,53.0,Moderate,30.0
P0041,delivery,12,Headphones 41,Audio,Headphones,52.99,Low Demand + High Problem,30.0
P0406,performance,12,Fitness Band 406,Wearables,Fitness Band,52.74,Moderate,30.0
P0406,price,12,Fitness Band 406,Wearables,Fitness Band,52.74,Moderate,30.0
P0417,comfort,12,Smart Light 417,Home Appliances,Smart Light,52.69,Moderate,30.0
P0351,performance,12,Tablet 351,Mobile,Tablet,52.67,Moderate,30.0
P0189,price,12,Smartphone 189,Mobile,Smartphone,52.29,Moderate,30.0
P0083,comfort,12,Air Purifier 83,Home Appliances,Air Purifier,52.12,Low Demand + High Problem,30.0
P0083,delivery,12,Air Purifier 83,Home Appliances,Air Purifier,52.12,Low Demand + High Problem,30.0
P0319,comfort,12,Smart Ring 319,Wearables,Smart Ring,52.07,Moderate,30.0
P0319,delivery,12,Smart Ring 319,Wearables,Smart Ring,52.07,Moderate,30.0
P0349,comfort,12,Smart Fan 349,Home Appliances,Smart Fan,52.07,Moderate,30.0
P0132,performance,12,Fitness Band 132,Wearables,Fitness Band,52.05,Moderate,30.0
P0132,software,12,Fitness Band 132,Wearables,Fitness Band,52.05,Moderate,30.0
P0337,delivery,12,Analog Watch 337,Watches,Analog Watch,51.99,Low Demand + High Problem,30.0
P0337,price,12,Analog Watch 337,Watches,Analog Watch,51.99,Low Demand + High Problem,30.0
P0412,quality,12,Air Purifier 412,Home Appliances,Air Purifier,51.55,Moderate,30.0
P0469,delivery,12,Smart Ring 469,Wearables,Smart Ring,51.5,Moderate,30.0
P0453,delivery,12,Smartphone 453,Mobile,Smartphone,51.37,Low Demand + High Problem,30.0
P0219,delivery,12,Smart Ring 219,Wearables,Smart Ring,50.65,Low Demand + High Problem,30.0
P0499,performance,12,Tablet 499,Mobile,Tablet,50.57,Low Demand + High Problem,30.0
P0042,price,12,Smart Watch 42,Watches,Smart Watch,50.48,Low Demand + High Problem,30.0
P0134,comfort,12,Smartphone 134,Mobile,Smartphone,50.27,Low Demand + High Problem,30.0
P0447,comfort,12,Smartphone 447,Mobile,Smartphone,50.12,Low Demand + High Problem,30.0
P0447,price,12,Smartphone 447,Mobile,Smartphone,50.12,Low Demand + High Problem,30.0
P0060,price,12,Smartphone 60,Mobile,Smartphone,49.75,Moderate,30.0
P0098,performance,12,Analog Watch 98,Watches,Analog Watch,49.37,Moderate,30.0
P0320,comfort,12,Smart Ring 320,Wearables,Smart Ring,49.19,Low Demand + High Problem,30.0
P0114,delivery,12,Smart Light 114,Home Appliances,Smart Light,49.0,Low Demand + High Problem,30.0
P0305,software,12,Fitness Band 305,Wearables,Fitness Band,48.85,Low Demand + High Problem,30.0
P0215,performance,12,Smart Light 215,Home Appliances,Smart Light,48.63,Moderate,30.0
P0284,delivery,12,Wireless Earbuds 284,Audio,Wireless Earbuds,48.29,Low Demand + High Problem,30.0
P0207,delivery,12,Wireless Earbuds 207,Audio,Wireless Earbuds,47.93,Low Demand + High Problem,30.0
P0207,software,12,Wireless Earbuds 207,Audio,Wireless Earbuds,47.93,Low Demand + High Problem,30.0
P0022,comfort,12,Analog Watch 22,Watches,Analog Watch,47.84,Low Demand + High Problem,30.0
P0194,delivery,12,Air Purifier 194,Home Appliances,Air Purifier,47.47,Low Demand + High Problem,30.0
P0029,price,12,Smart Light 29,Home Appliances,Smart Light,47.31,Low Demand + High Problem,30.0
P0029,software,12,Smart Light 29,Home Appliances,Smart Light,47.31,Low Demand + High Problem,30.0
P0180,comfort,12,Smart Light 180,Home Appliances,Smart Light,47.23,Moderate,30.0
P0162,comfort,12,Smart Light 162,Home Appliances,Smart Light,47.1,Low Demand + High Problem,30.0
P0162,delivery,12,Smart Light 162,Home Appliances,Smart Light,47.1,Low Demand + High Problem,30.0
P0162,software,12,Smart Light 162,Home Appliances,Smart Light,47.1,Low Demand + High Problem,30.0
P0204,delivery,12,Wireless Earbuds 204,Audio,Wireless Earbuds,47.09,Moderate,30.0
P0164,comfort,12,Smart Fan 164,Home Appliances,Smart Fan,46.5,Low Demand + High Problem,30.0
P0379,software,12,Bluetooth Speaker 379,Audio,Bluetooth Speaker,46.26,Low Demand + High Problem,30.0
P0422,software,12,Tablet 422,Mobile,Tablet,46.22,Low Demand + High Problem,30.0
P0226,price,12,Bluetooth Speaker 226,Audio,Bluetooth Speaker,45.76,Low Demand + High Problem,30.0
P0179,performance,12,Fitness Band 179,Wearables,Fitness Band,45.59,Low Demand + High Problem,30.0
P0097,performance,12,Fitness Watch 97,Watches,Fitness Watch,45.42,Low Demand + High Problem,30.0
P0136,delivery,12,Tablet 136,Mobile,Tablet,45.22,Low Demand + High Problem,30.0
P0136,performance,12,Tablet 136,Mobile,Tablet,45.22,Low Demand + High Problem,30.0
P0496,comfort,12,Fitness Band 496,Wearables,Fitness Band,44.73,Low Demand + High Problem,30.0
P0004,performance,12,Headphones 4,Audio,Headphones,44.08,Moderate,30.0
P0368,software,12,Headphones 368,Audio,Headphones,43.61,Moderate,30.0
P0343,delivery,12,Tablet 343,Mobile,Tablet,43.06,Low Demand + High Problem,30.0
P0135,comfort,12,Smart Watch 135,Watches,Smart Watch,42.96,Low Demand + High Problem,30.0
P0141,comfort,12,Wireless Earbuds 141,Audio,Wireless Earbuds,42.92,Low Demand + High Problem,30.0
P0141,delivery,12,Wireless Earbuds 141,Audio,Wireless Earbuds,42.92,Low Demand + High Problem,30.0
P0141,software,12,Wireless Earbuds 141,Audio,Wireless Earbuds,42.92,Low Demand + High Problem,30.0
P0484,delivery,12,Bluetooth Speaker 484,Audio,Bluetooth Speaker,42.91,Low Demand + High Problem,30.0
P0013,delivery,12,Smart Ring 13,Wearables,Smart Ring,42.87,Low Demand + High Problem,30.0
P0013,price,12,Smart Ring 13,Wearables,Smart Ring,42.87,Low Demand + High Problem,30.0
P0158,price,12,Smartphone 158,Mobile,Smartphone,42.65,Low Demand + High Problem,30.0
P0048,software,12,Smart Watch 48,Watches,Smart Watch,42.55,Low Demand + High Problem,30.0
P0259,performance,12,Smart Fan 259,Home Appliances,Smart Fan,42.44,Moderate,30.0
P0430,delivery,12,Smart Light 430,Home Appliances,Smart Light,41.98,Moderate,30.0
P0089,price,12,Fitness Band 89,Wearables,Fitness Band,41.58,Low Demand + High Problem,30.0
P0093,comfort,12,Tablet 93,Mobile,Tablet,41.47,Low Demand + High Problem,30.0
P0093,delivery,12,Tablet 93,Mobile,Tablet,41.47,Low Demand + High Problem,30.0
P0490,comfort,12,Smart Light 490,Home Appliances,Smart Light,41.09,Moderate,30.0
P0019,price,12,Fitness Watch 19,Watches,Fitness Watch,41.05,Low Demand + High Problem,30.0
P0138,delivery,12,Smart Fan 138,Home Appliances,Smart Fan,41.05,Low Demand + High Problem,30.0
P0138,price,12,Smart Fan 138,Home Appliances,Smart Fan,41.05,Low Demand + High Problem,30.0
P0003,comfort,12,Smart Light 3,Home Appliances,Smart Light,40.9,Low Demand + High Problem,30.0
P0397,comfort,12,Fitness Band 397,Wearables,Fitness Band,40.2,Low Demand + High Problem,30.0
P0184,price,12,Smart Ring 184,Wearables,Smart Ring,39.8,Low Demand + High Problem,30.0
P0185,performance,12,Smart Ring 185,Wearables,Smart Ring,39.75,Low Demand + High Problem,30.0
P0277,performance,12,Smartphone 277,Mobile,Smartphone,39.7,Low Demand + High Problem,30.0
P0421,comfort,12,Air Purifier 421,Home Appliances,Air Purifier,39.7,Low Demand + High Problem,30.0
P0024,comfort,12,Fitness Band 24,Wearables,Fitness Band,39.68,Low Demand + High Problem,30.0
P0151,performance,12,Smart Ring 151,Wearables,Smart Ring,39.55,Moderate,30.0
P0385,comfort,12,Tablet 385,Mobile,Tablet,39.25,Low Demand + High Problem,30.0
P0385,price,12,Tablet 385,Mobile,Tablet,39.25,Low Demand + High Problem,30.0
P0387,software,12,Fitness Band 387,Wearables,Fitness Band,39.05,Low Demand + High Problem,30.0
P0167,quality,12,Fitness Watch 167,Watches,Fitness Watch,38.98,Moderate,30.0
P0426,software,12,Headphones 426,Audio,Headphones,38.77,Moderate,30.0
P0324,software,12,Air Purifier 324,Home Appliances,Air Purifier,38.41,Low Demand + High Problem,30.0
P0381,price,12,Bluetooth Speaker 381,Audio,Bluetooth Speaker,38.34,Low Demand + High Problem,30.0
P0403,delivery,12,Smart Watch 403,Watches,Smart Watch,38.02,Low Demand + High Problem,30.0
P0313,comfort,12,Smart Watch 313,Watches,Smart Watch,37.79,Low Demand + High Problem,30.0
P0037,comfort,12,Analog Watch 37,Watches,Analog Watch,37.3,Low Demand + High Problem,30.0
P0423,delivery,12,Air Purifier 423,Home Appliances,Air Purifier,37.2,Moderate,30.0
P0282,comfort,12,Smartphone 282,Mobile,Smartphone,37.14,Low Demand + High Problem,30.0
P0282,delivery,12,Smartphone 282,Mobile,Smartphone,37.14,Low Demand + High Problem,30.0
P0282,price,12,Smartphone 282,Mobile,Smartphone,37.14,Low Demand + High Problem,30.0
P0282,software,12,Smartphone 282,Mobile,Smartphone,37.14,Low Demand + High Problem,30.0
P0210,delivery,12,Tablet 210,Mobile,Tablet,37.01,Low Demand + High Problem,30.0
P0210,performance,12,Tablet 210,Mobile,Tablet,37.01,Low Demand + High Problem,30.0
P0240,comfort,12,Tablet 240,Mobile,Tablet,36.9,Moderate,30.0
P0240,performance,12,Tablet 240,Mobile,Tablet,36.9,Moderate,30.0
P0112,delivery,12,Smart Light 112,Home Appliances,Smart Light,36.83,Low Demand + High Problem,30.0
P0396,price,12,Fitness Watch 396,Watches,Fitness Watch,36.72,Low Demand + High Problem,30.0
P0137,software,12,Analog Watch 137,Watches,Analog Watch,35.85,Low Demand + High Problem,30.0
P0023,software,12,Air Purifier 23,Home Appliances,Air Purifier,35.59,Low Demand + High Problem,30.0
P0002,comfort,12,Smart Watch 2,Watches,Smart Watch,35.34,Low Demand + High Problem,30.0
P0355,price,12,Analog Watch 355,Watches,Analog Watch,35.17,Moderate,30.0
P0046,delivery,12,Bluetooth Speaker 46,Audio,Bluetooth Speaker,34.94,Low Demand + High Problem,30.0
P0472,performance,12,Smartphone 472,Mobile,Smartphone,34.7,Moderate,30.0
P0208,delivery,12,Fitness Watch 208,Watches,Fitness Watch,34.67,Low Demand + High Problem,30.0
P0159,software,12,Analog Watch 159,Watches,Analog Watch,34.37,Moderate,30.0
P0027,performance,12,Smart Ring 27,Wearables,Smart Ring,34.28,Low Demand + High Problem,30.0
P0315,performance,12,Bluetooth Speaker 315,Audio,Bluetooth Speaker,34.01,Low Demand + High Problem,30.0
P0290,comfort,12,Fitness Band 290,Wearables,Fitness Band,33.81,Low Demand + High Problem,30.0
P0378,software,12,Tablet 378,Mobile,Tablet,33.68,Low Demand + High Problem,30.0
P0182,software,12,Fitness Band 182,Wearables,Fitness Band,33.5,Low Demand + High Problem,30.0
P0178,quality,12,Fitness Watch 178,Watches,Fitness Watch,32.69,Moderate,30.0
P0480,delivery,12,Headphones 480,Audio,Headphones,32.56,Low Demand + High Problem,30.0
P0498,battery,12,Tablet 498,Mobile,Tablet,32.26,Moderate,30.0
P0498,performance,12,Tablet 498,Mobile,Tablet,32.26,Moderate,30.0
P0366,performance,12,Air Purifier 366,Home Appliances,Air Purifier,31.61,Moderate,30.0
P0438,comfort,12,Fitness Band 438,Wearables,Fitness Band,31.61,Moderate,30.0
P0432,price,12,Air Purifier 432,Home Appliances,Air Purifier,31.34,Low Demand + High Problem,30.0
P0081,price,12,Headphones 81,Audio,Headphones,30.67,Moderate,30.0
P0075,performance,11,Fitness Watch 75,Watches,Fitness Watch,78.79,High Demand + High Problem,27.5
P0483,comfort,11,Smartphone 483,Mobile,Smartphone,77.06,High Demand + High Problem,27.5
P0099,comfort,11,Bluetooth Speaker 99,Audio,Bluetooth Speaker,77.04,High Demand + High Problem,27.5
P0242,comfort,11,Smart Light 242,Home Appliances,Smart Light,76.46,High Demand + High Problem,27.5
P0242,software,11,Smart Light 242,Home Appliances,Smart Light,76.46,High Demand + High Problem,27.5
P0256,comfort,11,Smartphone 256,Mobile,Smartphone,76.08,High Demand + High Problem,27.5
P0256,delivery,11,Smartphone 256,Mobile,Smartphone,76.08,High Demand + High Problem,27.5
P0123,software,11,Smart Watch 123,Watches,Smart Watch,75.47,High Demand + High Problem,27.5
P0345,software,11,Tablet 345,Mobile,Tablet,75.09,High Demand + High Problem,27.5
P0492,software,11,Smart Ring 492,Wearables,Smart Ring,74.93,High Demand + High Problem,27.5
P0312,comfort,11,Smart Watch 312,Watches,Smart Watch,74.89,High Demand + High Problem,27.5
P0474,price,11,Bluetooth Speaker 474,Audio,Bluetooth Speaker,74.89,High Demand + High Problem,27.5
P0237,software,11,Tablet 237,Mobile,Tablet,74.81,High Demand + High Problem,27.5
P0485,delivery,11,Smart Watch 485,Watches,Smart Watch,73.94,High Demand + High Problem,27.5
P0291,comfort,11,Wireless Earbuds 291,Audio,Wireless Earbuds,73.57,High Demand + High Problem,27.5
P0291,price,11,Wireless Earbuds 291,Audio,Wireless Earbuds,73.57,High Demand + High Problem,27.5
P0400,comfort,11,Analog Watch 400,Watches,Analog Watch,73.08,High Demand + High Problem,27.5
P0400,software,11,Analog Watch 400,Watches,Analog Watch,73.08,High Demand + High Problem,27.5
P0375,price,11,Headphones 375,Audio,Headphones,72.77,High Demand + High Problem,27.5
P0491,software,11,Tablet 491,Mobile,Tablet,72.73,High Demand + High Problem,27.5
P0388,delivery,11,Smart Fan 388,Home Appliances,Smart Fan,72.7,High Demand + High Problem,27.5
P0388,price,11,Smart Fan 388,Home Appliances,Smart Fan,72.7,High Demand + High Problem,27.5
P0283,comfort,11,Headphones 283,Audio,Headphones,72.42,High Demand + High Problem,27.5
P0064,comfort,11,Fitness Band 64,Wearables,Fitness Band,72.23,High Demand + High Problem,27.5
P0471,price,11,Bluetooth Speaker 471,Audio,Bluetooth Speaker,72.23,High Demand + High Problem,27.5
P0280,comfort,11,Smartphone 280,Mobile,Smartphone,72.14,High Demand + High Problem,27.5
P0280,delivery,11,Smartphone 280,Mobile,Smartphone,72.14,High Demand + High Problem,27.5
P0198,software,11,Smart Ring 198,Wearables,Smart Ring,71.82,High Demand + High Problem,27.5
P0008,delivery,11,Headphones 8,Audio,Headphones,71.78,High Demand + High Problem,27.5
P0389,software,11,Fitness Watch 389,Watches,Fitness Watch,71.47,High Demand + High Problem,27.5
P0124,comfort,11,Smart Ring 124,Wearables,Smart Ring,71.44,High Demand + High Problem,27.5
P0356,comfort,11,Air Purifier 356,Home Appliances,Air Purifier,71.4,High Demand + High Problem,27.5
P0431,comfort,11,Bluetooth Speaker 431,Audio,Bluetooth Speaker,71.32,Moderate,27.5
P0113,price,11,Smart Watch 113,Watches,Smart Watch,71.1,High Demand + High Problem,27.5
P0150,comfort,11,Tablet 150,Mobile,Tablet,71.05,High Demand + High Problem,27.5
P0146,delivery,11,Air Purifier 146,Home Appliances,Air Purifier,70.93,High Demand + High Problem,27.5
P0146,software,11,Air Purifier 146,Home Appliances,Air Purifier,70.93,High Demand + High Problem,27.5
P0110,comfort,11,Smart Ring 110,Wearables,Smart Ring,70.92,High Demand + High Problem,27.5
P0110,price,11,Smart Ring 110,Wearables,Smart Ring,70.92,High Demand + High Problem,27.5
P0032,comfort,11,Smartphone 32,Mobile,Smartphone,70.5,High Demand + High Problem,27.5
P0032,delivery,11,Smartphone 32,Mobile,Smartphone,70.5,High Demand + High Problem,27.5
P0032,performance,11,Smartphone 32,Mobile,Smartphone,70.5,High Demand + High Problem,27.5
P0205,performance,11,Tablet 205,Mobile,Tablet,70.49,Moderate,27.5
P0205,price,11,Tablet 205,Mobile,Tablet,70.49,Moderate,27.5
P0205,quality,11,Tablet 205,Mobile,Tablet,70.49,Moderate,27.5
P0202,comfort,11,Fitness Watch 202,Watches,Fitness Watch,70.42,High Demand + High Problem,27.5
P0281,delivery,11,Smart Ring 281,Wearables,Smart Ring,70.25,High Demand + High Problem,27.5
P0009,delivery,11,Wireless Earbuds 9,Audio,Wireless Earbuds,69.97,High Demand + High Problem,27.5
P0153,delivery,11,Fitness Band 153,Wearables,Fitness Band,69.77,Moderate,27.5
P0153,price,11,Fitness Band 153,Wearables,Fitness Band,69.77,Moderate,27.5
P0342,comfort,11,Smartphone 342,Mobile,Smartphone,69.43,Moderate,27.5
P0103,software,11,Fitness Band 103,Wearables,Fitness Band,69.29,High Demand + High Problem,27.5
P0383,performance,11,Smart Ring 383,Wearables,Smart Ring,68.97,High Demand + High Problem,27.5
P0383,software,11,Smart Ring 383,Wearables,Smart Ring,68.97,High Demand + High Problem,27.5
P0405,price,11,Air Purifier 405,Home Appliances,Air Purifier,68.21,High Demand + High Problem,27.5
P0161,software,11,Smartphone 161,Mobile,Smartphone,67.95,High Demand + High Problem,27.5
P0455,performance,11,Fitness Band 455,Wearables,Fitness Band,67.7,High Demand + High Problem,27.5
P0262,comfort,11,Headphones 262,Audio,Headphones,67.63,High Demand + High Problem,27.5
P0058,comfort,11,Bluetooth Speaker 58,Audio,Bluetooth Speaker,67.21,High Demand + High Problem,27.5
P0470,comfort,11,Smart Light 470,Home Appliances,Smart Light,67.01,High Demand + High Problem,27.5
P0341,comfort,11,Smart Watch 341,Watches,Smart Watch,66.93,Moderate,27.5
P0341,delivery,11,Smart Watch 341,Watches,Smart Watch,66.93,Moderate,27.5
P0334,comfort,11,Fitness Band 334,Wearables,Fitness Band,66.7,High Demand + High Problem,27.5
P0334,delivery,11,Fitness Band 334,Wearables,Fitness Band,66.7,High Demand + High Problem,27.5
P0477,performance,11,Fitness Watch 477,Watches,Fitness Watch,66.47,High Demand + High Problem,27.5
P0139,delivery,11,Analog Watch 139,Watches,Analog Watch,66.4,Moderate,27.5
P0404,price,11,Bluetooth Speaker 404,Audio,Bluetooth Speaker,66.09,Moderate,27.5
P0255,price,11,Bluetooth Speaker 255,Audio,Bluetooth Speaker,65.63,Moderate,27.5
P0224,price,11,Air Purifier 224,Home Appliances,Air Purifier,65.6,Moderate,27.5
P0193,performance,11,Fitness Band 193,Wearables,Fitness Band,65.23,Moderate,27.5
P0077,software,11,Fitness Watch 77,Watches,Fitness Watch,64.66,High Demand + High Problem,27.5
P0020,price,11,Air Purifier 20,Home Appliances,Air Purifier,64.51,High Demand + High Problem,27.5
P0052,price,11,Bluetooth Speaker 52,Audio,Bluetooth Speaker,64.5,Moderate,27.5
P0308,delivery,11,Smart Watch 308,Watches,Smart Watch,64.13,Moderate,27.5
P0440,software,11,Fitness Band 440,Wearables,Fitness Band,63.98,High Demand + High Problem,27.5
P0488,delivery,11,Smart Light 488,Home Appliances,Smart Light,63.84,Moderate,27.5
P0191,comfort,11,Headphones 191,Audio,Headphones,63.82,Moderate,27.5
P0340,delivery,11,Fitness Band 340,Wearables,Fitness Band,63.82,Moderate,27.5
P0340,software,11,Fitness Band 340,Wearables,Fitness Band,63.82,Moderate,27.5
P0451,delivery,11,Bluetooth Speaker 451,Audio,Bluetooth Speaker,63.56,Moderate,27.5
P0318,software,11,Bluetooth Speaker 318,Audio,Bluetooth Speaker,63.38,Moderate,27.5
P0463,price,11,Air Purifier 463,Home Appliances,Air Purifier,62.98,Moderate,27.5
P0261,price,11,Analog Watch 261,Watches,Analog Watch,62.76,Moderate,27.5
P0329,delivery,11,Wireless Earbuds 329,Audio,Wireless Earbuds,62.56,High Demand + High Problem,27.5
P0329,software,11,Wireless Earbuds 329,Audio,Wireless Earbuds,62.56,High Demand + High Problem,27.5
P0460,performance,11,Headphones 460,Audio,Headphones,61.7,Moderate,27.5
P0125,price,11,Air Purifier 125,Home Appliances,Air Purifier,61.54,Moderate,27.5
P0409,comfort,11,Analog Watch 409,Watches,Analog Watch,61.53,Moderate,27.5
P0409,price,11,Analog Watch 409,Watches,Analog Watch,61.53,Moderate,27.5
P0266,comfort,11,Headphones 266,Audio,Headphones,61.02,Moderate,27.5
P0372,comfort,11,Smart Watch 372,Watches,Smart Watch,60.78,Moderate,27.5
P0271,comfort,11,Tablet 271,Mobile,Tablet,60.64,Moderate,27.5
P0061,delivery,11,Wireless Earbuds 61,Audio,Wireless Earbuds,60.52,Moderate,27.5
P0415,price,11,Fitness Band 415,Wearables,Fitness Band,60.25,Moderate,27.5
P0050,price,11,Analog Watch 50,Watches,Analog Watch,60.12,Moderate,27.5
P0360,delivery,11,Analog Watch 360,Watches,Analog Watch,60.06,Moderate,27.5
P0059,software,11,Air Purifier 59,Home Appliances,Air Purifier,59.83,Moderate,27.5
P0487,comfort,11,Air Purifier 487,Home Appliances,Air Purifier,59.72,Moderate,27.5
P0487,delivery,11,Air Purifier 487,Home Appliances,Air Purifier,59.72,Moderate,27.5
P0088,price,11,Air Purifier 88,Home Appliances,Air Purifier,59.64,Moderate,27.5
P0264,quality,11,Tablet 264,Mobile,Tablet,59.35,Moderate,27.5
P0450,price,11,Fitness Band 450,Wearables,Fitness Band,59.21,Moderate,27.5
P0227,price,11,Smart Ring 227,Wearables,Smart Ring,59.09,Moderate,27.5
P0092,software,11,Fitness Band 92,Wearables,Fitness Band,58.71,Moderate,27.5
P0076,comfort,11,Smart Fan 76,Home Appliances,Smart Fan,58.56,Moderate,27.5
P0076,price,11,Smart Fan 76,Home Appliances,Smart Fan,58.56,Moderate,27.5
P0076,software,11,Smart Fan 76,Home Appliances,Smart Fan,58.56,Moderate,27.5
P0411,comfort,11,Smart Fan 411,Home Appliances,Smart Fan,58.11,Moderate,27.5
P0221,performance,11,Tablet 221,Mobile,Tablet,58.08,Moderate,27.5
P0276,software,11,Fitness Watch 276,Watches,Fitness Watch,57.88,Moderate,27.5
P0420,delivery,11,Smart Ring 420,Wearables,Smart Ring,57.69,Moderate,27.5
P0133,comfort,11,Wireless Earbuds 133,Audio,Wireless Earbuds,57.5,Moderate,27.5
P0464,price,11,Smart Light 464,Home Appliances,Smart Light,57.22,Moderate,27.5
P0080,performance,11,Wireless Earbuds 80,Audio,Wireless Earbuds,56.98,Moderate,27.5
P0080,software,11,Wireless Earbuds 80,Audio,Wireless Earbuds,56.98,Moderate,27.5
P0245,price,11,Smart Ring 245,Wearables,Smart Ring,56.8,Moderate,27.5
P0006,price,11,Headphones 6,Audio,Headphones,56.59,Moderate,27.5
P0214,comfort,11,Fitness Band 214,Wearables,Fitness Band,56.44,Moderate,27.5
P0005,comfort,11,Air Purifier 5,Home Appliances,Air Purifier,56.0,Moderate,27.5
P0332,comfort,11,Smart Watch 332,Watches,Smart Watch,55.9,Moderate,27.5
P0332,price,11,Smart Watch 332,Watches,Smart Watch,55.9,Moderate,27.5
P0442,software,11,Smartphone 442,Mobile,Smartphone,55.81,Moderate,27.5
P0369,comfort,11,Air Purifier 369,Home Appliances,Air Purifier,55.73,Moderate,27.5
P0369,delivery,11,Air Purifier 369,Home Appliances,Air Purifier,55.73,Moderate,27.5
P0458,software,11,Headphones 458,Audio,Headphones,55.69,Moderate,27.5
P0173,comfort,11,Smartphone 173,Mobile,Smartphone,55.5,Moderate,27.5
P0173,delivery,11,Smartphone 173,Mobile,Smartphone,55.5,Moderate,27.5
P0188,comfort,11,Headphones 188,Audio,Headphones,54.98,Moderate,27.5
P0317,comfort,11,Smart Light 317,Home Appliances,Smart Light,54.92,Moderate,27.5
P0317,delivery,11,Smart Light 317,Home Appliances,Smart Light,54.92,Moderate,27.5
P0238,delivery,11,Air Purifier 238,Home Appliances,Air Purifier,54.77,Moderate,27.5
P0021,price,11,Wireless Earbuds 21,Audio,Wireless Earbuds,54.7,Moderate,27.5
P0494,price,11,Fitness Watch 494,Watches,Fitness Watch,54.27,Moderate,27.5
P0494,software,11,Fitness Watch 494,Watches,Fitness Watch,54.27,Moderate,27.5
P0252,performance,11,Smartphone 252,Mobile,Smartphone,54.1,Moderate,27.5
P0306,performance,11,Fitness Band 306,Wearables,Fitness Band,53.54,Moderate,27.5
P0063,delivery,11,Fitness Band 63,Wearables,Fitness Band,53.45,Moderate,27.5
P0391,performance,11,Smart Light 391,Home Appliances,Smart Light,53.23,Moderate,27.5
P0391,software,11,Smart Light 391,Home Appliances,Smart Light,53.23,Moderate,27.5
P0116,performance,11,Smart Fan 116,Home Appliances,Smart Fan,53.12,Moderate,27.5
P0116,price,11,Smart Fan 116,Home Appliances,Smart Fan,53.12,Moderate,27.5
P0041,price,11,Headphones 41,Audio,Headphones,52.99,Low Demand + High Problem,27.5
P0279,delivery,11,Tablet 279,Mobile,Tablet,52.96,Low Demand + High Problem,27.5
P0351,software,11,Tablet 351,Mobile,Tablet,52.67,Moderate,27.5
P0349,performance,11,Smart Fan 349,Home Appliances,Smart Fan,52.07,Moderate,27.5
P0160,price,11,Smart Fan 160,Home Appliances,Smart Fan,51.52,Low Demand + High Problem,27.5
P0065,delivery,11,Smart Ring 65,Wearables,Smart Ring,51.44,Moderate,27.5
P0065,software,11,Smart Ring 65,Wearables,Smart Ring,51.44,Moderate,27.5
P0453,software,11,Smartphone 453,Mobile,Smartphone,51.37,Low Demand + High Problem,27.5
P0169,comfort,11,Analog Watch 169,Watches,Analog Watch,50.87,Moderate,27.5
P0219,software,11,Smart Ring 219,Wearables,Smart Ring,50.65,Low Demand + High Problem,27.5
P0499,comfort,11,Tablet 499,Mobile,Tablet,50.57,Low Demand + High Problem,27.5
P0499,price,11,Tablet 499,Mobile,Tablet,50.57,Low Demand + High Problem,27.5
P0499,software,11,Tablet 499,Mobile,Tablet,50.57,Low Demand + High Problem,27.5
P0042,performance,11,Smart Watch 42,Watches,Smart Watch,50.48,Low Demand + High Problem,27.5
P0384,comfort,11,Bluetooth Speaker 384,Audio,Bluetooth Speaker,50.39,Low Demand + High Problem,27.5
P0384,software,11,Bluetooth Speaker 384,Audio,Bluetooth Speaker,50.39,Low Demand + High Problem,27.5
P0134,price,11,Smartphone 134,Mobile,Smartphone,50.27,Low Demand + High Problem,27.5
P0134,software,11,Smartphone 134,Mobile,Smartphone,50.27,Low Demand + High Problem,27.5
P0303,software,11,Fitness Watch 303,Watches,Fitness Watch,50.15,Moderate,27.5
P0447,delivery,11,Smartphone 447,Mobile,Smartphone,50.12,Low Demand + High Problem,27.5
P0120,performance,11,Smart Light 120,Home Appliances,Smart Light,49.98,Moderate,27.5
P0035,delivery,11,Smartphone 35,Mobile,Smartphone,49.93,Low Demand + High Problem,27.5
P0446,software,11,Tablet 446,Mobile,Tablet,49.88,Moderate,27.5
P0467,performance,11,Air Purifier 467,Home Appliances,Air Purifier,49.59,Moderate,27.5
P0098,software,11,Analog Watch 98,Watches,Analog Watch,49.37,Moderate,27.5
P0357,quality,11,Tablet 357,Mobile,Tablet,49.0,Moderate,27.5
P0327,price,11,Smart Fan 327,Home Appliances,Smart Fan,48.56,Moderate,27.5
P0327,software,11,Smart Fan 327,Home Appliances,Smart Fan,48.56,Moderate,27.5
P0091,comfort,11,Tablet 91,Mobile,Tablet,48.54,Low Demand + High Problem,27.5
P0168,price,11,Smart Ring 168,Wearables,Smart Ring,48.47,Low Demand + High Problem,27.5
P0367,performance,11,Smart Fan 367,Home Appliances,Smart Fan,48.31,Moderate,27.5
P0213,price,11,Wireless Earbuds 213,Audio,Wireless Earbuds,48.11,Low Demand + High Problem,27.5
P0495,software,11,Tablet 495,Mobile,Tablet,48.06,Low Demand + High Problem,27.5
P0030,delivery,11,Tablet 30,Mobile,Tablet,47.76,Moderate,27.5
P0030,performance,11,Tablet 30,Mobile,Tablet,47.76,Moderate,27.5
P0194,performance,11,Air Purifier 194,Home Appliances,Air Purifier,47.47,Low Demand + High Problem,27.5
P0079,delivery,11,Smartphone 79,Mobile,Smartphone,47.1,Low Demand + High Problem,27.5
P0162,performance,11,Smart Light 162,Home Appliances,Smart Light,47.1,Low Demand + High Problem,27.5
P0162,price,11,Smart Light 162,Home Appliances,Smart Light,47.1,Low Demand + High Problem,27.5
P0204,comfort,11,Wireless Earbuds 204,Audio,Wireless Earbuds,47.09,Moderate,27.5
P0204,performance,11,Wireless Earbuds 204,Audio,Wireless Earbuds,47.09,Moderate,27.5
P0377,performance,11,Smart Ring 377,Wearables,Smart Ring,47.07,Moderate,27.5
P0067,software,11,Smart Fan 67,Home Appliances,Smart Fan,47.01,Low Demand + High Problem,27.5
P0395,delivery,11,Analog Watch 395,Watches,Analog Watch,46.98,Low Demand + High Problem,27.5
P0395,performance,11,Analog Watch 395,Watches,Analog Watch,46.98,Low Demand + High Problem,27.5
P0072,comfort,11,Smart Light 72,Home Appliances,Smart Light,46.94,Low Demand + High Problem,27.5
P0072,price,11,Smart Light 72,Home Appliances,Smart Light,46.94,Low Demand + High Problem,27.5
P0408,software,11,Smartphone 408,Mobile,Smartphone,46.53,Low Demand + High Problem,27.5
P0401,price,11,Headphones 401,Audio,Headphones,46.12,Low Demand + High Problem,27.5
P0309,price,11,Fitness Band 309,Wearables,Fitness Band,46.05,Low Demand + High Problem,27.5
P0226,software,11,Bluetooth Speaker 226,Audio,Bluetooth Speaker,45.76,Low Demand + High Problem,27.5
P0015,software,11,Smart Ring 15,Wearables,Smart Ring,45.62,Moderate,27.5
P0459,comfort,11,Smart Watch 459,Watches,Smart Watch,45.57,Low Demand + High Problem,27.5
P0097,software,11,Fitness Watch 97,Watches,Fitness Watch,45.42,Low Demand + High Problem,27.5
P0335,comfort,11,Headphones 335,Audio,Headphones,44.81,Low Demand + High Problem,27.5
P0429,delivery,11,Smart Ring 429,Wearables,Smart Ring,44.48,Low Demand + High Problem,27.5
P0143,performance,11,Headphones 143,Audio,Headphones,43.94,Moderate,27.5
P0143,software,11,Headphones 143,Audio,Headphones,43.94,Moderate,27.5
P0241,software,11,Wireless Earbuds 241,Audio,Wireless Earbuds,43.72,Low Demand + High Problem,27.5
P0272,comfort,11,Tablet 272,Mobile,Tablet,43.57,Low Demand + High Problem,27.5
P0073,comfort,11,Smartphone 73,Mobile,Smartphone,43.14,Low Demand + High Problem,27.5
P0073,performance,11,Smartphone 73,Mobile,Smartphone,43.14,Low Demand + High Problem,27.5
P0135,software,11,Smart Watch 135,Watches,Smart Watch,42.96,Low Demand + High Problem,27.5
P0141,performance,11,Wireless Earbuds 141,Audio,Wireless Earbuds,42.92,Low Demand + High Problem,27.5
P0141,price,11,Wireless Earbuds 141,Audio,Wireless Earbuds,42.92,Low Demand + High Problem,27.5
P0158,performance,11,Smartphone 158,Mobile,Smartphone,42.65,Low Demand + High Problem,27.5
P0489,performance,11,Headphones 489,Audio,Headphones,42.48,Moderate,27.5
P0259,price,11,Smart Fan 259,Home Appliances,Smart Fan,42.44,Moderate,27.5
P0314,price,11,Smart Light 314,Home Appliances,Smart Light,42.37,Low Demand + High Problem,27.5
P0066,price,11,Smart Fan 66,Home Appliances,Smart Fan,42.32,Low Demand + High Problem,27.5
P0066,software,11,Smart Fan 66,Home Appliances,Smart Fan,42.32,Low Demand + High Problem,27.5
P0330,delivery,11,Smart Watch 330,Watches,Smart Watch,42.22,Low Demand + High Problem,27.5
P0330,software,11,Smart Watch 330,Watches,Smart Watch,42.22,Low Demand + High Problem,27.5
P0399,performance,11,Analog Watch 399,Watches,Analog Watch,42.05,Moderate,27.5
P0399,price,11,Analog Watch 399,Watches,Analog Watch,42.05,Moderate,27.5
P0430,quality,11,Smart Light 430,Home Appliances,Smart Light,41.98,Moderate,27.5
P0157,performance,11,Smartphone 157,Mobile,Smartphone,41.97,Low Demand + High Problem,27.5
P0274,comfort,11,Smart Watch 274,Watches,Smart Watch,41.62,Low Demand + High Problem,27.5
P0089,comfort,11,Fitness Band 89,Wearables,Fitness Band,41.58,Low Demand + High Problem,27.5
P0190,delivery,11,Smart Light 190,Home Appliances,Smart Light,41.53,Low Demand + High Problem,27.5
P0190,software,11,Smart Light 190,Home Appliances,Smart Light,41.53,Low Demand + High Problem,27.5
P0371,comfort,11,Wireless Earbuds 371,Audio,Wireless Earbuds,41.38,Low Demand + High Problem,27.5
P0181,comfort,11,Smart Light 181,Home Appliances,Smart Light,41.26,Low Demand + High Problem,27.5
P0138,software,11,Smart Fan 138,Home Appliances,Smart Fan,41.05,Low Demand + High Problem,27.5
P0090,software,11,Smartphone 90,Mobile,Smartphone,40.21,Low Demand + High Problem,27.5
P0397,delivery,11,Fitness Band 397,Wearables,Fitness Band,40.2,Low Demand + High Problem,27.5
P0184,delivery,11,Smart Ring 184,Wearables,Smart Ring,39.8,Low Demand + High Problem,27.5
P0185,comfort,11,Smart Ring 185,Wearables,Smart Ring,39.75,Low Demand + High Problem,27.5
P0277,comfort,11,Smartphone 277,Mobile,Smartphone,39.7,Low Demand + High Problem,27.5
P0024,software,11,Fitness Band 24,Wearables,Fitness Band,39.68,Low Demand + High Problem,27.5
P0151,software,11,Smart Ring 151,Wearables,Smart Ring,39.55,Moderate,27.5
P0167,comfort,11,Fitness Watch 167,Watches,Fitness Watch,38.98,Moderate,27.5
P0324,price,11,Air Purifier 324,Home Appliances,Air Purifier,38.41,Low Demand + High Problem,27.5
P0144,comfort,11,Smart Fan 144,Home Appliances,Smart Fan,38.23,Low Demand + High Problem,27.5
P0144,software,11,Smart Fan 144,Home Appliances,Smart Fan,38.23,Low Demand + High Problem,27.5
P0257,software,11,Analog Watch 257,Watches,Analog Watch,38.02,Low Demand + High Problem,27.5
P0126,delivery,11,Tablet 126,Mobile,Tablet,37.28,Low Demand + High Problem,27.5
P0423,performance,11,Air Purifier 423,Home Appliances,Air Purifier,37.2,Moderate,27.5
P0084,software,11,Fitness Band 84,Wearables,Fitness Band,37.11,Low Demand + High Problem,27.5
P0112,comfort,11,Smart Light 112,Home Appliances,Smart Light,36.83,Low Demand + High Problem,27.5
P0434,delivery,11,Analog Watch 434,Watches,Analog Watch,36.43,Low Demand + High Problem,27.5
P0448,comfort,11,Smart Fan 448,Home Appliances,Smart Fan,36.02,Low Demand + High Problem,27.5
P0299,price,11,Smart Ring 299,Wearables,Smart Ring,35.47,Moderate,27.5
P0002,software,11,Smart Watch 2,Watches,Smart Watch,35.34,Low Demand + High Problem,27.5
P0364,delivery,11,Bluetooth Speaker 364,Audio,Bluetooth Speaker,35.3,Low Demand + High Problem,27.5
P0352,delivery,11,Smart Ring 352,Wearables,Smart Ring,35.1,Moderate,27.5
P0441,price,11,Smartphone 441,Mobile,Smartphone,34.8,Low Demand + High Problem,27.5
P0208,software,11,Fitness Watch 208,Watches,Fitness Watch,34.67,Low Demand + High Problem,27.5
P0096,comfort,11,Smart Watch 96,Watches,Smart Watch,34.5,Moderate,27.5
P0390,comfort,11,Smart Light 390,Home Appliances,Smart Light,34.44,Low Demand + High Problem,27.5
P0390,software,11,Smart Light 390,Home Appliances,Smart Light,34.44,Low Demand + High Problem,27.5
P0027,price,11,Smart Ring 27,Wearables,Smart Ring,34.28,Low Demand + High Problem,27.5
P0100,performance,11,Bluetooth Speaker 100,Audio,Bluetooth Speaker,34.02,Low Demand + High Problem,27.5
P0315,price,11,Bluetooth Speaker 315,Audio,Bluetooth Speaker,34.01,Low Demand + High Problem,27.5
P0182,price,11,Fitness Band 182,Wearables,Fitness Band,33.5,Low Demand + High Problem,27.5
P0482,delivery,11,Smartphone 482,Mobile,Smartphone,33.44,Moderate,27.5
P0178,performance,11,Fitness Watch 178,Watches,Fitness Watch,32.69,Moderate,27.5
P0410,delivery,11,Analog Watch 410,Watches,Analog Watch,32.53,Moderate,27.5
P0410,price,11,Analog Watch 410,Watches,Analog Watch,32.53,Moderate,27.5
P0244,comfort,11,Air Purifier 244,Home Appliances,Air Purifier,32.1,Low Demand + High Problem,27.5
P0068,price,11,Headphones 68,Audio,Headphones,32.07,Low Demand + High Problem,27.5
P0011,comfort,11,Smartphone 11,Mobile,Smartphone,32.06,Moderate,27.5
P0011,software,11,Smartphone 11,Mobile,Smartphone,32.06,Moderate,27.5
P0366,software,11,Air Purifier 366,Home Appliances,Air Purifier,31.61,Moderate,27.5
P0438,performance,11,Fitness Band 438,Wearables,Fitness Band,31.61,Moderate,27.5
P0438,price,11,Fitness Band 438,Wearables,Fitness Band,31.61,Moderate,27.5
P0243,price,11,Bluetooth Speaker 243,Audio,Bluetooth Speaker,31.01,Moderate,27.5
P0081,performance,11,Headphones 81,Audio,Headphones,30.67,Moderate,27.5
P0298,performance,11,Smartphone 298,Mobile,Smartphone,29.63,Low Demand + High Problem,27.5
P0298,price,11,Smartphone 298,Mobile,Smartphone,29.63,Low Demand + High Problem,27.5
P0235,delivery,10,Smartphone 235,Mobile,Smartphone,78.93,High Demand + High Problem,25.0
P0235,software,10,Smartphone 235,Mobile,Smartphone,78.93,High Demand + High Problem,25.0
P0075,price,10,Fitness Watch 75,Watches,Fitness Watch,78.79,High Demand + High Problem,25.0
P0347,delivery,10,Smartphone 347,Mobile,Smartphone,78.35,High Demand + High Problem,25.0
P0347,price,10,Smartphone 347,Mobile,Smartphone,78.35,High Demand + High Problem,25.0
P0293,price,10,Smart Fan 293,Home Appliances,Smart Fan,76.51,High Demand + High Problem,25.0
P0047,price,10,Smart Fan 47,Home Appliances,Smart Fan,76.37,High Demand + High Problem,25.0
P0256,software,10,Smartphone 256,Mobile,Smartphone,76.08,High Demand + High Problem,25.0
P0094,delivery,10,Smart Ring 94,Wearables,Smart Ring,75.53,High Demand + High Problem,25.0
P0123,price,10,Smart Watch 123,Watches,Smart Watch,75.47,High Demand + High Problem,25.0
P0473,price,10,Analog Watch 473,Watches,Analog Watch,75.14,High Demand + High Problem,25.0
P0345,delivery,10,Tablet 345,Mobile,Tablet,75.09,High Demand + High Problem,25.0
P0492,delivery,10,Smart Ring 492,Wearables,Smart Ring,74.93,High Demand + High Problem,25.0
P0474,delivery,10,Bluetooth Speaker 474,Audio,Bluetooth Speaker,74.89,High Demand + High Problem,25.0
P0055,software,10,Smart Watch 55,Watches,Smart Watch,74.59,High Demand + High Problem,25.0
P0413,comfort,10,Smart Watch 413,Watches,Smart Watch,73.99,Moderate,25.0
P0466,delivery,10,Smart Fan 466,Home Appliances,Smart Fan,73.63,High Demand + High Problem,25.0
P0466,price,10,Smart Fan 466,Home Appliances,Smart Fan,73.63,High Demand + High Problem,25.0
P0374,comfort,10,Headphones 374,Audio,Headphones,73.48,High Demand + High Problem,25.0
P0177,performance,10,Wireless Earbuds 177,Audio,Wireless Earbuds,73.15,High Demand + High Problem,25.0
P0400,delivery,10,Analog Watch 400,Watches,Analog Watch,73.08,High Demand + High Problem,25.0
P0225,comfort,10,Smart Fan 225,Home Appliances,Smart Fan,72.85,High Demand + High Problem,25.0
P0225,software,10,Smart Fan 225,Home Appliances,Smart Fan,72.85,High Demand + High Problem,25.0
P0375,comfort,10,Headphones 375,Audio,Headphones,72.77,High Demand + High Problem,25.0
P0375,delivery,10,Headphones 375,Audio,Headphones,72.77,High Demand + High Problem,25.0
P0388,software,10,Smart Fan 388,Home Appliances,Smart Fan,72.7,High Demand + High Problem,25.0
P0471,software,10,Bluetooth Speaker 471,Audio,Bluetooth Speaker,72.23,High Demand + High Problem,25.0
P0062,delivery,10,Tablet 62,Mobile,Tablet,71.93,Moderate,25.0
P0229,performance,10,Smart Light 229,Home Appliances,Smart Light,71.88,Moderate,25.0
P0269,comfort,10,Smartphone 269,Mobile,Smartphone,71.85,High Demand + High Problem,25.0
P0389,delivery,10,Fitness Watch 389,Watches,Fitness Watch,71.47,High Demand + High Problem,25.0
P0356,software,10,Air Purifier 356,Home Appliances,Air Purifier,71.4,High Demand + High Problem,25.0
P0203,delivery,10,Smart Light 203,Home Appliances,Smart Light,71.18,Moderate,25.0
P0150,price,10,Tablet 150,Mobile,Tablet,71.05,High Demand + High Problem,25.0
P0304,delivery,10,Bluetooth Speaker 304,Audio,Bluetooth Speaker,70.79,High Demand + High Problem,25.0
P0196,price,10,Smart Ring 196,Wearables,Smart Ring,70.43,Moderate,25.0
P0202,price,10,Fitness Watch 202,Watches,Fitness Watch,70.42,High Demand + High Problem,25.0
P0153,performance,10,Fitness Band 153,Wearables,Fitness Band,69.77,Moderate,25.0
P0153,software,10,Fitness Band 153,Wearables,Fitness Band,69.77,Moderate,25.0
P0342,price,10,Smartphone 342,Mobile,Smartphone,69.43,Moderate,25.0
P0057,price,10,Headphones 57,Audio,Headphones,69.4,High Demand + High Problem,25.0
P0331,performance,10,Smart Ring 331,Wearables,Smart Ring,68.58,High Demand + High Problem,25.0
P0497,comfort,10,Smart Ring 497,Wearables,Smart Ring,68.43,High Demand + High Problem,25.0
P0497,delivery,10,Smart Ring 497,Wearables,Smart Ring,68.43,High Demand + High Problem,25.0
P0051,price,10,Air Purifier 51,Home Appliances,Air Purifier,68.27,High Demand + High Problem,25.0
P0248,comfort,10,Headphones 248,Audio,Headphones,67.87,Moderate,25.0
P0033,comfort,10,Smart Watch 33,Watches,Smart Watch,67.78,High Demand + High Problem,25.0
P0033,price,10,Smart Watch 33,Watches,Smart Watch,67.78,High Demand + High Problem,25.0
P0288,software,10,Smart Ring 288,Wearables,Smart Ring,67.62,High Demand + High Problem,25.0
P0111,delivery,10,Smartphone 111,Mobile,Smartphone,67.48,High Demand + High Problem,25.0
P0163,price,10,Smart Ring 163,Wearables,Smart Ring,67.22,Moderate,25.0
P0058,delivery,10,Bluetooth Speaker 58,Audio,Bluetooth Speaker,67.21,High Demand + High Problem,25.0
P0058,price,10,Bluetooth Speaker 58,Audio,Bluetooth Speaker,67.21,High Demand + High Problem,25.0
P0028,price,10,Fitness Band 28,Wearables,Fitness Band,67.1,High Demand + High Problem,25.0
P0334,price,10,Fitness Band 334,Wearables,Fitness Band,66.7,High Demand + High Problem,25.0
P0156,delivery,10,Wireless Earbuds 156,Audio,Wireless Earbuds,66.39,High Demand + High Problem,25.0
P0156,software,10,Wireless Earbuds 156,Audio,Wireless Earbuds,66.39,High Demand + High Problem,25.0
P0154,price,10,Smart Fan 154,Home Appliances,Smart Fan,66.36,High Demand + High Problem,25.0
P0014,software,10,Fitness Band 14,Wearables,Fitness Band,66.23,High Demand + High Problem,25.0
P0117,software,10,Smartphone 117,Mobile,Smartphone,66.12,High Demand + High Problem,25.0
P0258,delivery,10,Smart Watch 258,Watches,Smart Watch,65.83,High Demand + High Problem,25.0
P0127,price,10,Smartphone 127,Mobile,Smartphone,65.78,High Demand + High Problem,25.0
P0255,comfort,10,Bluetooth Speaker 255,Audio,Bluetooth Speaker,65.63,Moderate,25.0
P0186,price,10,Smart Ring 186,Wearables,Smart Ring,65.58,High Demand + High Problem,25.0
P0209,comfort,10,Wireless Earbuds 209,Audio,Wireless Earbuds,65.11,Moderate,25.0
P0398,software,10,Wireless Earbuds 398,Audio,Wireless Earbuds,64.63,High Demand + High Problem,25.0
P0020,software,10,Air Purifier 20,Home Appliances,Air Purifier,64.51,High Demand + High Problem,25.0
P0052,delivery,10,Bluetooth Speaker 52,Audio,Bluetooth Speaker,64.5,Moderate,25.0
P0052,software,10,Bluetooth Speaker 52,Audio,Bluetooth Speaker,64.5,Moderate,25.0
P0199,comfort,10,Smart Ring 199,Wearables,Smart Ring,64.24,High Demand + High Problem,25.0
P0199,performance,10,Smart Ring 199,Wearables,Smart Ring,64.24,High Demand + High Problem,25.0
P0199,price,10,Smart Ring 199,Wearables,Smart Ring,64.24,High Demand + High Problem,25.0
P0199,software,10,Smart Ring 199,Wearables,Smart Ring,64.24,High Demand + High Problem,25.0
P0340,price,10,Fitness Band 340,Wearables,Fitness Band,63.82,Moderate,25.0
P0318,price,10,Bluetooth Speaker 318,Audio,Bluetooth Speaker,63.38,Moderate,25.0
P0268,delivery,10,Fitness Band 268,Wearables,Fitness Band,63.34,Moderate,25.0
P0373,delivery,10,Smartphone 373,Mobile,Smartphone,63.2,High Demand + High Problem,25.0
P0373,performance,10,Smartphone 373,Mobile,Smartphone,63.2,High Demand + High Problem,25.0
P0373,software,10,Smartphone 373,Mobile,Smartphone,63.2,High Demand + High Problem,25.0
P0012,comfort,10,Fitness Band 12,Wearables,Fitness Band,63.02,High Demand + High Problem,25.0
P0211,price,10,Air Purifier 211,Home Appliances,Air Purifier,62.77,Moderate,25.0
P0454,comfort,10,Smart Fan 454,Home Appliances,Smart Fan,62.76,Moderate,25.0
P0394,price,10,Fitness Watch 394,Watches,Fitness Watch,62.27,High Demand + High Problem,25.0
P0078,software,10,Smart Ring 78,Wearables,Smart Ring,62.24,Moderate,25.0
P0460,delivery,10,Headphones 460,Audio,Headphones,61.7,Moderate,25.0
P0220,comfort,10,Smart Ring 220,Wearables,Smart Ring,61.32,High Demand + High Problem,25.0
P0220,delivery,10,Smart Ring 220,Wearables,Smart Ring,61.32,High Demand + High Problem,25.0
P0220,software,10,Smart Ring 220,Wearables,Smart Ring,61.32,High Demand + High Problem,25.0
P0358,delivery,10,Bluetooth Speaker 358,Audio,Bluetooth Speaker,61.14,Moderate,25.0
P0239,performance,10,Tablet 239,Mobile,Tablet,61.06,Moderate,25.0
P0239,software,10,Tablet 239,Mobile,Tablet,61.06,Moderate,25.0
P0285,price,10,Smart Light 285,Home Appliances,Smart Light,60.79,Moderate,25.0
P0265,delivery,10,Smart Fan 265,Home Appliances,Smart Fan,60.78,High Demand + High Problem,25.0
P0265,price,10,Smart Fan 265,Home Appliances,Smart Fan,60.78,High Demand + High Problem,25.0
P0265,software,10,Smart Fan 265,Home Appliances,Smart Fan,60.78,High Demand + High Problem,25.0
P0353,delivery,10,Analog Watch 353,Watches,Analog Watch,60.67,Moderate,25.0
P0353,price,10,Analog Watch 353,Watches,Analog Watch,60.67,Moderate,25.0
P0271,price,10,Tablet 271,Mobile,Tablet,60.64,Moderate,25.0
P0271,software,10,Tablet 271,Mobile,Tablet,60.64,Moderate,25.0
P0407,comfort,10,Fitness Band 407,Wearables,Fitness Band,59.66,Moderate,25.0
P0407,price,10,Fitness Band 407,Wearables,Fitness Band,59.66,Moderate,25.0
P0088,comfort,10,Air Purifier 88,Home Appliances,Air Purifier,59.64,Moderate,25.0
P0264,performance,10,Tablet 264,Mobile,Tablet,59.35,Moderate,25.0
P0155,delivery,10,Tablet 155,Mobile,Tablet,59.26,Moderate,25.0
P0155,price,10,Tablet 155,Mobile,Tablet,59.26,Moderate,25.0
P0270,delivery,10,Smart Watch 270,Watches,Smart Watch,59.26,Moderate,25.0
P0270,software,10,Smart Watch 270,Watches,Smart Watch,59.26,Moderate,25.0
P0427,delivery,10,Analog Watch 427,Watches,Analog Watch,59.06,Moderate,25.0
P0233,performance,10,Air Purifier 233,Home Appliances,Air Purifier,58.79,Moderate,25.0
P0092,comfort,10,Fitness Band 92,Wearables,Fitness Band,58.71,Moderate,25.0
P0302,delivery,10,Bluetooth Speaker 302,Audio,Bluetooth Speaker,58.13,Moderate,25.0
P0302,price,10,Bluetooth Speaker 302,Audio,Bluetooth Speaker,58.13,Moderate,25.0
P0302,software,10,Bluetooth Speaker 302,Audio,Bluetooth Speaker,58.13,Moderate,25.0
P0478,performance,10,Smart Fan 478,Home Appliances,Smart Fan,57.74,Moderate,25.0
P0465,comfort,10,Fitness Band 465,Wearables,Fitness Band,57.58,Moderate,25.0
P0080,comfort,10,Wireless Earbuds 80,Audio,Wireless Earbuds,56.98,Moderate,25.0
P0323,price,10,Smart Watch 323,Watches,Smart Watch,56.94,Moderate,25.0
P0147,delivery,10,Fitness Band 147,Wearables,Fitness Band,56.82,Moderate,25.0
P0245,delivery,10,Smart Ring 245,Wearables,Smart Ring,56.8,Moderate,25.0
P0214,delivery,10,Fitness Band 214,Wearables,Fitness Band,56.44,Moderate,25.0
P0214,performance,10,Fitness Band 214,Wearables,Fitness Band,56.44,Moderate,25.0
P0172,software,10,Air Purifier 172,Home Appliances,Air Purifier,56.26,Moderate,25.0
P0332,delivery,10,Smart Watch 332,Watches,Smart Watch,55.9,Moderate,25.0
P0036,delivery,10,Smart Watch 36,Watches,Smart Watch,54.59,Moderate,25.0
P0036,software,10,Smart Watch 36,Watches,Smart Watch,54.59,Moderate,25.0
P0402,performance,10,Wireless Earbuds 402,Audio,Wireless Earbuds,54.48,Moderate,25.0
P0321,comfort,10,Smart Ring 321,Wearables,Smart Ring,54.26,Moderate,25.0
P0439,comfort,10,Smartphone 439,Mobile,Smartphone,54.06,Moderate,25.0
P0439,performance,10,Smartphone 439,Mobile,Smartphone,54.06,Moderate,25.0
P0108,delivery,10,Wireless Earbuds 108,Audio,Wireless Earbuds,54.05,Moderate,25.0
P0108,price,10,Wireless Earbuds 108,Audio,Wireless Earbuds,54.05,Moderate,25.0
P0306,price,10,Fitness Band 306,Wearables,Fitness Band,53.54,Moderate,25.0
P0063,software,10,Fitness Band 63,Wearables,Fitness Band,53.45,Moderate,25.0
P0119,price,10,Wireless Earbuds 119,Audio,Wireless Earbuds,53.42,Moderate,25.0
P0468,comfort,10,Fitness Band 468,Wearables,Fitness Band,53.34,Moderate,25.0
P0468,delivery,10,Fitness Band 468,Wearables,Fitness Band,53.34,Moderate,25.0
P0053,software,10,Tablet 53,Mobile,Tablet,53.0,Moderate,25.0
P0041,software,10,Headphones 41,Audio,Headphones,52.99,Low Demand + High Problem,25.0
P0417,software,10,Smart Light 417,Home Appliances,Smart Light,52.69,Moderate,25.0
P0044,price,10,Fitness Band 44,Wearables,Fitness Band,52.63,Moderate,25.0
P0189,software,10,Smartphone 189,Mobile,Smartphone,52.29,Moderate,25.0
P0319,software,10,Smart Ring 319,Wearables,Smart Ring,52.07,Moderate,25.0
P0132,comfort,10,Fitness Band 132,Wearables,Fitness Band,52.05,Moderate,25.0
P0437,price,10,Tablet 437,Mobile,Tablet,51.82,Moderate,25.0
P0425,delivery,10,Fitness Watch 425,Watches,Fitness Watch,51.64,Moderate,25.0
P0425,performance,10,Fitness Watch 425,Watches,Fitness Watch,51.64,Moderate,25.0
P0278,comfort,10,Tablet 278,Mobile,Tablet,51.56,Moderate,25.0
P0412,comfort,10,Air Purifier 412,Home Appliances,Air Purifier,51.55,Moderate,25.0
P0412,software,10,Air Purifier 412,Home Appliances,Air Purifier,51.55,Moderate,25.0
P0160,software,10,Smart Fan 160,Home Appliances,Smart Fan,51.52,Low Demand + High Problem,25.0
P0469,performance,10,Smart Ring 469,Wearables,Smart Ring,51.5,Moderate,25.0
P0469,price,10,Smart Ring 469,Wearables,Smart Ring,51.5,Moderate,25.0
P0045,comfort,10,Smart Ring 45,Wearables,Smart Ring,51.43,Low Demand + High Problem,25.0
P0045,software,10,Smart Ring 45,Wearables,Smart Ring,51.43,Low Demand + High Problem,25.0
P0289,delivery,10,Smart Ring 289,Wearables,Smart Ring,50.73,Moderate,25.0
P0289,software,10,Smart Ring 289,Wearables,Smart Ring,50.73,Moderate,25.0
P0042,delivery,10,Smart Watch 42,Watches,Smart Watch,50.48,Low Demand + High Problem,25.0
P0134,delivery,10,Smartphone 134,Mobile,Smartphone,50.27,Low Demand + High Problem,25.0
P0035,comfort,10,Smartphone 35,Mobile,Smartphone,49.93,Low Demand + High Problem,25.0
P0060,delivery,10,Smartphone 60,Mobile,Smartphone,49.75,Moderate,25.0
P0467,comfort,10,Air Purifier 467,Home Appliances,Air Purifier,49.59,Moderate,25.0
P0098,comfort,10,Analog Watch 98,Watches,Analog Watch,49.37,Moderate,25.0
P0247,performance,10,Bluetooth Speaker 247,Audio,Bluetooth Speaker,49.06,Moderate,25.0
P0114,performance,10,Smart Light 114,Home Appliances,Smart Light,49.0,Low Demand + High Problem,25.0
P0305,price,10,Fitness Band 305,Wearables,Fitness Band,48.85,Low Demand + High Problem,25.0
P0148,comfort,10,Analog Watch 148,Watches,Analog Watch,48.76,Low Demand + High Problem,25.0
P0087,price,10,Tablet 87,Mobile,Tablet,48.74,Low Demand + High Problem,25.0
P0327,delivery,10,Smart Fan 327,Home Appliances,Smart Fan,48.56,Moderate,25.0
P0495,comfort,10,Tablet 495,Mobile,Tablet,48.06,Low Demand + High Problem,25.0
P0207,price,10,Wireless Earbuds 207,Audio,Wireless Earbuds,47.93,Low Demand + High Problem,25.0
P0310,price,10,Fitness Band 310,Wearables,Fitness Band,47.79,Low Demand + High Problem,25.0
P0310,software,10,Fitness Band 310,Wearables,Fitness Band,47.79,Low Demand + High Problem,25.0
P0145,comfort,10,Fitness Band 145,Wearables,Fitness Band,47.62,Low Demand + High Problem,25.0
P0194,price,10,Air Purifier 194,Home Appliances,Air Purifier,47.47,Low Demand + High Problem,25.0
P0038,delivery,10,Tablet 38,Mobile,Tablet,47.36,Low Demand + High Problem,25.0
P0029,delivery,10,Smart Light 29,Home Appliances,Smart Light,47.31,Low Demand + High Problem,25.0
P0180,price,10,Smart Light 180,Home Appliances,Smart Light,47.23,Moderate,25.0
P0180,software,10,Smart Light 180,Home Appliances,Smart Light,47.23,Moderate,25.0
P0204,software,10,Wireless Earbuds 204,Audio,Wireless Earbuds,47.09,Moderate,25.0
P0067,comfort,10,Smart Fan 67,Home Appliances,Smart Fan,47.01,Low Demand + High Problem,25.0
P0422,performance,10,Tablet 422,Mobile,Tablet,46.22,Low Demand + High Problem,25.0
P0401,software,10,Headphones 401,Audio,Headphones,46.12,Low Demand + High Problem,25.0
P0175,software,10,Fitness Band 175,Wearables,Fitness Band,45.82,Low Demand + High Problem,25.0
P0015,price,10,Smart Ring 15,Wearables,Smart Ring,45.62,Moderate,25.0
P0071,performance,10,Smart Watch 71,Watches,Smart Watch,45.6,Moderate,25.0
P0071,software,10,Smart Watch 71,Watches,Smart Watch,45.6,Moderate,25.0
P0070,comfort,10,Smart Watch 70,Watches,Smart Watch,45.56,Low Demand + High Problem,25.0
P0292,software,10,Smart Fan 292,Home Appliances,Smart Fan,45.15,Low Demand + High Problem,25.0
P0350,price,10,Analog Watch 350,Watches,Analog Watch,44.92,Low Demand + High Problem,25.0
P0500,price,10,Wireless Earbuds 500,Audio,Wireless Earbuds,44.74,Moderate,25.0
P0004,price,10,Headphones 4,Audio,Headphones,44.08,Moderate,25.0
P0201,delivery,10,Fitness Band 201,Wearables,Fitness Band,43.73,Low Demand + High Problem,25.0
P0241,delivery,10,Wireless Earbuds 241,Audio,Wireless Earbuds,43.72,Low Demand + High Problem,25.0
P0272,price,10,Tablet 272,Mobile,Tablet,43.57,Low Demand + High Problem,25.0
P0107,price,10,Analog Watch 107,Watches,Analog Watch,43.39,Low Demand + High Problem,25.0
P0073,delivery,10,Smartphone 73,Mobile,Smartphone,43.14,Low Demand + High Problem,25.0
P0073,price,10,Smartphone 73,Mobile,Smartphone,43.14,Low Demand + High Problem,25.0
P0073,software,10,Smartphone 73,Mobile,Smartphone,43.14,Low Demand + High Problem,25.0
P0158,delivery,10,Smartphone 158,Mobile,Smartphone,42.65,Low Demand + High Problem,25.0
P0158,software,10,Smartphone 158,Mobile,Smartphone,42.65,Low Demand + High Problem,25.0
P0048,delivery,10,Smart Watch 48,Watches,Smart Watch,42.55,Low Demand + High Problem,25.0
P0489,price,10,Headphones 489,Audio,Headphones,42.48,Moderate,25.0
P0414,comfort,10,Wireless Earbuds 414,Audio,Wireless Earbuds,42.47,Low Demand + High Problem,25.0
P0414,delivery,10,Wireless Earbuds 414,Audio,Wireless Earbuds,42.47,Low Demand + High Problem,25.0
P0430,performance,10,Smart Light 430,Home Appliances,Smart Light,41.98,Moderate,25.0
P0130,performance,10,Fitness Band 130,Wearables,Fitness Band,41.83,Moderate,25.0
P0130,price,10,Fitness Band 130,Wearables,Fitness Band,41.83,Moderate,25.0
P0093,price,10,Tablet 93,Mobile,Tablet,41.47,Low Demand + High Problem,25.0
P0093,software,10,Tablet 93,Mobile,Tablet,41.47,Low Demand + High Problem,25.0
P0371,software,10,Wireless Earbuds 371,Audio,Wireless Earbuds,41.38,Low Demand + High Problem,25.0
P0181,software,10,Smart Light 181,Home Appliances,Smart Light,41.26,Low Demand + High Problem,25.0
P0260,delivery,10,Headphones 260,Audio,Headphones,40.65,Low Demand + High Problem,25.0
P0101,comfort,10,Bluetooth Speaker 101,Audio,Bluetooth Speaker,40.33,Low Demand + High Problem,25.0
P0101,delivery,10,Bluetooth Speaker 101,Audio,Bluetooth Speaker,40.33,Low Demand + High Problem,25.0
P0101,price,10,Bluetooth Speaker 101,Audio,Bluetooth Speaker,40.33,Low Demand + High Problem,25.0
P0444,delivery,10,Fitness Band 444,Wearables,Fitness Band,40.24,Moderate,25.0
P0090,performance,10,Smartphone 90,Mobile,Smartphone,40.21,Low Demand + High Problem,25.0
P0090,price,10,Smartphone 90,Mobile,Smartphone,40.21,Low Demand + High Problem,25.0
P0397,software,10,Fitness Band 397,Wearables,Fitness Band,40.2,Low Demand + High Problem,25.0
P0325,price,10,Tablet 325,Mobile,Tablet,40.0,Moderate,25.0
P0277,price,10,Smartphone 277,Mobile,Smartphone,39.7,Low Demand + High Problem,25.0
P0024,price,10,Fitness Band 24,Wearables,Fitness Band,39.68,Low Demand + High Problem,25.0
P0361,software,10,Air Purifier 361,Home Appliances,Air Purifier,39.63,Low Demand + High Problem,25.0
P0385,delivery,10,Tablet 385,Mobile,Tablet,39.25,Low Demand + High Problem,25.0
P0082,software,10,Fitness Watch 82,Watches,Fitness Watch,38.89,Low Demand + High Problem,25.0
P0475,comfort,10,Fitness Watch 475,Watches,Fitness Watch,38.81,Moderate,25.0
P0475,delivery,10,Fitness Watch 475,Watches,Fitness Watch,38.81,Moderate,25.0
P0475,performance,10,Fitness Watch 475,Watches,Fitness Watch,38.81,Moderate,25.0
P0018,delivery,10,Smart Ring 18,Wearables,Smart Ring,38.46,Low Demand + High Problem,25.0
P0393,comfort,10,Analog Watch 393,Watches,Analog Watch,38.29,Low Demand + High Problem,25.0
P0393,delivery,10,Analog Watch 393,Watches,Analog Watch,38.29,Low Demand + High Problem,25.0
P0313,software,10,Smart Watch 313,Watches,Smart Watch,37.79,Low Demand + High Problem,25.0
P0086,comfort,10,Analog Watch 86,Watches,Analog Watch,37.5,Low Demand + High Problem,25.0
P0037,delivery,10,Analog Watch 37,Watches,Analog Watch,37.3,Low Demand + High Problem,25.0
P0037,software,10,Analog Watch 37,Watches,Analog Watch,37.3,Low Demand + High Problem,25.0
P0126,software,10,Tablet 126,Mobile,Tablet,37.28,Low Demand + High Problem,25.0
P0084,comfort,10,Fitness Band 84,Wearables,Fitness Band,37.11,Low Demand + High Problem,25.0
P0396,comfort,10,Fitness Watch 396,Watches,Fitness Watch,36.72,Low Demand + High Problem,25.0
P0137,delivery,10,Analog Watch 137,Watches,Analog Watch,35.85,Low Demand + High Problem,25.0
P0443,price,10,Wireless Earbuds 443,Audio,Wireless Earbuds,35.69,Moderate,25.0
P0023,delivery,10,Air Purifier 23,Home Appliances,Air Purifier,35.59,Low Demand + High Problem,25.0
P0054,comfort,10,Wireless Earbuds 54,Audio,Wireless Earbuds,35.48,Low Demand + High Problem,25.0
P0299,delivery,10,Smart Ring 299,Wearables,Smart Ring,35.47,Moderate,25.0
P0299,performance,10,Smart Ring 299,Wearables,Smart Ring,35.47,Moderate,25.0
P0364,comfort,10,Bluetooth Speaker 364,Audio,Bluetooth Speaker,35.3,Low Demand + High Problem,25.0
P0046,price,10,Bluetooth Speaker 46,Audio,Bluetooth Speaker,34.94,Low Demand + High Problem,25.0
P0046,software,10,Bluetooth Speaker 46,Audio,Bluetooth Speaker,34.94,Low Demand + High Problem,25.0
P0096,delivery,10,Smart Watch 96,Watches,Smart Watch,34.5,Moderate,25.0
P0096,price,10,Smart Watch 96,Watches,Smart Watch,34.5,Moderate,25.0
P0159,performance,10,Analog Watch 159,Watches,Analog Watch,34.37,Moderate,25.0
P0031,software,10,Fitness Band 31,Wearables,Fitness Band,34.34,Moderate,25.0
P0027,software,10,Smart Ring 27,Wearables,Smart Ring,34.28,Low Demand + High Problem,25.0
P0315,comfort,10,Bluetooth Speaker 315,Audio,Bluetooth Speaker,34.01,Low Demand + High Problem,25.0
P0182,delivery,10,Fitness Band 182,Wearables,Fitness Band,33.5,Low Demand + High Problem,25.0
P0482,price,10,Smartphone 482,Mobile,Smartphone,33.44,Moderate,25.0
P0301,price,10,Bluetooth Speaker 301,Audio,Bluetooth Speaker,32.9,Low Demand + High Problem,25.0
P0480,software,10,Headphones 480,Audio,Headphones,32.56,Low Demand + High Problem,25.0
P0449,software,10,Bluetooth Speaker 449,Audio,Bluetooth Speaker,32.35,Moderate,25.0
P0498,comfort,10,Tablet 498,Mobile,Tablet,32.26,Moderate,25.0
P0498,software,10,Tablet 498,Mobile,Tablet,32.26,Moderate,25.0
P0068,comfort,10,Headphones 68,Audio,Headphones,32.07,Low Demand + High Problem,25.0
P0206,delivery,10,Smartphone 206,Mobile,Smartphone,31.62,Moderate,25.0
P0366,price,10,Air Purifier 366,Home Appliances,Air Purifier,31.61,Moderate,25.0
P0432,delivery,10,Air Purifier 432,Home Appliances,Air Purifier,31.34,Low Demand + High Problem,25.0
P0432,software,10,Air Purifier 432,Home Appliances,Air Purifier,31.34,Low Demand + High Problem,25.0
P0228,comfort,10,Fitness Watch 228,Watches,Fitness Watch,30.7,Low Demand + High Problem,25.0
P0228,delivery,10,Fitness Watch 228,Watches,Fitness Watch,30.7,Low Demand + High Problem,25.0
P0298,comfort,10,Smartphone 298,Mobile,Smartphone,29.63,Low Demand + High Problem,25.0
P0298,software,10,Smartphone 298,Mobile,Smartphone,29.63,Low Demand + High Problem,25.0
P0010,software,9,Smart Light 10,Home Appliances,Smart Light,78.49,High Demand + High Problem,22.5
P0338,comfort,9,Wireless Earbuds 338,Audio,Wireless Earbuds,77.17,High Demand + High Problem,22.5
P0338,performance,9,Wireless Earbuds 338,Audio,Wireless Earbuds,77.17,High Demand + High Problem,22.5
P0099,software,9,Bluetooth Speaker 99,Audio,Bluetooth Speaker,77.04,High Demand + High Problem,22.5
P0230,delivery,9,Smart Watch 230,Watches,Smart Watch,77.04,High Demand + High Problem,22.5
P0256,price,9,Smartphone 256,Mobile,Smartphone,76.08,High Demand + High Problem,22.5
P0165,comfort,9,Bluetooth Speaker 165,Audio,Bluetooth Speaker,75.94,High Demand + High Problem,22.5
P0165,software,9,Bluetooth Speaker 165,Audio,Bluetooth Speaker,75.94,High Demand + High Problem,22.5
P0123,comfort,9,Smart Watch 123,Watches,Smart Watch,75.47,High Demand + High Problem,22.5
P0473,performance,9,Analog Watch 473,Watches,Analog Watch,75.14,High Demand + High Problem,22.5
P0312,delivery,9,Smart Watch 312,Watches,Smart Watch,74.89,High Demand + High Problem,22.5
P0237,delivery,9,Tablet 237,Mobile,Tablet,74.81,High Demand + High Problem,22.5
P0055,comfort,9,Smart Watch 55,Watches,Smart Watch,74.59,High Demand + High Problem,22.5
P0105,delivery,9,Fitness Watch 105,Watches,Fitness Watch,74.12,High Demand + High Problem,22.5
P0413,software,9,Smart Watch 413,Watches,Smart Watch,73.99,Moderate,22.5
P0466,comfort,9,Smart Fan 466,Home Appliances,Smart Fan,73.63,High Demand + High Problem,22.5
P0225,price,9,Smart Fan 225,Home Appliances,Smart Fan,72.85,High Demand + High Problem,22.5
P0491,delivery,9,Tablet 491,Mobile,Tablet,72.73,High Demand + High Problem,22.5
P0491,price,9,Tablet 491,Mobile,Tablet,72.73,High Demand + High Problem,22.5
P0001,comfort,9,Smart Watch 1,Watches,Smart Watch,72.08,Moderate,22.5
P0001,software,9,Smart Watch 1,Watches,Smart Watch,72.08,Moderate,22.5
P0229,comfort,9,Smart Light 229,Home Appliances,Smart Light,71.88,Moderate,22.5
P0198,comfort,9,Smart Ring 198,Wearables,Smart Ring,71.82,High Demand + High Problem,22.5
P0389,comfort,9,Fitness Watch 389,Watches,Fitness Watch,71.47,High Demand + High Problem,22.5
P0356,price,9,Air Purifier 356,Home Appliances,Air Purifier,71.4,High Demand + High Problem,22.5
P0431,software,9,Bluetooth Speaker 431,Audio,Bluetooth Speaker,71.32,Moderate,22.5
P0203,comfort,9,Smart Light 203,Home Appliances,Smart Light,71.18,Moderate,22.5
P0203,software,9,Smart Light 203,Home Appliances,Smart Light,71.18,Moderate,22.5
P0236,comfort,9,Fitness Band 236,Wearables,Fitness Band,70.79,Moderate,22.5
P0304,software,9,Bluetooth Speaker 304,Audio,Bluetooth Speaker,70.79,High Demand + High Problem,22.5
P0007,software,9,Tablet 7,Mobile,Tablet,69.88,Moderate,22.5
P0057,delivery,9,Headphones 57,Audio,Headphones,69.4,High Demand + High Problem,22.5
P0479,price,9,Fitness Watch 479,Watches,Fitness Watch,69.04,High Demand + High Problem,22.5
P0383,delivery,9,Smart Ring 383,Wearables,Smart Ring,68.97,High Demand + High Problem,22.5
P0344,price,9,Smartphone 344,Mobile,Smartphone,68.77,High Demand + High Problem,22.5
P0115,software,9,Air Purifier 115,Home Appliances,Air Purifier,68.23,High Demand + High Problem,22.5
P0455,delivery,9,Fitness Band 455,Wearables,Fitness Band,67.7,High Demand + High Problem,22.5
P0262,price,9,Headphones 262,Audio,Headphones,67.63,High Demand + High Problem,22.5
P0428,price,9,Wireless Earbuds 428,Audio,Wireless Earbuds,67.52,Moderate,22.5
P0111,software,9,Smartphone 111,Mobile,Smartphone,67.48,High Demand + High Problem,22.5
P0163,delivery,9,Smart Ring 163,Wearables,Smart Ring,67.22,Moderate,22.5
P0028,delivery,9,Fitness Band 28,Wearables,Fitness Band,67.1,High Demand + High Problem,22.5
P0028,software,9,Fitness Band 28,Wearables,Fitness Band,67.1,High Demand + High Problem,22.5
P0250,comfort,9,Fitness Band 250,Wearables,Fitness Band,66.68,High Demand + High Problem,22.5
P0250,delivery,9,Fitness Band 250,Wearables,Fitness Band,66.68,High Demand + High Problem,22.5
P0250,software,9,Fitness Band 250,Wearables,Fitness Band,66.68,High Demand + High Problem,22.5
P0477,delivery,9,Fitness Watch 477,Watches,Fitness Watch,66.47,High Demand + High Problem,22.5
P0477,software,9,Fitness Watch 477,Watches,Fitness Watch,66.47,High Demand + High Problem,22.5
P0154,delivery,9,Smart Fan 154,Home Appliances,Smart Fan,66.36,High Demand + High Problem,22.5
P0370,comfort,9,Tablet 370,Mobile,Tablet,66.09,High Demand + High Problem,22.5
P0404,comfort,9,Bluetooth Speaker 404,Audio,Bluetooth Speaker,66.09,Moderate,22.5
P0222,price,9,Air Purifier 222,Home Appliances,Air Purifier,65.63,High Demand + High Problem,22.5
P0186,delivery,9,Smart Ring 186,Wearables,Smart Ring,65.58,High Demand + High Problem,22.5
P0209,delivery,9,Wireless Earbuds 209,Audio,Wireless Earbuds,65.11,Moderate,22.5
P0020,delivery,9,Air Purifier 20,Home Appliances,Air Purifier,64.51,High Demand + High Problem,22.5
P0020,performance,9,Air Purifier 20,Home Appliances,Air Purifier,64.51,High Demand + High Problem,22.5
P0308,comfort,9,Smart Watch 308,Watches,Smart Watch,64.13,Moderate,22.5
P0440,price,9,Fitness Band 440,Wearables,Fitness Band,63.98,High Demand + High Problem,22.5
P0488,price,9,Smart Light 488,Home Appliances,Smart Light,63.84,Moderate,22.5
P0336,software,9,Tablet 336,Mobile,Tablet,63.36,High Demand + High Problem,22.5
P0373,comfort,9,Smartphone 373,Mobile,Smartphone,63.2,High Demand + High Problem,22.5
P0261,software,9,Analog Watch 261,Watches,Analog Watch,62.76,Moderate,22.5
P0454,price,9,Smart Fan 454,Home Appliances,Smart Fan,62.76,Moderate,22.5
P0454,software,9,Smart Fan 454,Home Appliances,Smart Fan,62.76,Moderate,22.5
P0232,performance,9,Smart Ring 232,Wearables,Smart Ring,62.71,Moderate,22.5
P0363,comfort,9,Tablet 363,Mobile,Tablet,62.14,Moderate,22.5
P0363,performance,9,Tablet 363,Mobile,Tablet,62.14,Moderate,22.5
P0363,price,9,Tablet 363,Mobile,Tablet,62.14,Moderate,22.5
P0121,software,9,Fitness Band 121,Wearables,Fitness Band,61.96,Moderate,22.5
P0239,delivery,9,Tablet 239,Mobile,Tablet,61.06,Moderate,22.5
P0239,price,9,Tablet 239,Mobile,Tablet,61.06,Moderate,22.5
P0285,software,9,Smart Light 285,Home Appliances,Smart Light,60.79,Moderate,22.5
P0353,software,9,Analog Watch 353,Watches,Analog Watch,60.67,Moderate,22.5
P0061,price,9,Wireless Earbuds 61,Audio,Wireless Earbuds,60.52,Moderate,22.5
P0061,software,9,Wireless Earbuds 61,Audio,Wireless Earbuds,60.52,Moderate,22.5
P0171,software,9,Smart Watch 171,Watches,Smart Watch,60.45,Moderate,22.5
P0212,comfort,9,Smartphone 212,Mobile,Smartphone,60.35,Moderate,22.5
P0212,price,9,Smartphone 212,Mobile,Smartphone,60.35,Moderate,22.5
P0212,software,9,Smartphone 212,Mobile,Smartphone,60.35,Moderate,22.5
P0050,software,9,Analog Watch 50,Watches,Analog Watch,60.12,Moderate,22.5
P0059,delivery,9,Air Purifier 59,Home Appliances,Air Purifier,59.83,Moderate,22.5
P0140,delivery,9,Smartphone 140,Mobile,Smartphone,59.51,Moderate,22.5
P0140,software,9,Smartphone 140,Mobile,Smartphone,59.51,Moderate,22.5
P0264,comfort,9,Tablet 264,Mobile,Tablet,59.35,Moderate,22.5
P0294,comfort,9,Smart Ring 294,Wearables,Smart Ring,58.98,Moderate,22.5
P0328,delivery,9,Smartphone 328,Mobile,Smartphone,58.98,Moderate,22.5
P0152,price,9,Wireless Earbuds 152,Audio,Wireless Earbuds,58.95,Moderate,22.5
P0435,comfort,9,Bluetooth Speaker 435,Audio,Bluetooth Speaker,58.93,Moderate,22.5
P0025,comfort,9,Smart Watch 25,Watches,Smart Watch,58.86,Moderate,22.5
P0092,price,9,Fitness Band 92,Wearables,Fitness Band,58.71,Moderate,22.5
P0359,comfort,9,Smart Light 359,Home Appliances,Smart Light,58.66,Moderate,22.5
P0359,delivery,9,Smart Light 359,Home Appliances,Smart Light,58.66,Moderate,22.5
P0122,delivery,9,Smart Fan 122,Home Appliances,Smart Fan,58.33,Moderate,22.5
P0462,software,9,Smart Ring 462,Wearables,Smart Ring,58.28,Moderate,22.5
P0420,price,9,Smart Ring 420,Wearables,Smart Ring,57.69,Moderate,22.5
P0465,delivery,9,Fitness Band 465,Wearables,Fitness Band,57.58,Moderate,22.5
P0346,software,9,Smart Ring 346,Wearables,Smart Ring,57.55,Moderate,22.5
P0200,delivery,9,Bluetooth Speaker 200,Audio,Bluetooth Speaker,57.33,Moderate,22.5
P0464,delivery,9,Smart Light 464,Home Appliances,Smart Light,57.22,Moderate,22.5
P0464,performance,9,Smart Light 464,Home Appliances,Smart Light,57.22,Moderate,22.5
P0016,delivery,9,Air Purifier 16,Home Appliances,Air Purifier,57.11,Moderate,22.5
P0286,price,9,Fitness Band 286,Wearables,Fitness Band,56.67,Moderate,22.5
P0286,software,9,Fitness Band 286,Wearables,Fitness Band,56.67,Moderate,22.5
P0214,price,9,Fitness Band 214,Wearables,Fitness Band,56.44,Moderate,22.5
P0332,performance,9,Smart Watch 332,Watches,Smart Watch,55.9,Moderate,22.5
P0332,software,9,Smart Watch 332,Watches,Smart Watch,55.9,Moderate,22.5
P0040,price,9,Analog Watch 40,Watches,Analog Watch,55.87,Moderate,22.5
P0458,delivery,9,Headphones 458,Audio,Headphones,55.69,Moderate,22.5
P0458,performance,9,Headphones 458,Audio,Headphones,55.69,Moderate,22.5
P0456,delivery,9,Bluetooth Speaker 456,Audio,Bluetooth Speaker,55.64,Moderate,22.5
P0173,software,9,Smartphone 173,Mobile,Smartphone,55.5,Moderate,22.5
P0188,software,9,Headphones 188,Audio,Headphones,54.98,Moderate,22.5
P0317,software,9,Smart Light 317,Home Appliances,Smart Light,54.92,Moderate,22.5
P0238,comfort,9,Air Purifier 238,Home Appliances,Air Purifier,54.77,Moderate,22.5
P0238,performance,9,Air Purifier 238,Home Appliances,Air Purifier,54.77,Moderate,22.5
P0238,software,9,Air Purifier 238,Home Appliances,Air Purifier,54.77,Moderate,22.5
P0021,software,9,Wireless Earbuds 21,Audio,Wireless Earbuds,54.7,Moderate,22.5
P0109,delivery,9,Smart Fan 109,Home Appliances,Smart Fan,54.68,Moderate,22.5
P0321,software,9,Smart Ring 321,Wearables,Smart Ring,54.26,Moderate,22.5
P0452,comfort,9,Bluetooth Speaker 452,Audio,Bluetooth Speaker,54.22,Moderate,22.5
P0452,delivery,9,Bluetooth Speaker 452,Audio,Bluetooth Speaker,54.22,Moderate,22.5
P0252,comfort,9,Smartphone 252,Mobile,Smartphone,54.1,Moderate,22.5
P0252,delivery,9,Smartphone 252,Mobile,Smartphone,54.1,Moderate,22.5
P0439,price,9,Smartphone 439,Mobile,Smartphone,54.06,Moderate,22.5
P0439,software,9,Smartphone 439,Mobile,Smartphone,54.06,Moderate,22.5
P0197,comfort,9,Fitness Band 197,Wearables,Fitness Band,54.0,Moderate,22.5
P0382,comfort,9,Smart Watch 382,Watches,Smart Watch,53.78,Moderate,22.5
P0382,software,9,Smart Watch 382,Watches,Smart Watch,53.78,Moderate,22.5
P0418,delivery,9,Smart Fan 418,Home Appliances,Smart Fan,53.57,Moderate,22.5
P0063,comfort,9,Fitness Band 63,Wearables,Fitness Band,53.45,Moderate,22.5
P0119,comfort,9,Wireless Earbuds 119,Audio,Wireless Earbuds,53.42,Moderate,22.5
P0116,delivery,9,Smart Fan 116,Home Appliances,Smart Fan,53.12,Moderate,22.5
P0223,comfort,9,Smartphone 223,Mobile,Smartphone,53.09,Moderate,22.5
P0223,delivery,9,Smartphone 223,Mobile,Smartphone,53.09,Moderate,22.5
P0053,comfort,9,Tablet 53,Mobile,Tablet,53.0,Moderate,22.5
P0044,software,9,Fitness Band 44,Wearables,Fitness Band,52.63,Moderate,22.5
P0128,comfort,9,Smart Light 128,Home Appliances,Smart Light,52.5,Moderate,22.5
P0189,performance,9,Smartphone 189,Mobile,Smartphone,52.29,Moderate,22.5
P0083,software,9,Air Purifier 83,Home Appliances,Air Purifier,52.12,Low Demand + High Problem,22.5
P0319,price,9,Smart Ring 319,Wearables,Smart Ring,52.07,Moderate,22.5
P0132,price,9,Fitness Band 132,Wearables,Fitness Band,52.05,Moderate,22.5
P0131,comfort,9,Smartphone 131,Mobile,Smartphone,51.57,Moderate,22.5
P0131,software,9,Smartphone 131,Mobile,Smartphone,51.57,Moderate,22.5
P0278,price,9,Tablet 278,Mobile,Tablet,51.56,Moderate,22.5
P0412,delivery,9,Air Purifier 412,Home Appliances,Air Purifier,51.55,Moderate,22.5
P0469,comfort,9,Smart Ring 469,Wearables,Smart Ring,51.5,Moderate,22.5
P0045,delivery,9,Smart Ring 45,Wearables,Smart Ring,51.43,Low Demand + High Problem,22.5
P0476,comfort,9,Wireless Earbuds 476,Audio,Wireless Earbuds,50.98,Moderate,22.5
P0169,software,9,Analog Watch 169,Watches,Analog Watch,50.87,Moderate,22.5
P0499,delivery,9,Tablet 499,Mobile,Tablet,50.57,Low Demand + High Problem,22.5
P0120,price,9,Smart Light 120,Home Appliances,Smart Light,49.98,Moderate,22.5
P0098,delivery,9,Analog Watch 98,Watches,Analog Watch,49.37,Moderate,22.5
P0247,software,9,Bluetooth Speaker 247,Audio,Bluetooth Speaker,49.06,Moderate,22.5
P0114,comfort,9,Smart Light 114,Home Appliances,Smart Light,49.0,Low Demand + High Problem,22.5
P0348,price,9,Analog Watch 348,Watches,Analog Watch,48.9,Low Demand + High Problem,22.5
P0305,comfort,9,Fitness Band 305,Wearables,Fitness Band,48.85,Low Demand + High Problem,22.5
P0305,delivery,9,Fitness Band 305,Wearables,Fitness Band,48.85,Low Demand + High Problem,22.5
P0148,delivery,9,Analog Watch 148,Watches,Analog Watch,48.76,Low Demand + High Problem,22.5
P0215,comfort,9,Smart Light 215,Home Appliances,Smart Light,48.63,Moderate,22.5
P0367,comfort,9,Smart Fan 367,Home Appliances,Smart Fan,48.31,Moderate,22.5
P0367,software,9,Smart Fan 367,Home Appliances,Smart Fan,48.31,Moderate,22.5
P0284,price,9,Wireless Earbuds 284,Audio,Wireless Earbuds,48.29,Low Demand + High Problem,22.5
P0207,comfort,9,Wireless Earbuds 207,Audio,Wireless Earbuds,47.93,Low Demand + High Problem,22.5
P0022,software,9,Analog Watch 22,Watches,Analog Watch,47.84,Low Demand + High Problem,22.5
P0310,delivery,9,Fitness Band 310,Wearables,Fitness Band,47.79,Low Demand + High Problem,22.5
P0030,price,9,Tablet 30,Mobile,Tablet,47.76,Moderate,22.5
P0145,delivery,9,Fitness Band 145,Wearables,Fitness Band,47.62,Low Demand + High Problem,22.5
P0145,software,9,Fitness Band 145,Wearables,Fitness Band,47.62,Low Demand + High Problem,22.5
P0176,comfort,9,Smart Light 176,Home Appliances,Smart Light,47.62,Low Demand + High Problem,22.5
P0176,price,9,Smart Light 176,Home Appliances,Smart Light,47.62,Low Demand + High Problem,22.5
P0194,comfort,9,Air Purifier 194,Home Appliances,Air Purifier,47.47,Low Demand + High Problem,22.5
P0038,price,9,Tablet 38,Mobile,Tablet,47.36,Low Demand + High Problem,22.5
P0038,software,9,Tablet 38,Mobile,Tablet,47.36,Low Demand + High Problem,22.5
P0029,performance,9,Smart Light 29,Home Appliances,Smart Light,47.31,Low Demand + High Problem,22.5
P0079,comfort,9,Smartphone 79,Mobile,Smartphone,47.1,Low Demand + High Problem,22.5
P0395,price,9,Analog Watch 395,Watches,Analog Watch,46.98,Low Demand + High Problem,22.5
P0379,delivery,9,Bluetooth Speaker 379,Audio,Bluetooth Speaker,46.26,Low Demand + High Problem,22.5
P0175,price,9,Fitness Band 175,Wearables,Fitness Band,45.82,Low Demand + High Problem,22.5
P0015,comfort,9,Smart Ring 15,Wearables,Smart Ring,45.62,Moderate,22.5
P0179,comfort,9,Fitness Band 179,Wearables,Fitness Band,45.59,Low Demand + High Problem,22.5
P0179,delivery,9,Fitness Band 179,Wearables,Fitness Band,45.59,Low Demand + High Problem,22.5
P0179,price,9,Fitness Band 179,Wearables,Fitness Band,45.59,Low Demand + High Problem,22.5
P0459,price,9,Smart Watch 459,Watches,Smart Watch,45.57,Low Demand + High Problem,22.5
P0097,comfort,9,Fitness Watch 97,Watches,Fitness Watch,45.42,Low Demand + High Problem,22.5
P0136,software,9,Tablet 136,Mobile,Tablet,45.22,Low Demand + High Problem,22.5
P0500,comfort,9,Wireless Earbuds 500,Audio,Wireless Earbuds,44.74,Moderate,22.5
P0118,comfort,9,Bluetooth Speaker 118,Audio,Bluetooth Speaker,44.34,Low Demand + High Problem,22.5
P0158,comfort,9,Smartphone 158,Mobile,Smartphone,42.65,Low Demand + High Problem,22.5
P0489,software,9,Headphones 489,Audio,Headphones,42.48,Moderate,22.5
P0414,software,9,Wireless Earbuds 414,Audio,Wireless Earbuds,42.47,Low Demand + High Problem,22.5
P0259,delivery,9,Smart Fan 259,Home Appliances,Smart Fan,42.44,Moderate,22.5
P0066,comfort,9,Smart Fan 66,Home Appliances,Smart Fan,42.32,Low Demand + High Problem,22.5
P0430,software,9,Smart Light 430,Home Appliances,Smart Light,41.98,Moderate,22.5
P0089,software,9,Fitness Band 89,Wearables,Fitness Band,41.58,Low Demand + High Problem,22.5
P0190,performance,9,Smart Light 190,Home Appliances,Smart Light,41.53,Low Demand + High Problem,22.5
P0490,software,9,Smart Light 490,Home Appliances,Smart Light,41.09,Moderate,22.5
P0138,performance,9,Smart Fan 138,Home Appliances,Smart Fan,41.05,Low Demand + High Problem,22.5
P0461,delivery,9,Headphones 461,Audio,Headphones,40.5,Low Demand + High Problem,22.5
P0325,delivery,9,Tablet 325,Mobile,Tablet,40.0,Moderate,22.5
P0416,price,9,Smart Ring 416,Wearables,Smart Ring,39.68,Moderate,22.5
P0361,comfort,9,Air Purifier 361,Home Appliances,Air Purifier,39.63,Low Demand + High Problem,22.5
P0246,comfort,9,Fitness Watch 246,Watches,Fitness Watch,39.51,Low Demand + High Problem,22.5
P0246,delivery,9,Fitness Watch 246,Watches,Fitness Watch,39.51,Low Demand + High Problem,22.5
P0246,price,9,Fitness Watch 246,Watches,Fitness Watch,39.51,Low Demand + High Problem,22.5
P0387,comfort,9,Fitness Band 387,Wearables,Fitness Band,39.05,Low Demand + High Problem,22.5
P0167,price,9,Fitness Watch 167,Watches,Fitness Watch,38.98,Moderate,22.5
P0426,comfort,9,Headphones 426,Audio,Headphones,38.77,Moderate,22.5
P0300,delivery,9,Smart Watch 300,Watches,Smart Watch,38.11,Low Demand + High Problem,22.5
P0300,price,9,Smart Watch 300,Watches,Smart Watch,38.11,Low Demand + High Problem,22.5
P0403,comfort,9,Smart Watch 403,Watches,Smart Watch,38.02,Low Demand + High Problem,22.5
P0086,price,9,Analog Watch 86,Watches,Analog Watch,37.5,Low Demand + High Problem,22.5
P0086,software,9,Analog Watch 86,Watches,Analog Watch,37.5,Low Demand + High Problem,22.5
P0126,price,9,Tablet 126,Mobile,Tablet,37.28,Low Demand + High Problem,22.5
P0423,software,9,Air Purifier 423,Home Appliances,Air Purifier,37.2,Moderate,22.5
P0084,price,9,Fitness Band 84,Wearables,Fitness Band,37.11,Low Demand + High Problem,22.5
P0240,delivery,9,Tablet 240,Mobile,Tablet,36.9,Moderate,22.5
P0112,price,9,Smart Light 112,Home Appliances,Smart Light,36.83,Low Demand + High Problem,22.5
P0396,software,9,Fitness Watch 396,Watches,Fitness Watch,36.72,Low Demand + High Problem,22.5
P0187,comfort,9,Bluetooth Speaker 187,Audio,Bluetooth Speaker,36.59,Low Demand + High Problem,22.5
P0187,delivery,9,Bluetooth Speaker 187,Audio,Bluetooth Speaker,36.59,Low Demand + High Problem,22.5
P0187,price,9,Bluetooth Speaker 187,Audio,Bluetooth Speaker,36.59,Low Demand + High Problem,22.5
P0322,price,9,Smart Watch 322,Watches,Smart Watch,36.05,Low Demand + High Problem,22.5
P0137,price,9,Analog Watch 137,Watches,Analog Watch,35.85,Low Demand + High Problem,22.5
P0443,software,9,Wireless Earbuds 443,Audio,Wireless Earbuds,35.69,Moderate,22.5
P0249,comfort,9,Smart Light 249,Home Appliances,Smart Light,35.46,Moderate,22.5
P0355,comfort,9,Analog Watch 355,Watches,Analog Watch,35.17,Moderate,22.5
P0074,comfort,9,Smart Watch 74,Watches,Smart Watch,35.16,Low Demand + High Problem,22.5
P0129,software,9,Air Purifier 129,Home Appliances,Air Purifier,35.02,Moderate,22.5
P0441,delivery,9,Smartphone 441,Mobile,Smartphone,34.8,Low Demand + High Problem,22.5
P0441,software,9,Smartphone 441,Mobile,Smartphone,34.8,Low Demand + High Problem,22.5
P0208,comfort,9,Fitness Watch 208,Watches,Fitness Watch,34.67,Low Demand + High Problem,22.5
P0031,price,9,Fitness Band 31,Wearables,Fitness Band,34.34,Moderate,22.5
P0100,comfort,9,Bluetooth Speaker 100,Audio,Bluetooth Speaker,34.02,Low Demand + High Problem,22.5
P0100,software,9,Bluetooth Speaker 100,Audio,Bluetooth Speaker,34.02,Low Demand + High Problem,22.5
P0445,price,9,Bluetooth Speaker 445,Audio,Bluetooth Speaker,33.29,Moderate,22.5
P0178,comfort,9,Fitness Watch 178,Watches,Fitness Watch,32.69,Moderate,22.5
P0178,price,9,Fitness Watch 178,Watches,Fitness Watch,32.69,Moderate,22.5
P0178,software,9,Fitness Watch 178,Watches,Fitness Watch,32.69,Moderate,22.5
P0449,delivery,9,Bluetooth Speaker 449,Audio,Bluetooth Speaker,32.35,Moderate,22.5
P0244,performance,9,Air Purifier 244,Home Appliances,Air Purifier,32.1,Low Demand + High Problem,22.5
P0307,comfort,9,Smartphone 307,Mobile,Smartphone,32.1,Low Demand + High Problem,22.5
P0011,delivery,9,Smartphone 11,Mobile,Smartphone,32.06,Moderate,22.5
P0392,software,9,Wireless Earbuds 392,Audio,Wireless Earbuds,31.69,Low Demand + High Problem,22.5
P0438,delivery,9,Fitness Band 438,Wearables,Fitness Band,31.61,Moderate,22.5
P0228,price,9,Fitness Watch 228,Watches,Fitness Watch,30.7,Low Demand + High Problem,22.5
P0362,delivery,9,Bluetooth Speaker 362,Audio,Bluetooth Speaker,29.71,Moderate,22.5
P0386,delivery,9,Smart Fan 386,Home Appliances,Smart Fan,27.09,Moderate,22.5
P0316,price,8,Wireless Earbuds 316,Audio,Wireless Earbuds,80.09,High Demand + High Problem,20.0
P0230,software,8,Smart Watch 230,Watches,Smart Watch,77.04,High Demand + High Problem,20.0
P0273,price,8,Smart Ring 273,Wearables,Smart Ring,76.86,High Demand + High Problem,20.0
P0242,price,8,Smart Light 242,Home Appliances,Smart Light,76.46,High Demand + High Problem,20.0
P0492,comfort,8,Smart Ring 492,Wearables,Smart Ring,74.93,High Demand + High Problem,20.0
P0237,comfort,8,Tablet 237,Mobile,Tablet,74.81,High Demand + High Problem,20.0
P0297,performance,8,Smartphone 297,Mobile,Smartphone,73.51,High Demand + High Problem,20.0
P0177,software,8,Wireless Earbuds 177,Audio,Wireless Earbuds,73.15,High Demand + High Problem,20.0
P0388,comfort,8,Smart Fan 388,Home Appliances,Smart Fan,72.7,High Demand + High Problem,20.0
P0471,delivery,8,Bluetooth Speaker 471,Audio,Bluetooth Speaker,72.23,High Demand + High Problem,20.0
P0062,software,8,Tablet 62,Mobile,Tablet,71.93,Moderate,20.0
P0198,price,8,Smart Ring 198,Wearables,Smart Ring,71.82,High Demand + High Problem,20.0
P0008,comfort,8,Headphones 8,Audio,Headphones,71.78,High Demand + High Problem,20.0
P0008,performance,8,Headphones 8,Audio,Headphones,71.78,High Demand + High Problem,20.0
P0008,software,8,Headphones 8,Audio,Headphones,71.78,High Demand + High Problem,20.0
P0124,price,8,Smart Ring 124,Wearables,Smart Ring,71.44,High Demand + High Problem,20.0
P0356,delivery,8,Air Purifier 356,Home Appliances,Air Purifier,71.4,High Demand + High Problem,20.0
P0113,delivery,8,Smart Watch 113,Watches,Smart Watch,71.1,High Demand + High Problem,20.0
P0150,delivery,8,Tablet 150,Mobile,Tablet,71.05,High Demand + High Problem,20.0
P0039,delivery,8,Bluetooth Speaker 39,Audio,Bluetooth Speaker,70.91,High Demand + High Problem,20.0
P0039,software,8,Bluetooth Speaker 39,Audio,Bluetooth Speaker,70.91,High Demand + High Problem,20.0
P0149,comfort,8,Fitness Watch 149,Watches,Fitness Watch,70.89,High Demand + High Problem,20.0
P0236,price,8,Fitness Band 236,Wearables,Fitness Band,70.79,Moderate,20.0
P0304,price,8,Bluetooth Speaker 304,Audio,Bluetooth Speaker,70.79,High Demand + High Problem,20.0
P0205,comfort,8,Tablet 205,Mobile,Tablet,70.49,Moderate,20.0
P0202,performance,8,Fitness Watch 202,Watches,Fitness Watch,70.42,High Demand + High Problem,20.0
P0281,comfort,8,Smart Ring 281,Wearables,Smart Ring,70.25,High Demand + High Problem,20.0
P0007,price,8,Tablet 7,Mobile,Tablet,69.88,Moderate,20.0
P0342,software,8,Smartphone 342,Mobile,Smartphone,69.43,Moderate,20.0
P0103,price,8,Fitness Band 103,Wearables,Fitness Band,69.29,High Demand + High Problem,20.0
P0115,delivery,8,Air Purifier 115,Home Appliances,Air Purifier,68.23,High Demand + High Problem,20.0
P0311,delivery,8,Smart Light 311,Home Appliances,Smart Light,68.11,Moderate,20.0
P0161,delivery,8,Smartphone 161,Mobile,Smartphone,67.95,High Demand + High Problem,20.0
P0455,price,8,Fitness Band 455,Wearables,Fitness Band,67.7,High Demand + High Problem,20.0
P0288,comfort,8,Smart Ring 288,Wearables,Smart Ring,67.62,High Demand + High Problem,20.0
P0428,delivery,8,Wireless Earbuds 428,Audio,Wireless Earbuds,67.52,Moderate,20.0
P0428,software,8,Wireless Earbuds 428,Audio,Wireless Earbuds,67.52,Moderate,20.0
P0163,comfort,8,Smart Ring 163,Wearables,Smart Ring,67.22,Moderate,20.0
P0163,software,8,Smart Ring 163,Wearables,Smart Ring,67.22,Moderate,20.0
P0470,delivery,8,Smart Light 470,Home Appliances,Smart Light,67.01,High Demand + High Problem,20.0
P0470,performance,8,Smart Light 470,Home Appliances,Smart Light,67.01,High Demand + High Problem,20.0
P0341,software,8,Smart Watch 341,Watches,Smart Watch,66.93,Moderate,20.0
P0043,delivery,8,Tablet 43,Mobile,Tablet,66.77,High Demand + High Problem,20.0
P0139,software,8,Analog Watch 139,Watches,Analog Watch,66.4,Moderate,20.0
P0376,delivery,8,Smart Fan 376,Home Appliances,Smart Fan,66.23,Moderate,20.0
P0376,software,8,Smart Fan 376,Home Appliances,Smart Fan,66.23,Moderate,20.0
P0117,comfort,8,Smartphone 117,Mobile,Smartphone,66.12,High Demand + High Problem,20.0
P0404,performance,8,Bluetooth Speaker 404,Audio,Bluetooth Speaker,66.09,Moderate,20.0
P0127,comfort,8,Smartphone 127,Mobile,Smartphone,65.78,High Demand + High Problem,20.0
P0365,comfort,8,Smart Ring 365,Wearables,Smart Ring,65.13,High Demand + High Problem,20.0
P0365,delivery,8,Smart Ring 365,Wearables,Smart Ring,65.13,High Demand + High Problem,20.0
P0077,delivery,8,Fitness Watch 77,Watches,Fitness Watch,64.66,High Demand + High Problem,20.0
P0308,software,8,Smart Watch 308,Watches,Smart Watch,64.13,Moderate,20.0
P0191,delivery,8,Headphones 191,Audio,Headphones,63.82,Moderate,20.0
P0380,delivery,8,Fitness Band 380,Wearables,Fitness Band,63.8,High Demand + High Problem,20.0
P0380,price,8,Fitness Band 380,Wearables,Fitness Band,63.8,High Demand + High Problem,20.0
P0336,delivery,8,Tablet 336,Mobile,Tablet,63.36,High Demand + High Problem,20.0
P0012,software,8,Fitness Band 12,Wearables,Fitness Band,63.02,High Demand + High Problem,20.0
P0261,delivery,8,Analog Watch 261,Watches,Analog Watch,62.76,Moderate,20.0
P0394,delivery,8,Fitness Watch 394,Watches,Fitness Watch,62.27,High Demand + High Problem,20.0
P0394,software,8,Fitness Watch 394,Watches,Fitness Watch,62.27,High Demand + High Problem,20.0
P0078,price,8,Smart Ring 78,Wearables,Smart Ring,62.24,Moderate,20.0
P0326,comfort,8,Smart Watch 326,Watches,Smart Watch,62.16,High Demand + High Problem,20.0
P0326,price,8,Smart Watch 326,Watches,Smart Watch,62.16,High Demand + High Problem,20.0
P0363,software,8,Tablet 363,Mobile,Tablet,62.14,Moderate,20.0
P0234,delivery,8,Air Purifier 234,Home Appliances,Air Purifier,62.11,High Demand + High Problem,20.0
P0056,delivery,8,Analog Watch 56,Watches,Analog Watch,61.72,Moderate,20.0
P0056,price,8,Analog Watch 56,Watches,Analog Watch,61.72,Moderate,20.0
P0125,comfort,8,Air Purifier 125,Home Appliances,Air Purifier,61.54,Moderate,20.0
P0358,software,8,Bluetooth Speaker 358,Audio,Bluetooth Speaker,61.14,Moderate,20.0
P0171,comfort,8,Smart Watch 171,Watches,Smart Watch,60.45,Moderate,20.0
P0415,delivery,8,Fitness Band 415,Wearables,Fitness Band,60.25,Moderate,20.0
P0433,delivery,8,Smart Fan 433,Home Appliances,Smart Fan,60.2,Moderate,20.0
P0360,software,8,Analog Watch 360,Watches,Analog Watch,60.06,Moderate,20.0
P0354,price,8,Smartphone 354,Mobile,Smartphone,59.41,Moderate,20.0
P0264,delivery,8,Tablet 264,Mobile,Tablet,59.35,Moderate,20.0
P0264,price,8,Tablet 264,Mobile,Tablet,59.35,Moderate,20.0
P0450,software,8,Fitness Band 450,Wearables,Fitness Band,59.21,Moderate,20.0
P0294,price,8,Smart Ring 294,Wearables,Smart Ring,58.98,Moderate,20.0
P0152,comfort,8,Wireless Earbuds 152,Audio,Wireless Earbuds,58.95,Moderate,20.0
P0025,software,8,Smart Watch 25,Watches,Smart Watch,58.86,Moderate,20.0
P0233,software,8,Air Purifier 233,Home Appliances,Air Purifier,58.79,Moderate,20.0
P0122,price,8,Smart Fan 122,Home Appliances,Smart Fan,58.33,Moderate,20.0
P0254,price,8,Tablet 254,Mobile,Tablet,58.33,Moderate,20.0
P0218,comfort,8,Tablet 218,Mobile,Tablet,58.21,Moderate,20.0
P0411,delivery,8,Smart Fan 411,Home Appliances,Smart Fan,58.11,Moderate,20.0
P0221,comfort,8,Tablet 221,Mobile,Tablet,58.08,Moderate,20.0
P0276,comfort,8,Fitness Watch 276,Watches,Fitness Watch,57.88,Moderate,20.0
P0478,price,8,Smart Fan 478,Home Appliances,Smart Fan,57.74,Moderate,20.0
P0420,comfort,8,Smart Ring 420,Wearables,Smart Ring,57.69,Moderate,20.0
P0420,software,8,Smart Ring 420,Wearables,Smart Ring,57.69,Moderate,20.0
P0346,comfort,8,Smart Ring 346,Wearables,Smart Ring,57.55,Moderate,20.0
P0493,delivery,8,Air Purifier 493,Home Appliances,Air Purifier,57.45,Moderate,20.0
P0464,software,8,Smart Light 464,Home Appliances,Smart Light,57.22,Moderate,20.0
P0016,comfort,8,Air Purifier 16,Home Appliances,Air Purifier,57.11,Moderate,20.0
P0016,price,8,Air Purifier 16,Home Appliances,Air Purifier,57.11,Moderate,20.0
P0080,delivery,8,Wireless Earbuds 80,Audio,Wireless Earbuds,56.98,Moderate,20.0
P0174,comfort,8,Tablet 174,Mobile,Tablet,56.89,Moderate,20.0
P0286,delivery,8,Fitness Band 286,Wearables,Fitness Band,56.67,Moderate,20.0
P0481,delivery,8,Bluetooth Speaker 481,Audio,Bluetooth Speaker,56.46,Moderate,20.0
P0287,comfort,8,Analog Watch 287,Watches,Analog Watch,56.02,Moderate,20.0
P0287,delivery,8,Analog Watch 287,Watches,Analog Watch,56.02,Moderate,20.0
P0005,price,8,Air Purifier 5,Home Appliances,Air Purifier,56.0,Moderate,20.0
P0442,delivery,8,Smartphone 442,Mobile,Smartphone,55.81,Moderate,20.0
P0049,software,8,Smart Fan 49,Home Appliances,Smart Fan,55.75,Moderate,20.0
P0458,comfort,8,Headphones 458,Audio,Headphones,55.69,Moderate,20.0
P0456,comfort,8,Bluetooth Speaker 456,Audio,Bluetooth Speaker,55.64,Moderate,20.0
P0253,price,8,Bluetooth Speaker 253,Audio,Bluetooth Speaker,55.11,Moderate,20.0
P0238,price,8,Air Purifier 238,Home Appliances,Air Purifier,54.77,Moderate,20.0
P0021,delivery,8,Wireless Earbuds 21,Audio,Wireless Earbuds,54.7,Moderate,20.0
P0109,comfort,8,Smart Fan 109,Home Appliances,Smart Fan,54.68,Moderate,20.0
P0402,software,8,Wireless Earbuds 402,Audio,Wireless Earbuds,54.48,Moderate,20.0
P0452,price,8,Bluetooth Speaker 452,Audio,Bluetooth Speaker,54.22,Moderate,20.0
P0452,software,8,Bluetooth Speaker 452,Audio,Bluetooth Speaker,54.22,Moderate,20.0
P0108,comfort,8,Wireless Earbuds 108,Audio,Wireless Earbuds,54.05,Moderate,20.0
P0197,price,8,Fitness Band 197,Wearables,Fitness Band,54.0,Moderate,20.0
P0382,delivery,8,Smart Watch 382,Watches,Smart Watch,53.78,Moderate,20.0
P0306,delivery,8,Fitness Band 306,Wearables,Fitness Band,53.54,Moderate,20.0
P0119,software,8,Wireless Earbuds 119,Audio,Wireless Earbuds,53.42,Moderate,20.0
P0468,price,8,Fitness Band 468,Wearables,Fitness Band,53.34,Moderate,20.0
P0468,software,8,Fitness Band 468,Wearables,Fitness Band,53.34,Moderate,20.0
P0391,price,8,Smart Light 391,Home Appliances,Smart Light,53.23,Moderate,20.0
P0417,delivery,8,Smart Light 417,Home Appliances,Smart Light,52.69,Moderate,20.0
P0417,performance,8,Smart Light 417,Home Appliances,Smart Light,52.69,Moderate,20.0
P0351,delivery,8,Tablet 351,Mobile,Tablet,52.67,Moderate,20.0
P0128,software,8,Smart Light 128,Home Appliances,Smart Light,52.5,Moderate,20.0
P0349,delivery,8,Smart Fan 349,Home Appliances,Smart Fan,52.07,Moderate,20.0
P0349,software,8,Smart Fan 349,Home Appliances,Smart Fan,52.07,Moderate,20.0
P0065,price,8,Smart Ring 65,Wearables,Smart Ring,51.44,Moderate,20.0
P0453,comfort,8,Smartphone 453,Mobile,Smartphone,51.37,Low Demand + High Problem,20.0
P0296,comfort,8,Headphones 296,Audio,Headphones,51.28,Low Demand + High Problem,20.0
P0289,price,8,Smart Ring 289,Wearables,Smart Ring,50.73,Moderate,20.0
P0303,price,8,Fitness Watch 303,Watches,Fitness Watch,50.15,Moderate,20.0
P0106,delivery,8,Bluetooth Speaker 106,Audio,Bluetooth Speaker,50.07,Low Demand + High Problem,20.0
P0035,price,8,Smartphone 35,Mobile,Smartphone,49.93,Low Demand + High Problem,20.0
P0446,comfort,8,Tablet 446,Mobile,Tablet,49.88,Moderate,20.0
P0060,comfort,8,Smartphone 60,Mobile,Smartphone,49.75,Moderate,20.0
P0060,performance,8,Smartphone 60,Mobile,Smartphone,49.75,Moderate,20.0
P0467,software,8,Air Purifier 467,Home Appliances,Air Purifier,49.59,Moderate,20.0
P0098,price,8,Analog Watch 98,Watches,Analog Watch,49.37,Moderate,20.0
P0247,delivery,8,Bluetooth Speaker 247,Audio,Bluetooth Speaker,49.06,Moderate,20.0
P0357,software,8,Tablet 357,Mobile,Tablet,49.0,Moderate,20.0
P0148,price,8,Analog Watch 148,Watches,Analog Watch,48.76,Low Demand + High Problem,20.0
P0091,price,8,Tablet 91,Mobile,Tablet,48.54,Low Demand + High Problem,20.0
P0168,delivery,8,Smart Ring 168,Wearables,Smart Ring,48.47,Low Demand + High Problem,20.0
P0284,software,8,Wireless Earbuds 284,Audio,Wireless Earbuds,48.29,Low Demand + High Problem,20.0
P0213,delivery,8,Wireless Earbuds 213,Audio,Wireless Earbuds,48.11,Low Demand + High Problem,20.0
P0022,price,8,Analog Watch 22,Watches,Analog Watch,47.84,Low Demand + High Problem,20.0
P0030,software,8,Tablet 30,Mobile,Tablet,47.76,Moderate,20.0
P0194,software,8,Air Purifier 194,Home Appliances,Air Purifier,47.47,Low Demand + High Problem,20.0
P0180,delivery,8,Smart Light 180,Home Appliances,Smart Light,47.23,Moderate,20.0
P0204,price,8,Wireless Earbuds 204,Audio,Wireless Earbuds,47.09,Moderate,20.0
P0377,comfort,8,Smart Ring 377,Wearables,Smart Ring,47.07,Moderate,20.0
P0072,software,8,Smart Light 72,Home Appliances,Smart Light,46.94,Low Demand + High Problem,20.0
P0275,comfort,8,Tablet 275,Mobile,Tablet,46.77,Low Demand + High Problem,20.0
P0275,delivery,8,Tablet 275,Mobile,Tablet,46.77,Low Demand + High Problem,20.0
P0408,delivery,8,Smartphone 408,Mobile,Smartphone,46.53,Low Demand + High Problem,20.0
P0422,delivery,8,Tablet 422,Mobile,Tablet,46.22,Low Demand + High Problem,20.0
P0422,price,8,Tablet 422,Mobile,Tablet,46.22,Low Demand + High Problem,20.0
P0309,delivery,8,Fitness Band 309,Wearables,Fitness Band,46.05,Low Demand + High Problem,20.0
P0226,comfort,8,Bluetooth Speaker 226,Audio,Bluetooth Speaker,45.76,Low Demand + High Problem,20.0
P0071,comfort,8,Smart Watch 71,Watches,Smart Watch,45.6,Moderate,20.0
P0071,delivery,8,Smart Watch 71,Watches,Smart Watch,45.6,Moderate,20.0
P0179,software,8,Fitness Band 179,Wearables,Fitness Band,45.59,Low Demand + High Problem,20.0
P0459,delivery,8,Smart Watch 459,Watches,Smart Watch,45.57,Low Demand + High Problem,20.0
P0350,comfort,8,Analog Watch 350,Watches,Analog Watch,44.92,Low Demand + High Problem,20.0
P0500,delivery,8,Wireless Earbuds 500,Audio,Wireless Earbuds,44.74,Moderate,20.0
P0500,performance,8,Wireless Earbuds 500,Audio,Wireless Earbuds,44.74,Moderate,20.0
P0333,delivery,8,Smart Light 333,Home Appliances,Smart Light,44.55,Low Demand + High Problem,20.0
P0429,comfort,8,Smart Ring 429,Wearables,Smart Ring,44.48,Low Demand + High Problem,20.0
P0429,software,8,Smart Ring 429,Wearables,Smart Ring,44.48,Low Demand + High Problem,20.0
P0118,delivery,8,Bluetooth Speaker 118,Audio,Bluetooth Speaker,44.34,Low Demand + High Problem,20.0
P0004,comfort,8,Headphones 4,Audio,Headphones,44.08,Moderate,20.0
P0004,delivery,8,Headphones 4,Audio,Headphones,44.08,Moderate,20.0
P0143,delivery,8,Headphones 143,Audio,Headphones,43.94,Moderate,20.0
P0272,software,8,Tablet 272,Mobile,Tablet,43.57,Low Demand + High Problem,20.0
P0135,delivery,8,Smart Watch 135,Watches,Smart Watch,42.96,Low Demand + High Problem,20.0
P0135,price,8,Smart Watch 135,Watches,Smart Watch,42.96,Low Demand + High Problem,20.0
P0484,comfort,8,Bluetooth Speaker 484,Audio,Bluetooth Speaker,42.91,Low Demand + High Problem,20.0
P0484,software,8,Bluetooth Speaker 484,Audio,Bluetooth Speaker,42.91,Low Demand + High Problem,20.0
P0013,software,8,Smart Ring 13,Wearables,Smart Ring,42.87,Low Demand + High Problem,20.0
P0048,price,8,Smart Watch 48,Watches,Smart Watch,42.55,Low Demand + High Problem,20.0
P0489,comfort,8,Headphones 489,Audio,Headphones,42.48,Moderate,20.0
P0330,price,8,Smart Watch 330,Watches,Smart Watch,42.22,Low Demand + High Problem,20.0
P0231,software,8,Smartphone 231,Mobile,Smartphone,41.99,Moderate,20.0
P0157,software,8,Smartphone 157,Mobile,Smartphone,41.97,Low Demand + High Problem,20.0
P0130,delivery,8,Fitness Band 130,Wearables,Fitness Band,41.83,Moderate,20.0
P0130,software,8,Fitness Band 130,Wearables,Fitness Band,41.83,Moderate,20.0
P0274,delivery,8,Smart Watch 274,Watches,Smart Watch,41.62,Low Demand + High Problem,20.0
P0089,delivery,8,Fitness Band 89,Wearables,Fitness Band,41.58,Low Demand + High Problem,20.0
P0190,price,8,Smart Light 190,Home Appliances,Smart Light,41.53,Low Demand + High Problem,20.0
P0371,delivery,8,Wireless Earbuds 371,Audio,Wireless Earbuds,41.38,Low Demand + High Problem,20.0
P0371,price,8,Wireless Earbuds 371,Audio,Wireless Earbuds,41.38,Low Demand + High Problem,20.0
P0490,delivery,8,Smart Light 490,Home Appliances,Smart Light,41.09,Moderate,20.0
P0138,comfort,8,Smart Fan 138,Home Appliances,Smart Fan,41.05,Low Demand + High Problem,20.0
P0034,price,8,Bluetooth Speaker 34,Audio,Bluetooth Speaker,40.56,Moderate,20.0
P0184,comfort,8,Smart Ring 184,Wearables,Smart Ring,39.8,Low Demand + High Problem,20.0
P0185,delivery,8,Smart Ring 185,Wearables,Smart Ring,39.75,Low Demand + High Problem,20.0
P0024,delivery,8,Fitness Band 24,Wearables,Fitness Band,39.68,Low Demand + High Problem,20.0
P0416,delivery,8,Smart Ring 416,Wearables,Smart Ring,39.68,Moderate,20.0
P0361,price,8,Air Purifier 361,Home Appliances,Air Purifier,39.63,Low Demand + High Problem,20.0
P0246,software,8,Fitness Watch 246,Watches,Fitness Watch,39.51,Low Demand + High Problem,20.0
P0251,delivery,8,Fitness Band 251,Wearables,Fitness Band,39.32,Moderate,20.0
P0251,performance,8,Fitness Band 251,Wearables,Fitness Band,39.32,Moderate,20.0
P0387,price,8,Fitness Band 387,Wearables,Fitness Band,39.05,Low Demand + High Problem,20.0
P0082,price,8,Fitness Watch 82,Watches,Fitness Watch,38.89,Low Demand + High Problem,20.0
P0475,price,8,Fitness Watch 475,Watches,Fitness Watch,38.81,Moderate,20.0
P0324,delivery,8,Air Purifier 324,Home Appliances,Air Purifier,38.41,Low Demand + High Problem,20.0
P0393,price,8,Analog Watch 393,Watches,Analog Watch,38.29,Low Demand + High Problem,20.0
P0144,price,8,Smart Fan 144,Home Appliances,Smart Fan,38.23,Low Demand + High Problem,20.0
P0300,comfort,8,Smart Watch 300,Watches,Smart Watch,38.11,Low Demand + High Problem,20.0
P0257,price,8,Analog Watch 257,Watches,Analog Watch,38.02,Low Demand + High Problem,20.0
P0403,price,8,Smart Watch 403,Watches,Smart Watch,38.02,Low Demand + High Problem,20.0
P0086,delivery,8,Analog Watch 86,Watches,Analog Watch,37.5,Low Demand + High Problem,20.0
P0037,price,8,Analog Watch 37,Watches,Analog Watch,37.3,Low Demand + High Problem,20.0
P0434,software,8,Analog Watch 434,Watches,Analog Watch,36.43,Low Demand + High Problem,20.0
P0448,software,8,Smart Fan 448,Home Appliances,Smart Fan,36.02,Low Demand + High Problem,20.0
P0443,comfort,8,Wireless Earbuds 443,Audio,Wireless Earbuds,35.69,Moderate,20.0
P0054,performance,8,Wireless Earbuds 54,Audio,Wireless Earbuds,35.48,Low Demand + High Problem,20.0
P0299,software,8,Smart Ring 299,Wearables,Smart Ring,35.47,Moderate,20.0
P0249,delivery,8,Smart Light 249,Home Appliances,Smart Light,35.46,Moderate,20.0
P0249,software,8,Smart Light 249,Home Appliances,Smart Light,35.46,Moderate,20.0
P0074,price,8,Smart Watch 74,Watches,Smart Watch,35.16,Low Demand + High Problem,20.0
P0074,software,8,Smart Watch 74,Watches,Smart Watch,35.16,Low Demand + High Problem,20.0
P0352,price,8,Smart Ring 352,Wearables,Smart Ring,35.1,Moderate,20.0
P0352,software,8,Smart Ring 352,Wearables,Smart Ring,35.1,Moderate,20.0
P0472,delivery,8,Smartphone 472,Mobile,Smartphone,34.7,Moderate,20.0
P0472,price,8,Smartphone 472,Mobile,Smartphone,34.7,Moderate,20.0
P0472,software,8,Smartphone 472,Mobile,Smartphone,34.7,Moderate,20.0
P0390,delivery,8,Smart Light 390,Home Appliances,Smart Light,34.44,Low Demand + High Problem,20.0
P0390,price,8,Smart Light 390,Home Appliances,Smart Light,34.44,Low Demand + High Problem,20.0
P0159,delivery,8,Analog Watch 159,Watches,Analog Watch,34.37,Moderate,20.0
P0100,price,8,Bluetooth Speaker 100,Audio,Bluetooth Speaker,34.02,Low Demand + High Problem,20.0
P0315,delivery,8,Bluetooth Speaker 315,Audio,Bluetooth Speaker,34.01,Low Demand + High Problem,20.0
P0315,software,8,Bluetooth Speaker 315,Audio,Bluetooth Speaker,34.01,Low Demand + High Problem,20.0
P0290,software,8,Fitness Band 290,Wearables,Fitness Band,33.81,Low Demand + High Problem,20.0
P0378,price,8,Tablet 378,Mobile,Tablet,33.68,Low Demand + High Problem,20.0
P0182,comfort,8,Fitness Band 182,Wearables,Fitness Band,33.5,Low Demand + High Problem,20.0
P0482,software,8,Smartphone 482,Mobile,Smartphone,33.44,Moderate,20.0
P0480,comfort,8,Headphones 480,Audio,Headphones,32.56,Low Demand + High Problem,20.0
P0410,performance,8,Analog Watch 410,Watches,Analog Watch,32.53,Moderate,20.0
P0498,delivery,8,Tablet 498,Mobile,Tablet,32.26,Moderate,20.0
P0244,price,8,Air Purifier 244,Home Appliances,Air Purifier,32.1,Low Demand + High Problem,20.0
P0244,software,8,Air Purifier 244,Home Appliances,Air Purifier,32.1,Low Demand + High Problem,20.0
P0011,price,8,Smartphone 11,Mobile,Smartphone,32.06,Moderate,20.0
P0392,comfort,8,Wireless Earbuds 392,Audio,Wireless Earbuds,31.69,Low Demand + High Problem,20.0
P0392,price,8,Wireless Earbuds 392,Audio,Wireless Earbuds,31.69,Low Demand + High Problem,20.0
P0438,software,8,Fitness Band 438,Wearables,Fitness Band,31.61,Moderate,20.0
P0432,comfort,8,Air Purifier 432,Home Appliances,Air Purifier,31.34,Low Demand + High Problem,20.0
P0295,delivery,8,Smart Ring 295,Wearables,Smart Ring,31.13,Low Demand + High Problem,20.0
P0243,comfort,8,Bluetooth Speaker 243,Audio,Bluetooth Speaker,31.01,Moderate,20.0
P0243,software,8,Bluetooth Speaker 243,Audio,Bluetooth Speaker,31.01,Moderate,20.0
P0228,software,8,Fitness Watch 228,Watches,Fitness Watch,30.7,Low Demand + High Problem,20.0
P0362,comfort,8,Bluetooth Speaker 362,Audio,Bluetooth Speaker,29.71,Moderate,20.0
P0362,software,8,Bluetooth Speaker 362,Audio,Bluetooth Speaker,29.71,Moderate,20.0
P0386,performance,8,Smart Fan 386,Home Appliances,Smart Fan,27.09,Moderate,20.0
P0386,price,8,Smart Fan 386,Home Appliances,Smart Fan,27.09,Moderate,20.0
P0386,software,8,Smart Fan 386,Home Appliances,Smart Fan,27.09,Moderate,20.0
P0075,delivery,7,Fitness Watch 75,Watches,Fitness Watch,78.79,High Demand + High Problem,17.5
P0483,price,7,Smartphone 483,Mobile,Smartphone,77.06,High Demand + High Problem,17.5
P0099,delivery,7,Bluetooth Speaker 99,Audio,Bluetooth Speaker,77.04,High Demand + High Problem,17.5
P0293,comfort,7,Smart Fan 293,Home Appliances,Smart Fan,76.51,High Demand + High Problem,17.5
P0094,price,7,Smart Ring 94,Wearables,Smart Ring,75.53,High Demand + High Problem,17.5
P0473,software,7,Analog Watch 473,Watches,Analog Watch,75.14,High Demand + High Problem,17.5
P0312,software,7,Smart Watch 312,Watches,Smart Watch,74.89,High Demand + High Problem,17.5
P0055,delivery,7,Smart Watch 55,Watches,Smart Watch,74.59,High Demand + High Problem,17.5
P0413,price,7,Smart Watch 413,Watches,Smart Watch,73.99,Moderate,17.5
P0466,software,7,Smart Fan 466,Home Appliances,Smart Fan,73.63,High Demand + High Problem,17.5
P0177,comfort,7,Wireless Earbuds 177,Audio,Wireless Earbuds,73.15,High Demand + High Problem,17.5
P0283,software,7,Headphones 283,Audio,Headphones,72.42,High Demand + High Problem,17.5
P0064,price,7,Fitness Band 64,Wearables,Fitness Band,72.23,High Demand + High Problem,17.5
P0471,comfort,7,Bluetooth Speaker 471,Audio,Bluetooth Speaker,72.23,High Demand + High Problem,17.5
P0001,price,7,Smart Watch 1,Watches,Smart Watch,72.08,Moderate,17.5
P0124,delivery,7,Smart Ring 124,Wearables,Smart Ring,71.44,High Demand + High Problem,17.5
P0236,software,7,Fitness Band 236,Wearables,Fitness Band,70.79,Moderate,17.5
P0263,delivery,7,Smart Light 263,Home Appliances,Smart Light,70.47,High Demand + High Problem,17.5
P0263,software,7,Smart Light 263,Home Appliances,Smart Light,70.47,High Demand + High Problem,17.5
P0202,software,7,Fitness Watch 202,Watches,Fitness Watch,70.42,High Demand + High Problem,17.5
P0009,comfort,7,Wireless Earbuds 9,Audio,Wireless Earbuds,69.97,High Demand + High Problem,17.5
P0217,price,7,Fitness Watch 217,Watches,Fitness Watch,69.85,High Demand + High Problem,17.5
P0192,comfort,7,Bluetooth Speaker 192,Audio,Bluetooth Speaker,69.68,High Demand + High Problem,17.5
P0057,comfort,7,Headphones 57,Audio,Headphones,69.4,High Demand + High Problem,17.5
P0057,software,7,Headphones 57,Audio,Headphones,69.4,High Demand + High Problem,17.5
P0344,delivery,7,Smartphone 344,Mobile,Smartphone,68.77,High Demand + High Problem,17.5
P0497,software,7,Smart Ring 497,Wearables,Smart Ring,68.43,High Demand + High Problem,17.5
P0051,comfort,7,Air Purifier 51,Home Appliances,Air Purifier,68.27,High Demand + High Problem,17.5
P0428,performance,7,Wireless Earbuds 428,Audio,Wireless Earbuds,67.52,Moderate,17.5
P0111,comfort,7,Smartphone 111,Mobile,Smartphone,67.48,High Demand + High Problem,17.5
P0028,comfort,7,Fitness Band 28,Wearables,Fitness Band,67.1,High Demand + High Problem,17.5
P0043,comfort,7,Tablet 43,Mobile,Tablet,66.77,High Demand + High Problem,17.5
P0250,price,7,Fitness Band 250,Wearables,Fitness Band,66.68,High Demand + High Problem,17.5
P0156,price,7,Wireless Earbuds 156,Audio,Wireless Earbuds,66.39,High Demand + High Problem,17.5
P0376,comfort,7,Smart Fan 376,Home Appliances,Smart Fan,66.23,Moderate,17.5
P0404,delivery,7,Bluetooth Speaker 404,Audio,Bluetooth Speaker,66.09,Moderate,17.5
P0258,comfort,7,Smart Watch 258,Watches,Smart Watch,65.83,High Demand + High Problem,17.5
P0255,software,7,Bluetooth Speaker 255,Audio,Bluetooth Speaker,65.63,Moderate,17.5
P0193,comfort,7,Fitness Band 193,Wearables,Fitness Band,65.23,Moderate,17.5
P0209,software,7,Wireless Earbuds 209,Audio,Wireless Earbuds,65.11,Moderate,17.5
P0077,comfort,7,Fitness Watch 77,Watches,Fitness Watch,64.66,High Demand + High Problem,17.5
P0398,delivery,7,Wireless Earbuds 398,Audio,Wireless Earbuds,64.63,High Demand + High Problem,17.5
P0199,delivery,7,Smart Ring 199,Wearables,Smart Ring,64.24,High Demand + High Problem,17.5
P0451,price,7,Bluetooth Speaker 451,Audio,Bluetooth Speaker,63.56,Moderate,17.5
P0183,price,7,Wireless Earbuds 183,Audio,Wireless Earbuds,63.35,Moderate,17.5
P0211,comfort,7,Air Purifier 211,Home Appliances,Air Purifier,62.77,Moderate,17.5
P0211,delivery,7,Air Purifier 211,Home Appliances,Air Purifier,62.77,Moderate,17.5
P0329,price,7,Wireless Earbuds 329,Audio,Wireless Earbuds,62.56,High Demand + High Problem,17.5
P0170,performance,7,Tablet 170,Mobile,Tablet,62.48,Moderate,17.5
P0326,software,7,Smart Watch 326,Watches,Smart Watch,62.16,High Demand + High Problem,17.5
P0234,price,7,Air Purifier 234,Home Appliances,Air Purifier,62.11,High Demand + High Problem,17.5
P0234,software,7,Air Purifier 234,Home Appliances,Air Purifier,62.11,High Demand + High Problem,17.5
P0121,comfort,7,Fitness Band 121,Wearables,Fitness Band,61.96,Moderate,17.5
P0121,delivery,7,Fitness Band 121,Wearables,Fitness Band,61.96,Moderate,17.5
P0460,software,7,Headphones 460,Audio,Headphones,61.7,Moderate,17.5
P0358,comfort,7,Bluetooth Speaker 358,Audio,Bluetooth Speaker,61.14,Moderate,17.5
P0266,price,7,Headphones 266,Audio,Headphones,61.02,Moderate,17.5
P0265,comfort,7,Smart Fan 265,Home Appliances,Smart Fan,60.78,High Demand + High Problem,17.5
P0372,software,7,Smart Watch 372,Watches,Smart Watch,60.78,Moderate,17.5
P0353,comfort,7,Analog Watch 353,Watches,Analog Watch,60.67,Moderate,17.5
P0353,performance,7,Analog Watch 353,Watches,Analog Watch,60.67,Moderate,17.5
P0212,delivery,7,Smartphone 212,Mobile,Smartphone,60.35,Moderate,17.5
P0433,price,7,Smart Fan 433,Home Appliances,Smart Fan,60.2,Moderate,17.5
P0050,delivery,7,Analog Watch 50,Watches,Analog Watch,60.12,Moderate,17.5
P0059,price,7,Air Purifier 59,Home Appliances,Air Purifier,59.83,Moderate,17.5
P0354,comfort,7,Smartphone 354,Mobile,Smartphone,59.41,Moderate,17.5
P0264,software,7,Tablet 264,Mobile,Tablet,59.35,Moderate,17.5
P0155,software,7,Tablet 155,Mobile,Tablet,59.26,Moderate,17.5
P0270,price,7,Smart Watch 270,Watches,Smart Watch,59.26,Moderate,17.5
P0450,delivery,7,Fitness Band 450,Wearables,Fitness Band,59.21,Moderate,17.5
P0227,comfort,7,Smart Ring 227,Wearables,Smart Ring,59.09,Moderate,17.5
P0152,delivery,7,Wireless Earbuds 152,Audio,Wireless Earbuds,58.95,Moderate,17.5
P0233,comfort,7,Air Purifier 233,Home Appliances,Air Purifier,58.79,Moderate,17.5
P0302,comfort,7,Bluetooth Speaker 302,Audio,Bluetooth Speaker,58.13,Moderate,17.5
P0411,price,7,Smart Fan 411,Home Appliances,Smart Fan,58.11,Moderate,17.5
P0221,delivery,7,Tablet 221,Mobile,Tablet,58.08,Moderate,17.5
P0221,price,7,Tablet 221,Mobile,Tablet,58.08,Moderate,17.5
P0221,software,7,Tablet 221,Mobile,Tablet,58.08,Moderate,17.5
P0276,price,7,Fitness Watch 276,Watches,Fitness Watch,57.88,Moderate,17.5
P0478,delivery,7,Smart Fan 478,Home Appliances,Smart Fan,57.74,Moderate,17.5
P0478,software,7,Smart Fan 478,Home Appliances,Smart Fan,57.74,Moderate,17.5
P0346,delivery,7,Smart Ring 346,Wearables,Smart Ring,57.55,Moderate,17.5
P0133,price,7,Wireless Earbuds 133,Audio,Wireless Earbuds,57.5,Moderate,17.5
P0493,software,7,Air Purifier 493,Home Appliances,Air Purifier,57.45,Moderate,17.5
P0323,comfort,7,Smart Watch 323,Watches,Smart Watch,56.94,Moderate,17.5
P0323,software,7,Smart Watch 323,Watches,Smart Watch,56.94,Moderate,17.5
P0174,price,7,Tablet 174,Mobile,Tablet,56.89,Moderate,17.5
P0147,price,7,Fitness Band 147,Wearables,Fitness Band,56.82,Moderate,17.5
P0245,comfort,7,Smart Ring 245,Wearables,Smart Ring,56.8,Moderate,17.5
P0166,price,7,Smart Ring 166,Wearables,Smart Ring,56.03,Moderate,17.5
P0287,software,7,Analog Watch 287,Watches,Analog Watch,56.02,Moderate,17.5
P0442,comfort,7,Smartphone 442,Mobile,Smartphone,55.81,Moderate,17.5
P0049,delivery,7,Smart Fan 49,Home Appliances,Smart Fan,55.75,Moderate,17.5
P0109,price,7,Smart Fan 109,Home Appliances,Smart Fan,54.68,Moderate,17.5
P0109,software,7,Smart Fan 109,Home Appliances,Smart Fan,54.68,Moderate,17.5
P0095,software,7,Analog Watch 95,Watches,Analog Watch,54.25,Moderate,17.5
P0418,comfort,7,Smart Fan 418,Home Appliances,Smart Fan,53.57,Moderate,17.5
P0424,comfort,7,Smart Ring 424,Wearables,Smart Ring,53.26,Moderate,17.5
P0391,delivery,7,Smart Light 391,Home Appliances,Smart Light,53.23,Moderate,17.5
P0116,comfort,7,Smart Fan 116,Home Appliances,Smart Fan,53.12,Moderate,17.5
P0223,price,7,Smartphone 223,Mobile,Smartphone,53.09,Moderate,17.5
P0044,comfort,7,Fitness Band 44,Wearables,Fitness Band,52.63,Moderate,17.5
P0437,software,7,Tablet 437,Mobile,Tablet,51.82,Moderate,17.5
P0425,comfort,7,Fitness Watch 425,Watches,Fitness Watch,51.64,Moderate,17.5
P0425,price,7,Fitness Watch 425,Watches,Fitness Watch,51.64,Moderate,17.5
P0278,delivery,7,Tablet 278,Mobile,Tablet,51.56,Moderate,17.5
P0476,performance,7,Wireless Earbuds 476,Audio,Wireless Earbuds,50.98,Moderate,17.5
P0476,price,7,Wireless Earbuds 476,Audio,Wireless Earbuds,50.98,Moderate,17.5
P0467,price,7,Air Purifier 467,Home Appliances,Air Purifier,49.59,Moderate,17.5
P0320,software,7,Smart Ring 320,Wearables,Smart Ring,49.19,Low Demand + High Problem,17.5
P0114,software,7,Smart Light 114,Home Appliances,Smart Light,49.0,Low Demand + High Problem,17.5
P0357,price,7,Tablet 357,Mobile,Tablet,49.0,Moderate,17.5
P0215,delivery,7,Smart Light 215,Home Appliances,Smart Light,48.63,Moderate,17.5
P0327,comfort,7,Smart Fan 327,Home Appliances,Smart Fan,48.56,Moderate,17.5
P0091,software,7,Tablet 91,Mobile,Tablet,48.54,Low Demand + High Problem,17.5
P0168,comfort,7,Smart Ring 168,Wearables,Smart Ring,48.47,Low Demand + High Problem,17.5
P0168,software,7,Smart Ring 168,Wearables,Smart Ring,48.47,Low Demand + High Problem,17.5
P0030,comfort,7,Tablet 30,Mobile,Tablet,47.76,Moderate,17.5
P0176,delivery,7,Smart Light 176,Home Appliances,Smart Light,47.62,Low Demand + High Problem,17.5
P0164,delivery,7,Smart Fan 164,Home Appliances,Smart Fan,46.5,Low Demand + High Problem,17.5
P0164,price,7,Smart Fan 164,Home Appliances,Smart Fan,46.5,Low Demand + High Problem,17.5
P0379,comfort,7,Bluetooth Speaker 379,Audio,Bluetooth Speaker,46.26,Low Demand + High Problem,17.5
P0401,delivery,7,Headphones 401,Audio,Headphones,46.12,Low Demand + High Problem,17.5
P0071,price,7,Smart Watch 71,Watches,Smart Watch,45.6,Moderate,17.5
P0136,price,7,Tablet 136,Mobile,Tablet,45.22,Low Demand + High Problem,17.5
P0335,price,7,Headphones 335,Audio,Headphones,44.81,Low Demand + High Problem,17.5
P0496,delivery,7,Fitness Band 496,Wearables,Fitness Band,44.73,Low Demand + High Problem,17.5
P0333,software,7,Smart Light 333,Home Appliances,Smart Light,44.55,Low Demand + High Problem,17.5
P0241,comfort,7,Wireless Earbuds 241,Audio,Wireless Earbuds,43.72,Low Demand + High Problem,17.5
P0241,price,7,Wireless Earbuds 241,Audio,Wireless Earbuds,43.72,Low Demand + High Problem,17.5
P0457,software,7,Air Purifier 457,Home Appliances,Air Purifier,43.58,Low Demand + High Problem,17.5
P0107,comfort,7,Analog Watch 107,Watches,Analog Watch,43.39,Low Demand + High Problem,17.5
P0343,software,7,Tablet 343,Mobile,Tablet,43.06,Low Demand + High Problem,17.5
P0048,comfort,7,Smart Watch 48,Watches,Smart Watch,42.55,Low Demand + High Problem,17.5
P0414,price,7,Wireless Earbuds 414,Audio,Wireless Earbuds,42.47,Low Demand + High Problem,17.5
P0259,software,7,Smart Fan 259,Home Appliances,Smart Fan,42.44,Moderate,17.5
P0314,delivery,7,Smart Light 314,Home Appliances,Smart Light,42.37,Low Demand + High Problem,17.5
P0231,comfort,7,Smartphone 231,Mobile,Smartphone,41.99,Moderate,17.5
P0130,comfort,7,Fitness Band 130,Wearables,Fitness Band,41.83,Moderate,17.5
P0274,price,7,Smart Watch 274,Watches,Smart Watch,41.62,Low Demand + High Problem,17.5
P0490,performance,7,Smart Light 490,Home Appliances,Smart Light,41.09,Moderate,17.5
P0490,price,7,Smart Light 490,Home Appliances,Smart Light,41.09,Moderate,17.5
P0003,performance,7,Smart Light 3,Home Appliances,Smart Light,40.9,Low Demand + High Problem,17.5
P0003,price,7,Smart Light 3,Home Appliances,Smart Light,40.9,Low Demand + High Problem,17.5
P0260,price,7,Headphones 260,Audio,Headphones,40.65,Low Demand + High Problem,17.5
P0260,software,7,Headphones 260,Audio,Headphones,40.65,Low Demand + High Problem,17.5
P0034,comfort,7,Bluetooth Speaker 34,Audio,Bluetooth Speaker,40.56,Moderate,17.5
P0034,delivery,7,Bluetooth Speaker 34,Audio,Bluetooth Speaker,40.56,Moderate,17.5
P0461,comfort,7,Headphones 461,Audio,Headphones,40.5,Low Demand + High Problem,17.5
P0461,price,7,Headphones 461,Audio,Headphones,40.5,Low Demand + High Problem,17.5
P0101,software,7,Bluetooth Speaker 101,Audio,Bluetooth Speaker,40.33,Low Demand + High Problem,17.5
P0444,software,7,Fitness Band 444,Wearables,Fitness Band,40.24,Moderate,17.5
P0090,comfort,7,Smartphone 90,Mobile,Smartphone,40.21,Low Demand + High Problem,17.5
P0416,software,7,Smart Ring 416,Wearables,Smart Ring,39.68,Moderate,17.5
P0151,price,7,Smart Ring 151,Wearables,Smart Ring,39.55,Moderate,17.5
P0251,software,7,Fitness Band 251,Wearables,Fitness Band,39.32,Moderate,17.5
P0385,performance,7,Tablet 385,Mobile,Tablet,39.25,Low Demand + High Problem,17.5
P0387,delivery,7,Fitness Band 387,Wearables,Fitness Band,39.05,Low Demand + High Problem,17.5
P0167,delivery,7,Fitness Watch 167,Watches,Fitness Watch,38.98,Moderate,17.5
P0475,software,7,Fitness Watch 475,Watches,Fitness Watch,38.81,Moderate,17.5
P0126,comfort,7,Tablet 126,Mobile,Tablet,37.28,Low Demand + High Problem,17.5
P0084,delivery,7,Fitness Band 84,Wearables,Fitness Band,37.11,Low Demand + High Problem,17.5
P0210,comfort,7,Tablet 210,Mobile,Tablet,37.01,Low Demand + High Problem,17.5
P0322,comfort,7,Smart Watch 322,Watches,Smart Watch,36.05,Low Demand + High Problem,17.5
P0023,price,7,Air Purifier 23,Home Appliances,Air Purifier,35.59,Low Demand + High Problem,17.5
P0299,comfort,7,Smart Ring 299,Wearables,Smart Ring,35.47,Moderate,17.5
P0436,software,7,Wireless Earbuds 436,Audio,Wireless Earbuds,35.27,Low Demand + High Problem,17.5
P0355,software,7,Analog Watch 355,Watches,Analog Watch,35.17,Moderate,17.5
P0129,comfort,7,Air Purifier 129,Home Appliances,Air Purifier,35.02,Moderate,17.5
P0129,price,7,Air Purifier 129,Home Appliances,Air Purifier,35.02,Moderate,17.5
P0096,software,7,Smart Watch 96,Watches,Smart Watch,34.5,Moderate,17.5
P0159,comfort,7,Analog Watch 159,Watches,Analog Watch,34.37,Moderate,17.5
P0159,price,7,Analog Watch 159,Watches,Analog Watch,34.37,Moderate,17.5
P0031,comfort,7,Fitness Band 31,Wearables,Fitness Band,34.34,Moderate,17.5
P0482,comfort,7,Smartphone 482,Mobile,Smartphone,33.44,Moderate,17.5
P0445,comfort,7,Bluetooth Speaker 445,Audio,Bluetooth Speaker,33.29,Moderate,17.5
P0301,software,7,Bluetooth Speaker 301,Audio,Bluetooth Speaker,32.9,Low Demand + High Problem,17.5
P0178,delivery,7,Fitness Watch 178,Watches,Fitness Watch,32.69,Moderate,17.5
P0449,comfort,7,Bluetooth Speaker 449,Audio,Bluetooth Speaker,32.35,Moderate,17.5
P0449,price,7,Bluetooth Speaker 449,Audio,Bluetooth Speaker,32.35,Moderate,17.5
P0068,delivery,7,Headphones 68,Audio,Headphones,32.07,Low Demand + High Problem,17.5
P0392,delivery,7,Wireless Earbuds 392,Audio,Wireless Earbuds,31.69,Low Demand + High Problem,17.5
P0366,comfort,7,Air Purifier 366,Home Appliances,Air Purifier,31.61,Moderate,17.5
P0295,comfort,7,Smart Ring 295,Wearables,Smart Ring,31.13,Low Demand + High Problem,17.5
P0386,comfort,7,Smart Fan 386,Home Appliances,Smart Fan,27.09,Moderate,17.5
P0273,comfort,6,Smart Ring 273,Wearables,Smart Ring,76.86,High Demand + High Problem,15.0
P0047,software,6,Smart Fan 47,Home Appliances,Smart Fan,76.37,High Demand + High Problem,15.0
P0165,delivery,6,Bluetooth Speaker 165,Audio,Bluetooth Speaker,75.94,High Demand + High Problem,15.0
P0492,price,6,Smart Ring 492,Wearables,Smart Ring,74.93,High Demand + High Problem,15.0
P0237,price,6,Tablet 237,Mobile,Tablet,74.81,High Demand + High Problem,15.0
P0055,price,6,Smart Watch 55,Watches,Smart Watch,74.59,High Demand + High Problem,15.0
P0105,software,6,Fitness Watch 105,Watches,Fitness Watch,74.12,High Demand + High Problem,15.0
P0413,delivery,6,Smart Watch 413,Watches,Smart Watch,73.99,Moderate,15.0
P0291,delivery,6,Wireless Earbuds 291,Audio,Wireless Earbuds,73.57,High Demand + High Problem,15.0
P0374,delivery,6,Headphones 374,Audio,Headphones,73.48,High Demand + High Problem,15.0
P0069,comfort,6,Headphones 69,Audio,Headphones,72.94,High Demand + High Problem,15.0
P0225,delivery,6,Smart Fan 225,Home Appliances,Smart Fan,72.85,High Demand + High Problem,15.0
P0375,software,6,Headphones 375,Audio,Headphones,72.77,High Demand + High Problem,15.0
P0001,delivery,6,Smart Watch 1,Watches,Smart Watch,72.08,Moderate,15.0
P0269,delivery,6,Smartphone 269,Mobile,Smartphone,71.85,High Demand + High Problem,15.0
P0124,software,6,Smart Ring 124,Wearables,Smart Ring,71.44,High Demand + High Problem,15.0
P0431,delivery,6,Bluetooth Speaker 431,Audio,Bluetooth Speaker,71.32,Moderate,15.0
P0431,performance,6,Bluetooth Speaker 431,Audio,Bluetooth Speaker,71.32,Moderate,15.0
P0113,comfort,6,Smart Watch 113,Watches,Smart Watch,71.1,High Demand + High Problem,15.0
P0149,delivery,6,Fitness Watch 149,Watches,Fitness Watch,70.89,High Demand + High Problem,15.0
P0196,delivery,6,Smart Ring 196,Wearables,Smart Ring,70.43,Moderate,15.0
P0281,software,6,Smart Ring 281,Wearables,Smart Ring,70.25,High Demand + High Problem,15.0
P0007,comfort,6,Tablet 7,Mobile,Tablet,69.88,Moderate,15.0
P0007,delivery,6,Tablet 7,Mobile,Tablet,69.88,Moderate,15.0
P0216,delivery,6,Headphones 216,Audio,Headphones,69.4,Moderate,15.0
P0216,performance,6,Headphones 216,Audio,Headphones,69.4,Moderate,15.0
P0479,delivery,6,Fitness Watch 479,Watches,Fitness Watch,69.04,High Demand + High Problem,15.0
P0383,price,6,Smart Ring 383,Wearables,Smart Ring,68.97,High Demand + High Problem,15.0
P0344,software,6,Smartphone 344,Mobile,Smartphone,68.77,High Demand + High Problem,15.0
P0405,software,6,Air Purifier 405,Home Appliances,Air Purifier,68.21,High Demand + High Problem,15.0
P0311,comfort,6,Smart Light 311,Home Appliances,Smart Light,68.11,Moderate,15.0
P0311,software,6,Smart Light 311,Home Appliances,Smart Light,68.11,Moderate,15.0
P0248,delivery,6,Headphones 248,Audio,Headphones,67.87,Moderate,15.0
P0248,software,6,Headphones 248,Audio,Headphones,67.87,Moderate,15.0
P0288,price,6,Smart Ring 288,Wearables,Smart Ring,67.62,High Demand + High Problem,15.0
P0156,comfort,6,Wireless Earbuds 156,Audio,Wireless Earbuds,66.39,High Demand + High Problem,15.0
P0376,price,6,Smart Fan 376,Home Appliances,Smart Fan,66.23,Moderate,15.0
P0127,software,6,Smartphone 127,Mobile,Smartphone,65.78,High Demand + High Problem,15.0
P0222,comfort,6,Air Purifier 222,Home Appliances,Air Purifier,65.63,High Demand + High Problem,15.0
P0186,software,6,Smart Ring 186,Wearables,Smart Ring,65.58,High Demand + High Problem,15.0
P0209,price,6,Wireless Earbuds 209,Audio,Wireless Earbuds,65.11,Moderate,15.0
P0026,delivery,6,Headphones 26,Audio,Headphones,64.01,High Demand + High Problem,15.0
P0191,software,6,Headphones 191,Audio,Headphones,63.82,Moderate,15.0
P0268,comfort,6,Fitness Band 268,Wearables,Fitness Band,63.34,Moderate,15.0
P0463,delivery,6,Air Purifier 463,Home Appliances,Air Purifier,62.98,Moderate,15.0
P0454,performance,6,Smart Fan 454,Home Appliances,Smart Fan,62.76,Moderate,15.0
P0232,comfort,6,Smart Ring 232,Wearables,Smart Ring,62.71,Moderate,15.0
P0460,price,6,Headphones 460,Audio,Headphones,61.7,Moderate,15.0
P0486,comfort,6,Tablet 486,Mobile,Tablet,60.85,Moderate,15.0
P0486,price,6,Tablet 486,Mobile,Tablet,60.85,Moderate,15.0
P0285,comfort,6,Smart Light 285,Home Appliances,Smart Light,60.79,Moderate,15.0
P0171,delivery,6,Smart Watch 171,Watches,Smart Watch,60.45,Moderate,15.0
P0171,price,6,Smart Watch 171,Watches,Smart Watch,60.45,Moderate,15.0
P0415,comfort,6,Fitness Band 415,Wearables,Fitness Band,60.25,Moderate,15.0
P0433,comfort,6,Smart Fan 433,Home Appliances,Smart Fan,60.2,Moderate,15.0
P0433,software,6,Smart Fan 433,Home Appliances,Smart Fan,60.2,Moderate,15.0
P0050,comfort,6,Analog Watch 50,Watches,Analog Watch,60.12,Moderate,15.0
P0088,software,6,Air Purifier 88,Home Appliances,Air Purifier,59.64,Moderate,15.0
P0354,software,6,Smartphone 354,Mobile,Smartphone,59.41,Moderate,15.0
P0427,comfort,6,Analog Watch 427,Watches,Analog Watch,59.06,Moderate,15.0
P0427,software,6,Analog Watch 427,Watches,Analog Watch,59.06,Moderate,15.0
P0328,software,6,Smartphone 328,Mobile,Smartphone,58.98,Moderate,15.0
P0017,comfort,6,Bluetooth Speaker 17,Audio,Bluetooth Speaker,58.19,Moderate,15.0
P0102,price,6,Smart Light 102,Home Appliances,Smart Light,57.37,Moderate,15.0
P0102,software,6,Smart Light 102,Home Appliances,Smart Light,57.37,Moderate,15.0
P0323,delivery,6,Smart Watch 323,Watches,Smart Watch,56.94,Moderate,15.0
P0147,comfort,6,Fitness Band 147,Wearables,Fitness Band,56.82,Moderate,15.0
P0267,price,6,Smartphone 267,Mobile,Smartphone,56.54,Moderate,15.0
P0104,software,6,Smartphone 104,Mobile,Smartphone,56.5,Moderate,15.0
P0481,comfort,6,Bluetooth Speaker 481,Audio,Bluetooth Speaker,56.46,Moderate,15.0
P0166,delivery,6,Smart Ring 166,Wearables,Smart Ring,56.03,Moderate,15.0
P0458,price,6,Headphones 458,Audio,Headphones,55.69,Moderate,15.0
P0456,software,6,Bluetooth Speaker 456,Audio,Bluetooth Speaker,55.64,Moderate,15.0
P0173,price,6,Smartphone 173,Mobile,Smartphone,55.5,Moderate,15.0
P0317,price,6,Smart Light 317,Home Appliances,Smart Light,54.92,Moderate,15.0
P0021,comfort,6,Wireless Earbuds 21,Audio,Wireless Earbuds,54.7,Moderate,15.0
P0197,software,6,Fitness Band 197,Wearables,Fitness Band,54.0,Moderate,15.0
P0382,price,6,Smart Watch 382,Watches,Smart Watch,53.78,Moderate,15.0
P0418,price,6,Smart Fan 418,Home Appliances,Smart Fan,53.57,Moderate,15.0
P0424,delivery,6,Smart Ring 424,Wearables,Smart Ring,53.26,Moderate,15.0
P0406,comfort,6,Fitness Band 406,Wearables,Fitness Band,52.74,Moderate,15.0
P0406,delivery,6,Fitness Band 406,Wearables,Fitness Band,52.74,Moderate,15.0
P0351,price,6,Tablet 351,Mobile,Tablet,52.67,Moderate,15.0
P0189,comfort,6,Smartphone 189,Mobile,Smartphone,52.29,Moderate,15.0
P0437,delivery,6,Tablet 437,Mobile,Tablet,51.82,Moderate,15.0
P0131,delivery,6,Smartphone 131,Mobile,Smartphone,51.57,Moderate,15.0
P0278,software,6,Tablet 278,Mobile,Tablet,51.56,Moderate,15.0
P0065,comfort,6,Smart Ring 65,Wearables,Smart Ring,51.44,Moderate,15.0
P0169,delivery,6,Analog Watch 169,Watches,Analog Watch,50.87,Moderate,15.0
P0219,price,6,Smart Ring 219,Wearables,Smart Ring,50.65,Low Demand + High Problem,15.0
P0195,delivery,6,Fitness Band 195,Wearables,Fitness Band,50.32,Moderate,15.0
P0106,comfort,6,Bluetooth Speaker 106,Audio,Bluetooth Speaker,50.07,Low Demand + High Problem,15.0
P0348,comfort,6,Analog Watch 348,Watches,Analog Watch,48.9,Low Demand + High Problem,15.0
P0087,comfort,6,Tablet 87,Mobile,Tablet,48.74,Low Demand + High Problem,15.0
P0284,comfort,6,Wireless Earbuds 284,Audio,Wireless Earbuds,48.29,Low Demand + High Problem,15.0
P0213,comfort,6,Wireless Earbuds 213,Audio,Wireless Earbuds,48.11,Low Demand + High Problem,15.0
P0029,comfort,6,Smart Light 29,Home Appliances,Smart Light,47.31,Low Demand + High Problem,15.0
P0079,software,6,Smartphone 79,Mobile,Smartphone,47.1,Low Demand + High Problem,15.0
P0395,software,6,Analog Watch 395,Watches,Analog Watch,46.98,Low Demand + High Problem,15.0
P0072,delivery,6,Smart Light 72,Home Appliances,Smart Light,46.94,Low Demand + High Problem,15.0
P0164,software,6,Smart Fan 164,Home Appliances,Smart Fan,46.5,Low Demand + High Problem,15.0
P0379,price,6,Bluetooth Speaker 379,Audio,Bluetooth Speaker,46.26,Low Demand + High Problem,15.0
P0070,software,6,Smart Watch 70,Watches,Smart Watch,45.56,Low Demand + High Problem,15.0
P0097,price,6,Fitness Watch 97,Watches,Fitness Watch,45.42,Low Demand + High Problem,15.0
P0500,software,6,Wireless Earbuds 500,Audio,Wireless Earbuds,44.74,Moderate,15.0
P0368,delivery,6,Headphones 368,Audio,Headphones,43.61,Moderate,15.0
P0368,price,6,Headphones 368,Audio,Headphones,43.61,Moderate,15.0
P0457,comfort,6,Air Purifier 457,Home Appliances,Air Purifier,43.58,Low Demand + High Problem,15.0
P0107,delivery,6,Analog Watch 107,Watches,Analog Watch,43.39,Low Demand + High Problem,15.0
P0484,price,6,Bluetooth Speaker 484,Audio,Bluetooth Speaker,42.91,Low Demand + High Problem,15.0
P0489,delivery,6,Headphones 489,Audio,Headphones,42.48,Moderate,15.0
P0259,comfort,6,Smart Fan 259,Home Appliances,Smart Fan,42.44,Moderate,15.0
P0231,delivery,6,Smartphone 231,Mobile,Smartphone,41.99,Moderate,15.0
P0430,price,6,Smart Light 430,Home Appliances,Smart Light,41.98,Moderate,15.0
P0151,delivery,6,Smart Ring 151,Wearables,Smart Ring,39.55,Moderate,15.0
P0167,software,6,Fitness Watch 167,Watches,Fitness Watch,38.98,Moderate,15.0
P0082,delivery,6,Fitness Watch 82,Watches,Fitness Watch,38.89,Low Demand + High Problem,15.0
P0300,software,6,Smart Watch 300,Watches,Smart Watch,38.11,Low Demand + High Problem,15.0
P0313,price,6,Smart Watch 313,Watches,Smart Watch,37.79,Low Demand + High Problem,15.0
P0423,price,6,Air Purifier 423,Home Appliances,Air Purifier,37.2,Moderate,15.0
P0434,comfort,6,Analog Watch 434,Watches,Analog Watch,36.43,Low Demand + High Problem,15.0
P0137,performance,6,Analog Watch 137,Watches,Analog Watch,35.85,Low Demand + High Problem,15.0
P0443,delivery,6,Wireless Earbuds 443,Audio,Wireless Earbuds,35.69,Moderate,15.0
P0002,delivery,6,Smart Watch 2,Watches,Smart Watch,35.34,Low Demand + High Problem,15.0
P0364,software,6,Bluetooth Speaker 364,Audio,Bluetooth Speaker,35.3,Low Demand + High Problem,15.0
P0436,price,6,Wireless Earbuds 436,Audio,Wireless Earbuds,35.27,Low Demand + High Problem,15.0
P0355,delivery,6,Analog Watch 355,Watches,Analog Watch,35.17,Moderate,15.0
P0129,delivery,6,Air Purifier 129,Home Appliances,Air Purifier,35.02,Moderate,15.0
P0290,delivery,6,Fitness Band 290,Wearables,Fitness Band,33.81,Low Demand + High Problem,15.0
P0480,price,6,Headphones 480,Audio,Headphones,32.56,Low Demand + High Problem,15.0
P0410,comfort,6,Analog Watch 410,Watches,Analog Watch,32.53,Moderate,15.0
P0498,price,6,Tablet 498,Mobile,Tablet,32.26,Moderate,15.0
P0307,delivery,6,Smartphone 307,Mobile,Smartphone,32.1,Low Demand + High Problem,15.0
P0366,delivery,6,Air Purifier 366,Home Appliances,Air Purifier,31.61,Moderate,15.0
P0243,delivery,6,Bluetooth Speaker 243,Audio,Bluetooth Speaker,31.01,Moderate,15.0
P0081,delivery,6,Headphones 81,Audio,Headphones,30.67,Moderate,15.0
P0338,software,5,Wireless Earbuds 338,Audio,Wireless Earbuds,77.17,High Demand + High Problem,12.5
P0203,price,5,Smart Light 203,Home Appliances,Smart Light,71.18,Moderate,12.5
P0205,delivery,5,Tablet 205,Mobile,Tablet,70.49,Moderate,12.5
P0217,comfort,5,Fitness Watch 217,Watches,Fitness Watch,69.85,High Demand + High Problem,12.5
P0217,delivery,5,Fitness Watch 217,Watches,Fitness Watch,69.85,High Demand + High Problem,12.5
P0153,comfort,5,Fitness Band 153,Wearables,Fitness Band,69.77,Moderate,12.5
P0342,delivery,5,Smartphone 342,Mobile,Smartphone,69.43,Moderate,12.5
P0216,comfort,5,Headphones 216,Audio,Headphones,69.4,Moderate,12.5
P0405,delivery,5,Air Purifier 405,Home Appliances,Air Purifier,68.21,High Demand + High Problem,12.5
P0111,price,5,Smartphone 111,Mobile,Smartphone,67.48,High Demand + High Problem,12.5
P0477,price,5,Fitness Watch 477,Watches,Fitness Watch,66.47,High Demand + High Problem,12.5
P0404,software,5,Bluetooth Speaker 404,Audio,Bluetooth Speaker,66.09,Moderate,12.5
P0258,software,5,Smart Watch 258,Watches,Smart Watch,65.83,High Demand + High Problem,12.5
P0255,delivery,5,Bluetooth Speaker 255,Audio,Bluetooth Speaker,65.63,Moderate,12.5
P0224,delivery,5,Air Purifier 224,Home Appliances,Air Purifier,65.6,Moderate,12.5
P0193,price,5,Fitness Band 193,Wearables,Fitness Band,65.23,Moderate,12.5
P0398,comfort,5,Wireless Earbuds 398,Audio,Wireless Earbuds,64.63,High Demand + High Problem,12.5
P0052,comfort,5,Bluetooth Speaker 52,Audio,Bluetooth Speaker,64.5,Moderate,12.5
P0183,software,5,Wireless Earbuds 183,Audio,Wireless Earbuds,63.35,Moderate,12.5
P0268,price,5,Fitness Band 268,Wearables,Fitness Band,63.34,Moderate,12.5
P0454,delivery,5,Smart Fan 454,Home Appliances,Smart Fan,62.76,Moderate,12.5
P0329,comfort,5,Wireless Earbuds 329,Audio,Wireless Earbuds,62.56,High Demand + High Problem,12.5
P0078,comfort,5,Smart Ring 78,Wearables,Smart Ring,62.24,Moderate,12.5
P0326,delivery,5,Smart Watch 326,Watches,Smart Watch,62.16,High Demand + High Problem,12.5
P0358,price,5,Bluetooth Speaker 358,Audio,Bluetooth Speaker,61.14,Moderate,12.5
P0415,software,5,Fitness Band 415,Wearables,Fitness Band,60.25,Moderate,12.5
P0294,software,5,Smart Ring 294,Wearables,Smart Ring,58.98,Moderate,12.5
P0359,software,5,Smart Light 359,Home Appliances,Smart Light,58.66,Moderate,12.5
P0254,software,5,Tablet 254,Mobile,Tablet,58.33,Moderate,12.5
P0462,delivery,5,Smart Ring 462,Wearables,Smart Ring,58.28,Moderate,12.5
P0276,delivery,5,Fitness Watch 276,Watches,Fitness Watch,57.88,Moderate,12.5
P0133,delivery,5,Wireless Earbuds 133,Audio,Wireless Earbuds,57.5,Moderate,12.5
P0493,price,5,Air Purifier 493,Home Appliances,Air Purifier,57.45,Moderate,12.5
P0200,price,5,Bluetooth Speaker 200,Audio,Bluetooth Speaker,57.33,Moderate,12.5
P0080,price,5,Wireless Earbuds 80,Audio,Wireless Earbuds,56.98,Moderate,12.5
P0174,software,5,Tablet 174,Mobile,Tablet,56.89,Moderate,12.5
P0172,delivery,5,Air Purifier 172,Home Appliances,Air Purifier,56.26,Moderate,12.5
P0172,performance,5,Air Purifier 172,Home Appliances,Air Purifier,56.26,Moderate,12.5
P0005,software,5,Air Purifier 5,Home Appliances,Air Purifier,56.0,Moderate,12.5
P0040,software,5,Analog Watch 40,Watches,Analog Watch,55.87,Moderate,12.5
P0095,delivery,5,Analog Watch 95,Watches,Analog Watch,54.25,Moderate,12.5
P0108,software,5,Wireless Earbuds 108,Audio,Wireless Earbuds,54.05,Moderate,12.5
P0189,delivery,5,Smartphone 189,Mobile,Smartphone,52.29,Moderate,12.5
P0425,software,5,Fitness Watch 425,Watches,Fitness Watch,51.64,Moderate,12.5
P0195,software,5,Fitness Band 195,Wearables,Fitness Band,50.32,Moderate,12.5
P0120,comfort,5,Smart Light 120,Home Appliances,Smart Light,49.98,Moderate,12.5
P0467,delivery,5,Air Purifier 467,Home Appliances,Air Purifier,49.59,Moderate,12.5
P0357,delivery,5,Tablet 357,Mobile,Tablet,49.0,Moderate,12.5
P0377,price,5,Smart Ring 377,Wearables,Smart Ring,47.07,Moderate,12.5
P0377,software,5,Smart Ring 377,Wearables,Smart Ring,47.07,Moderate,12.5
P0175,delivery,5,Fitness Band 175,Wearables,Fitness Band,45.82,Low Demand + High Problem,12.5
P0226,delivery,5,Bluetooth Speaker 226,Audio,Bluetooth Speaker,45.76,Low Demand + High Problem,12.5
P0070,delivery,5,Smart Watch 70,Watches,Smart Watch,45.56,Low Demand + High Problem,12.5
P0496,price,5,Fitness Band 496,Wearables,Fitness Band,44.73,Low Demand + High Problem,12.5
P0118,software,5,Bluetooth Speaker 118,Audio,Bluetooth Speaker,44.34,Low Demand + High Problem,12.5
P0201,comfort,5,Fitness Band 201,Wearables,Fitness Band,43.73,Low Demand + High Problem,12.5
P0343,comfort,5,Tablet 343,Mobile,Tablet,43.06,Low Demand + High Problem,12.5
P0399,comfort,5,Analog Watch 399,Watches,Analog Watch,42.05,Moderate,12.5
P0231,price,5,Smartphone 231,Mobile,Smartphone,41.99,Moderate,12.5
P0003,software,5,Smart Light 3,Home Appliances,Smart Light,40.9,Low Demand + High Problem,12.5
P0325,comfort,5,Tablet 325,Mobile,Tablet,40.0,Moderate,12.5
P0185,price,5,Smart Ring 185,Wearables,Smart Ring,39.75,Low Demand + High Problem,12.5
P0277,delivery,5,Smartphone 277,Mobile,Smartphone,39.7,Low Demand + High Problem,12.5
P0416,comfort,5,Smart Ring 416,Wearables,Smart Ring,39.68,Moderate,12.5
P0381,comfort,5,Bluetooth Speaker 381,Audio,Bluetooth Speaker,38.34,Low Demand + High Problem,12.5
P0257,delivery,5,Analog Watch 257,Watches,Analog Watch,38.02,Low Demand + High Problem,12.5
P0423,comfort,5,Air Purifier 423,Home Appliances,Air Purifier,37.2,Moderate,12.5
P0210,price,5,Tablet 210,Mobile,Tablet,37.01,Low Demand + High Problem,12.5
P0240,price,5,Tablet 240,Mobile,Tablet,36.9,Moderate,12.5
P0448,price,5,Smart Fan 448,Home Appliances,Smart Fan,36.02,Low Demand + High Problem,12.5
P0208,price,5,Fitness Watch 208,Watches,Fitness Watch,34.67,Low Demand + High Problem,12.5
P0445,software,5,Bluetooth Speaker 445,Audio,Bluetooth Speaker,33.29,Moderate,12.5
P0206,comfort,5,Smartphone 206,Mobile,Smartphone,31.62,Moderate,12.5
P0206,price,5,Smartphone 206,Mobile,Smartphone,31.62,Moderate,12.5
P0206,software,5,Smartphone 206,Mobile,Smartphone,31.62,Moderate,12.5
P0295,software,5,Smart Ring 295,Wearables,Smart Ring,31.13,Low Demand + High Problem,12.5
P0081,comfort,5,Headphones 81,Audio,Headphones,30.67,Moderate,12.5
P0419,delivery,4,Fitness Band 419,Wearables,Fitness Band,76.83,High Demand + High Problem,10.0
P0293,software,4,Smart Fan 293,Home Appliances,Smart Fan,76.51,High Demand + High Problem,10.0
P0345,price,4,Tablet 345,Mobile,Tablet,75.09,High Demand + High Problem,10.0
P0297,price,4,Smartphone 297,Mobile,Smartphone,73.51,High Demand + High Problem,10.0
P0069,delivery,4,Headphones 69,Audio,Headphones,72.94,High Demand + High Problem,10.0
P0039,comfort,4,Bluetooth Speaker 39,Audio,Bluetooth Speaker,70.91,High Demand + High Problem,10.0
P0248,price,4,Headphones 248,Audio,Headphones,67.87,Moderate,10.0
P0455,software,4,Fitness Band 455,Wearables,Fitness Band,67.7,High Demand + High Problem,10.0
P0014,price,4,Fitness Band 14,Wearables,Fitness Band,66.23,High Demand + High Problem,10.0
P0193,delivery,4,Fitness Band 193,Wearables,Fitness Band,65.23,Moderate,10.0
P0193,software,4,Fitness Band 193,Wearables,Fitness Band,65.23,Moderate,10.0
P0365,price,4,Smart Ring 365,Wearables,Smart Ring,65.13,High Demand + High Problem,10.0
P0440,delivery,4,Fitness Band 440,Wearables,Fitness Band,63.98,High Demand + High Problem,10.0
P0232,price,4,Smart Ring 232,Wearables,Smart Ring,62.71,Moderate,10.0
P0170,price,4,Tablet 170,Mobile,Tablet,62.48,Moderate,10.0
P0394,comfort,4,Fitness Watch 394,Watches,Fitness Watch,62.27,High Demand + High Problem,10.0
P0409,delivery,4,Analog Watch 409,Watches,Analog Watch,61.53,Moderate,10.0
P0088,delivery,4,Air Purifier 88,Home Appliances,Air Purifier,59.64,Moderate,10.0
P0140,price,4,Smartphone 140,Mobile,Smartphone,59.51,Moderate,10.0
P0427,price,4,Analog Watch 427,Watches,Analog Watch,59.06,Moderate,10.0
P0294,delivery,4,Smart Ring 294,Wearables,Smart Ring,58.98,Moderate,10.0
P0411,software,4,Smart Fan 411,Home Appliances,Smart Fan,58.11,Moderate,10.0
P0006,delivery,4,Headphones 6,Audio,Headphones,56.59,Moderate,10.0
P0267,delivery,4,Smartphone 267,Mobile,Smartphone,56.54,Moderate,10.0
P0166,software,4,Smart Ring 166,Wearables,Smart Ring,56.03,Moderate,10.0
P0040,comfort,4,Analog Watch 40,Watches,Analog Watch,55.87,Moderate,10.0
P0494,comfort,4,Fitness Watch 494,Watches,Fitness Watch,54.27,Moderate,10.0
P0197,delivery,4,Fitness Band 197,Wearables,Fitness Band,54.0,Moderate,10.0
P0349,price,4,Smart Fan 349,Home Appliances,Smart Fan,52.07,Moderate,10.0
P0131,price,4,Smartphone 131,Mobile,Smartphone,51.57,Moderate,10.0
P0169,price,4,Analog Watch 169,Watches,Analog Watch,50.87,Moderate,10.0
P0303,delivery,4,Fitness Watch 303,Watches,Fitness Watch,50.15,Moderate,10.0
P0120,delivery,4,Smart Light 120,Home Appliances,Smart Light,49.98,Moderate,10.0
P0446,price,4,Tablet 446,Mobile,Tablet,49.88,Moderate,10.0
P0247,comfort,4,Bluetooth Speaker 247,Audio,Bluetooth Speaker,49.06,Moderate,10.0
P0357,comfort,4,Tablet 357,Mobile,Tablet,49.0,Moderate,10.0
P0495,delivery,4,Tablet 495,Mobile,Tablet,48.06,Low Demand + High Problem,10.0
P0067,delivery,4,Smart Fan 67,Home Appliances,Smart Fan,47.01,Low Demand + High Problem,10.0
P0143,price,4,Headphones 143,Audio,Headphones,43.94,Moderate,10.0
P0399,delivery,4,Analog Watch 399,Watches,Analog Watch,42.05,Moderate,10.0
P0399,software,4,Analog Watch 399,Watches,Analog Watch,42.05,Moderate,10.0
P0034,software,4,Bluetooth Speaker 34,Audio,Bluetooth Speaker,40.56,Moderate,10.0
P0325,software,4,Tablet 325,Mobile,Tablet,40.0,Moderate,10.0
P0277,software,4,Smartphone 277,Mobile,Smartphone,39.7,Low Demand + High Problem,10.0
P0151,comfort,4,Smart Ring 151,Wearables,Smart Ring,39.55,Moderate,10.0
P0240,software,4,Tablet 240,Mobile,Tablet,36.9,Moderate,10.0
P0054,delivery,4,Wireless Earbuds 54,Audio,Wireless Earbuds,35.48,Low Demand + High Problem,10.0
P0249,price,4,Smart Light 249,Home Appliances,Smart Light,35.46,Moderate,10.0
P0352,comfort,4,Smart Ring 352,Wearables,Smart Ring,35.1,Moderate,10.0
P0445,delivery,4,Bluetooth Speaker 445,Audio,Bluetooth Speaker,33.29,Moderate,10.0
P0081,software,4,Headphones 81,Audio,Headphones,30.67,Moderate,10.0
P0389,price,3,Fitness Watch 389,Watches,Fitness Watch,71.47,High Demand + High Problem,7.5
P0263,comfort,3,Smart Light 263,Home Appliances,Smart Light,70.47,High Demand + High Problem,7.5
P0245,software,3,Smart Ring 245,Wearables,Smart Ring,56.8,Moderate,7.5
P0201,price,3,Fitness Band 201,Wearables,Fitness Band,43.73,Low Demand + High Problem,7.5
P0368,comfort,3,Headphones 368,Audio,Headphones,43.61,Moderate,7.5
P0330,comfort,3,Smart Watch 330,Watches,Smart Watch,42.22,Low Demand + High Problem,7.5
P0426,delivery,3,Headphones 426,Audio,Headphones,38.77,Moderate,7.5
P0426,price,3,Headphones 426,Audio,Headphones,38.77,Moderate,7.5
P0374,price,2,Headphones 374,Audio,Headphones,73.48,High Demand + High Problem,5.0
P0218,software,2,Tablet 218,Mobile,Tablet,58.21,Moderate,5.0
P0004,software,2,Headphones 4,Audio,Headphones,44.08,Moderate,5.0
P0461,software,2,Headphones 461,Audio,Headphones,40.5,Low Demand + High Problem,5.0
P0031,delivery,1,Fitness Band 31,Wearables,Fitness Band,34.34,Moderate,2.5
